index,x,y_elevation,z,cumulative_length_m
0,-206.9293975830078,-8.408028602600098,414.0029602050781,0.0
1,-206.82241821289062,-8.40074634552002,412.4525451660156,1.5541976690292358
2,-206.7150421142578,-8.393447875976562,410.90911865234375,3.101418972015381
3,-206.60716247558594,-8.386152267456055,409.3783264160156,4.636075019836426
4,-206.4984893798828,-8.378876686096191,407.8624267578125,6.155970573425293
5,-206.3885498046875,-8.371612548828125,406.3603210449219,7.662190914154053
6,-206.27679443359375,-8.36434268951416,404.8680419921875,9.158714294433594
7,-206.16275024414062,-8.357038497924805,403.38079833984375,10.650398254394531
8,-206.04612731933594,-8.349678993225098,401.89385986328125,12.142004013061523
9,-205.92678833007812,-8.342242240905762,400.40411376953125,13.63662052154541
10,-205.80484008789062,-8.334722518920898,398.90966796875,15.136128425598145
11,-205.680419921875,-8.327116966247559,397.4101867675781,16.640836715698242
12,-205.55380249023438,-8.319436073303223,395.9063720703125,18.15003776550293
13,-205.42530822753906,-8.311697006225586,394.399169921875,19.662805557250977
14,-205.29519653320312,-8.303923606872559,392.8895263671875,21.178142547607422
15,-205.16375732421875,-8.296138763427734,391.3782958984375,22.69514274597168
16,-205.03109741210938,-8.288357734680176,389.8660888671875,24.21322250366211
17,-204.89749145507812,-8.280600547790527,388.3532409667969,25.7320613861084
18,-204.7629852294922,-8.272863388061523,386.8399353027344,27.251432418823242
19,-204.6277313232422,-8.265140533447266,385.3262939453125,28.771177291870117
20,-204.4917755126953,-8.257405281066895,383.81243896484375,30.29119300842285
21,-204.3552703857422,-8.249629020690918,382.2982482910156,31.81162452697754
22,-204.2183074951172,-8.241781234741211,380.7837829589844,33.33237075805664
23,-204.08102416992188,-8.23384952545166,379.2690124511719,34.85345458984375
24,-203.94345092773438,-8.225842475891113,377.7539978027344,36.37477111816406
25,-203.52120971679688,-8.201425552368164,373.113037109375,41.03496551513672
26,-203.37742614746094,-8.193272590637207,371.5338134765625,42.62079620361328
27,-203.2330780029297,-8.184405326843262,369.9543151855469,44.206947326660156
28,-203.08840942382812,-8.177510261535645,368.3742980957031,45.79366683959961
29,-202.9429168701172,-8.169833183288574,366.79425048828125,47.38048553466797
30,-202.79730224609375,-8.163156509399414,365.2137451171875,48.96773910522461
31,-202.65126037597656,-8.153850555419922,363.6331787109375,50.55510711669922
32,-202.50477600097656,-8.14494800567627,362.0523681640625,52.14278793334961
33,-202.35745239257812,-8.137984275817871,360.4712219238281,53.73087692260742
34,-202.2098846435547,-8.131174087524414,358.8900451660156,55.31898498535156
35,-202.06301879882812,-8.12585735321045,357.3086853027344,56.907203674316406
36,-201.91590881347656,-8.11900520324707,355.7273254394531,58.4954833984375
37,-201.76797485351562,-8.110383987426758,354.1459655761719,60.083839416503906
38,-201.6190643310547,-8.102913856506348,352.5646057128906,61.67226028442383
39,-201.46966552734375,-8.096724510192871,350.9832458496094,63.26071548461914
40,-201.3194122314453,-8.09045696258545,349.4018859863281,64.84928894042969
41,-201.16807556152344,-8.083850860595703,347.8206787109375,66.43781280517578
42,-201.0155792236328,-8.077723503112793,346.2394714355469,68.02644348144531
43,-200.86204528808594,-8.070781707763672,344.65850830078125,69.61490631103516
44,-200.70742797851562,-8.06429672241211,343.0775451660156,71.2034683227539
45,-200.55125427246094,-8.056547164916992,341.49658203125,72.79222106933594
46,-200.39346313476562,-8.048356056213379,339.9156188964844,74.38113403320312
47,-200.23439025878906,-8.040888786315918,338.3344421386719,75.9703598022461
48,-200.0741729736328,-8.034891128540039,336.7530822753906,77.55986785888672
49,-199.91270446777344,-8.027475357055664,335.1717224121094,79.1495361328125
50,-199.74966430664062,-8.01918888092041,333.5903625488281,80.73937225341797
51,-199.58485412597656,-8.007867813110352,332.00897216796875,82.32940673828125
52,-199.41880798339844,-7.996454238891602,330.42724609375,83.91990661621094
53,-199.25148010253906,-7.987096786499023,328.845458984375,85.5106201171875
54,-199.08306884765625,-7.978813648223877,327.26336669921875,87.10174560546875
55,-198.9144744873047,-7.970527172088623,325.68096923828125,88.69316864013672
56,-198.74554443359375,-7.961642265319824,324.09820556640625,90.28499603271484
57,-198.5762481689453,-7.95249605178833,322.51507568359375,91.87724304199219
58,-198.4069061279297,-7.944113731384277,320.9313049316406,93.47013854980469
59,-198.23794555664062,-7.936516761779785,319.34698486328125,95.06350708007812
60,-198.0694580078125,-7.92948579788208,317.76220703125,96.65727233886719
61,-197.90174865722656,-7.921688556671143,316.1769714355469,98.25144958496094
62,-197.73448181152344,-7.9134368896484375,314.59100341796875,99.8463134765625
63,-197.56719970703125,-7.904667854309082,313.004638671875,101.44154357910156
64,-197.40045166015625,-7.897566318511963,311.4177551269531,103.03721618652344
65,-197.23410034179688,-7.890723705291748,309.830322265625,104.63343048095703
66,-197.0681915283203,-7.884663105010986,308.2425231933594,106.2299575805664
67,-196.9026641845703,-7.877302169799805,306.6544494628906,107.82669067382812
68,-196.7373809814453,-7.869817733764648,305.0659484863281,109.423828125
69,-196.5720977783203,-7.860116958618164,303.47711181640625,111.02134704589844
70,-196.40757751464844,-7.851485729217529,301.88775634765625,112.61929321289062
71,-196.2433319091797,-7.842690944671631,300.29803466796875,114.21756744384766
72,-196.07911682128906,-7.835399150848389,298.70794677734375,115.81617736816406
73,-195.9142303466797,-7.82690954208374,297.1175231933594,117.41519165039062
74,-195.74964904785156,-7.819002628326416,295.5267639160156,119.01453399658203
75,-195.58494567871094,-7.811462879180908,293.9355773925781,120.61431884765625
76,-195.41970825195312,-7.803109645843506,292.34423828125,122.21427917480469
77,-195.2544708251953,-7.795188903808594,290.7524108886719,123.8147201538086
78,-195.08905029296875,-7.786567687988281,289.16033935546875,125.41545104980469
79,-194.92343139648438,-7.777455806732178,287.5680236816406,127.0164566040039
80,-194.75717163085938,-7.767319202423096,285.9754333496094,128.61778259277344
81,-194.5905303955078,-7.7563066482543945,284.382568359375,130.21942138671875
82,-194.4235382080078,-7.7460222244262695,282.7893981933594,131.82142639160156
83,-194.2556915283203,-7.736778259277344,281.19580078125,133.42393493652344
84,-194.08717346191406,-7.728636264801025,279.6020202636719,135.0266571044922
85,-193.9186248779297,-7.721432209014893,278.0079650878906,136.62965393066406
86,-193.74981689453125,-7.713149547576904,276.4136657714844,138.2329559326172
87,-193.58026123046875,-7.703548431396484,274.8191223144531,139.8365936279297
88,-193.41001892089844,-7.6944451332092285,273.2242736816406,141.44058227539062
89,-193.23934936523438,-7.6856584548950195,271.62908935546875,143.04493713378906
90,-193.0685272216797,-7.678102493286133,270.0335388183594,144.64968872070312
91,-192.89688110351562,-7.66975212097168,268.4378662109375,146.25465393066406
92,-192.7248077392578,-7.661788463592529,266.8418273925781,147.86000061035156
93,-192.55245971679688,-7.65324592590332,265.24554443359375,149.4656219482422
94,-192.380126953125,-7.644049167633057,263.6490478515625,151.0714874267578
95,-192.20761108398438,-7.6341071128845215,262.0520935058594,152.67784118652344
96,-192.0347442626953,-7.624608993530273,260.4548034667969,154.28453063964844
97,-191.8620147705078,-7.616452693939209,258.857177734375,155.8915252685547
98,-191.6896209716797,-7.608614921569824,257.25921630859375,157.49884033203125
99,-191.51730346679688,-7.601193904876709,255.66082763671875,159.1065673828125
100,-191.3452606201172,-7.59272575378418,254.062255859375,160.71444702148438
101,-191.1734619140625,-7.5846123695373535,252.46327209472656,162.3227081298828
102,-191.00148010253906,-7.575665473937988,250.8639373779297,163.93133544921875
103,-190.8297882080078,-7.566678047180176,249.26426696777344,165.54026794433594
104,-190.65826416015625,-7.55902624130249,247.6641387939453,167.14964294433594
105,-190.48695373535156,-7.552412033081055,246.06356811523438,168.75942993164062
106,-190.3159637451172,-7.545973777770996,244.46273803710938,170.36944580078125
107,-190.1454620361328,-7.538755416870117,242.86167907714844,171.97964477539062
108,-189.97503662109375,-7.529334545135498,241.26026916503906,173.59017944335938
109,-189.80438232421875,-7.518899440765381,239.6584930419922,175.20111083984375
110,-189.6339569091797,-7.50862979888916,238.05641174316406,176.81231689453125
111,-189.4640350341797,-7.498878479003906,236.45394897460938,178.42384338378906
112,-189.2944793701172,-7.489237308502197,234.85105895996094,180.0357666015625
113,-189.12550354003906,-7.480406284332275,233.247802734375,181.64797973632812
114,-188.9569549560547,-7.472708702087402,231.64419555664062,183.260498046875
115,-188.7887725830078,-7.4638471603393555,230.04031372070312,184.87326049804688
116,-188.62083435058594,-7.454654693603516,228.43606567382812,186.48635864257812
117,-188.45333862304688,-7.445346355438232,226.83140563964844,188.09982299804688
118,-188.28599548339844,-7.436540126800537,225.22642517089844,189.71359252929688
119,-188.11900329589844,-7.428657531738281,223.62098693847656,191.32777404785156
120,-187.95223999023438,-7.4203338623046875,222.01531982421875,192.94215393066406
121,-187.78564453125,-7.412198066711426,220.40933227539062,194.55682373046875
122,-187.6192169189453,-7.403447151184082,218.8029327392578,196.17190551757812
123,-187.452880859375,-7.393872261047363,217.1962890625,197.78721618652344
124,-187.28680419921875,-7.38537073135376,215.5892333984375,199.4029083251953
125,-187.1207733154297,-7.376183986663818,213.98184204101562,201.0189208984375
126,-186.95494079589844,-7.3672380447387695,212.37417602539062,202.63519287109375
127,-186.78907775878906,-7.357842922210693,210.76625061035156,204.25172424316406
128,-186.62310791015625,-7.3487324714660645,209.1578826904297,205.86871337890625
129,-186.45721435546875,-7.339322566986084,207.54928588867188,207.4859161376953
130,-186.2915496826172,-7.330881118774414,205.94032287597656,209.1034698486328
131,-186.12623596191406,-7.322739601135254,204.33096313476562,210.72137451171875
132,-185.96128845214844,-7.314138412475586,202.72128295898438,212.3395538330078
133,-185.79672241210938,-7.30571985244751,201.111328125,213.95797729492188
134,-185.63238525390625,-7.296319007873535,199.50106811523438,215.57667541503906
135,-185.46864318847656,-7.2858147621154785,197.89039611816406,217.19573974609375
136,-185.30560302734375,-7.275944709777832,196.279296875,218.8151397705078
137,-185.1433868408203,-7.266659259796143,194.66783142089844,220.43482971191406
138,-184.98208618164062,-7.2568182945251465,193.05606079101562,222.0547332763672
139,-184.8216552734375,-7.246920108795166,191.44383239746094,223.6750030517578
140,-184.66224670410156,-7.236664772033691,189.83120727539062,225.2955780029297
141,-184.50396728515625,-7.226459980010986,188.21826171875,226.91636657714844
142,-184.3466796875,-7.2160868644714355,186.6048583984375,228.53750610351562
143,-184.190185546875,-7.206182956695557,184.99098205566406,230.15904235839844
144,-184.0341796875,-7.197258472442627,183.3768310546875,231.78079223632812
145,-183.87855529785156,-7.188404083251953,181.76242065429688,233.4027557373047
146,-183.72320556640625,-7.178373336791992,180.14768981933594,235.0250244140625
147,-183.56822204589844,-7.168168544769287,178.5325469970703,236.64767456054688
148,-183.4134979248047,-7.159079074859619,176.9169921875,238.27069091796875
149,-183.2586669921875,-7.150731563568115,175.30120849609375,239.89395141601562
150,-183.10397338867188,-7.143671035766602,173.6850128173828,241.51760864257812
151,-182.94956970214844,-7.135364055633545,172.06863403320312,243.14141845703125
152,-182.79566955566406,-7.1267924308776855,170.4519500732422,244.76547241210938
153,-182.64208984375,-7.117096424102783,168.83486938476562,246.38990783691406
154,-182.48855590820312,-7.107177734375,167.21742248535156,248.01470947265625
155,-182.3468475341797,-7.099470615386963,165.7240753173828,249.51483154296875
156,-182.20530700683594,-7.092199325561523,164.23048400878906,251.0152130126953
157,-182.06365966796875,-7.084859848022461,162.73666381835938,252.51580810546875
158,-181.92190551757812,-7.077898025512695,161.24252319335938,254.01673889160156
159,-181.77999877929688,-7.069528102874756,159.74830627441406,255.51776123046875
160,-181.63809204101562,-7.061431407928467,158.2537841796875,257.0190734863281
161,-181.49603271484375,-7.052591323852539,156.75894165039062,258.5207214355469
162,-181.35394287109375,-7.043389797210693,155.26390075683594,260.0225830078125
163,-181.21177673339844,-7.035280704498291,153.7686004638672,261.52471923828125
164,-181.06936645507812,-7.026866436004639,152.27304077148438,263.0271301269531
165,-180.92694091796875,-7.018268585205078,150.77725219726562,264.5297546386719
166,-180.78448486328125,-7.009792804718018,149.2812042236328,266.03265380859375
167,-180.6419677734375,-7.001718521118164,147.78489685058594,267.53582763671875
168,-180.4993438720703,-6.993790149688721,146.28831481933594,269.0392761230469
169,-180.35691833496094,-6.986539840698242,144.79144287109375,270.54296875
170,-180.21456909179688,-6.979033946990967,143.29434204101562,272.0469055175781
171,-180.07225036621094,-6.9715681076049805,141.79701232910156,273.5510559082031
172,-179.93016052246094,-6.963131427764893,140.2995147705078,275.05535888671875
173,-179.78817749023438,-6.954530239105225,138.80189514160156,276.5597839355469
174,-179.64642333984375,-6.945645332336426,137.30409240722656,278.0643615722656
175,-179.5047149658203,-6.936829090118408,135.80615234375,279.5690612792969
176,-179.36306762695312,-6.928955078125,134.30799865722656,281.073974609375
177,-179.2216033935547,-6.921962261199951,132.8097686767578,282.5789489746094
178,-179.08058166503906,-6.914865493774414,131.3114776611328,284.0839538574219
179,-178.93966674804688,-6.907064914703369,129.81312561035156,285.5889892578125
180,-178.79843139648438,-6.897462368011475,128.31472778320312,287.0941162109375
181,-178.65707397460938,-6.888078212738037,126.81617736816406,288.5993957519531
182,-178.51560974121094,-6.880024433135986,125.31745910644531,290.1048583984375
183,-178.3740692138672,-6.872213840484619,123.81871032714844,291.6103515625
184,-178.23263549804688,-6.865461826324463,122.31990051269531,293.11590576171875
185,-178.09127807617188,-6.857509613037109,120.82106018066406,294.6214599609375
186,-177.94984436035156,-6.849119186401367,119.32215881347656,296.1271057128906
187,-177.8081512451172,-6.839715480804443,117.8232421875,297.6327819824219
188,-177.6664276123047,-6.831053733825684,116.3241195678711,299.138671875
189,-177.52462768554688,-6.822120666503906,114.82500457763672,300.6445617675781
190,-177.38272094726562,-6.814781188964844,113.32575225830078,302.15057373046875
191,-177.24073791503906,-6.806237697601318,111.82661437988281,303.656494140625
192,-177.098876953125,-6.797829627990723,110.32740020751953,305.1624755859375
193,-176.9574432373047,-6.790004253387451,108.82808685302734,306.66851806640625
194,-176.81626892089844,-6.7813191413879395,107.32913970947266,308.1741638183594
195,-176.67527770996094,-6.7729315757751465,105.8304214477539,309.6795959472656
196,-176.53445434570312,-6.764070510864258,104.3317642211914,311.1849365234375
197,-176.39382934570312,-6.754403114318848,102.8332748413086,312.6900939941406
198,-176.25306701660156,-6.747438907623291,101.33494567871094,314.1950988769531
199,-176.1123046875,-6.7417683601379395,99.83683776855469,315.6998596191406
200,-175.97134399414062,-6.735383987426758,98.33907318115234,317.2043151855469
201,-175.83042907714844,-6.728393077850342,96.84162139892578,318.7084655761719
202,-175.68954467773438,-6.721024990081787,95.34443664550781,320.21234130859375
203,-175.548583984375,-6.711970329284668,93.84749603271484,321.7159729003906
204,-175.40792846679688,-6.70245361328125,92.35082244873047,323.2193298339844
205,-175.26760864257812,-6.692712306976318,90.85440826416016,324.7223815917969
206,-175.1268768310547,-6.683065414428711,89.3582763671875,326.2252197265625
207,-174.9856719970703,-6.673049449920654,87.86250305175781,327.7277526855469
208,-174.84402465820312,-6.663978576660156,86.36705780029297,329.22998046875
209,-174.70181274414062,-6.655822277069092,84.87203979492188,330.7318115234375
210,-174.5584259033203,-6.648447513580322,83.37754821777344,332.2332458496094
211,-174.41371154785156,-6.6403069496154785,81.88378143310547,333.73406982421875
212,-174.26795959472656,-6.63163423538208,80.3905258178711,335.2344970703125
213,-174.108642578125,-6.6212968826293945,78.77338409423828,336.85955810546875
214,-173.9483642578125,-6.611765384674072,77.15654754638672,338.4844055175781
215,-173.78704833984375,-6.6033830642700195,75.54006958007812,340.1089782714844
216,-173.6247100830078,-6.596928119659424,73.923828125,341.7334289550781
217,-173.46121215820312,-6.589123725891113,72.30816650390625,343.357421875
218,-173.29647827148438,-6.581512451171875,70.69279479980469,344.9812316894531
219,-173.1306915283203,-6.5745158195495605,69.07730865478516,346.6052551269531
220,-172.96392822265625,-6.565025806427002,67.4625244140625,348.22869873046875
221,-172.79583740234375,-6.557558536529541,65.84794616699219,349.8520812988281
222,-172.62745666503906,-6.545504093170166,64.23343658447266,351.4754638671875
223,-172.45921325683594,-6.533650875091553,62.61876678466797,353.0989685058594
224,-172.2903594970703,-6.52371883392334,61.00417709350586,354.7224426269531
225,-172.12063598632812,-6.515101909637451,59.38977813720703,356.3458251953125
226,-171.95045471191406,-6.5049004554748535,57.77548599243164,357.9691467285156
227,-171.78013610839844,-6.495303630828857,56.16106414794922,359.5926208496094
228,-171.60964965820312,-6.486076354980469,54.546722412109375,361.2160339355469
229,-171.43905639648438,-6.477642059326172,52.93238067626953,362.8394470214844
230,-171.2685089111328,-6.468725204467773,51.31793212890625,364.46295166015625
231,-171.09811401367188,-6.460422515869141,49.70344543457031,366.0864562988281
232,-170.9275665283203,-6.452360153198242,48.08900833129883,367.7099609375
233,-170.7567901611328,-6.443329811096191,46.47457504272461,369.3334655761719
234,-170.58580017089844,-6.433904647827148,44.860050201416016,370.95709228515625
235,-170.4145050048828,-6.424478530883789,43.24555206298828,372.5807189941406
236,-170.2431182861328,-6.4155497550964355,41.63098907470703,374.2044372558594
237,-170.07199096679688,-6.40696382522583,40.01626968383789,375.8282775878906
238,-169.90121459960938,-6.398637294769287,38.40151596069336,377.4521179199219
239,-169.73101806640625,-6.390048503875732,36.78675079345703,379.0758972167969
240,-169.56137084960938,-6.380404949188232,35.17182159423828,380.6997985839844
241,-169.3919677734375,-6.3705244064331055,33.556739807128906,382.3238220214844
242,-169.22299194335938,-6.361517906188965,31.941560745239258,383.9479064941406
243,-169.05445861816406,-6.353588581085205,30.326213836669922,385.57208251953125
244,-168.88619995117188,-6.344999313354492,28.710886001586914,387.19622802734375
245,-168.71871948242188,-6.3358378410339355,27.095487594604492,388.82037353515625
246,-168.55152893066406,-6.325606822967529,25.479948043823242,390.4446105957031
247,-168.38433837890625,-6.315810203552246,23.864213943481445,392.0690612792969
248,-168.21722412109375,-6.30700159072876,22.24842643737793,393.69354248046875
249,-168.05032348632812,-6.299190998077393,20.63258171081543,395.31805419921875
250,-167.8831787109375,-6.2906646728515625,19.0167179107666,396.9425964355469
251,-167.7162628173828,-6.281929969787598,17.400758743286133,398.5672302246094
252,-167.5494384765625,-6.272644519805908,15.784748077392578,400.19189453125
253,-167.3824920654297,-6.263428211212158,14.1686429977417,401.8166809082031
254,-167.2157745361328,-6.254556179046631,12.552369117736816,403.4416198730469
255,-167.0492706298828,-6.245681285858154,10.936100006103516,405.0665283203125
256,-166.8831024169922,-6.2370219230651855,9.319742202758789,406.69146728515625
257,-166.7170867919922,-6.227055549621582,7.703306674957275,408.3164978027344
258,-166.551513671875,-6.216849327087402,6.086776256561279,409.9415588378906
259,-166.3992919921875,-6.2074503898620605,4.59446907043457,411.44171142578125
260,-166.24757385253906,-6.198320388793945,3.1019864082336426,412.94195556640625
261,-166.0963592529297,-6.189554691314697,1.609387993812561,414.4422607421875
262,-165.945556640625,-6.18165397644043,0.11670103669166565,415.942626953125
263,-165.795166015625,-6.173382759094238,-1.3760080337524414,417.4429626464844
264,-165.64512634277344,-6.164212703704834,-2.8687586784362793,418.9433288574219
265,-165.4951629638672,-6.154348373413086,-4.361613750457764,420.44378662109375
266,-165.34519958496094,-6.144595623016357,-5.854556083679199,421.9443359375
267,-165.1952362060547,-6.135680675506592,-7.347601413726807,423.4449768066406
268,-165.04527282714844,-6.127144813537598,-8.840682983398438,424.9456481933594
269,-164.89540100097656,-6.118743896484375,-10.333784103393555,426.4463195800781
270,-164.7457275390625,-6.109233856201172,-11.826857566833496,427.94696044921875
271,-164.5962371826172,-6.098639965057373,-13.319969177246094,429.4476318359375
272,-164.44696044921875,-6.087701320648193,-14.81320858001709,430.9483947753906
273,-164.29795837402344,-6.077492713928223,-16.306665420532227,432.4493713378906
274,-164.1489715576172,-6.069944858551025,-17.800281524658203,433.9504699707031
275,-163.9999237060547,-6.06392765045166,-19.29391860961914,435.45159912109375
276,-163.8509979248047,-6.058953762054443,-20.787574768066406,436.9527282714844
277,-163.7023162841797,-6.0523362159729,-22.281204223632812,438.45379638671875
278,-163.5536346435547,-6.044456481933594,-23.774831771850586,439.9548645019531
279,-163.4047393798828,-6.0359063148498535,-25.268415451049805,441.4559326171875
280,-163.2556915283203,-6.027669429779053,-26.7618350982666,442.95684814453125
281,-163.1066436767578,-6.019796848297119,-28.2548885345459,444.4573974609375
282,-162.95753479003906,-6.012619972229004,-29.74748420715332,445.9574890136719
283,-162.7957763671875,-6.004214286804199,-31.363710403442383,447.58184814453125
284,-162.63385009765625,-5.99515438079834,-32.97895812988281,449.20526123046875
285,-162.4716033935547,-5.985288619995117,-34.59283447265625,450.82733154296875
286,-162.30967712402344,-5.97505521774292,-36.20531463623047,452.447998046875
287,-162.14828491210938,-5.966097831726074,-37.816287994384766,454.0671081542969
288,-161.9879608154297,-5.9589409828186035,-39.425743103027344,455.6846008300781
289,-161.82894897460938,-5.952281475067139,-41.033599853515625,457.3003845214844
290,-161.6718292236328,-5.943233013153076,-42.640079498291016,458.91461181640625
291,-161.51669311523438,-5.933475494384766,-44.24551010131836,460.527587890625
292,-161.36366271972656,-5.922641277313232,-45.85011291503906,462.1395568847656
293,-161.21287536621094,-5.91370153427124,-47.453914642333984,463.7505187988281
294,-161.06423950195312,-5.906265735626221,-49.056907653808594,465.3604431152344
295,-160.91775512695312,-5.89921760559082,-50.65903091430664,466.96929931640625
296,-160.7734375,-5.891045093536377,-52.26039505004883,468.57720947265625
297,-160.63111877441406,-5.882204055786133,-53.86116409301758,470.1843566894531
298,-160.4906463623047,-5.872947692871094,-55.46143341064453,471.7908630371094
299,-160.35198974609375,-5.864302158355713,-57.06120681762695,473.3966979980469
300,-160.21536254882812,-5.856564521789551,-58.660396575927734,475.00177001953125
301,-160.08070373535156,-5.849757194519043,-60.25879669189453,476.60589599609375
302,-159.94813537597656,-5.842495918273926,-61.85622024536133,478.2088928222656
303,-159.81753540039062,-5.833967208862305,-63.45267868041992,479.8107604980469
304,-159.68838500976562,-5.824724197387695,-65.04815673828125,481.4115295410156
305,-159.55979919433594,-5.816036224365234,-66.64266204833984,483.01129150390625
306,-159.4314422607422,-5.808494567871094,-68.23603820800781,484.6098937988281
307,-159.30361938476562,-5.801619052886963,-69.82823944091797,486.207275390625
308,-159.17669677734375,-5.79451322555542,-71.41930389404297,487.803466796875
309,-159.05084228515625,-5.786733150482178,-73.00922393798828,489.3984375
310,-158.92581176757812,-5.77869987487793,-74.59803771972656,490.9922180175781
311,-158.80126953125,-5.770556926727295,-76.18574523925781,492.5848693847656
312,-158.67709350585938,-5.762783527374268,-77.7723159790039,494.1763610839844
313,-158.55335998535156,-5.7552900314331055,-79.35771179199219,495.7666320800781
314,-158.429931640625,-5.748162269592285,-80.94197082519531,497.3557434082031
315,-158.30645751953125,-5.740938663482666,-82.52501678466797,498.94366455078125
316,-158.1826934814453,-5.733648300170898,-84.10680389404297,500.53033447265625
317,-158.05880737304688,-5.725978851318359,-85.68733978271484,502.11578369140625
318,-157.93482971191406,-5.717611789703369,-87.26673126220703,503.7001037597656
319,-157.81085205078125,-5.70930814743042,-88.84495544433594,505.28326416015625
320,-157.68701171875,-5.701732635498047,-90.42201232910156,506.865234375
321,-157.56333923339844,-5.693828105926514,-91.99787139892578,508.4460144042969
322,-157.4398193359375,-5.6855363845825195,-93.57273864746094,510.0257873535156
323,-157.31605529785156,-5.6768574714660645,-95.14662170410156,511.6046142578125
324,-157.19223022460938,-5.668076038360596,-96.71961975097656,513.1825561523438
325,-157.0685272216797,-5.6596174240112305,-98.29167938232422,514.759521484375
326,-156.9446258544922,-5.651485919952393,-99.86283111572266,516.3356323242188
327,-156.82064819335938,-5.643527507781982,-101.43305969238281,517.9108276367188
328,-156.69664001464844,-5.635018825531006,-103.00230407714844,519.4850463867188
329,-156.57247924804688,-5.626284122467041,-104.57064056396484,521.058349609375
330,-156.44839477539062,-5.61688756942749,-106.13813018798828,522.6307983398438
331,-156.3246307373047,-5.608407020568848,-107.70484161376953,524.2024536132812
332,-156.20086669921875,-5.600948810577393,-109.27066802978516,525.7732543945312
333,-156.0771484375,-5.59407377243042,-110.8354721069336,527.343017578125
334,-155.9534912109375,-5.586958885192871,-112.39924621582031,528.9117431640625
335,-155.8296661376953,-5.579094409942627,-113.96202087402344,530.4794921875
336,-155.7056121826172,-5.571176528930664,-115.52386474609375,532.0463256835938
337,-155.58119201660156,-5.563145160675049,-117.08470153808594,533.6121826171875
338,-155.45655822753906,-5.555946350097656,-118.6446762084961,535.1771850585938
339,-155.331787109375,-5.548375129699707,-120.20374298095703,536.7413330078125
340,-155.20669555664062,-5.540863037109375,-121.76188659667969,538.3045654296875
341,-155.0808868408203,-5.532675743103027,-123.3191146850586,539.866943359375
342,-154.95433044433594,-5.523670196533203,-124.87542724609375,541.428466796875
343,-154.8265380859375,-5.515352725982666,-126.430908203125,542.9892578125
344,-154.69749450683594,-5.508040428161621,-127.98552703857422,544.54931640625
345,-154.5674591064453,-5.502005577087402,-129.53916931152344,546.1084594726562
346,-154.43609619140625,-5.495891094207764,-131.09165954589844,547.6665649414062
347,-154.30308532714844,-5.488241672515869,-132.64295959472656,549.2236328125
348,-154.16873168945312,-5.480666160583496,-134.193359375,550.7799072265625
349,-154.03370666503906,-5.473210334777832,-135.7428741455078,552.3353881835938
350,-153.89918518066406,-5.4674763679504395,-137.2914581298828,553.889892578125
351,-153.76515197753906,-5.46102237701416,-138.8385467529297,555.44287109375
352,-153.63197326660156,-5.454002857208252,-140.38343811035156,556.9935302734375
353,-153.49977111816406,-5.444913387298584,-141.92433166503906,558.5401611328125
354,-153.3686065673828,-5.436509132385254,-143.46005249023438,560.08154296875
355,-153.23789978027344,-5.427399635314941,-144.9904327392578,561.6175537109375
356,-153.10757446289062,-5.418442726135254,-146.5155487060547,563.1483154296875
357,-152.97732543945312,-5.409787654876709,-148.03550720214844,564.6738891601562
358,-152.84719848632812,-5.4022698402404785,-149.5502471923828,566.1942749023438
359,-152.71730041503906,-5.39528751373291,-151.05979919433594,567.70947265625
360,-152.58766174316406,-5.388023376464844,-152.56410217285156,569.2194213867188
361,-152.45834350585938,-5.381481170654297,-154.06332397460938,570.7243041992188
362,-152.3196258544922,-5.373812675476074,-155.6721954345703,572.3392333984375
363,-152.18206787109375,-5.367023944854736,-157.27528381347656,573.9483032226562
364,-152.04519653320312,-5.360339164733887,-158.8725128173828,575.5514526367188
365,-151.90867614746094,-5.353421211242676,-160.46397399902344,577.1488037109375
366,-151.77259826660156,-5.345773220062256,-162.0494842529297,578.740234375
367,-151.6367950439453,-5.337683200836182,-163.62924194335938,580.3258666992188
368,-151.5011444091797,-5.329126834869385,-165.2034454345703,581.906005859375
369,-151.3656463623047,-5.320489406585693,-166.7743682861328,583.4828491210938
370,-151.2304229736328,-5.313052654266357,-168.34300231933594,585.057373046875
371,-151.09527587890625,-5.306102275848389,-169.9093475341797,586.6295776367188
372,-150.95994567871094,-5.3006157875061035,-171.47877502441406,588.2048950195312
373,-150.82540893554688,-5.294541358947754,-173.04269409179688,589.774658203125
374,-150.69171142578125,-5.287373065948486,-174.599365234375,591.3370971679688
375,-150.55882263183594,-5.28001070022583,-176.1486358642578,592.8921508789062
376,-150.42684936523438,-5.273066997528076,-177.6907196044922,594.43994140625
377,-150.2953338623047,-5.266504764556885,-179.2254638671875,595.9804077148438
378,-150.1646728515625,-5.259402275085449,-180.75291442871094,597.5134887695312
379,-150.03518676757812,-5.251955032348633,-182.27313232421875,599.039306640625
380,-149.90643310546875,-5.24285888671875,-183.78607177734375,600.5578002929688
381,-149.7783660888672,-5.234910011291504,-185.2920684814453,602.0692749023438
382,-149.65138244628906,-5.2262725830078125,-186.79122924804688,603.5738525390625
383,-149.51609802246094,-5.218939304351807,-188.38958740234375,605.177978515625
384,-149.38150024414062,-5.211787223815918,-189.97984313964844,606.7739868164062
385,-149.24789428710938,-5.203176975250244,-191.56222534179688,608.362060546875
386,-149.1151123046875,-5.195160388946533,-193.13661193847656,609.942138671875
387,-148.9827880859375,-5.186945915222168,-194.7032012939453,611.5143432617188
388,-148.8514404296875,-5.17902946472168,-196.26226806640625,613.0789794921875
389,-148.72134399414062,-5.172634124755859,-197.81362915039062,614.6358642578125
390,-148.59237670898438,-5.166800022125244,-199.35726928710938,616.1849365234375
391,-148.46463012695312,-5.159970760345459,-200.8934783935547,617.7265014648438
392,-148.33860778808594,-5.1537017822265625,-202.42198181152344,619.26025390625
393,-148.214111328125,-5.146579265594482,-203.94313049316406,620.7865600585938
394,-148.0905303955078,-5.1380205154418945,-205.45672607421875,622.3052978515625
395,-147.96803283691406,-5.129201889038086,-206.9629669189453,623.8165893554688
396,-147.8470001220703,-5.119434356689453,-208.46173095703125,625.3203125
397,-147.71859741210938,-5.108572483062744,-210.05255126953125,626.9163818359375
398,-147.59088134765625,-5.097653865814209,-211.63507080078125,628.504150390625
399,-147.46482849121094,-5.088150978088379,-213.209228515625,630.0834350585938
400,-147.33888244628906,-5.076007843017578,-214.77523803710938,631.6546020507812
401,-147.2138671875,-5.065779209136963,-216.3333282470703,633.2177734375
402,-147.08982849121094,-5.057344913482666,-217.88339233398438,634.7728881835938
403,-146.96624755859375,-5.0482892990112305,-219.42535400390625,636.3198852539062
404,-146.843505859375,-5.040918827056885,-220.95960998535156,637.859130859375
405,-146.72145080566406,-5.0334577560424805,-222.48594665527344,639.390380859375
406,-146.59970092773438,-5.027446746826172,-224.00453186035156,640.9138793945312
407,-146.47842407226562,-5.021606922149658,-225.51547241210938,642.4297485351562
408,-146.3578338623047,-5.015369415283203,-227.01864624023438,643.9378051757812
409,-146.23683166503906,-5.0089430809021,-228.51388549804688,645.43798828125
410,-146.10848999023438,-4.998828887939453,-230.09423828125,647.0236206054688
411,-145.98085021972656,-4.987030029296875,-231.66615295410156,648.600830078125
412,-145.85308837890625,-4.975765228271484,-233.23007202148438,650.1700439453125
413,-145.72520446777344,-4.964392185211182,-234.78839111328125,651.7337036132812
414,-145.59713745117188,-4.953673839569092,-236.3432159423828,653.2938842773438
415,-145.4690399169922,-4.945562839508057,-237.89620971679688,654.8522338867188
416,-145.34115600585938,-4.936480522155762,-239.4478759765625,656.4092407226562
417,-145.2134552001953,-4.9272894859313965,-240.99859619140625,657.9652709960938
418,-145.0856475830078,-4.917579174041748,-242.54818725585938,659.5202026367188
419,-144.95767211914062,-4.905351638793945,-244.09510803222656,661.072509765625
420,-144.82972717285156,-4.895438194274902,-245.639404296875,662.6221923828125
421,-144.7010955810547,-4.883872032165527,-247.19207763671875,664.1802978515625
422,-144.572509765625,-4.876457214355469,-248.75103759765625,665.74462890625
423,-144.44297790527344,-4.868301868438721,-250.3097381591797,667.3087768554688
424,-144.314453125,-4.861672401428223,-251.86851501464844,668.8729248046875
425,-144.18663024902344,-4.855770587921143,-253.42752075195312,670.4371948242188
426,-144.057861328125,-4.846482276916504,-254.98658752441406,672.0016479492188
427,-143.9295654296875,-4.83935022354126,-256.5460510253906,673.5664672851562
428,-143.801513671875,-4.828254222869873,-258.1050720214844,675.1307983398438
429,-143.67364501953125,-4.8188018798828125,-259.6627502441406,676.6937866210938
430,-143.54641723632812,-4.807934761047363,-261.214599609375,678.2509155273438
431,-143.41961669921875,-4.796235084533691,-262.7556457519531,679.7973022460938
432,-143.29257202148438,-4.786627292633057,-264.2843933105469,681.3314208984375
433,-143.16612243652344,-4.775457859039307,-265.8017578125,682.8541259765625
434,-143.04046630859375,-4.766354560852051,-267.30767822265625,684.3653564453125
435,-142.9083251953125,-4.75838041305542,-268.88958740234375,685.952880859375
436,-142.77694702148438,-4.7492265701293945,-270.4588928222656,687.5277709960938
437,-142.64698791503906,-4.740931034088135,-272.0157470703125,689.090087890625
438,-142.51834106445312,-4.732954025268555,-273.5601501464844,690.639892578125
439,-142.39060974121094,-4.723260402679443,-275.09228515625,692.1774291992188
440,-142.26458740234375,-4.714512825012207,-276.6124572753906,693.702880859375
441,-142.13938903808594,-4.7044854164123535,-278.12042236328125,695.2161254882812
442,-142.01487731933594,-4.6948442459106445,-279.6167297363281,696.7176513671875
443,-141.88438415527344,-4.686244487762451,-281.1836242675781,698.2900390625
444,-141.755126953125,-4.678135395050049,-282.7374572753906,699.8493041992188
445,-141.62689208984375,-4.67071008682251,-284.278564453125,701.3958129882812
446,-141.49998474121094,-4.662589073181152,-285.80694580078125,702.9295043945312
447,-141.3743896484375,-4.653951168060303,-287.3230285644531,704.4508666992188
448,-141.25001525878906,-4.64578104019165,-288.82666015625,705.959716796875
449,-141.1198272705078,-4.636050224304199,-290.3962707519531,707.5347900390625
450,-140.99095153808594,-4.626572608947754,-291.9525146484375,709.096435546875
451,-140.86270141601562,-4.616461753845215,-293.4954528808594,710.644775390625
452,-140.73440551757812,-4.607100963592529,-295.02520751953125,712.1799926757812
453,-140.60682678222656,-4.598877906799316,-296.5424499511719,713.7026977539062
454,-140.48150634765625,-4.590668201446533,-298.0472717285156,715.2127685546875
455,-140.3577423095703,-4.585712909698486,-299.5434875488281,716.7141723632812
456,-140.22784423828125,-4.577687740325928,-301.10595703125,718.2821044921875
457,-140.09934997558594,-4.571237087249756,-302.6616516113281,719.8432006835938
458,-139.97103881835938,-4.563715934753418,-304.2133483886719,721.4002685546875
459,-139.84292602539062,-4.5568108558654785,-305.7637939453125,722.9560546875
460,-139.71542358398438,-4.548927307128906,-307.31414794921875,724.51171875
461,-139.58839416503906,-4.542634010314941,-308.8650207519531,726.06787109375
462,-139.46035766601562,-4.536318778991699,-310.4164123535156,727.6245727539062
463,-139.332275390625,-4.530402183532715,-311.96881103515625,729.1823120117188
464,-139.2042236328125,-4.523470878601074,-313.5223693847656,730.7412109375
465,-139.07589721679688,-4.516470432281494,-315.0772705078125,732.3014526367188
466,-138.94732666015625,-4.508002758026123,-316.6335754394531,733.8631591796875
467,-138.81814575195312,-4.49900484085083,-318.1914978027344,735.426513671875
468,-138.68838500976562,-4.489144325256348,-319.7509460449219,736.9913940429688
469,-138.55848693847656,-4.479433059692383,-321.31195068359375,738.557861328125
470,-138.42857360839844,-4.470439910888672,-322.8744201660156,740.1257934570312
471,-138.29824829101562,-4.461394309997559,-324.4380798339844,741.6949462890625
472,-138.1675567626953,-4.452857494354248,-326.00189208984375,743.2642822265625
473,-138.036376953125,-4.443512916564941,-327.56280517578125,744.830810546875
474,-137.9058837890625,-4.433967590332031,-329.1147155761719,746.3883056640625
475,-137.77639770507812,-4.4249653816223145,-330.6528625488281,747.9319458007812
476,-137.64784240722656,-4.416621208190918,-332.17791748046875,749.4624633789062
477,-137.52081298828125,-4.407637119293213,-333.6894226074219,750.9793701171875
478,-137.39439392089844,-4.4005584716796875,-335.1882629394531,752.483642578125
479,-137.26226806640625,-4.3912458419799805,-336.7442932128906,754.0453491210938
480,-137.13172912597656,-4.384475231170654,-338.28656005859375,755.5932006835938
481,-137.00247192382812,-4.376191139221191,-339.8150329589844,757.127197265625
482,-136.8750762939453,-4.369904518127441,-341.3300476074219,758.6476440429688
483,-136.7482452392578,-4.360714912414551,-342.8312072753906,760.1542358398438
484,-136.61679077148438,-4.351730823516846,-344.3875427246094,761.7161865234375
485,-136.48568725585938,-4.339692115783691,-345.93328857421875,763.267578125
486,-136.35427856445312,-4.329248428344727,-347.47021484375,764.8101806640625
487,-136.2230224609375,-4.317439556121826,-349.000732421875,766.346435546875
488,-136.09165954589844,-4.3071136474609375,-350.52862548828125,767.8800048828125
489,-135.9602508544922,-4.298045635223389,-352.0564880371094,769.41357421875
490,-135.82981872558594,-4.290909767150879,-353.5863037109375,770.9490356445312
491,-135.69920349121094,-4.284906387329102,-355.11883544921875,772.4871826171875
492,-135.56918334960938,-4.28024959564209,-356.65478515625,774.0286865234375
493,-135.43890380859375,-4.274725914001465,-358.19427490234375,775.57373046875
494,-135.3091583251953,-4.269894599914551,-359.7376403808594,777.1226196289062
495,-135.1787567138672,-4.263055324554443,-361.2850646972656,778.6755981445312
496,-135.048095703125,-4.255630970001221,-362.83660888671875,780.232666015625
497,-134.9171142578125,-4.247767925262451,-364.3924560546875,781.7940673828125
498,-134.7860565185547,-4.239396095275879,-365.95269775390625,783.35986328125
499,-134.66061401367188,-4.229695796966553,-367.44903564453125,784.861572265625
500,-134.53526306152344,-4.221582412719727,-368.94964599609375,786.3674926757812
501,-134.40867614746094,-4.210474491119385,-370.4541931152344,787.87744140625
502,-134.28199768066406,-4.201786041259766,-371.9629821777344,789.3916015625
503,-134.15475463867188,-4.192978382110596,-373.4759521484375,790.9099731445312
504,-134.0270538330078,-4.183442115783691,-374.9927062988281,792.4321899414062
505,-133.89988708496094,-4.1757636070251465,-376.51129150390625,793.9561157226562
506,-133.77325439453125,-4.166429042816162,-378.0260009765625,795.4761962890625
507,-133.6476593017578,-4.157965183258057,-379.5287780761719,796.9843139648438
508,-133.5179901123047,-4.148349285125732,-381.08544921875,798.5464477539062
509,-133.3894805908203,-4.138606548309326,-382.62786865234375,800.0942993164062
510,-133.26229858398438,-4.129794597625732,-384.1562194824219,801.6279907226562
511,-133.1361846923828,-4.120787143707275,-385.6703186035156,803.1473999023438
512,-133.01119995117188,-4.1140241622924805,-387.17095947265625,804.6533203125
513,-132.8827362060547,-4.106764316558838,-388.7224426269531,806.210205078125
514,-132.7566680908203,-4.1002116203308105,-390.25927734375,807.7522583007812
515,-132.6315460205078,-4.09321403503418,-391.7817077636719,809.2798461914062
516,-132.5066680908203,-4.085712909698486,-393.29248046875,810.7958374023438
517,-132.3828125,-4.079177379608154,-394.79278564453125,812.3013305664062
518,-132.25502014160156,-4.074810028076172,-396.3414611816406,813.8552856445312
519,-132.127685546875,-4.068273544311523,-397.8751220703125,815.394287109375
520,-132.0025177001953,-4.0629963874816895,-399.39434814453125,816.9187622070312
521,-131.8787841796875,-4.058279037475586,-400.8992919921875,818.4288330078125
522,-131.7509002685547,-4.050461292266846,-402.4490966796875,819.9839477539062
523,-131.62423706054688,-4.045821666717529,-403.98419189453125,821.5242919921875
524,-131.49790954589844,-4.0377302169799805,-405.5040588378906,823.0494995117188
525,-131.37403869628906,-4.034493446350098,-407.0095520019531,824.5601196289062
526,-131.24578857421875,-4.02732515335083,-408.5574035644531,826.1133422851562
527,-131.1193084716797,-4.021544456481934,-410.090087890625,827.6513061523438
528,-130.993408203125,-4.012872219085693,-411.60711669921875,829.173583984375
529,-130.86737060546875,-4.002933502197266,-413.1091003417969,830.6809692382812
530,-130.73779296875,-3.992365837097168,-414.65087890625,832.228271484375
531,-130.60867309570312,-3.982466697692871,-416.1769714355469,833.7598876953125
532,-130.48106384277344,-3.97283935546875,-417.6875,835.27587890625
533,-130.3553009033203,-3.9651567935943604,-419.1852722167969,836.7789916992188
534,-130.22940063476562,-3.9561381340026855,-420.6852722167969,838.2843627929688
535,-130.10279846191406,-3.949861764907837,-422.19775390625,839.8021850585938
536,-129.97491455078125,-3.9431614875793457,-423.7259521484375,841.3357543945312
537,-129.84596252441406,-3.9367833137512207,-425.2705383300781,842.8858032226562
538,-129.7206268310547,-3.9304661750793457,-426.77734375,844.3978881835938
539,-129.5930633544922,-3.9231550693511963,-428.3022766113281,845.92822265625
540,-129.4637451171875,-3.9147071838378906,-429.84600830078125,847.4774169921875
541,-129.33790588378906,-3.9069137573242188,-431.3511047363281,848.98779296875
542,-129.209716796875,-3.8988752365112305,-432.8746032714844,850.5167846679688
543,-129.08006286621094,-3.889753580093384,-434.4142761230469,852.06201171875
544,-128.94981384277344,-3.881208658218384,-435.9671936035156,853.6204223632812
545,-128.8234405517578,-3.8740594387054443,-437.4686584472656,855.1272583007812
546,-128.6966094970703,-3.864469528198242,-438.9709777832031,856.635009765625
547,-128.5698699951172,-3.8563718795776367,-440.4718017578125,858.1412353515625
548,-128.44287109375,-3.8484253883361816,-441.9681396484375,859.6430053710938
549,-128.312255859375,-3.839489459991455,-443.5105285644531,861.1909790039062
550,-128.18377685546875,-3.833507537841797,-445.0379638671875,862.723876953125
551,-128.05616760253906,-3.8248178958892822,-446.55035400390625,864.2417602539062
552,-127.930908203125,-3.8185949325561523,-448.0484924316406,865.7451782226562
553,-127.80070495605469,-3.809391736984253,-449.5953063964844,867.2974853515625
554,-127.67115783691406,-3.8005638122558594,-451.1388854980469,868.8465576171875
555,-127.54264068603516,-3.7912466526031494,-452.6750183105469,870.3881225585938
556,-127.4150619506836,-3.7801551818847656,-454.1961364746094,871.9146728515625
557,-127.28926086425781,-3.7699904441833496,-455.70220947265625,873.426025390625
558,-127.15951538085938,-3.758760690689087,-457.2481384277344,874.9774780273438
559,-127.03170013427734,-3.7479512691497803,-458.7783508300781,876.5131225585938
560,-126.90479278564453,-3.7369401454925537,-460.2924499511719,878.0325927734375
561,-126.78018188476562,-3.726527690887451,-461.7914123535156,879.5368041992188
562,-126.65267181396484,-3.714235305786133,-463.3279113769531,881.0786743164062
563,-126.52840423583984,-3.7025136947631836,-464.84820556640625,882.6041259765625
564,-126.40608978271484,-3.6888647079467773,-466.3527526855469,884.11376953125
565,-126.28219604492188,-3.676128625869751,-467.892822265625,885.6588745117188
566,-126.16036987304688,-3.665728807449341,-469.4169006347656,887.1878662109375
567,-126.0411376953125,-3.6553804874420166,-470.9247131347656,888.700439453125
568,-125.91993713378906,-3.6472010612487793,-472.4665222167969,890.2470703125
569,-125.79966735839844,-3.6371519565582275,-473.99169921875,891.7770385742188
570,-125.68031311035156,-3.6287763118743896,-475.5007629394531,893.2908325195312
571,-125.5577392578125,-3.6180574893951416,-477.04144287109375,894.83642578125
572,-125.43506622314453,-3.608158588409424,-478.5621032714844,896.3621215820312
573,-125.30973815917969,-3.596586227416992,-480.1008605957031,897.9060668945312
574,-125.18310546875,-3.5837926864624023,-481.6170959472656,899.4276733398438
575,-125.05105590820312,-3.5725362300872803,-483.1146240234375,900.9310913085938
576,-124.90705108642578,-3.559832811355591,-484.6383972167969,902.4617309570312
577,-124.751953125,-3.5477519035339355,-486.14373779296875,903.9751586914062
578,-124.57323455810547,-3.5357415676116943,-487.6734313964844,905.5153198242188
579,-124.36811065673828,-3.523073673248291,-489.1818542480469,907.0377197265625
580,-124.131591796875,-3.511645555496216,-490.66815185546875,908.5428466796875
581,-123.85167694091797,-3.5002360343933105,-492.1725769042969,910.0732421875
582,-123.53165435791016,-3.49057674407959,-493.6509704589844,911.5860595703125
583,-123.16044616699219,-3.4822988510131836,-495.1421813964844,913.1229248046875
584,-122.74803161621094,-3.473174571990967,-496.6040954589844,914.6420288085938
585,-122.294189453125,-3.46403169631958,-498.0353698730469,916.1437377929688
586,-121.7848129272461,-3.4541049003601074,-499.4720458984375,917.6682739257812
587,-121.23052978515625,-3.4451487064361572,-500.873046875,919.1751708984375
588,-120.61491394042969,-3.4375839233398438,-502.27191162109375,920.7037353515625
589,-119.95179748535156,-3.430351495742798,-503.629150390625,922.214599609375
590,-119.21845245361328,-3.4259116649627686,-504.973388671875,923.7462158203125
591,-118.42792510986328,-3.420447587966919,-506.2637939453125,925.2599487304688
592,-117.55792999267578,-3.417343854904175,-507.5257568359375,926.7931518554688
593,-116.62787628173828,-3.4130005836486816,-508.7217102050781,928.3086547851562
594,-115.6175537109375,-3.4110052585601807,-509.8759460449219,929.8431396484375
595,-114.54804229736328,-3.4086639881134033,-510.9499816894531,931.3594970703125
596,-113.39649963378906,-3.393798351287842,-511.9580078125,932.8906860351562
597,-112.1935806274414,-3.3736748695373535,-512.8694458007812,934.40087890625
598,-110.91912078857422,-3.3473832607269287,-513.69775390625,935.9220581054688
599,-109.57124328613281,-3.333162784576416,-514.4200439453125,937.452392578125
600,-108.17867279052734,-3.322141408920288,-515.0335693359375,938.9751586914062
601,-106.74332427978516,-3.312159776687622,-515.5529174804688,940.5025024414062
602,-105.2754898071289,-3.299093008041382,-515.9973754882812,942.0371704101562
603,-103.81123352050781,-3.280386209487915,-516.3677368164062,943.5484619140625
604,-102.31573486328125,-3.265761613845825,-516.6878662109375,945.0786743164062
605,-100.81808471679688,-3.2517714500427246,-516.9708862304688,946.6036987304688
606,-99.31646728515625,-3.239863872528076,-517.2319946289062,948.1287231445312
607,-97.81880187988281,-3.2280540466308594,-517.48828125,949.6489868164062
608,-96.33696746826172,-3.2178750038146973,-517.763427734375,951.156982421875
609,-94.8620376586914,-3.2080867290496826,-518.0942993164062,952.6694946289062
610,-93.4128646850586,-3.20080304145813,-518.5034790039062,954.17626953125
611,-91.97765350341797,-3.195768356323242,-518.9978637695312,955.6951904296875
612,-90.58604431152344,-3.189143419265747,-519.5672607421875,957.1997680664062
613,-89.1996841430664,-3.1832990646362305,-520.2263793945312,958.7357788085938
614,-87.86557006835938,-3.1758334636688232,-520.955322265625,960.2569580078125
615,-86.56327056884766,-3.167958974838257,-521.7669067382812,961.792236328125
616,-85.33638000488281,-3.161156415939331,-522.6354370117188,963.2962646484375
617,-84.15715026855469,-3.1519041061401367,-523.5803833007812,964.8081665039062
618,-83.03472900390625,-3.142313241958618,-524.5994262695312,966.324951171875
619,-81.97743225097656,-3.124818801879883,-525.6890258789062,967.8440551757812
620,-80.99556732177734,-3.10882306098938,-526.8483276367188,969.3640747070312
621,-80.09806823730469,-3.0887014865875244,-528.07177734375,970.8822631835938
622,-79.2900619506836,-3.0717713832855225,-529.357177734375,972.4011840820312
623,-78.55899047851562,-3.057650566101074,-530.7012329101562,973.9317016601562
624,-77.91239166259766,-3.044433116912842,-532.0643920898438,975.4407958984375
625,-77.32423400878906,-3.0285651683807373,-533.4798583984375,976.9739990234375
626,-76.81643676757812,-3.0144762992858887,-534.9072875976562,978.4894409179688
627,-76.37329864501953,-3.0015432834625244,-536.38232421875,980.0299072265625
628,-76.00421142578125,-2.9908392429351807,-537.8570556640625,981.5503540039062
629,-75.6966552734375,-2.982320785522461,-539.3703002929688,983.0947265625
630,-75.45540618896484,-2.9750008583068848,-540.8731079101562,984.616943359375
631,-75.27349853515625,-2.9728777408599854,-542.4088134765625,986.1635131835938
632,-75.15164184570312,-2.9611854553222656,-543.9279174804688,987.6876220703125
633,-75.08561706542969,-2.9526989459991455,-545.4745483398438,989.2357177734375
634,-75.07656860351562,-2.943265199661255,-546.9972534179688,990.7586059570312
635,-75.12157440185547,-2.9312307834625244,-548.5421752929688,992.3043212890625
636,-75.21529388427734,-2.919435501098633,-550.0574340820312,993.8226318359375
637,-75.35692596435547,-2.904933214187622,-551.5913696289062,995.3632202148438
638,-75.53663635253906,-2.8950512409210205,-553.0914916992188,996.8741455078125
639,-75.75699615478516,-2.8837192058563232,-554.6079711914062,998.4066162109375
640,-76.00493621826172,-2.8742570877075195,-556.0878295898438,999.9071655273438
641,-76.2878189086914,-2.865386486053467,-557.5829467773438,1001.4288330078125
642,-76.60621643066406,-2.8533754348754883,-559.0926513671875,1002.9718017578125
643,-76.943359375,-2.84641432762146,-560.5629272460938,1004.4802856445312
644,-77.30643463134766,-2.8376762866973877,-562.04833984375,1006.009521484375
645,-77.68817138671875,-2.8312973976135254,-563.5510864257812,1007.56005859375
646,-78.06897735595703,-2.8250372409820557,-565.0156860351562,1009.0734252929688
647,-78.45999145507812,-2.8213131427764893,-566.4990234375,1010.6074829101562
648,-78.85960388183594,-2.815049409866333,-568.0018310546875,1012.16259765625
649,-79.24971771240234,-2.810941696166992,-569.4664306640625,1013.6783447265625
650,-79.64555358886719,-2.8021788597106934,-570.949951171875,1015.2138061523438
651,-80.04647827148438,-2.7928082942962646,-572.4532470703125,1016.7696533203125
652,-80.43814849853516,-2.7826988697052,-573.9144287109375,1018.2825317382812
653,-80.83676147460938,-2.7751011848449707,-575.3924560546875,1019.8134155273438
654,-81.24263763427734,-2.7712814807891846,-576.8878173828125,1021.3629150390625
655,-81.63957214355469,-2.7665460109710693,-578.3370361328125,1022.8656005859375
656,-82.04625701904297,-2.7588486671447754,-579.8009643554688,1024.385009765625
657,-82.46266174316406,-2.7512242794036865,-581.2796020507812,1025.9212646484375
658,-82.88894653320312,-2.740863561630249,-582.7724609375,1027.473876953125
659,-83.30567169189453,-2.732815742492676,-584.2135620117188,1028.9739990234375
660,-83.72975158691406,-2.7233619689941406,-585.6674194335938,1030.488525390625
661,-84.15999603271484,-2.71547794342041,-587.1343994140625,1032.017333984375
662,-84.59632873535156,-2.7056078910827637,-588.614013671875,1033.56005859375
663,-85.0372543334961,-2.6950714588165283,-590.1060791015625,1035.115966796875
664,-85.48223876953125,-2.6867969036102295,-591.61083984375,1036.6851806640625
665,-85.91022491455078,-2.6746513843536377,-593.058349609375,1038.1947021484375
666,-86.34033203125,-2.668422222137451,-594.5171508789062,1039.7156982421875
667,-86.77245330810547,-2.658848285675049,-595.98681640625,1041.24755859375
668,-87.20580291748047,-2.6529486179351807,-597.4674682617188,1042.790283203125
669,-87.64019012451172,-2.6447672843933105,-598.9589233398438,1044.34375
670,-88.07524108886719,-2.6378087997436523,-600.4609985351562,1045.9075927734375
671,-88.5107421875,-2.6291685104370117,-601.9732666015625,1047.4814453125
672,-88.92472076416016,-2.624655246734619,-603.4236450195312,1048.9898681640625
673,-89.33805847167969,-2.618427038192749,-604.8831787109375,1050.5068359375
674,-89.75029754638672,-2.612483501434326,-606.35107421875,1052.0316162109375
675,-90.16144561767578,-2.6049916744232178,-607.8262329101562,1053.5631103515625
676,-90.56987762451172,-2.596147060394287,-609.306884765625,1055.09912109375
677,-90.97389221191406,-2.5905113220214844,-610.789794921875,1056.6361083984375
678,-91.37249755859375,-2.5855846405029297,-612.270751953125,1058.1697998046875
679,-91.76488494873047,-2.5810725688934326,-613.7486572265625,1059.698974609375
680,-92.1513900756836,-2.572754383087158,-615.2219848632812,1061.2222900390625
681,-92.53285217285156,-2.565674066543579,-616.6904907226562,1062.7396240234375
682,-92.90940856933594,-2.553636074066162,-618.1543579101562,1064.251220703125
683,-93.27997589111328,-2.545375347137451,-619.6129760742188,1065.7562255859375
684,-93.66241455078125,-2.534836769104004,-621.1387939453125,1067.329345703125
685,-94.03758239746094,-2.5272421836853027,-622.6592407226562,1068.8953857421875
686,-94.40450286865234,-2.51906156539917,-624.1739501953125,1070.453857421875
687,-94.76332092285156,-2.5096867084503174,-625.6836547851562,1072.0057373046875
688,-95.11551666259766,-2.496969699859619,-627.19189453125,1073.5546875
689,-95.46229553222656,-2.4836599826812744,-628.7049560546875,1075.1070556640625
690,-95.80168914794922,-2.475200891494751,-630.2156372070312,1076.655517578125
691,-96.13204193115234,-2.4680709838867188,-631.7249145507812,1078.2005615234375
692,-96.45222473144531,-2.4603283405303955,-633.2332153320312,1079.7425537109375
693,-96.76360321044922,-2.454517126083374,-634.7404174804688,1081.2816162109375
694,-97.06716918945312,-2.4443447589874268,-636.2464599609375,1082.8179931640625
695,-97.36460876464844,-2.4373226165771484,-637.751220703125,1084.351806640625
696,-97.65721893310547,-2.427483320236206,-639.2546997070312,1085.883544921875
697,-97.94464111328125,-2.4230704307556152,-640.7576293945312,1087.4136962890625
698,-98.2270736694336,-2.414268970489502,-642.2586059570312,1088.9410400390625
699,-98.50452423095703,-2.4107351303100586,-643.7595825195312,1090.467529296875
700,-98.7791748046875,-2.4004926681518555,-645.2594604492188,1091.992431640625
701,-99.04989624023438,-2.3901758193969727,-646.7579345703125,1093.5152587890625
702,-99.31614685058594,-2.3843610286712646,-648.2555541992188,1095.036376953125
703,-99.57849884033203,-2.368889093399048,-649.7526245117188,1096.5562744140625
704,-99.83618927001953,-2.3623852729797363,-651.2491455078125,1098.0748291015625
705,-100.08824920654297,-2.361624002456665,-652.7449340820312,1099.591796875
706,-100.33621215820312,-2.3569562435150146,-654.2399291992188,1101.1072998046875
707,-100.57923889160156,-2.3522307872772217,-655.7339477539062,1102.6209716796875
708,-100.81731414794922,-2.3411998748779297,-657.226318359375,1104.13232421875
709,-101.0506362915039,-2.326552152633667,-658.7176513671875,1105.641845703125
710,-101.27896881103516,-2.3149166107177734,-660.2083129882812,1107.14990234375
711,-101.50103759765625,-2.3050050735473633,-661.6978149414062,1108.6558837890625
712,-101.71647644042969,-2.298914909362793,-663.1859130859375,1110.159423828125
713,-101.92488098144531,-2.294426918029785,-664.673095703125,1111.6611328125
714,-102.12769317626953,-2.280743360519409,-666.15966796875,1113.16162109375
715,-102.33306121826172,-2.275435447692871,-667.7156982421875,1114.731201171875
716,-102.5307846069336,-2.2667548656463623,-669.2706298828125,1116.2987060546875
717,-102.7206039428711,-2.2613582611083984,-670.8250732421875,1117.86474609375
718,-102.90314483642578,-2.249678611755371,-672.378662109375,1119.4290771484375
719,-103.0781021118164,-2.2426114082336426,-673.931640625,1120.991943359375
720,-103.2468490600586,-2.2319891452789307,-675.48388671875,1122.5533447265625
721,-103.40926361083984,-2.22271466255188,-677.0348510742188,1124.11279296875
722,-103.56529998779297,-2.2117953300476074,-678.5847778320312,1125.670654296875
723,-103.71505737304688,-2.200234889984131,-680.1337890625,1127.2269287109375
724,-103.85899353027344,-2.1869025230407715,-681.6820068359375,1128.7818603515625
725,-103.99752044677734,-2.1750874519348145,-683.2293090820312,1130.33544921875
726,-104.13005065917969,-2.1615805625915527,-684.7761840820312,1131.8880615234375
727,-104.25605010986328,-2.1504533290863037,-686.32177734375,1133.4388427734375
728,-104.37531280517578,-2.1394429206848145,-687.8673095703125,1134.989013671875
729,-104.48754119873047,-2.128627061843872,-689.412353515625,1136.5380859375
730,-104.59276580810547,-2.1202971935272217,-690.95654296875,1138.0859375
731,-104.69031524658203,-2.110450029373169,-692.500244140625,1139.6328125
732,-104.7801513671875,-2.1015501022338867,-694.0431518554688,1141.1783447265625
733,-104.86141967773438,-2.0892860889434814,-695.5857543945312,1142.72314453125
734,-104.93451690673828,-2.0812578201293945,-697.127685546875,1144.266845703125
735,-104.99884033203125,-2.07063889503479,-698.669189453125,1145.8096923828125
736,-105.05473327636719,-2.062657594680786,-700.210693359375,1147.352294921875
737,-105.10271453857422,-2.0556585788726807,-701.752197265625,1148.89453125
738,-105.1429443359375,-2.0473711490631104,-703.293701171875,1150.4365234375
739,-105.17619323730469,-2.04056453704834,-704.8341674804688,1151.9774169921875
740,-105.202392578125,-2.0311965942382812,-706.3743286132812,1153.517822265625
741,-105.22209930419922,-2.0226423740386963,-707.9144897460938,1155.05810546875
742,-105.23616790771484,-2.013416290283203,-709.4544677734375,1156.59814453125
743,-105.2446060180664,-2.0065183639526367,-710.993408203125,1158.1370849609375
744,-105.2478256225586,-2.0007264614105225,-712.5322265625,1159.6759033203125
745,-105.24568176269531,-1.9927654266357422,-714.0708618164062,1161.2144775390625
746,-105.23831939697266,-1.98486328125,-715.6085205078125,1162.752197265625
747,-105.22625732421875,-1.975671648979187,-717.14599609375,1164.289794921875
748,-105.21019744873047,-1.9674433469772339,-718.6834106445312,1165.827392578125
749,-105.19105529785156,-1.958504319190979,-720.2196044921875,1167.36376953125
750,-105.16893005371094,-1.9498103857040405,-721.7557373046875,1168.900146484375
751,-105.1439208984375,-1.941833734512329,-723.29150390625,1170.4361572265625
752,-105.11597442626953,-1.932273030281067,-724.8262939453125,1171.9713134765625
753,-105.08589935302734,-1.9236336946487427,-726.3609008789062,1173.5062255859375
754,-105.05381774902344,-1.9129019975662231,-727.8945922851562,1175.040283203125
755,-105.02001953125,-1.9025920629501343,-729.4280395507812,1176.5740966796875
756,-104.98406219482422,-1.8922077417373657,-730.9610595703125,1178.1075439453125
757,-104.94609832763672,-1.8848716020584106,-732.4934692382812,1179.6405029296875
758,-104.90631866455078,-1.875568151473999,-734.0255737304688,1181.1732177734375
759,-104.8648910522461,-1.8685200214385986,-735.5572509765625,1182.7054443359375
760,-104.82130432128906,-1.8602849245071411,-737.0880126953125,1184.23681640625
761,-104.77536010742188,-1.8507901430130005,-738.6187744140625,1185.768310546875
762,-104.72733306884766,-1.8433781862258911,-740.1492309570312,1187.299560546875
763,-104.67719268798828,-1.8359962701797485,-741.6787109375,1188.829833984375
764,-104.6249771118164,-1.829402208328247,-743.2081298828125,1190.360107421875
765,-104.570556640625,-1.8238166570663452,-744.7374877929688,1191.8905029296875
766,-104.51361846923828,-1.8166230916976929,-746.2657470703125,1193.419921875
767,-104.45494079589844,-1.8135432004928589,-747.7938232421875,1194.94921875
768,-104.3936996459961,-1.8088154792785645,-749.321533203125,1196.4781494140625
769,-104.3300552368164,-1.8015165328979492,-750.848876953125,1198.0068359375
770,-104.26457214355469,-1.7965915203094482,-752.3756103515625,1199.5350341796875
771,-104.19718170166016,-1.7866950035095215,-753.90234375,1201.063232421875
772,-104.1283950805664,-1.7864032983779907,-755.428955078125,1202.59130859375
773,-104.05646514892578,-1.7780835628509521,-756.954345703125,1204.118408203125
774,-103.98209381103516,-1.7713385820388794,-758.479736328125,1205.6456298828125
775,-103.90604400634766,-1.7619386911392212,-760.0045776367188,1207.1724853515625
776,-103.82774353027344,-1.7509454488754272,-761.5286254882812,1208.6986083984375
777,-103.74813842773438,-1.7394999265670776,-763.0523071289062,1210.2244873046875
778,-103.66686248779297,-1.7289621829986572,-764.5752563476562,1211.7496337890625
779,-103.58442687988281,-1.718254804611206,-766.0979614257812,1213.274658203125
780,-103.49989318847656,-1.7139641046524048,-767.620361328125,1214.7994384765625
781,-103.41337585449219,-1.706437110900879,-769.1417236328125,1216.3232421875
782,-103.32567596435547,-1.6990658044815063,-770.6630859375,1217.84716796875
783,-103.23543548583984,-1.6891098022460938,-772.1838989257812,1219.3707275390625
784,-103.14334869384766,-1.6817728281021118,-773.7041015625,1220.893798828125
785,-103.04855346679688,-1.6738438606262207,-775.22412109375,1222.4168701171875
786,-102.95148468017578,-1.665840983390808,-776.7431640625,1223.9390869140625
787,-102.85262298583984,-1.6580005884170532,-778.2618408203125,1225.4610595703125
788,-102.75067901611328,-1.6490603685379028,-779.780517578125,1226.983154296875
789,-102.6464614868164,-1.6408177614212036,-781.298095703125,1228.5042724609375
790,-102.54100036621094,-1.6343098878860474,-782.8154296875,1230.0252685546875
791,-102.43341827392578,-1.6277949810028076,-784.332763671875,1231.5465087890625
792,-102.32463073730469,-1.6206721067428589,-785.8489990234375,1233.066650390625
793,-102.21399688720703,-1.6142405271530151,-787.364990234375,1234.586669921875
794,-102.10183715820312,-1.606273889541626,-788.8807373046875,1236.1065673828125
795,-101.98805236816406,-1.5998233556747437,-790.3960571289062,1237.626220703125
796,-101.87174224853516,-1.59335458278656,-791.9107055664062,1239.1453857421875
797,-101.75303649902344,-1.5862922668457031,-793.4253540039062,1240.6646728515625
798,-101.63240051269531,-1.5805976390838623,-794.9390258789062,1242.18310546875
799,-101.50892639160156,-1.572433590888977,-796.4523315429688,1243.7015380859375
800,-101.38388061523438,-1.56645667552948,-797.965576171875,1245.219970703125
801,-101.2566146850586,-1.5581320524215698,-799.4775390625,1246.7373046875
802,-101.12651062011719,-1.5501118898391724,-800.9892578125,1248.254638671875
803,-100.9944076538086,-1.5418580770492554,-802.5010986328125,1249.7723388671875
804,-100.85952758789062,-1.5338718891143799,-804.0119018554688,1251.2891845703125
805,-100.72095489501953,-1.5298571586608887,-805.5224609375,1252.80615234375
806,-100.57891845703125,-1.5253229141235352,-807.03173828125,1254.3221435546875
807,-100.4340591430664,-1.5192266702651978,-808.541015625,1255.83837890625
808,-100.28539276123047,-1.514522671699524,-810.0494384765625,1257.3541259765625
809,-100.13338470458984,-1.5107269287109375,-811.5572509765625,1258.86962890625
810,-99.97772979736328,-1.5054365396499634,-813.0638427734375,1260.38427734375
811,-99.81861114501953,-1.5006132125854492,-814.5695190429688,1261.8984375
812,-99.65556335449219,-1.4944641590118408,-816.073974609375,1263.4117431640625
813,-99.48924255371094,-1.491956114768982,-817.57763671875,1264.9246826171875
814,-99.31893920898438,-1.4862241744995117,-819.080078125,1266.436767578125
815,-99.14483642578125,-1.4813661575317383,-820.581298828125,1267.947998046875
816,-98.96685028076172,-1.4759677648544312,-822.0814819335938,1269.458740234375
817,-98.78460693359375,-1.4710785150527954,-823.5806274414062,1270.968994140625
818,-98.59793853759766,-1.467594027519226,-825.0786743164062,1272.478759765625
819,-98.40631103515625,-1.4628889560699463,-826.5751342773438,1273.987548828125
820,-98.20942687988281,-1.4586730003356934,-828.0704345703125,1275.495849609375
821,-98.00672912597656,-1.4543554782867432,-829.5643310546875,1277.0035400390625
822,-97.79829406738281,-1.4513245820999146,-831.056884765625,1278.5106201171875
823,-97.58356475830078,-1.4483197927474976,-832.5478515625,1280.0169677734375
824,-97.36235046386719,-1.4457288980484009,-834.0374145507812,1281.5228271484375
825,-97.13429260253906,-1.444872498512268,-835.5255737304688,1283.0284423828125
826,-96.89920043945312,-1.4473764896392822,-837.0123901367188,1284.5338134765625
827,-96.65692138671875,-1.4514626264572144,-838.4974975585938,1286.0386962890625
828,-96.40703582763672,-1.4576929807662964,-839.9812622070312,1287.54345703125
829,-96.14942169189453,-1.4614280462265015,-841.4636840820312,1289.0482177734375
830,-95.8841323852539,-1.4678027629852295,-842.9451904296875,1290.5533447265625
831,-95.61100006103516,-1.4725112915039062,-844.4252319335938,1292.0584716796875
832,-95.33007049560547,-1.4779573678970337,-845.904296875,1293.5640869140625
833,-95.0412368774414,-1.482551097869873,-847.3819580078125,1295.0697021484375
834,-94.74443054199219,-1.4881339073181152,-848.8582763671875,1296.57568359375
835,-94.43956756591797,-1.492181420326233,-850.3330688476562,1298.081787109375
836,-94.12681579589844,-1.495245337486267,-851.806396484375,1299.5880126953125
837,-93.80651092529297,-1.4976640939712524,-853.2781372070312,1301.0943603515625
838,-93.47828674316406,-1.4994759559631348,-854.7481079101562,1302.6007080078125
839,-93.14276123046875,-1.500315546989441,-856.2166137695312,1304.107177734375
840,-92.79931640625,-1.5015525817871094,-857.6834106445312,1305.61376953125
841,-92.44808197021484,-1.501787543296814,-859.1482543945312,1307.1202392578125
842,-92.08927154541016,-1.501767873764038,-860.6112670898438,1308.626708984375
843,-91.7231216430664,-1.5021194219589233,-862.0726318359375,1310.1334228515625
844,-91.34950256347656,-1.5022908449172974,-863.5320434570312,1311.6400146484375
845,-90.9684066772461,-1.5028822422027588,-864.9896850585938,1313.1468505859375
846,-90.57986450195312,-1.5029070377349854,-866.4453735351562,1314.6536865234375
847,-90.18408203125,-1.50379478931427,-867.8991088867188,1316.1605224609375
848,-89.78084564208984,-1.5036474466323853,-869.350830078125,1317.6673583984375
849,-89.37033081054688,-1.5046453475952148,-870.8005981445312,1319.17431640625
850,-88.95256805419922,-1.5051026344299316,-872.2484741210938,1320.681396484375
851,-88.52734375,-1.506222128868103,-873.694091796875,1322.1883544921875
852,-88.09491729736328,-1.5089048147201538,-875.1378173828125,1323.6956787109375
853,-87.6549301147461,-1.509953498840332,-876.579345703125,1325.2030029296875
854,-87.2075424194336,-1.512739658355713,-878.0187377929688,1326.7105712890625
855,-86.75237274169922,-1.5149250030517578,-879.455810546875,1328.21826171875
856,-86.28977966308594,-1.5160236358642578,-880.8905029296875,1329.725830078125
857,-85.81968688964844,-1.5176587104797363,-882.3228149414062,1331.2335205078125
858,-85.3416519165039,-1.518149733543396,-883.7527465820312,1332.741455078125
859,-84.85574340820312,-1.5203062295913696,-885.1800537109375,1334.2493896484375
860,-84.36163330078125,-1.5233575105667114,-886.6046752929688,1335.7574462890625
861,-83.85942077636719,-1.5255918502807617,-888.0264892578125,1337.265625
862,-83.34883117675781,-1.5284526348114014,-889.445556640625,1338.7740478515625
863,-82.83024597167969,-1.5315370559692383,-890.8617553710938,1340.282470703125
864,-82.30396270751953,-1.534773349761963,-892.2753295898438,1341.7911376953125
865,-81.76936340332031,-1.5387585163116455,-893.6860961914062,1343.300048828125
866,-81.22693634033203,-1.5429584980010986,-895.0939331054688,1344.80908203125
867,-80.6769027709961,-1.5469969511032104,-896.4988403320312,1346.318115234375
868,-80.11957550048828,-1.5504558086395264,-897.9012451171875,1347.827392578125
869,-79.55607604980469,-1.5529019832611084,-899.3012084960938,1349.3367919921875
870,-78.98650360107422,-1.5562570095062256,-900.6989135742188,1350.846435546875
871,-78.41085815429688,-1.5602498054504395,-902.0943603515625,1352.356201171875
872,-77.82910919189453,-1.5636645555496216,-903.4874267578125,1353.8662109375
873,-77.24163818359375,-1.566675066947937,-904.8779907226562,1355.3760986328125
874,-76.64837646484375,-1.5683900117874146,-906.2662353515625,1356.8861083984375
875,-76.04949188232422,-1.5687183141708374,-907.6522827148438,1358.3963623046875
876,-75.44483184814453,-1.5700327157974243,-909.035888671875,1359.9066162109375
877,-74.83486938476562,-1.5713565349578857,-910.4171752929688,1361.4168701171875
878,-74.22002410888672,-1.5728472471237183,-911.7964477539062,1362.92724609375
879,-73.6005630493164,-1.5777263641357422,-913.1735229492188,1364.4375
880,-72.9763412475586,-1.5809412002563477,-914.5480346679688,1365.947509765625
881,-72.34686279296875,-1.5860028266906738,-915.9197387695312,1367.4571533203125
882,-71.71200561523438,-1.5881785154342651,-917.2886352539062,1368.9664306640625
883,-71.0715103149414,-1.5883809328079224,-918.6544799804688,1370.475341796875
884,-70.4253158569336,-1.5882415771484375,-920.0172729492188,1371.98388671875
885,-69.77278900146484,-1.588309645652771,-921.3763427734375,1373.4918212890625
886,-69.11444091796875,-1.5863829851150513,-922.7322387695312,1374.99951171875
887,-68.45034790039062,-1.5849945545196533,-924.0847778320312,1376.5067138671875
888,-67.7805404663086,-1.5843874216079712,-925.4340209960938,1378.013427734375
889,-67.10455322265625,-1.5839931964874268,-926.779541015625,1379.51953125
890,-66.42279052734375,-1.583362102508545,-928.1216430664062,1381.0252685546875
891,-65.7350845336914,-1.582873821258545,-929.460205078125,1382.530517578125
892,-65.04143524169922,-1.5823733806610107,-930.7951049804688,1384.0352783203125
893,-64.34185791015625,-1.58194100856781,-932.12646484375,1385.5396728515625
894,-63.63633728027344,-1.5824503898620605,-933.4542236328125,1387.043701171875
895,-62.92487716674805,-1.5821013450622559,-934.7782592773438,1388.5472412109375
896,-62.20736312866211,-1.5836949348449707,-936.0986328125,1390.0504150390625
897,-61.484825134277344,-1.582781434059143,-937.4156494140625,1391.5531005859375
898,-60.75601577758789,-1.5859588384628296,-938.72900390625,1393.0555419921875
899,-60.02120590209961,-1.587593674659729,-940.0384521484375,1394.5574951171875
900,-59.2806396484375,-1.5933054685592651,-941.3446044921875,1396.0594482421875
901,-58.53421401977539,-1.5975277423858643,-942.6467895507812,1397.5609130859375
902,-57.78176498413086,-1.6023801565170288,-943.9452514648438,1399.0621337890625
903,-57.02308654785156,-1.604056715965271,-945.23974609375,1400.5631103515625
904,-56.25758743286133,-1.6064057350158691,-946.52978515625,1402.063720703125
905,-55.450138092041016,-1.6076674461364746,-947.873779296875,1403.632080078125
906,-54.634727478027344,-1.6087743043899536,-949.21240234375,1405.199951171875
907,-53.811363220214844,-1.6098712682724,-950.5457763671875,1406.7674560546875
908,-52.97976303100586,-1.6117826700210571,-951.8735961914062,1408.3345947265625
909,-52.140380859375,-1.6136465072631836,-953.1959228515625,1409.9013671875
910,-51.29341125488281,-1.6161856651306152,-954.5131225585938,1411.4678955078125
911,-50.439266204833984,-1.6188713312149048,-955.8252563476562,1413.0340576171875
912,-49.578739166259766,-1.622057557106018,-957.1326904296875,1414.599853515625
913,-48.71318817138672,-1.6250741481781006,-958.4365234375,1416.1654052734375
914,-47.843055725097656,-1.6279722452163696,-959.73681640625,1417.7305908203125
915,-46.96828842163086,-1.628442406654358,-961.033447265625,1419.2952880859375
916,-46.089263916015625,-1.6306136846542358,-962.32666015625,1420.859619140625
917,-45.20636749267578,-1.6304354667663574,-963.616943359375,1422.4237060546875
918,-44.319820404052734,-1.629531979560852,-964.904052734375,1423.9871826171875
919,-43.428592681884766,-1.6311678886413574,-966.1873779296875,1425.5501708984375
920,-42.53401565551758,-1.6293549537658691,-967.4676513671875,1427.1126708984375
921,-41.63502883911133,-1.6298481225967407,-968.7440185546875,1428.674560546875
922,-40.73200988769531,-1.630591869354248,-970.0164794921875,1430.235595703125
923,-39.82517623901367,-1.6295132637023926,-971.284912109375,1431.7955322265625
924,-38.9134407043457,-1.6315644979476929,-972.549072265625,1433.3548583984375
925,-37.996768951416016,-1.632059097290039,-973.8082885742188,1434.9130859375
926,-37.07493209838867,-1.6323790550231934,-975.0625610351562,1436.470458984375
927,-36.147216796875,-1.6349825859069824,-976.3114624023438,1438.0269775390625
928,-35.213897705078125,-1.6357307434082031,-977.5552978515625,1439.582763671875
929,-34.27495574951172,-1.636275053024292,-978.7932739257812,1441.13720703125
930,-33.32969284057617,-1.6367695331573486,-980.0255126953125,1442.6910400390625
931,-32.37846374511719,-1.6343450546264648,-981.2517700195312,1444.2437744140625
932,-31.420955657958984,-1.6324539184570312,-982.4722900390625,1445.7958984375
933,-30.456724166870117,-1.6301640272140503,-983.6856079101562,1447.3465576171875
934,-29.485998153686523,-1.6307246685028076,-984.8928833007812,1448.896484375
935,-28.508657455444336,-1.6254959106445312,-986.09326171875,1450.4451904296875
936,-27.524560928344727,-1.6230164766311646,-987.286865234375,1451.9930419921875
937,-26.5341796875,-1.6196775436401367,-988.4737548828125,1453.5396728515625
938,-25.53875160217285,-1.6146193742752075,-989.6551513671875,1455.08544921875
939,-24.537771224975586,-1.6105433702468872,-990.8304443359375,1456.630126953125
940,-23.531858444213867,-1.6081956624984741,-992.0003662109375,1458.173828125
941,-22.52011489868164,-1.6080502271652222,-993.1640014648438,1459.7166748046875
942,-21.50237464904785,-1.6074477434158325,-994.3209838867188,1461.258544921875
943,-20.479034423828125,-1.6048743724822998,-995.4716796875,1462.7994384765625
944,-19.45076560974121,-1.5996371507644653,-996.6165161132812,1464.3392333984375
945,-18.41741943359375,-1.5949938297271729,-997.755615234375,1465.8782958984375
946,-17.378704071044922,-1.5924056768417358,-998.8887329101562,1467.41650390625
947,-16.334701538085938,-1.5930421352386475,-1000.0158081054688,1468.953857421875
948,-15.285317420959473,-1.5947073698043823,-1001.1365356445312,1470.490234375
949,-14.231115341186523,-1.595412015914917,-1002.2527465820312,1472.026611328125
950,-13.169380187988281,-1.5962400436401367,-1003.3663940429688,1473.5662841796875
951,-12.098679542541504,-1.594035029411316,-1004.4801025390625,1475.1121826171875
952,-11.015807151794434,-1.5938823223114014,-1005.5950317382812,1476.66748046875
953,-9.919602394104004,-1.5922722816467285,-1006.7115478515625,1478.233154296875
954,-8.857989311218262,-1.5929503440856934,-1007.7819213867188,1479.7418212890625
955,-7.783055305480957,-1.5916786193847656,-1008.8543701171875,1481.261474609375
956,-6.695175647735596,-1.5916215181350708,-1009.9302978515625,1482.792724609375
957,-5.594613552093506,-1.5883903503417969,-1011.0098876953125,1484.3355712890625
958,-4.480401515960693,-1.586280107498169,-1012.0916137695312,1485.8897705078125
959,-3.352283000946045,-1.584591031074524,-1013.1748046875,1487.4549560546875
960,-2.262819528579712,-1.5829191207885742,-1014.208740234375,1488.958251953125
961,-1.1616300344467163,-1.5815616846084595,-1015.2413330078125,1490.468994140625
962,-0.049921873956918716,-1.5780870914459229,-1016.27197265625,1491.9862060546875
963,1.070501446723938,-1.574899673461914,-1017.3010864257812,1493.5086669921875
964,2.199535846710205,-1.5709203481674194,-1018.3277587890625,1495.0360107421875
965,3.337251663208008,-1.5668748617172241,-1019.3511352539062,1496.567626953125
966,4.48268461227417,-1.5639249086380005,-1020.3717041015625,1498.1031494140625
967,5.636514186859131,-1.5617862939834595,-1021.38818359375,1499.642333984375
968,6.7979841232299805,-1.562214732170105,-1022.4010009765625,1501.1846923828125
969,7.967104911804199,-1.5609854459762573,-1023.4096069335938,1502.7301025390625
970,9.143914222717285,-1.5591305494308472,-1024.41357421875,1504.278564453125
971,10.328158378601074,-1.556044340133667,-1025.4141845703125,1505.83056640625
972,11.51896858215332,-1.5515824556350708,-1026.411376953125,1507.3856201171875
973,12.716374397277832,-1.5470538139343262,-1027.405517578125,1508.943603515625
974,13.921316146850586,-1.5437960624694824,-1028.3951416015625,1510.5047607421875
975,15.133589744567871,-1.5413898229599,-1029.380859375,1512.0689697265625
976,16.35247039794922,-1.5372596979141235,-1030.362548828125,1513.6358642578125
977,17.578567504882812,-1.5341238975524902,-1031.3402099609375,1515.205810546875
978,18.811656951904297,-1.529815435409546,-1032.3134765625,1516.77880859375
979,20.0518856048584,-1.526394248008728,-1033.282470703125,1518.354736328125
980,21.23994255065918,-1.5239152908325195,-1034.200927734375,1519.858154296875
981,22.4340763092041,-1.5183182954788208,-1035.11474609375,1521.3638916015625
982,23.63361167907715,-1.513694167137146,-1036.024658203125,1522.87158203125
983,24.838022232055664,-1.5081394910812378,-1036.9312744140625,1524.3812255859375
984,26.047073364257812,-1.5034923553466797,-1037.8333740234375,1525.8916015625
985,27.261131286621094,-1.501646637916565,-1038.7301025390625,1527.40283203125
986,28.479122161865234,-1.4972487688064575,-1039.6219482421875,1528.9144287109375
987,29.701385498046875,-1.4928011894226074,-1040.5091552734375,1530.4268798828125
988,30.927181243896484,-1.4862838983535767,-1041.3919677734375,1531.939697265625
989,32.156471252441406,-1.482747197151184,-1042.2708740234375,1533.452880859375
990,33.38846969604492,-1.4785462617874146,-1043.146240234375,1534.9661865234375
991,34.6236572265625,-1.474689245223999,-1044.01806640625,1536.480224609375
992,35.861873626708984,-1.4681328535079956,-1044.8856201171875,1537.9940185546875
993,37.10319137573242,-1.4635534286499023,-1045.749267578125,1539.5084228515625
994,38.346805572509766,-1.456663727760315,-1046.6094970703125,1541.0230712890625
995,39.59355163574219,-1.449560284614563,-1047.4661865234375,1542.5380859375
996,40.844329833984375,-1.4442353248596191,-1048.317138671875,1544.0533447265625
997,42.09849548339844,-1.437591552734375,-1049.163330078125,1545.568603515625
998,43.35602951049805,-1.4308322668075562,-1050.0048828125,1547.0841064453125
999,44.61701965332031,-1.4247733354568481,-1050.841552734375,1548.5997314453125
1000,45.88146209716797,-1.4202245473861694,-1051.6737060546875,1550.1158447265625
1001,47.14936065673828,-1.413770318031311,-1052.5003662109375,1551.6317138671875
1002,48.420936584472656,-1.4096639156341553,-1053.32177734375,1553.1478271484375
1003,49.69544982910156,-1.4018081426620483,-1054.138916015625,1554.6641845703125
1004,50.973228454589844,-1.3950039148330688,-1054.951171875,1556.1802978515625
1005,52.253849029541016,-1.388472557067871,-1055.7591552734375,1557.69677734375
1006,53.53697967529297,-1.380920171737671,-1056.5633544921875,1559.213623046875
1007,54.8229866027832,-1.3721542358398438,-1057.3631591796875,1560.7305908203125
1008,56.11182403564453,-1.3650400638580322,-1058.158203125,1562.247314453125
1009,57.403202056884766,-1.3582133054733276,-1058.9488525390625,1563.7640380859375
1010,58.697200775146484,-1.3522529602050781,-1059.734619140625,1565.280517578125
1011,59.993919372558594,-1.3468685150146484,-1060.515380859375,1566.7965087890625
1012,61.292999267578125,-1.3405839204788208,-1061.2916259765625,1568.3125
1013,62.59477615356445,-1.333113670349121,-1062.0625,1569.8277587890625
1014,63.898990631103516,-1.325528860092163,-1062.8284912109375,1571.3427734375
1015,65.20553588867188,-1.3169225454330444,-1063.58935546875,1572.857177734375
1016,66.5145263671875,-1.3102627992630005,-1064.3443603515625,1574.37109375
1017,67.82592010498047,-1.3040097951889038,-1065.0936279296875,1575.884033203125
1018,69.1394271850586,-1.2963231801986694,-1065.837646484375,1577.396240234375
1019,70.45457458496094,-1.2888985872268677,-1066.5765380859375,1578.9072265625
1020,71.77137756347656,-1.2806504964828491,-1067.3099365234375,1580.4171142578125
1021,73.09011840820312,-1.2728852033615112,-1068.03759765625,1581.92578125
1022,74.41055297851562,-1.265311598777771,-1068.7598876953125,1583.4337158203125
1023,75.73273468017578,-1.2575695514678955,-1069.47607421875,1584.9400634765625
1024,77.05659484863281,-1.2487001419067383,-1070.1865234375,1586.445068359375
1025,78.38232421875,-1.240004539489746,-1070.8914794921875,1587.94921875
1026,79.709716796875,-1.2305322885513306,-1071.5902099609375,1589.4520263671875
1027,81.10558319091797,-1.2210756540298462,-1072.31689453125,1591.0283203125
1028,82.50350952148438,-1.2112128734588623,-1073.036865234375,1592.6031494140625
1029,83.90323638916016,-1.1999088525772095,-1073.7501220703125,1594.1767578125
1030,85.30500793457031,-1.1897809505462646,-1074.4564208984375,1595.7490234375
1031,86.7088394165039,-1.1787420511245728,-1075.155517578125,1597.3199462890625
1032,88.1143798828125,-1.1661611795425415,-1075.8475341796875,1598.889404296875
1033,89.52159118652344,-1.15187406539917,-1076.5323486328125,1600.456787109375
1034,90.93096923828125,-1.1389200687408447,-1077.2109375,1602.0238037109375
1035,92.34249877929688,-1.1255329847335815,-1077.8834228515625,1603.5899658203125
1036,93.75625610351562,-1.1192750930786133,-1078.5499267578125,1605.155517578125
1037,95.172607421875,-1.1090188026428223,-1079.2095947265625,1606.720947265625
1038,96.59142303466797,-1.099627137184143,-1079.863037109375,1608.2857666015625
1039,98.01244354248047,-1.0906455516815186,-1080.5106201171875,1609.85009765625
1040,99.43563079833984,-1.0803745985031128,-1081.1522216796875,1611.4140625
1041,100.86119079589844,-1.0700860023498535,-1081.787841796875,1612.9779052734375
1042,102.28898620605469,-1.0601390600204468,-1082.41748046875,1614.5408935546875
1043,103.71896362304688,-1.0498024225234985,-1083.040771484375,1616.103759765625
1044,105.15087127685547,-1.0384187698364258,-1083.65869140625,1617.666259765625
1045,106.58480072021484,-1.0271698236465454,-1084.2708740234375,1619.2281494140625
1046,108.02073669433594,-1.016093373298645,-1084.8778076171875,1620.7901611328125
1047,109.45846557617188,-1.00471830368042,-1085.4791259765625,1622.3516845703125
1048,110.8983383178711,-0.9948246479034424,-1086.0753173828125,1623.9129638671875
1049,112.34004211425781,-0.982340395450592,-1086.6666259765625,1625.4742431640625
1050,113.78370666503906,-0.9706951975822449,-1087.2535400390625,1627.0355224609375
1051,115.22956848144531,-0.9592615962028503,-1087.8353271484375,1628.5970458984375
1052,116.6773681640625,-0.9474367499351501,-1088.4124755859375,1630.158203125
1053,118.12702178955078,-0.9383968710899353,-1088.9853515625,1631.7200927734375
1054,119.57835388183594,-0.9268927574157715,-1089.5538330078125,1633.28173828125
1055,121.0315170288086,-0.91654372215271,-1090.1182861328125,1634.843505859375
1056,122.48667907714844,-0.9043722152709961,-1090.677490234375,1636.4052734375
1057,123.94403839111328,-0.8931962251663208,-1091.2318115234375,1637.967529296875
1058,125.40372467041016,-0.8806424736976624,-1091.78076171875,1639.5301513671875
1059,126.86579895019531,-0.8696943521499634,-1092.3250732421875,1641.0931396484375
1060,128.33018493652344,-0.8566170930862427,-1092.864501953125,1642.6566162109375
1061,129.79702758789062,-0.8435187935829163,-1093.3985595703125,1644.2205810546875
1062,131.2661895751953,-0.8302319645881653,-1093.927734375,1645.7852783203125
1063,132.73756408691406,-0.8161563277244568,-1094.4522705078125,1647.3505859375
1064,134.21124267578125,-0.8023767471313477,-1094.971923828125,1648.916259765625
1065,135.687255859375,-0.7896699905395508,-1095.4864501953125,1650.482421875
1066,137.16555786132812,-0.7749580144882202,-1095.99560546875,1652.0491943359375
1067,138.64645385742188,-0.7610093951225281,-1096.4990234375,1653.616455078125
1068,140.12962341308594,-0.7453994750976562,-1096.9970703125,1655.1839599609375
1069,141.61517333984375,-0.7312391996383667,-1097.489501953125,1656.751953125
1070,143.1031036376953,-0.716599702835083,-1097.9761962890625,1658.3206787109375
1071,144.59344482421875,-0.7012701630592346,-1098.4573974609375,1659.8896484375
1072,146.08621215820312,-0.6862214207649231,-1098.93212890625,1661.459228515625
1073,147.58131408691406,-0.6702114343643188,-1099.4007568359375,1663.029052734375
1074,149.07887268066406,-0.6549327373504639,-1099.8636474609375,1664.5994873046875
1075,150.5785369873047,-0.6391756534576416,-1100.3209228515625,1666.1705322265625
1076,152.080322265625,-0.6256252527236938,-1100.773193359375,1667.741943359375
1077,153.5840606689453,-0.6115604043006897,-1101.2208251953125,1669.31396484375
1078,155.09007263183594,-0.595699667930603,-1101.6630859375,1670.8868408203125
1079,156.5984649658203,-0.5803101062774658,-1102.0999755859375,1672.4603271484375
1080,158.1090545654297,-0.561830997467041,-1102.5318603515625,1674.0347900390625
1081,159.62185668945312,-0.5456249117851257,-1102.9593505859375,1675.60986328125
1082,161.1366729736328,-0.5296386480331421,-1103.3819580078125,1677.1859130859375
1083,162.65357971191406,-0.5131586790084839,-1103.800048828125,1678.7623291015625
1084,164.17269897460938,-0.49662625789642334,-1104.2132568359375,1680.3397216796875
1085,165.621337890625,-0.48105084896087646,-1104.6025390625,1681.84326171875
1086,167.0719757080078,-0.4644111692905426,-1104.9866943359375,1683.34765625
1087,168.52462768554688,-0.44860461354255676,-1105.365966796875,1684.852294921875
1088,169.9794464111328,-0.43188315629959106,-1105.7398681640625,1686.357666015625
1089,171.43626403808594,-0.41618695855140686,-1106.1087646484375,1687.864013671875
1090,172.8949737548828,-0.39989423751831055,-1106.47216796875,1689.3707275390625
1091,174.35569763183594,-0.3828774392604828,-1106.8309326171875,1690.8782958984375
1092,175.8181915283203,-0.3655232787132263,-1107.1854248046875,1692.38671875
1093,177.282470703125,-0.35019463300704956,-1107.5355224609375,1693.8956298828125
1094,178.74850463867188,-0.33447834849357605,-1107.8807373046875,1695.4053955078125
1095,180.21636962890625,-0.31854158639907837,-1108.22119140625,1696.915283203125
1096,181.6861572265625,-0.30211007595062256,-1108.5565185546875,1698.42626953125
1097,183.15782165527344,-0.2867370843887329,-1108.88671875,1699.9378662109375
1098,184.63140869140625,-0.27080368995666504,-1109.21142578125,1701.4501953125
1099,186.1068115234375,-0.25560319423675537,-1109.5311279296875,1702.96337890625
1100,187.58412170410156,-0.23969514667987823,-1109.845458984375,1704.477294921875
1101,189.063232421875,-0.22368372976779938,-1110.1544189453125,1705.9918212890625
1102,190.54408264160156,-0.20761913061141968,-1110.4581298828125,1707.5069580078125
1103,192.0267333984375,-0.19164061546325684,-1110.7567138671875,1709.0228271484375
1104,193.5111846923828,-0.1760185956954956,-1111.0501708984375,1710.539306640625
1105,194.9971466064453,-0.15991874039173126,-1111.3387451171875,1712.056640625
1106,196.4847412109375,-0.14506186544895172,-1111.6226806640625,1713.57470703125
1107,197.97413635253906,-0.1291581690311432,-1111.9012451171875,1715.09326171875
1108,199.46507263183594,-0.11435087025165558,-1112.1756591796875,1716.61279296875
1109,200.9572296142578,-0.0994623452425003,-1112.4456787109375,1718.1324462890625
1110,202.45095825195312,-0.08443931490182877,-1112.711669921875,1719.6531982421875
1111,203.94607543945312,-0.06621597707271576,-1112.97314453125,1721.1744384765625
1112,205.44259643554688,-0.050779860466718674,-1113.23095703125,1722.696533203125
1113,206.94032287597656,-0.03377559781074524,-1113.48486328125,1724.21923828125
1114,208.4394073486328,-0.017601253464818,-1113.735107421875,1725.7425537109375
1115,209.9397735595703,-0.001637123990803957,-1113.9818115234375,1727.2664794921875
1116,211.4413604736328,0.013564733788371086,-1114.2249755859375,1728.791259765625
1117,212.9442138671875,0.02806207537651062,-1114.4649658203125,1730.3167724609375
1118,214.44821166992188,0.0428282655775547,-1114.70166015625,1731.8428955078125
1119,215.95335388183594,0.05790693312883377,-1114.9354248046875,1733.3695068359375
1120,217.45948791503906,0.07399929314851761,-1115.1666259765625,1734.8966064453125
1121,218.96670532226562,0.08989608287811279,-1115.3953857421875,1736.4246826171875
1122,220.4749755859375,0.1065690889954567,-1115.621337890625,1737.953369140625
1123,221.9842071533203,0.12312962859869003,-1115.84521484375,1739.482666015625
1124,223.49436950683594,0.1391480565071106,-1116.066650390625,1741.012451171875
1125,225.0055389404297,0.15602965652942657,-1116.2855224609375,1742.5428466796875
1126,226.5177001953125,0.1731700301170349,-1116.5015869140625,1744.073974609375
1127,228.03082275390625,0.1895783543586731,-1116.715576171875,1745.6060791015625
1128,229.54501342773438,0.2058321237564087,-1116.9267578125,1747.138427734375
1129,231.0599822998047,0.2218785583972931,-1117.1357421875,1748.6715087890625
1130,232.57568359375,0.23697708547115326,-1117.341796875,1750.20458984375
1131,234.09213256835938,0.2524673342704773,-1117.545166015625,1751.738037109375
1132,235.609375,0.2675881087779999,-1117.744873046875,1753.2716064453125
1133,237.12738037109375,0.2815578877925873,-1117.9415283203125,1754.8057861328125
1134,238.6461181640625,0.2957307696342468,-1118.1348876953125,1756.3404541015625
1135,240.1656951904297,0.30960482358932495,-1118.3245849609375,1757.87548828125
1136,241.68606567382812,0.32266128063201904,-1118.5111083984375,1759.410888671875
1137,243.20712280273438,0.3355027735233307,-1118.694580078125,1760.9464111328125
1138,244.72891235351562,0.34769928455352783,-1118.8751220703125,1762.482421875
1139,246.2515411376953,0.36023232340812683,-1119.0528564453125,1764.0186767578125
1140,247.77520751953125,0.37181952595710754,-1119.227783203125,1765.55615234375
1141,249.29983520507812,0.3832055330276489,-1119.39990234375,1767.093994140625
1142,250.8254852294922,0.39485856890678406,-1119.569091796875,1768.63232421875
1143,252.35215759277344,0.4071215093135834,-1119.735107421875,1770.17138671875
1144,253.8798370361328,0.4188545346260071,-1119.8983154296875,1771.711181640625
1145,255.4085235595703,0.43123215436935425,-1120.058349609375,1773.2515869140625
1146,256.93817138671875,0.44343259930610657,-1120.216064453125,1774.79345703125
1147,258.4686584472656,0.4561697244644165,-1120.371337890625,1776.3353271484375
1148,260.00006103515625,0.469774067401886,-1120.52490234375,1777.8779296875
1149,261.5323181152344,0.4831305146217346,-1120.67626953125,1779.4212646484375
1150,263.0652770996094,0.49726998805999756,-1120.82568359375,1780.96484375
1151,264.5991516113281,0.5104058384895325,-1120.974609375,1782.5093994140625
1152,266.1337890625,0.5239617228507996,-1121.1224365234375,1784.054443359375
1153,267.6692199707031,0.5354198813438416,-1121.26904296875,1785.600341796875
1154,269.20538330078125,0.5469458699226379,-1121.4151611328125,1787.1468505859375
1155,270.74249267578125,0.5578752160072327,-1121.5594482421875,1788.6942138671875
1156,272.2804260253906,0.5685347318649292,-1121.7027587890625,1790.24267578125
1157,273.8191833496094,0.5786727070808411,-1121.8443603515625,1791.7916259765625
1158,275.3587341308594,0.5906328558921814,-1121.984619140625,1793.3411865234375
1159,276.8990173339844,0.6027112603187561,-1122.1243896484375,1794.8912353515625
1160,278.4404296875,0.614947497844696,-1122.26220703125,1796.4425048828125
1161,279.9825134277344,0.6259132623672485,-1122.39892578125,1797.994140625
1162,281.52545166015625,0.6353240013122559,-1122.5340576171875,1799.5465087890625
1163,283.06939697265625,0.6464850306510925,-1122.6663818359375,1801.10009765625
1164,284.61468505859375,0.6579349040985107,-1122.7972412109375,1802.6541748046875
1165,286.16143798828125,0.6682600975036621,-1122.9259033203125,1804.2098388671875
1166,287.7095947265625,0.6797147989273071,-1123.052001953125,1805.766845703125
1167,289.25933837890625,0.6911970376968384,-1123.1763916015625,1807.325439453125
1168,290.8109436035156,0.704228401184082,-1123.2979736328125,1808.8853759765625
1169,292.3642883300781,0.7176638245582581,-1123.417236328125,1810.44677734375
1170,293.9196472167969,0.7285298705101013,-1123.533203125,1812.0101318359375
1171,295.4770202636719,0.7381008863449097,-1123.6468505859375,1813.5753173828125
1172,297.0365295410156,0.7452278733253479,-1123.7576904296875,1815.1422119140625
1173,298.5981140136719,0.7525678277015686,-1123.8668212890625,1816.7109375
1174,300.1618957519531,0.7616973519325256,-1123.9727783203125,1818.2821044921875
1175,301.7279357910156,0.7732347846031189,-1124.0765380859375,1819.8551025390625
1176,303.2962341308594,0.7838023900985718,-1124.1781005859375,1821.4302978515625
1177,304.8668518066406,0.7935632467269897,-1124.277099609375,1823.0074462890625
1178,306.4398193359375,0.8017277717590332,-1124.3734130859375,1824.5867919921875
1179,308.01483154296875,0.8091728091239929,-1124.4677734375,1826.16796875
1180,309.5130310058594,0.8175939321517944,-1124.555908203125,1827.67236328125
1181,311.01324462890625,0.82774817943573,-1124.641845703125,1829.1787109375
1182,312.5155029296875,0.840043842792511,-1124.72607421875,1830.6868896484375
1183,314.0196838378906,0.8501550555229187,-1124.8095703125,1832.1968994140625
1184,315.52581787109375,0.8598092198371887,-1124.891357421875,1833.708984375
1185,317.0338134765625,0.8701942563056946,-1124.9715576171875,1835.222412109375
1186,318.5437927246094,0.8807395100593567,-1125.0504150390625,1836.738037109375
1187,320.0556640625,0.8917040824890137,-1125.12744140625,1838.2557373046875
1188,321.56939697265625,0.9030727744102478,-1125.203125,1839.7750244140625
1189,323.0852355957031,0.9133425951004028,-1125.27685546875,1841.296630859375
1190,324.6029968261719,0.9232390522956848,-1125.3487548828125,1842.8197021484375
1191,326.1227111816406,0.9309424757957458,-1125.4200439453125,1844.3448486328125
1192,327.64422607421875,0.9385597109794617,-1125.4896240234375,1845.87158203125
1193,329.1674499511719,0.9453067779541016,-1125.55908203125,1847.39990234375
1194,330.6923522949219,0.9528989791870117,-1125.62646484375,1848.9298095703125
1195,332.2188720703125,0.9599727988243103,-1125.6943359375,1850.4613037109375
1196,333.7466735839844,0.9674355387687683,-1125.76220703125,1851.9942626953125
1197,335.2756652832031,0.9750438928604126,-1125.8294677734375,1853.5284423828125
1198,336.8056640625,0.9812995195388794,-1125.8968505859375,1855.0638427734375
1199,338.33642578125,0.9874839782714844,-1125.96435546875,1856.5997314453125
1200,339.8675537109375,0.9922068119049072,-1126.033203125,1858.1357421875
1201,341.3988952636719,0.9987778067588806,-1126.102783203125,1859.672119140625
1202,342.9306945800781,1.0060251951217651,-1126.1728515625,1861.20947265625
1203,344.4626159667969,1.0131431818008423,-1126.244140625,1862.7464599609375
1204,345.9945373535156,1.020062804222107,-1126.31591796875,1864.2835693359375
1205,347.5262756347656,1.026088833808899,-1126.3878173828125,1865.8204345703125
1206,349.05767822265625,1.0332523584365845,-1126.459716796875,1867.357421875
1207,350.5884704589844,1.0412746667861938,-1126.531982421875,1868.893310546875
1208,352.1184387207031,1.051713466644287,-1126.6058349609375,1870.4285888671875
1209,353.6478271484375,1.0632859468460083,-1126.6800537109375,1871.9632568359375
1210,355.1763916015625,1.0757108926773071,-1126.75537109375,1873.497314453125
1211,356.7040100097656,1.086392879486084,-1126.831787109375,1875.0303955078125
1212,358.2305603027344,1.0950636863708496,-1126.908447265625,1876.5625
1213,359.7558898925781,1.1033674478530884,-1126.9873046875,1878.0936279296875
1214,361.27978515625,1.1096631288528442,-1127.0667724609375,1879.6234130859375
1215,362.8020324707031,1.1183898448944092,-1127.147705078125,1881.1514892578125
1216,364.32275390625,1.12824285030365,-1127.2288818359375,1882.6781005859375
1217,365.8418273925781,1.1389455795288086,-1127.3121337890625,1884.2032470703125
1218,367.359375,1.1488317251205444,-1127.3953857421875,1885.7265625
1219,368.8754577636719,1.1586755514144897,-1127.4788818359375,1887.2489013671875
1220,370.3897705078125,1.1676557064056396,-1127.5623779296875,1888.76904296875
1221,371.9023132324219,1.1775102615356445,-1127.6466064453125,1890.2877197265625
1222,373.41326904296875,1.1897152662277222,-1127.7301025390625,1891.8043212890625
1223,374.9228210449219,1.201806664466858,-1127.8135986328125,1893.3199462890625
1224,376.430908203125,1.2119883298873901,-1127.8970947265625,1894.833740234375
1225,377.9373474121094,1.2204948663711548,-1127.98046875,1896.346435546875
1226,379.4423828125,1.2275469303131104,-1128.0618896484375,1897.8572998046875
1227,380.9458923339844,1.235472321510315,-1128.14306640625,1899.3665771484375
1228,382.4478759765625,1.2443033456802368,-1128.2242431640625,1900.8743896484375
1229,383.9490051269531,1.2526439428329468,-1128.305419921875,1902.3814697265625
1230,385.4493408203125,1.263715147972107,-1128.3865966796875,1903.8873291015625
1231,386.9490966796875,1.2723411321640015,-1128.4677734375,1905.392822265625
1232,388.4478454589844,1.281961441040039,-1128.547119140625,1906.8970947265625
1233,389.9459228515625,1.290582299232483,-1128.6259765625,1908.4012451171875
1234,391.52191162109375,1.3037090301513672,-1128.708984375,1909.9830322265625
1235,393.0971374511719,1.315964937210083,-1128.7919921875,1911.5640869140625
1236,394.6715393066406,1.328237771987915,-1128.87353515625,1913.144287109375
1237,396.2452087402344,1.3398005962371826,-1128.954345703125,1914.7236328125
1238,397.81768798828125,1.3491621017456055,-1129.03515625,1916.3016357421875
1239,399.3883361816406,1.359561800956726,-1129.11572265625,1917.877685546875
1240,400.9570617675781,1.3705517053604126,-1129.1962890625,1919.4517822265625
1241,402.5238952636719,1.3820537328720093,-1129.27685546875,1921.0240478515625
1242,404.0887756347656,1.3920559883117676,-1129.357421875,1922.5943603515625
1243,405.65167236328125,1.4012140035629272,-1129.4376220703125,1924.1624755859375
1244,407.2127380371094,1.4092357158660889,-1129.516357421875,1925.72900390625
1245,408.7720642089844,1.4161549806594849,-1129.594482421875,1927.2938232421875
1246,410.3293762207031,1.4222207069396973,-1129.672607421875,1928.8568115234375
1247,411.8846130371094,1.4292845726013184,-1129.750732421875,1930.4176025390625
1248,413.4378967285156,1.4398075342178345,-1129.828857421875,1931.9766845703125
1249,414.98931884765625,1.4502067565917969,-1129.9071044921875,1933.5335693359375
1250,416.5387878417969,1.4608004093170166,-1129.9852294921875,1935.08837890625
1251,418.0863037109375,1.469215989112854,-1130.0633544921875,1936.641845703125
1252,419.6305847167969,1.4775986671447754,-1130.140869140625,1938.19140625
1253,421.1684265136719,1.48597252368927,-1130.21728515625,1939.73486328125
1254,422.6973876953125,1.4942235946655273,-1130.29296875,1941.269287109375
1255,424.2173767089844,1.5026189088821411,-1130.36865234375,1942.7947998046875
1256,425.7287292480469,1.5106136798858643,-1130.4443359375,1944.3118896484375
1257,427.2312316894531,1.5163819789886475,-1130.52001953125,1945.820068359375
1258,428.7995910644531,1.5226269960403442,-1130.5994873046875,1947.3935546875
1259,430.35845947265625,1.5282989740371704,-1130.678955078125,1948.9580078125
1260,431.9080810546875,1.5335304737091064,-1130.7584228515625,1950.5133056640625
1261,433.4483947753906,1.538164734840393,-1130.83740234375,1952.0589599609375
1262,434.9797668457031,1.5426660776138306,-1130.915771484375,1953.5960693359375
1263,436.5017395019531,1.5473990440368652,-1130.9952392578125,1955.12353515625
1264,438.0146484375,1.5526565313339233,-1131.07470703125,1956.642333984375
1265,439.5187072753906,1.5591400861740112,-1131.15478515625,1958.1522216796875
1266,441.0851135253906,1.5626753568649292,-1131.2381591796875,1959.7247314453125
1267,442.6419372558594,1.5650770664215088,-1131.3218994140625,1961.2874755859375
1268,444.1890869140625,1.5680962800979614,-1131.406005859375,1962.8404541015625
1269,445.7266540527344,1.571629524230957,-1131.4910888671875,1964.384033203125
1270,447.2548522949219,1.5791351795196533,-1131.5770263671875,1965.918212890625
1271,448.77386474609375,1.5853915214538574,-1131.6629638671875,1967.44287109375
1272,450.2835693359375,1.5910041332244873,-1131.7489013671875,1968.9583740234375
1273,451.7841796875,1.5973137617111206,-1131.8338623046875,1970.4652099609375
1274,453.34344482421875,1.6035041809082031,-1131.923095703125,1972.030517578125
1275,454.8929748535156,1.607732892036438,-1132.0126953125,1973.586181640625
1276,456.432861328125,1.6105238199234009,-1132.102294921875,1975.1318359375
1277,457.96337890625,1.6119794845581055,-1132.192138671875,1976.6688232421875
1278,459.484375,1.6127569675445557,-1132.28369140625,1978.196044921875
1279,460.9961242675781,1.6145013570785522,-1132.3741455078125,1979.7137451171875
1280,462.4986877441406,1.6139270067214966,-1132.4659423828125,1981.2230224609375
1281,464.0570068359375,1.6177527904510498,-1132.56103515625,1982.7880859375
1282,465.6055908203125,1.6167501211166382,-1132.6534423828125,1984.343505859375
1283,467.14447021484375,1.6196751594543457,-1132.744384765625,1985.888671875
1284,468.6742858886719,1.6203360557556152,-1132.8328857421875,1987.4246826171875
1285,470.1954650878906,1.6202682256698608,-1132.9188232421875,1988.9520263671875
1286,471.7124938964844,1.6190088987350464,-1133.004150390625,1990.47509765625
1287,473.23834228515625,1.6182644367218018,-1133.0908203125,1992.0069580078125
1288,474.77032470703125,1.6192700862884521,-1133.1763916015625,1993.5450439453125
1289,476.2890319824219,1.6163934469223022,-1133.2613525390625,1995.0697021484375
1290,477.79339599609375,1.6137516498565674,-1133.3463134765625,1996.5799560546875
1291,479.3462219238281,1.6094489097595215,-1133.432861328125,1998.1385498046875
1292,480.8843078613281,1.6068565845489502,-1133.518310546875,1999.6829833984375
1293,482.4079895019531,1.605751395225525,-1133.603759765625,2001.2125244140625
1294,483.91778564453125,1.6041587591171265,-1133.6873779296875,2002.7281494140625
1295,485.4730224609375,1.602295160293579,-1133.7742919921875,2004.289306640625
1296,487.013427734375,1.6011052131652832,-1133.8599853515625,2005.835693359375
1297,488.5390319824219,1.5976932048797607,-1133.9456787109375,2007.3671875
1298,490.050048828125,1.5992203950881958,-1134.0313720703125,2008.8841552734375
1299,491.60406494140625,1.5978314876556396,-1134.11962890625,2010.4442138671875
1300,493.142822265625,1.5989954471588135,-1134.2080078125,2011.989013671875
1301,494.66644287109375,1.5975555181503296,-1134.2960205078125,2013.51904296875
1302,496.1756896972656,1.5962562561035156,-1134.384033203125,2015.034423828125
1303,497.7252197265625,1.59421968460083,-1134.4739990234375,2016.5897216796875
1304,499.2594909667969,1.5927553176879883,-1134.56298828125,2018.13037109375
1305,500.7790222167969,1.5894381999969482,-1134.6495361328125,2019.65576171875
1306,502.2839050292969,1.5866081714630127,-1134.7349853515625,2021.1663818359375
1307,503.82696533203125,1.5825618505477905,-1134.823486328125,2022.715576171875
1308,505.3547058105469,1.5790642499923706,-1134.9119873046875,2024.24951171875
1309,506.8675231933594,1.5777002573013306,-1134.9993896484375,2025.7685546875
1310,508.3655090332031,1.5749212503433228,-1135.0843505859375,2027.2728271484375
1311,509.8996887207031,1.5718458890914917,-1135.1722412109375,2028.8133544921875
1312,511.4186706542969,1.567465901374817,-1135.2598876953125,2030.3382568359375
1313,512.9229125976562,1.5627022981643677,-1135.34423828125,2031.8486328125
1314,514.461669921875,1.5553699731826782,-1135.4312744140625,2033.3934326171875
1315,515.985107421875,1.54948091506958,-1135.518310546875,2034.9229736328125
1316,517.4932861328125,1.5452219247817993,-1135.603759765625,2036.4371337890625
1317,519.0345458984375,1.5420656204223633,-1135.689697265625,2037.9844970703125
1318,520.56005859375,1.5394537448883057,-1135.7757568359375,2039.51611328125
1319,522.0701904296875,1.5345511436462402,-1135.8616943359375,2041.0323486328125
1320,523.6116333007812,1.529239535331726,-1135.9503173828125,2042.579833984375
1321,525.1372680664062,1.5258691310882568,-1136.0355224609375,2044.1114501953125
1322,526.6475219726562,1.521544098854065,-1136.1180419921875,2045.6275634765625
1323,528.1878051757812,1.518045425415039,-1136.201171875,2047.173583984375
1324,529.712158203125,1.5126605033874512,-1136.2830810546875,2048.7041015625
1325,531.220703125,1.5097018480300903,-1136.362060546875,2050.21826171875
1326,532.7575073242188,1.5088258981704712,-1136.4432373046875,2051.7607421875
1327,534.2781982421875,1.5076100826263428,-1136.523681640625,2053.287109375
1328,535.7830200195312,1.506878137588501,-1136.604736328125,2054.798095703125
1329,537.3145141601562,1.5034551620483398,-1136.687255859375,2056.335693359375
1330,538.830078125,1.5009993314743042,-1136.770751953125,2057.85693359375
1331,540.329833984375,1.4978843927383423,-1136.854248046875,2059.362548828125
1332,541.8555297851562,1.4924662113189697,-1136.9378662109375,2060.894287109375
1333,543.3655395507812,1.4870893955230713,-1137.022705078125,2062.41015625
1334,544.8746337890625,1.4781696796417236,-1137.1083984375,2063.925537109375
1335,546.397216796875,1.4710613489151,-1137.1942138671875,2065.454345703125
1336,547.8958129882812,1.4632831811904907,-1137.2777099609375,2066.958984375
1337,549.41845703125,1.4558827877044678,-1137.3614501953125,2068.487548828125
1338,550.9217529296875,1.4521960020065308,-1137.4468994140625,2069.9970703125
1339,552.4465942382812,1.4471207857131958,-1137.5328369140625,2071.52783203125
1340,553.9466552734375,1.444139003753662,-1137.619873046875,2073.0341796875
1341,555.455810546875,1.440232753753662,-1137.707275390625,2074.5498046875
1342,556.9541015625,1.4377151727676392,-1137.7952880859375,2076.05419921875
1343,558.4805908203125,1.4342519044876099,-1137.88525390625,2077.5869140625
1344,559.9915161132812,1.4295591115951538,-1137.9749755859375,2079.104248046875
1345,561.5292358398438,1.4270564317703247,-1138.0672607421875,2080.648681640625
1346,563.0511474609375,1.420508861541748,-1138.1558837890625,2082.1767578125
1347,564.5574951171875,1.4172248840332031,-1138.2437744140625,2083.689453125
1348,566.0895385742188,1.4130468368530273,-1138.3333740234375,2085.228271484375
1349,567.60546875,1.4101860523223877,-1138.4210205078125,2086.75048828125
1350,569.1058959960938,1.4066320657730103,-1138.5069580078125,2088.257080078125
1351,570.630615234375,1.4049029350280762,-1138.5950927734375,2089.787353515625
1352,572.1395263671875,1.399417757987976,-1138.6832275390625,2091.302734375
1353,573.672119140625,1.3951784372329712,-1138.774169921875,2092.841796875
1354,575.1886596679688,1.3886276483535767,-1138.86669921875,2094.36474609375
1355,576.689697265625,1.3835690021514893,-1138.9603271484375,2095.872314453125
1356,578.2128295898438,1.3805391788482666,-1139.0611572265625,2097.40283203125
1357,579.7195434570312,1.3778042793273926,-1139.168701171875,2098.916748046875
1358,581.2471923828125,1.3742932081222534,-1139.2890625,2100.452880859375
1359,582.7652587890625,1.370422601699829,-1139.4188232421875,2101.97998046875
1360,584.2796020507812,1.3633261919021606,-1139.5599365234375,2103.50390625
1361,585.7898559570312,1.3578801155090332,-1139.71533203125,2105.02587890625
1362,587.2957763671875,1.3491170406341553,-1139.885498046875,2106.544677734375
1363,588.7939453125,1.3423651456832886,-1140.0714111328125,2108.057861328125
1364,590.3118896484375,1.3335150480270386,-1140.2777099609375,2109.593017578125
1365,591.8117065429688,1.3236627578735352,-1140.502685546875,2111.11279296875
1366,593.2933349609375,1.3120911121368408,-1140.7486572265625,2112.618408203125
1367,594.7918701171875,1.2974616289138794,-1141.022705078125,2114.145263671875
1368,596.2708740234375,1.2837002277374268,-1141.322509765625,2115.65771484375
1369,597.7640380859375,1.2680460214614868,-1141.655517578125,2117.19091796875
1370,599.236572265625,1.2527592182159424,-1142.0152587890625,2118.710205078125
1371,600.6876220703125,1.2401435375213623,-1142.4024658203125,2120.21533203125
1372,602.1487426757812,1.2275861501693726,-1142.828125,2121.740234375
1373,603.5857543945312,1.2157890796661377,-1143.2840576171875,2123.251220703125
1374,605.0286865234375,1.2036510705947876,-1143.7828369140625,2124.78125
1375,606.4440307617188,1.1911815404891968,-1144.3167724609375,2126.296630859375
1376,607.858642578125,1.1799232959747314,-1144.9017333984375,2127.83056640625
1377,609.2381591796875,1.1703310012817383,-1145.531005859375,2129.349609375
1378,610.5791015625,1.1638751029968262,-1146.206787109375,2130.85400390625
1379,611.9053344726562,1.1587598323822021,-1146.9459228515625,2132.375
1380,613.1834716796875,1.1528061628341675,-1147.7369384765625,2133.880615234375
1381,614.4364013671875,1.1452056169509888,-1148.5968017578125,2135.402587890625
1382,615.634521484375,1.1390669345855713,-1149.50732421875,2136.909912109375
1383,616.798583984375,1.129103660583496,-1150.48583984375,2138.4326171875
1384,617.9030151367188,1.1216542720794678,-1151.509521484375,2139.9404296875
1385,618.9680786132812,1.1139315366744995,-1152.5948486328125,2141.462890625
1386,619.9805908203125,1.1030330657958984,-1153.71728515625,2142.976318359375
1387,620.9547729492188,1.0970804691314697,-1154.8739013671875,2144.489990234375
1388,621.89208984375,1.092902421951294,-1156.0684814453125,2146.009765625
1389,622.7966918945312,1.088936686515808,-1157.301025390625,2147.5400390625
1390,623.65087890625,1.0867085456848145,-1158.5423583984375,2149.048095703125
1391,624.4712524414062,1.0828437805175781,-1159.8121337890625,2150.561279296875
1392,625.2578125,1.0788930654525757,-1161.104736328125,2152.07568359375
1393,626.009765625,1.0743603706359863,-1162.412841796875,2153.585693359375
1394,626.7445678710938,1.068170189857483,-1163.7501220703125,2155.11279296875
1395,627.4559936523438,1.0596257448196411,-1165.0830078125,2156.624755859375
1396,628.1665649414062,1.0483887195587158,-1166.4351806640625,2158.1533203125
1397,628.869873046875,1.034182071685791,-1167.7774658203125,2159.669677734375
1398,629.575927734375,1.020054817199707,-1169.10546875,2161.1748046875
1399,630.3052368164062,1.0050866603851318,-1170.4407958984375,2162.697509765625
1400,631.0509033203125,0.9922058582305908,-1171.7532958984375,2164.208251953125
1401,631.8375244140625,0.9813103675842285,-1173.0604248046875,2165.735107421875
1402,632.6554565429688,0.9733983278274536,-1174.3343505859375,2167.25048828125
1403,633.5087890625,0.9663037061691284,-1175.57958984375,2168.761474609375
1404,634.4038696289062,0.9589022397994995,-1176.797119140625,2170.274169921875
1405,635.3524169921875,0.9508575797080994,-1177.9840087890625,2171.795166015625
1406,636.3410034179688,0.9429693222045898,-1179.1170654296875,2173.30078125
1407,637.3873291015625,0.935600757598877,-1180.2149658203125,2174.8193359375
1408,638.4700927734375,0.9281235337257385,-1181.255126953125,2176.322998046875
1409,639.6078491210938,0.9215438365936279,-1182.25927734375,2177.842529296875
1410,640.7723388671875,0.9156952500343323,-1183.2120361328125,2179.349609375
1411,641.9779663085938,0.9086213111877441,-1184.13916015625,2180.872802734375
1412,643.1965942382812,0.902694821357727,-1185.0234375,2182.380859375
1413,644.4513549804688,0.8968950510025024,-1185.882080078125,2183.903564453125
1414,645.7142944335938,0.8971599340438843,-1186.698974609375,2185.410400390625
1415,647.0070190429688,0.8989601731300354,-1187.4932861328125,2186.929931640625
1416,648.3258056640625,0.902929425239563,-1188.2679443359375,2188.4619140625
1417,649.6436767578125,0.9066845774650574,-1189.0040283203125,2189.973876953125
1418,650.9863891601562,0.9077873229980469,-1189.7197265625,2191.498046875
1419,652.324462890625,0.9085283875465393,-1190.3997802734375,2193.001708984375
1420,653.6838989257812,0.9070513844490051,-1191.060302734375,2194.51611328125
1421,655.0639038085938,0.9044727683067322,-1191.701416015625,2196.040771484375
1422,656.4635009765625,0.9002985954284668,-1192.3238525390625,2197.575439453125
1423,657.8504638671875,0.8945568203926086,-1192.916748046875,2199.0869140625
1424,659.2525024414062,0.8882325291633606,-1193.49658203125,2200.60693359375
1425,660.669189453125,0.8806743025779724,-1194.0626220703125,2202.1357421875
1426,662.0695190429688,0.8732495903968811,-1194.6016845703125,2203.63916015625
1427,663.4846801757812,0.8647053241729736,-1195.1241455078125,2205.150634765625
1428,664.9143676757812,0.855810821056366,-1195.629638671875,2206.67041015625
1429,666.3600463867188,0.8479040265083313,-1196.116943359375,2208.19921875
1430,667.7902221679688,0.8404874205589294,-1196.5760498046875,2209.704345703125
1431,669.237060546875,0.8321345448493958,-1197.0186767578125,2211.220703125
1432,670.7006225585938,0.8243409991264343,-1197.4453125,2212.748779296875
1433,672.1474609375,0.8133220076560974,-1197.8465576171875,2214.254150390625
1434,673.6107177734375,0.8035392165184021,-1198.233642578125,2215.771240234375
1435,675.0903930664062,0.793930172920227,-1198.6087646484375,2217.30126953125
1436,676.5503540039062,0.7836664319038391,-1198.968994140625,2218.808837890625
1437,678.023681640625,0.7756456732749939,-1199.324462890625,2220.327880859375
1438,679.5100708007812,0.7631673812866211,-1199.677001953125,2221.85888671875
1439,680.9735107421875,0.7479190826416016,-1200.017578125,2223.365234375
1440,682.4505615234375,0.7326852679252625,-1200.3564453125,2224.88427734375
1441,683.9400634765625,0.7172546982765198,-1200.692626953125,2226.414794921875
1442,685.4063720703125,0.7076961994171143,-1201.0191650390625,2227.92041015625
1443,686.8848266601562,0.7013670802116394,-1201.345947265625,2229.438232421875
1444,688.3767700195312,0.6940963864326477,-1201.6748046875,2230.969482421875
1445,689.8447265625,0.6863889694213867,-1201.99853515625,2232.47607421875
1446,691.3263549804688,0.6746695637702942,-1202.3262939453125,2233.997314453125
1447,692.8222045898438,0.6657540202140808,-1202.658935546875,2235.532958984375
1448,694.2933349609375,0.6615285277366638,-1202.9853515625,2237.043212890625
1449,695.7777709960938,0.6589072942733765,-1203.3140869140625,2238.56689453125
1450,697.2750854492188,0.6596362590789795,-1203.64501953125,2240.10400390625
1451,698.7446899414062,0.6569338440895081,-1203.9713134765625,2241.61279296875
1452,700.2254028320312,0.650780975818634,-1204.301025390625,2243.13330078125
1453,701.7164306640625,0.6421615481376648,-1204.6341552734375,2244.664306640625
1454,703.2176513671875,0.6324202418327332,-1204.968994140625,2246.205810546875
1455,704.6884155273438,0.6229376196861267,-1205.2994384765625,2247.716796875
1456,706.168701171875,0.6157712936401367,-1205.6358642578125,2249.238525390625
1457,707.6572875976562,0.608536422252655,-1205.9830322265625,2250.770751953125
1458,709.1531372070312,0.6000542044639587,-1206.341552734375,2252.3125
1459,710.6140747070312,0.5923953652381897,-1206.699951171875,2253.8203125
1460,712.0811767578125,0.5817718505859375,-1207.0699462890625,2255.336669921875
1461,713.5543823242188,0.574245274066925,-1207.4500732421875,2256.861572265625
1462,715.0333251953125,0.5639426708221436,-1207.8421630859375,2258.394775390625
1463,716.5172119140625,0.5572252869606018,-1208.2447509765625,2259.935546875
1464,718.0047607421875,0.5483232736587524,-1208.65771484375,2261.482666015625
1465,719.4534301757812,0.5412246584892273,-1209.06689453125,2262.991455078125
1466,720.9061279296875,0.5337627530097961,-1209.4830322265625,2264.505859375
1467,722.3648681640625,0.5281532406806946,-1209.9041748046875,2266.027587890625
1468,723.8291015625,0.5220969915390015,-1210.3323974609375,2267.556396484375
1469,725.29931640625,0.517482340335846,-1210.765625,2269.0927734375
1470,726.7762451171875,0.5122649073600769,-1211.2012939453125,2270.635986328125
1471,728.2164916992188,0.5067912936210632,-1211.624267578125,2272.140380859375
1472,729.6629638671875,0.5011147856712341,-1212.0496826171875,2273.651611328125
1473,731.1159057617188,0.4943026006221771,-1212.476318359375,2275.169189453125
1474,732.5750732421875,0.48662883043289185,-1212.9066162109375,2276.693603515625
1475,734.039794921875,0.4784003794193268,-1213.33984375,2278.224365234375
1476,735.5103149414062,0.4699072539806366,-1213.7772216796875,2279.761962890625
1477,736.9869384765625,0.4638173580169678,-1214.217529296875,2281.305908203125
1478,738.4241333007812,0.4568786919116974,-1214.648193359375,2282.8095703125
1479,739.86669921875,0.4476456940174103,-1215.081787109375,2284.3193359375
1480,741.3145751953125,0.43888530135154724,-1215.5191650390625,2285.835205078125
1481,742.7676391601562,0.4303182065486908,-1215.959716796875,2287.35693359375
1482,744.2258911132812,0.4205954074859619,-1216.404052734375,2288.884765625
1483,745.6880493164062,0.4121258854866028,-1216.8533935546875,2290.41748046875
1484,747.1531982421875,0.4036140739917755,-1217.3077392578125,2291.955078125
1485,748.6204223632812,0.39610686898231506,-1217.766845703125,2293.495849609375
1486,750.0892333984375,0.3885352611541748,-1218.2303466796875,2295.039306640625
1487,751.5595092773438,0.3815029263496399,-1218.6982421875,2296.58544921875
1488,753.0302124023438,0.3738916516304016,-1219.1707763671875,2298.13330078125
1489,754.5009155273438,0.3653702735900879,-1219.6473388671875,2299.682373046875
1490,755.972412109375,0.35796308517456055,-1220.127685546875,2301.2333984375
1491,757.3990478515625,0.3504887819290161,-1220.59423828125,2302.737548828125
1492,758.8262329101562,0.3442695736885071,-1221.0628662109375,2304.242919921875
1493,760.2540283203125,0.3373582363128662,-1221.533935546875,2305.749755859375
1494,761.6828002929688,0.3282153308391571,-1222.0067138671875,2307.25830078125
1495,763.1132202148438,0.31959444284439087,-1222.479736328125,2308.768310546875
1496,764.545166015625,0.31093502044677734,-1222.9527587890625,2310.279541015625
1497,765.9775390625,0.3029540479183197,-1223.42578125,2311.791015625
1498,767.4111938476562,0.29597172141075134,-1223.9022216796875,2313.304931640625
1499,768.8453979492188,0.2889450490474701,-1224.3817138671875,2314.8203125
1500,770.2814331054688,0.27972981333732605,-1224.8643798828125,2316.3388671875
1501,771.718505859375,0.2697787880897522,-1225.3497314453125,2317.85888671875
1502,773.1573486328125,0.2592863440513611,-1225.8372802734375,2319.381591796875
1503,774.59814453125,0.24939683079719543,-1226.325439453125,2320.90625
1504,776.0411376953125,0.24045641720294952,-1226.8135986328125,2322.432861328125
1505,777.4859008789062,0.2323080450296402,-1227.3048095703125,2323.9619140625
1506,778.932373046875,0.22397828102111816,-1227.7967529296875,2325.492919921875
1507,780.3803100585938,0.21644240617752075,-1228.29150390625,2327.02587890625
1508,781.8297729492188,0.20861850678920746,-1228.7872314453125,2328.560791015625
1509,783.2809448242188,0.2010030448436737,-1229.285400390625,2330.09814453125
1510,784.73388671875,0.19291351735591888,-1229.784912109375,2331.6376953125
1511,786.1883544921875,0.1844584047794342,-1230.2850341796875,2333.179443359375
1512,787.6445922851562,0.1757657825946808,-1230.7877197265625,2334.72314453125
1513,789.102783203125,0.1654047816991806,-1231.291015625,2336.268798828125
1514,790.5623168945312,0.15557526051998138,-1231.7962646484375,2337.816650390625
1515,792.0239868164062,0.1448919028043747,-1232.3031005859375,2339.366943359375
1516,793.4871215820312,0.13496561348438263,-1232.8101806640625,2340.918701171875
1517,794.9047241210938,0.12512293457984924,-1233.30322265625,2342.422607421875
1518,796.3240356445312,0.11588683724403381,-1233.797607421875,2343.928955078125
1519,797.7449340820312,0.10640186816453934,-1234.2919921875,2345.436767578125
1520,799.1675415039062,0.09740275889635086,-1234.7872314453125,2346.946533203125
1521,800.5918579101562,0.08798114955425262,-1235.2850341796875,2348.458740234375
1522,802.0164184570312,0.07992344349622726,-1235.7830810546875,2349.97119140625
1523,803.4405517578125,0.07155295461416245,-1236.2821044921875,2351.483642578125
1524,804.864013671875,0.06500335782766342,-1236.7828369140625,2352.995849609375
1525,806.2868041992188,0.0567709244787693,-1237.28564453125,2354.5078125
1526,807.709228515625,0.049116332083940506,-1237.7908935546875,2356.020263671875
1527,809.1301879882812,0.04125022888183594,-1238.2972412109375,2357.531982421875
1528,810.5510864257812,0.03471055626869202,-1238.804931640625,2359.0439453125
1529,811.9710083007812,0.028430528938770294,-1239.31396484375,2360.555419921875
1530,813.3901977539062,0.022331874817609787,-1239.82470703125,2362.067138671875
1531,814.8101806640625,0.015344969928264618,-1240.3369140625,2363.579833984375
1532,816.2307739257812,0.008633225224912167,-1240.849609375,2365.09326171875
1533,817.6516723632812,0.0021434230729937553,-1241.362548828125,2366.607421875
1534,819.0725708007812,-0.0038354976568371058,-1241.8759765625,2368.12158203125
1535,820.4938354492188,-0.009140902198851109,-1242.390869140625,2369.636474609375
1536,821.9161987304688,-0.01486046053469181,-1242.9068603515625,2371.152587890625
1537,823.3389282226562,-0.021408436819911003,-1243.4232177734375,2372.669189453125
1538,824.7633056640625,-0.02943245694041252,-1243.9395751953125,2374.1875
1539,826.1873779296875,-0.0389547273516655,-1244.4559326171875,2375.70556640625
1540,827.6162109375,-0.049679022282361984,-1244.9735107421875,2377.228759765625
1541,829.0508422851562,-0.060182586312294006,-1245.4918212890625,2378.75732421875
1542,830.4883422851562,-0.06969529390335083,-1246.009765625,2380.288330078125
1543,831.9286499023438,-0.07944732904434204,-1246.5274658203125,2381.822021484375
1544,833.3717651367188,-0.08753159642219543,-1247.0452880859375,2383.358154296875
1545,834.8180541992188,-0.09647414833307266,-1247.565185546875,2384.898193359375
1546,836.2720336914062,-0.10389373451471329,-1248.0865478515625,2386.446044921875
1547,837.6902465820312,-0.11248371750116348,-1248.5960693359375,2387.95654296875
1548,839.1251220703125,-0.12001366913318634,-1249.1121826171875,2389.48486328125
1549,840.577880859375,-0.1290532946586609,-1249.635009765625,2391.031982421875
1550,841.9981079101562,-0.13794100284576416,-1250.146484375,2392.544677734375
1551,843.435546875,-0.1451774686574936,-1250.6644287109375,2394.07568359375
1552,844.8900756835938,-0.15319010615348816,-1251.1904296875,2395.625732421875
1553,846.3096313476562,-0.16043567657470703,-1251.7039794921875,2397.138671875
1554,847.7457885742188,-0.16557566821575165,-1252.22265625,2398.6689453125
1555,849.1983642578125,-0.17283274233341217,-1252.74658203125,2400.216064453125
1556,850.6127319335938,-0.1771489977836609,-1253.25439453125,2401.721923828125
1557,852.0408935546875,-0.18320687115192413,-1253.7662353515625,2403.2421875
1558,853.482666015625,-0.18751201033592224,-1254.2818603515625,2404.7763671875
1559,854.9379272460938,-0.19323934614658356,-1254.8023681640625,2406.324951171875
1560,856.406982421875,-0.1973041146993637,-1255.32373046875,2407.88671875
1561,857.8300170898438,-0.20546159148216248,-1255.8314208984375,2409.40087890625
1562,859.2625732421875,-0.21459218859672546,-1256.342041015625,2410.925048828125
1563,860.70361328125,-0.2242271602153778,-1256.854736328125,2412.45751953125
1564,862.1499633789062,-0.23254193365573883,-1257.369384765625,2413.99609375
1565,863.5965576171875,-0.2414371520280838,-1257.8826904296875,2415.5341796875
1566,865.0404052734375,-0.24731862545013428,-1258.3931884765625,2417.06884765625
1567,866.4776000976562,-0.25305935740470886,-1258.8992919921875,2418.595703125
1568,867.90673828125,-0.25740376114845276,-1259.4002685546875,2420.113525390625
1569,869.3281860351562,-0.2623046338558197,-1259.896240234375,2421.622314453125
1570,870.7979125976562,-0.26744544506073,-1260.40625,2423.18115234375
1571,872.2594604492188,-0.27314046025276184,-1260.9110107421875,2424.730712890625
1572,873.7124633789062,-0.2798469662666321,-1261.4107666015625,2426.270751953125
1573,875.1573486328125,-0.28501608967781067,-1261.9044189453125,2427.80126953125
1574,876.59375,-0.2910686135292053,-1262.3944091796875,2429.322265625
1575,878.02197265625,-0.2960604131221771,-1262.8797607421875,2430.834228515625
1576,879.4955444335938,-0.3022705316543579,-1263.3809814453125,2432.393798828125
1577,880.9594116210938,-0.30735641717910767,-1263.8807373046875,2433.944091796875
1578,882.4136352539062,-0.31374067068099976,-1264.37841796875,2435.484130859375
1579,883.8588256835938,-0.3176593482494354,-1264.8729248046875,2437.014892578125
1580,885.2947998046875,-0.3232816159725189,-1265.364501953125,2438.535888671875
1581,886.72119140625,-0.32866284251213074,-1265.8555908203125,2440.0478515625
1582,888.1912231445312,-0.3334927260875702,-1266.36083984375,2441.60546875
1583,889.6521606445312,-0.3421414792537689,-1266.863037109375,2443.15380859375
1584,891.1041870117188,-0.34825894236564636,-1267.361083984375,2444.69189453125
1585,892.5470581054688,-0.3564615845680237,-1267.856689453125,2446.220947265625
1586,893.9808959960938,-0.36156338453292847,-1268.347900390625,2447.73974609375
1587,895.4070434570312,-0.369863897562027,-1268.8341064453125,2449.249755859375
1588,896.8761596679688,-0.37544912099838257,-1269.330810546875,2450.8037109375
1589,898.336669921875,-0.384484201669693,-1269.821533203125,2452.34765625
1590,899.7899780273438,-0.39348164200782776,-1270.3038330078125,2453.882080078125
1591,901.2366943359375,-0.4011664092540741,-1270.77685546875,2455.407470703125
1592,902.6798706054688,-0.4098682999610901,-1271.23974609375,2456.926513671875
1593,904.122314453125,-0.4197472035884857,-1271.690673828125,2458.441650390625
1594,905.5648193359375,-0.43096280097961426,-1272.129150390625,2459.952880859375
1595,907.0073852539062,-0.4415976107120514,-1272.5540771484375,2461.46044921875
1596,908.4512329101562,-0.4540605843067169,-1272.9654541015625,2462.965576171875
1597,909.9469604492188,-0.4659329950809479,-1273.3760986328125,2464.520263671875
1598,911.4453125,-0.480677992105484,-1273.7708740234375,2466.0732421875
1599,912.946533203125,-0.49435940384864807,-1274.1474609375,2467.62451171875
1600,914.4505004882812,-0.5107038021087646,-1274.5069580078125,2469.174560546875
1601,915.95703125,-0.5279904007911682,-1274.848388671875,2470.722900390625
1602,917.4666748046875,-0.5469958186149597,-1275.1722412109375,2472.270751953125
1603,918.9795532226562,-0.5670109987258911,-1275.4776611328125,2473.81787109375
1604,920.4954223632812,-0.5876362919807434,-1275.7647705078125,2475.36474609375
1605,922.0140991210938,-0.6087177395820618,-1276.0341796875,2476.9111328125
1606,923.5353393554688,-0.6296085715293884,-1276.284912109375,2478.45654296875
1607,925.0594482421875,-0.6502280235290527,-1276.5162353515625,2480.001953125
1608,926.5858764648438,-0.6711264252662659,-1276.726806640625,2481.546630859375
1609,928.114501953125,-0.6928396224975586,-1276.9163818359375,2483.09130859375
1610,929.6455078125,-0.7139050960540771,-1277.083251953125,2484.6357421875
1611,931.1781005859375,-0.7363923788070679,-1277.2266845703125,2486.178955078125
1612,932.7117919921875,-0.7585116624832153,-1277.3450927734375,2487.72119140625
1613,934.2459106445312,-0.7831956744194031,-1277.438232421875,2489.262451171875
1614,935.7799072265625,-0.8078159689903259,-1277.506103515625,2490.80224609375
1615,937.312744140625,-0.8326027989387512,-1277.54931640625,2492.340087890625
1616,938.84521484375,-0.8558573126792908,-1277.5677490234375,2493.87744140625
1617,940.3759765625,-0.8801364302635193,-1277.5626220703125,2495.4130859375
1618,941.9052734375,-0.9018780589103699,-1277.5325927734375,2496.947265625
1619,943.4327392578125,-0.9268602728843689,-1277.478759765625,2498.480224609375
1620,944.957763671875,-0.9518988132476807,-1277.400390625,2500.011962890625
1621,946.4801635742188,-0.9780123233795166,-1277.2979736328125,2501.542236328125
1622,948.0000610351562,-1.0035663843154907,-1277.17138671875,2503.072021484375
1623,949.5171508789062,-1.0285083055496216,-1277.02099609375,2504.601318359375
1624,951.0307006835938,-1.0494722127914429,-1276.8453369140625,2506.129638671875
1625,952.5399780273438,-1.0696674585342407,-1276.64453125,2507.656982421875
1626,954.0443115234375,-1.0853298902511597,-1276.4169921875,2509.18310546875
1627,955.543212890625,-1.0985838174819946,-1276.1639404296875,2510.7080078125
1628,957.0360107421875,-1.110944390296936,-1275.885009765625,2512.2314453125
1629,958.5225830078125,-1.1242469549179077,-1275.581298828125,2513.75341796875
1630,960.0021362304688,-1.1373413801193237,-1275.251708984375,2515.2744140625
1631,961.4744262695312,-1.1528724431991577,-1274.89697265625,2516.7939453125
1632,962.9391479492188,-1.167203426361084,-1274.51708984375,2518.31201171875
1633,964.3956298828125,-1.1821517944335938,-1274.11181640625,2519.828369140625
1634,965.843994140625,-1.1981898546218872,-1273.682373046875,2521.34423828125
1635,967.2833862304688,-1.2114124298095703,-1273.2283935546875,2522.8583984375
1636,968.7139892578125,-1.2293777465820312,-1272.7506103515625,2524.37158203125
1637,970.1348876953125,-1.2440054416656494,-1272.2479248046875,2525.8837890625
1638,971.545654296875,-1.262572169303894,-1271.71923828125,2527.395263671875
1639,972.9462280273438,-1.2795759439468384,-1271.1651611328125,2528.90673828125
1640,974.3356323242188,-1.2960046529769897,-1270.5850830078125,2530.41748046875
1641,975.7135620117188,-1.3136041164398193,-1269.9793701171875,2531.92724609375
1642,977.0800170898438,-1.3283107280731201,-1269.3487548828125,2533.43701171875
1643,978.4342041015625,-1.3460538387298584,-1268.692138671875,2534.946533203125
1644,979.7763061523438,-1.36190664768219,-1268.0108642578125,2536.456787109375
1645,981.1053466796875,-1.3770579099655151,-1267.3043212890625,2537.96728515625
1646,982.4210815429688,-1.3912622928619385,-1266.572998046875,2539.4775390625
1647,983.7235107421875,-1.4052534103393555,-1265.817138671875,2540.98828125
1648,985.0130004882812,-1.4186444282531738,-1265.0382080078125,2542.49951171875
1649,986.2889404296875,-1.431478500366211,-1264.235595703125,2544.01220703125
1650,987.5512084960938,-1.4436836242675781,-1263.4100341796875,2545.525390625
1651,988.7986450195312,-1.455263376235962,-1262.560302734375,2547.03955078125
1652,990.0311279296875,-1.46364164352417,-1261.68798828125,2548.55419921875
1653,991.2474365234375,-1.478122353553772,-1260.79150390625,2550.0703125
1654,992.4476318359375,-1.486291766166687,-1259.8724365234375,2551.58642578125
1655,993.63037109375,-1.5013787746429443,-1258.9295654296875,2553.10400390625
1656,994.796875,-1.5106369256973267,-1257.9652099609375,2554.622314453125
1657,995.94677734375,-1.5178356170654297,-1256.980224609375,2556.14111328125
1658,997.0792846679688,-1.5301753282546997,-1255.973876953125,2557.66064453125
1659,998.1945190429688,-1.5372227430343628,-1254.947509765625,2559.1806640625
1660,999.291259765625,-1.548627257347107,-1253.9005126953125,2560.700927734375
1661,1000.3703002929688,-1.5567686557769775,-1252.8341064453125,2562.222412109375
1662,1001.4303588867188,-1.5670517683029175,-1251.748046875,2563.74462890625
1663,1002.4723510742188,-1.5729154348373413,-1250.6439208984375,2565.26708984375
1664,1003.4953002929688,-1.5791507959365845,-1249.521484375,2566.790283203125
1665,1004.5007934570312,-1.5820493698120117,-1248.3828125,2568.313232421875
1666,1005.4873657226562,-1.5871882438659668,-1247.227294921875,2569.836669921875
1667,1006.4556274414062,-1.5903840065002441,-1246.055908203125,2571.360595703125
1668,1007.403076171875,-1.5952391624450684,-1244.8675537109375,2572.884521484375
1669,1008.3306274414062,-1.5986295938491821,-1243.663330078125,2574.40869140625
1670,1009.2388916015625,-1.6034657955169678,-1242.4439697265625,2575.93310546875
1671,1010.1276245117188,-1.605817437171936,-1241.2100830078125,2577.457763671875
1672,1010.9967041015625,-1.6105703115463257,-1239.9619140625,2578.98291015625
1673,1011.8458251953125,-1.6136506795883179,-1238.699951171875,2580.50830078125
1674,1012.674560546875,-1.6131430864334106,-1237.4241943359375,2582.033447265625
1675,1013.483154296875,-1.615817904472351,-1236.1357421875,2583.558349609375
1676,1014.271728515625,-1.6152163743972778,-1234.8345947265625,2585.08349609375
1677,1015.0386352539062,-1.6150447130203247,-1233.5208740234375,2586.608642578125
1678,1015.7848510742188,-1.6152023077011108,-1232.1953125,2588.133544921875
1679,1016.509765625,-1.6145025491714478,-1230.85791015625,2589.65869140625
1680,1017.2129516601562,-1.6126370429992676,-1229.5091552734375,2591.183837890625
1681,1017.8951416015625,-1.6116576194763184,-1228.14990234375,2592.708251953125
1682,1018.556396484375,-1.6110405921936035,-1226.7803955078125,2594.23291015625
1683,1019.1967163085938,-1.6092935800552368,-1225.40087890625,2595.757080078125
1684,1019.8167724609375,-1.6091517210006714,-1224.0123291015625,2597.28125
1685,1020.4159545898438,-1.607286810874939,-1222.61474609375,2598.80517578125
1686,1020.9954833984375,-1.6070375442504883,-1221.208984375,2600.328857421875
1687,1021.5554809570312,-1.603905200958252,-1219.79541015625,2601.852783203125
1688,1022.0963134765625,-1.6009478569030762,-1218.3748779296875,2603.376220703125
1689,1022.6182250976562,-1.5981913805007935,-1216.947509765625,2604.89990234375
1690,1023.1214599609375,-1.5928983688354492,-1215.513671875,2606.422607421875
1691,1023.6052856445312,-1.5878196954727173,-1214.073486328125,2607.9453125
1692,1024.069580078125,-1.5829495191574097,-1212.62744140625,2609.467529296875
1693,1024.513671875,-1.5759406089782715,-1211.1754150390625,2610.98974609375
1694,1024.937744140625,-1.5706907510757446,-1209.7178955078125,2612.511474609375
1695,1025.342041015625,-1.5643059015274048,-1208.255126953125,2614.032958984375
1696,1025.7281494140625,-1.557996392250061,-1206.7879638671875,2615.55419921875
1697,1026.0968017578125,-1.553331971168518,-1205.3165283203125,2617.0751953125
1698,1026.4481201171875,-1.5483940839767456,-1203.841552734375,2618.595458984375
1699,1026.7825927734375,-1.5450414419174194,-1202.36279296875,2620.115234375
1700,1027.10107421875,-1.5410891771316528,-1200.880615234375,2621.634765625
1701,1027.4033203125,-1.5377036333084106,-1199.3955078125,2623.154052734375
1702,1027.69091796875,-1.5371536016464233,-1197.907470703125,2624.67333984375
1703,1027.9644775390625,-1.5345901250839233,-1196.4169921875,2626.192138671875
1704,1028.2261962890625,-1.538578748703003,-1194.92333984375,2627.712158203125
1705,1028.47509765625,-1.5386430025100708,-1193.42822265625,2629.2314453125
1706,1028.7127685546875,-1.5444403886795044,-1191.930419921875,2630.75146484375
1707,1028.939697265625,-1.5467381477355957,-1190.430908203125,2632.271484375
1708,1029.1588134765625,-1.5518152713775635,-1188.929443359375,2633.792236328125
1709,1029.3697509765625,-1.5583610534667969,-1187.427001953125,2635.312744140625
1710,1029.57080078125,-1.5611753463745117,-1185.9219970703125,2636.834716796875
1711,1029.76416015625,-1.570515751838684,-1184.4168701171875,2638.35595703125
1712,1029.94775390625,-1.5764411687850952,-1182.90966796875,2639.877685546875
1713,1030.12890625,-1.5844346284866333,-1181.4027099609375,2641.39892578125
1714,1030.3056640625,-1.591444492340088,-1179.89599609375,2642.91943359375
1715,1030.478271484375,-1.599315881729126,-1178.3896484375,2644.43896484375
1716,1030.646728515625,-1.6059741973876953,-1176.8839111328125,2645.957763671875
1717,1030.80908203125,-1.613879680633545,-1175.3787841796875,2647.47509765625
1718,1030.9659423828125,-1.6214665174484253,-1173.874267578125,2648.9912109375
1719,1031.1153564453125,-1.6317100524902344,-1172.3707275390625,2650.505859375
1720,1031.258544921875,-1.6406432390213013,-1170.868896484375,2652.01806640625
1721,1031.394775390625,-1.6510370969772339,-1169.3675537109375,2653.529052734375
1722,1031.5242919921875,-1.660196304321289,-1167.8671875,2655.038330078125
1723,1031.6474609375,-1.6714481115341187,-1166.3675537109375,2656.546875
1724,1031.762939453125,-1.679686188697815,-1164.868896484375,2658.053466796875
1725,1031.870361328125,-1.6877754926681519,-1163.37109375,2659.55859375
1726,1031.9727783203125,-1.6965469121932983,-1161.873291015625,2661.0634765625
1727,1032.068359375,-1.7026673555374146,-1160.37548828125,2662.567626953125
1728,1032.1563720703125,-1.7104618549346924,-1158.876220703125,2664.072998046875
1729,1032.239013671875,-1.7181614637374878,-1157.374755859375,2665.580322265625
1730,1032.320068359375,-1.7263250350952148,-1155.873291015625,2667.08740234375
1731,1032.3994140625,-1.7333402633666992,-1154.3695068359375,2668.596923828125
1732,1032.4737548828125,-1.740701675415039,-1152.8643798828125,2670.107666015625
1733,1032.544677734375,-1.746334433555603,-1151.3580322265625,2671.619140625
1734,1032.613525390625,-1.7535779476165771,-1149.8494873046875,2673.13232421875
1735,1032.6802978515625,-1.7608546018600464,-1148.3406982421875,2674.64599609375
1736,1032.7470703125,-1.7703216075897217,-1146.829345703125,2676.162353515625
1737,1032.81298828125,-1.7760711908340454,-1145.31689453125,2677.6796875
1738,1032.8812255859375,-1.785719871520996,-1143.804443359375,2679.197265625
1739,1032.9501953125,-1.7907891273498535,-1142.289306640625,2680.71728515625
1740,1033.0250244140625,-1.7989345788955688,-1140.7733154296875,2682.238037109375
1741,1033.102783203125,-1.805894374847412,-1139.2572021484375,2683.759521484375
1742,1033.185546875,-1.813787579536438,-1137.7396240234375,2685.282470703125
1743,1033.271240234375,-1.820309042930603,-1136.220703125,2686.80712890625
1744,1033.3597412109375,-1.825779914855957,-1134.700927734375,2688.332763671875
1745,1033.4527587890625,-1.8304812908172607,-1133.18115234375,2689.858642578125
1746,1033.5487060546875,-1.8352822065353394,-1131.661376953125,2691.384765625
1747,1033.6473388671875,-1.8398492336273193,-1130.1416015625,2692.9111328125
1748,1033.7470703125,-1.842402458190918,-1128.621826171875,2694.437744140625
1749,1033.849609375,-1.8461500406265259,-1127.10205078125,2695.964599609375
1750,1033.9517822265625,-1.8498172760009766,-1125.5826416015625,2697.49072265625
1751,1034.0533447265625,-1.8542245626449585,-1124.0638427734375,2699.01611328125
1752,1034.1534423828125,-1.856180191040039,-1122.54638671875,2700.539794921875
1753,1034.2540283203125,-1.8586243391036987,-1121.0302734375,2702.062744140625
1754,1034.3572998046875,-1.861777424812317,-1119.51416015625,2703.585693359375
1755,1034.464111328125,-1.864246129989624,-1117.998046875,2705.109130859375
1756,1034.575927734375,-1.8682328462600708,-1116.48193359375,2706.6328125
1757,1034.6920166015625,-1.8714841604232788,-1114.9661865234375,2708.15625
1758,1034.812255859375,-1.8745404481887817,-1113.4527587890625,2709.677978515625
1759,1034.9373779296875,-1.8758220672607422,-1111.940185546875,2711.19873046875
1760,1035.0655517578125,-1.8761857748031616,-1110.427734375,2712.7197265625
1761,1035.197265625,-1.8761852979660034,-1108.915283203125,2714.241455078125
1762,1035.332763671875,-1.8759673833847046,-1107.404296875,2715.76171875
1763,1035.471435546875,-1.8760782480239868,-1105.89501953125,2717.28076171875
1764,1035.61279296875,-1.875794768333435,-1104.38623046875,2718.800048828125
1765,1035.75732421875,-1.8760281801223755,-1102.87744140625,2720.3193359375
1766,1035.9034423828125,-1.8764491081237793,-1101.36865234375,2721.838623046875
1767,1036.0518798828125,-1.8777434825897217,-1099.861572265625,2723.356201171875
1768,1036.201904296875,-1.8826899528503418,-1098.35546875,2724.873046875
1769,1036.354248046875,-1.8858013153076172,-1096.85009765625,2726.3896484375
1770,1036.50732421875,-1.8911854028701782,-1095.344970703125,2727.90625
1771,1036.6611328125,-1.8928741216659546,-1093.83984375,2729.4228515625
1772,1036.81494140625,-1.8953747749328613,-1092.334716796875,2730.939697265625
1773,1036.9681396484375,-1.8951268196105957,-1090.82958984375,2732.4560546875
1774,1037.1219482421875,-1.8978393077850342,-1089.324462890625,2733.97216796875
1775,1037.275390625,-1.8988571166992188,-1087.8193359375,2735.488525390625
1776,1037.42919921875,-1.8996933698654175,-1086.3153076171875,2737.00390625
1777,1037.5838623046875,-1.9003753662109375,-1084.8134765625,2738.517578125
1778,1037.7403564453125,-1.9004590511322021,-1083.31201171875,2740.030517578125
1779,1037.899658203125,-1.9008615016937256,-1081.810546875,2741.543701171875
1780,1038.0621337890625,-1.900665044784546,-1080.30908203125,2743.05712890625
1781,1038.22705078125,-1.9012367725372314,-1078.809326171875,2744.5693359375
1782,1038.3948974609375,-1.9010988473892212,-1077.311279296875,2746.08056640625
1783,1038.56201171875,-1.9007471799850464,-1075.8134765625,2747.59130859375
1784,1038.73046875,-1.9023104906082153,-1074.315673828125,2749.10205078125
1785,1038.89892578125,-1.9024397134780884,-1072.81787109375,2750.613037109375
1786,1039.068359375,-1.905608057975769,-1071.320068359375,2752.123779296875
1787,1039.23681640625,-1.9061251878738403,-1069.822265625,2753.634521484375
1788,1039.4056396484375,-1.9079086780548096,-1068.3245849609375,2755.145263671875
1789,1039.5743408203125,-1.90932297706604,-1066.8271484375,2756.65576171875
1790,1039.7427978515625,-1.9090440273284912,-1065.3319091796875,2758.163818359375
1791,1039.9112548828125,-1.9096453189849854,-1063.8377685546875,2759.670654296875
1792,1040.0797119140625,-1.9075809717178345,-1062.3436279296875,2761.177978515625
1793,1040.24755859375,-1.9073047637939453,-1060.8494873046875,2762.685302734375
1794,1040.4141845703125,-1.9063479900360107,-1059.3553466796875,2764.192138671875
1795,1040.5791015625,-1.9066047668457031,-1057.8612060546875,2765.69921875
1796,1040.743896484375,-1.9067180156707764,-1056.3670654296875,2767.205810546875
1797,1040.908203125,-1.9059454202651978,-1054.8729248046875,2768.712646484375
1798,1041.070556640625,-1.9060518741607666,-1053.3795166015625,2770.218505859375
1799,1041.22998046875,-1.905295968055725,-1051.8863525390625,2771.7236328125
1800,1041.386474609375,-1.9061323404312134,-1050.3931884765625,2773.228515625
1801,1041.540771484375,-1.9069960117340088,-1048.900146484375,2774.73291015625
1802,1041.695068359375,-1.9113596677780151,-1047.40771484375,2776.23681640625
1803,1041.8544921875,-1.9137277603149414,-1045.8663330078125,2777.7900390625
1804,1042.0142822265625,-1.9160336256027222,-1044.3260498046875,2779.341796875
1805,1042.17626953125,-1.9177621603012085,-1042.785888671875,2780.8935546875
1806,1042.337158203125,-1.9161388874053955,-1041.2457275390625,2782.445556640625
1807,1042.4998779296875,-1.915702223777771,-1039.70556640625,2783.997802734375
1808,1042.664306640625,-1.9131568670272827,-1038.1654052734375,2785.550048828125
1809,1042.829345703125,-1.911787509918213,-1036.625732421875,2787.10205078125
1810,1042.9923095703125,-1.9094356298446655,-1035.0872802734375,2788.65234375
1811,1043.15673828125,-1.908063292503357,-1033.5509033203125,2790.20068359375
1812,1043.3204345703125,-1.907524585723877,-1032.0145263671875,2791.749267578125
1813,1043.4833984375,-1.9065381288528442,-1030.4781494140625,2793.297607421875
1814,1043.6468505859375,-1.9077200889587402,-1028.9417724609375,2794.845947265625
1815,1043.809814453125,-1.9083541631698608,-1027.4053955078125,2796.394287109375
1816,1043.9747314453125,-1.9099105596542358,-1025.8690185546875,2797.943115234375
1817,1044.1412353515625,-1.913499355316162,-1024.3326416015625,2799.491943359375
1818,1044.3055419921875,-1.9132773876190186,-1022.7974243164062,2801.039306640625
1819,1044.4720458984375,-1.9160513877868652,-1021.2628173828125,2802.586181640625
1820,1044.636962890625,-1.9177343845367432,-1019.7280883789062,2804.13330078125
1821,1044.8031005859375,-1.9176595211029053,-1018.1947631835938,2805.678955078125
1822,1044.96923828125,-1.920462965965271,-1016.6633911132812,2807.222412109375
1823,1045.1328125,-1.9144209623336792,-1015.1336059570312,2808.764404296875
1824,1045.29443359375,-1.910236120223999,-1013.6051635742188,2810.304931640625
1825,1045.4517822265625,-1.900620937347412,-1012.0784301757812,2811.84326171875
1826,1045.607421875,-1.9020881652832031,-1010.5540161132812,2813.37890625
1827,1045.7569580078125,-1.8996418714523315,-1009.0309448242188,2814.91259765625
1828,1045.900390625,-1.8998206853866577,-1007.5097045898438,2816.44384765625
1829,1046.0335693359375,-1.89909029006958,-1005.9900512695312,2817.972900390625
1830,1046.15478515625,-1.899013876914978,-1004.47119140625,2819.5
1831,1046.263427734375,-1.8969775438308716,-1002.9537353515625,2821.02490234375
1832,1046.3592529296875,-1.8988287448883057,-1001.43798828125,2822.547119140625
1833,1046.438720703125,-1.9005554914474487,-999.9227905273438,2824.067626953125
1834,1046.499755859375,-1.9010002613067627,-998.4090576171875,2825.5859375
1835,1046.5391845703125,-1.902478814125061,-996.8967895507812,2827.102294921875
1836,1046.5550537109375,-1.9046859741210938,-995.3856811523438,2828.616943359375
1837,1046.546875,-1.909258484840393,-993.8761596679688,2830.129638671875
1838,1046.5147705078125,-1.9165143966674805,-992.3687744140625,2831.640625
1839,1046.4591064453125,-1.9280809164047241,-990.8633422851562,2833.150146484375
1840,1046.3795166015625,-1.940273642539978,-989.3601684570312,2834.65869140625
1841,1046.278076171875,-1.9549248218536377,-987.859130859375,2836.166748046875
1842,1046.1544189453125,-1.9722217321395874,-986.3605346679688,2837.673583984375
1843,1046.0084228515625,-1.991422414779663,-984.8645629882812,2839.18017578125
1844,1045.8404541015625,-2.0135090351104736,-983.3710327148438,2840.686279296875
1845,1045.64990234375,-2.036410331726074,-981.8807373046875,2842.191650390625
1846,1045.4346923828125,-2.061126947402954,-980.3937377929688,2843.697265625
1847,1045.1932373046875,-2.086470603942871,-978.9108276367188,2845.202880859375
1848,1044.9228515625,-2.113050699234009,-977.4329833984375,2846.70849609375
1849,1044.62255859375,-2.142199993133545,-975.9605712890625,2848.21435546875
1850,1044.2906494140625,-2.1706113815307617,-974.4948120117188,2849.720458984375
1851,1043.9271240234375,-2.200608730316162,-973.0357666015625,2851.2275390625
1852,1043.5301513671875,-2.2294301986694336,-971.5835571289062,2852.736083984375
1853,1043.099853515625,-2.256053924560547,-970.1383666992188,2854.246826171875
1854,1042.6363525390625,-2.281696319580078,-968.7008056640625,2855.76025390625
1855,1042.1390380859375,-2.3054027557373047,-967.272216796875,2857.275634765625
1856,1041.6077880859375,-2.3292462825775146,-965.8533325195312,2858.79345703125
1857,1041.0418701171875,-2.3507328033447266,-964.4456176757812,2860.313232421875
1858,1040.4410400390625,-2.372504949569702,-963.0502319335938,2861.8349609375
1859,1039.8072509765625,-2.3901023864746094,-961.6671142578125,2863.35888671875
1860,1039.1400146484375,-2.4095587730407715,-960.296875,2864.88525390625
1861,1038.43994140625,-2.420515775680542,-958.9412231445312,2866.413330078125
1862,1037.706298828125,-2.4354088306427,-957.6012573242188,2867.943115234375
1863,1036.942138671875,-2.436607599258423,-956.2767333984375,2869.474365234375
1864,1036.1488037109375,-2.442162036895752,-954.9678955078125,2871.007080078125
1865,1035.32763671875,-2.438317060470581,-953.6753540039062,2872.540283203125
1866,1034.47998046875,-2.4362993240356445,-952.3992309570312,2874.073974609375
1867,1033.6075439453125,-2.430527925491333,-951.1400756835938,2875.607666015625
1868,1032.71044921875,-2.4214372634887695,-949.8999633789062,2877.139892578125
1869,1031.7880859375,-2.4113011360168457,-948.679931640625,2878.6708984375
1870,1030.8424072265625,-2.3986027240753174,-947.4795532226562,2880.200927734375
1871,1029.8736572265625,-2.383491039276123,-946.2999877929688,2881.72900390625
1872,1028.883056640625,-2.3664257526397705,-945.1408081054688,2883.25537109375
1873,1027.87158203125,-2.3479154109954834,-944.0021362304688,2884.780029296875
1874,1026.841552734375,-2.328238010406494,-942.8826904296875,2886.302734375
1875,1025.7940673828125,-2.3093338012695312,-941.7820434570312,2887.82373046875
1876,1024.729736328125,-2.289334774017334,-940.7001953125,2889.343017578125
1877,1023.649658203125,-2.2712485790252686,-939.6362915039062,2890.8603515625
1878,1022.5538940429688,-2.2539069652557373,-938.5910034179688,2892.3759765625
1879,1021.4429931640625,-2.239180564880371,-937.5640869140625,2893.889892578125
1880,1020.3173217773438,-2.225656747817993,-936.5552978515625,2895.402587890625
1881,1019.1778564453125,-2.2144408226013184,-935.56396484375,2896.9140625
1882,1018.0260620117188,-2.20334792137146,-934.588623046875,2898.42431640625
1883,1016.8633422851562,-2.193239212036133,-933.6281127929688,2899.93359375
1884,1015.68994140625,-2.184262990951538,-932.6820068359375,2901.44189453125
1885,1014.5062866210938,-2.1762466430664062,-931.750244140625,2902.94921875
1886,1013.312744140625,-2.1715164184570312,-930.8322143554688,2904.4560546875
1887,1012.1085205078125,-2.1684203147888184,-929.9290161132812,2905.962158203125
1888,1010.8936157226562,-2.1668360233306885,-929.0409545898438,2907.468017578125
1889,1009.6683959960938,-2.1691701412200928,-928.1672973632812,2908.973876953125
1890,1008.4327392578125,-2.1717681884765625,-927.3082275390625,2910.479736328125
1891,1007.1881103515625,-2.1771721839904785,-926.4617309570312,2911.98583984375
1892,1005.9332275390625,-2.180551290512085,-925.628662109375,2913.4931640625
1893,1004.6676635742188,-2.1871237754821777,-924.8088989257812,2915.001953125
1894,1003.3930053710938,-2.191584348678589,-924.0012817382812,2916.511962890625
1895,1002.1096801757812,-2.1995961666107178,-923.2055053710938,2918.02294921875
1896,1000.8216552734375,-2.2081549167633057,-922.4169311523438,2919.5341796875
1897,999.5304565429688,-2.2158336639404297,-921.6338500976562,2921.04541015625
1898,998.2368774414062,-2.221243143081665,-920.8566284179688,2922.555419921875
1899,996.9401245117188,-2.2313125133514404,-920.0851440429688,2924.0654296875
1900,995.6398315429688,-2.241056203842163,-919.3218994140625,2925.57421875
1901,994.3358764648438,-2.2545711994171143,-918.5665893554688,2927.08203125
1902,993.0292358398438,-2.264173746109009,-917.8206787109375,2928.587646484375
1903,991.7185668945312,-2.2754671573638916,-917.0814819335938,2930.09326171875
1904,990.404296875,-2.286001682281494,-916.3515014648438,2931.59765625
1905,989.087890625,-2.2959938049316406,-915.6262817382812,2933.1015625
1906,987.7680053710938,-2.3074393272399902,-914.9076538085938,2934.60546875
1907,986.445556640625,-2.3215200901031494,-914.1942749023438,2936.109130859375
1908,985.1199951171875,-2.334902048110962,-913.48486328125,2937.61376953125
1909,983.7916259765625,-2.346618413925171,-912.779541015625,2939.118896484375
1910,982.4617919921875,-2.3569495677948,-912.077392578125,2940.623779296875
1911,981.1294555664062,-2.3701157569885254,-911.3763427734375,2942.130126953125
1912,979.7947998046875,-2.3787314891815186,-910.6768188476562,2943.637939453125
1913,978.4574584960938,-2.392077922821045,-909.9774169921875,2945.148193359375
1914,977.1172485351562,-2.4021079540252686,-909.2788696289062,2946.660400390625
1915,975.7743530273438,-2.4133591651916504,-908.5806884765625,2948.175048828125
1916,974.4283447265625,-2.4240221977233887,-907.8818969726562,2949.692626953125
1917,973.0807495117188,-2.434751272201538,-907.1795654296875,2951.213134765625
1918,971.730712890625,-2.4474191665649414,-906.4744262695312,2952.7373046875
1919,970.3770141601562,-2.455833673477173,-905.7700805664062,2954.264404296875
1920,969.0196533203125,-2.461198568344116,-905.065673828125,2955.794677734375
1921,967.6592407226562,-2.4698007106781006,-904.3609008789062,2957.32763671875
1922,966.2962036132812,-2.479701280593872,-903.6535034179688,2958.8642578125
1923,964.9310913085938,-2.4861927032470703,-902.9454345703125,2960.403076171875
1924,963.563232421875,-2.496589183807373,-902.2349243164062,2961.9453125
1925,962.1926879882812,-2.4959118366241455,-901.5242309570312,2963.490234375
1926,960.8218994140625,-2.505009651184082,-900.808837890625,2965.037353515625
1927,959.449462890625,-2.507509708404541,-900.09326171875,2966.586181640625
1928,958.0768432617188,-2.5200767517089844,-899.3746948242188,2968.136474609375
1929,956.7462768554688,-2.525923252105713,-898.6800537109375,2969.638427734375
1930,955.4163208007812,-2.5345356464385986,-897.9815673828125,2971.1416015625
1931,954.0853881835938,-2.542496681213379,-897.2813110351562,2972.646484375
1932,952.7538452148438,-2.547018527984619,-896.580322265625,2974.152099609375
1933,951.4221801757812,-2.5545008182525635,-895.876220703125,2975.659423828125
1934,950.0891723632812,-2.5614688396453857,-895.1708374023438,2977.16845703125
1935,948.7567749023438,-2.568370819091797,-894.4620361328125,2978.678466796875
1936,947.424072265625,-2.576122760772705,-893.7510986328125,2980.18994140625
1937,946.091064453125,-2.5821845531463623,-893.038330078125,2981.70263671875
1938,944.758056640625,-2.5874977111816406,-892.3231201171875,2983.21630859375
1939,943.4246215820312,-2.596337080001831,-891.6060791015625,2984.731201171875
1940,942.0904541015625,-2.6008660793304443,-890.8878784179688,2986.247314453125
1941,940.7567749023438,-2.608485460281372,-890.1666870117188,2987.764404296875
1942,939.4219360351562,-2.6133737564086914,-889.4436645507812,2989.283447265625
1943,938.0869140625,-2.6200456619262695,-888.72021484375,2990.802734375
1944,936.750244140625,-2.6283416748046875,-887.9949951171875,2992.324462890625
1945,935.41357421875,-2.635484457015991,-887.2694702148438,2993.84619140625
1946,934.0752563476562,-2.643953561782837,-886.5425415039062,2995.3701171875
1947,932.7363891601562,-2.6488850116729736,-885.8156127929688,2996.89453125
1948,931.3961791992188,-2.652737855911255,-885.0885009765625,2998.420166015625
1949,930.0557250976562,-2.656059741973877,-884.3606567382812,2999.946533203125
1950,928.713623046875,-2.6592819690704346,-883.63330078125,3001.473876953125
1951,927.3712158203125,-2.6604628562927246,-882.9051513671875,3003.001953125
1952,926.0275268554688,-2.6651699542999268,-882.1763916015625,3004.53125
1953,924.6835327148438,-2.6657962799072266,-881.4473266601562,3006.06103515625
1954,923.3395385742188,-2.6717045307159424,-880.7169799804688,3007.591552734375
1955,921.9944458007812,-2.6767189502716064,-879.986328125,3009.123291015625
1956,920.648193359375,-2.6800763607025146,-879.2560424804688,3010.65576171875
1957,919.3018798828125,-2.6850972175598145,-878.5249633789062,3012.188720703125
1958,917.9544677734375,-2.6880431175231934,-877.7929077148438,3013.72314453125
1959,916.6068115234375,-2.6891887187957764,-877.0604858398438,3015.2578125
1960,915.2591552734375,-2.689838171005249,-876.326416015625,3016.793212890625
1961,913.9114990234375,-2.6923141479492188,-875.590576171875,3018.32958984375
1962,912.5648803710938,-2.6936392784118652,-874.8526000976562,3019.865966796875
1963,911.2190551757812,-2.69539737701416,-874.1123046875,3021.40283203125
1964,909.8732299804688,-2.6956872940063477,-873.3699340820312,3022.940673828125
1965,908.5274047851562,-2.695617914199829,-872.6258544921875,3024.479248046875
1966,907.1815795898438,-2.6957814693450928,-871.879638671875,3026.01904296875
1967,905.8357543945312,-2.6956868171691895,-871.1300048828125,3027.560546875
1968,904.490478515625,-2.697937250137329,-870.3776245117188,3029.102783203125
1969,903.1450805664062,-2.6963069438934326,-869.6234741210938,3030.64599609375
1970,901.8010864257812,-2.695941686630249,-868.8668823242188,3032.189208984375
1971,900.4556884765625,-2.6934733390808105,-868.1116943359375,3033.73291015625
1972,899.1090698242188,-2.692904233932495,-867.3580932617188,3035.27685546875
1973,897.7611694335938,-2.6927521228790283,-866.6052856445312,3036.821533203125
1974,896.4107666015625,-2.6905977725982666,-865.8546752929688,3038.367431640625
1975,895.0582275390625,-2.6866564750671387,-865.1065063476562,3039.913818359375
1976,893.7021484375,-2.682109832763672,-864.361572265625,3041.4619140625
1977,892.3442993164062,-2.6794981956481934,-863.6178588867188,3043.010986328125
1978,890.984619140625,-2.679222583770752,-862.8744506835938,3044.5615234375
1979,889.6222534179688,-2.6781058311462402,-862.13232421875,3046.11376953125
1980,888.3036499023438,-2.6749393939971924,-861.4146118164062,3047.615966796875
1981,886.9833374023438,-2.674506902694702,-860.697265625,3049.119384765625
1982,885.6614990234375,-2.670525312423706,-859.9790649414062,3050.62451171875
1983,884.3383178710938,-2.667104721069336,-859.26123046875,3052.130615234375
1984,883.0143432617188,-2.6640641689300537,-858.5426025390625,3053.637939453125
1985,881.6884765625,-2.6606884002685547,-857.823974609375,3055.14697265625
1986,880.3623046875,-2.6622183322906494,-857.1030883789062,3056.6572265625
1987,879.0352172851562,-2.660783052444458,-856.3807373046875,3058.1689453125
1988,877.7066650390625,-2.6672751903533936,-855.6572875976562,3059.6826171875
1989,876.3773803710938,-2.665294885635376,-854.9321899414062,3061.19775390625
1990,875.046630859375,-2.669222831726074,-854.2051391601562,3062.715087890625
1991,873.715576171875,-2.669349431991577,-853.47705078125,3064.233154296875
1992,872.3827514648438,-2.669951915740967,-852.7489013671875,3065.752685546875
1993,871.0487060546875,-2.6677138805389404,-852.01953125,3067.27392578125
1994,869.714111328125,-2.66286039352417,-851.2896118164062,3068.7958984375
1995,868.377685546875,-2.664503574371338,-850.559814453125,3070.319580078125
1996,867.0391235351562,-2.660559892654419,-849.8311767578125,3071.844482421875
1997,865.6978759765625,-2.663694381713867,-849.1032104492188,3073.371337890625
1998,864.3540649414062,-2.6646010875701904,-848.375732421875,3074.900390625
1999,863.0076904296875,-2.6692404747009277,-847.6492309570312,3076.43115234375
2000,861.6582641601562,-2.6706106662750244,-846.9220581054688,3077.96484375
2001,860.3070068359375,-2.6690258979797363,-846.1954345703125,3079.5
2002,858.953369140625,-2.6727232933044434,-845.46923828125,3081.036865234375
2003,857.5968627929688,-2.668444871902466,-844.7435913085938,3082.576171875
2004,856.2382202148438,-2.6687417030334473,-844.0177612304688,3084.117431640625
2005,854.877685546875,-2.667475700378418,-843.292236328125,3085.66015625
2006,853.5145874023438,-2.6679134368896484,-842.5679321289062,3087.204345703125
2007,852.14990234375,-2.6667630672454834,-841.8416137695312,3088.751220703125
2008,850.7836303710938,-2.6632635593414307,-841.1148071289062,3090.2998046875
2009,849.416015625,-2.6645820140838623,-840.3873291015625,3091.849853515625
2010,848.0465698242188,-2.6613104343414307,-839.658935546875,3093.40185546875
2011,846.6752319335938,-2.65983510017395,-838.9296875,3094.955810546875
2012,845.3505249023438,-2.660780429840088,-838.22412109375,3096.45751953125
2013,844.0238037109375,-2.658907175064087,-837.5194091796875,3097.960693359375
2014,842.6959228515625,-2.6587178707122803,-836.8125610351562,3099.4658203125
2015,841.3668212890625,-2.655219078063965,-836.1047973632812,3100.972412109375
2016,840.0367431640625,-2.6577682495117188,-835.39599609375,3102.48046875
2017,838.7050170898438,-2.6541850566864014,-834.6865234375,3103.990234375
2018,837.3720092773438,-2.6535842418670654,-833.9755859375,3105.501708984375
2019,836.0377807617188,-2.6526858806610107,-833.2639770507812,3107.0146484375
2020,834.7022094726562,-2.6507441997528076,-832.5521240234375,3108.529052734375
2021,833.3657836914062,-2.6491994857788086,-831.8381958007812,3110.044921875
2022,832.0279541015625,-2.6451961994171143,-831.1240234375,3111.562255859375
2023,830.6890869140625,-2.647646903991699,-830.4088134765625,3113.0810546875
2024,829.3486328125,-2.6452693939208984,-829.6921997070312,3114.601806640625
2025,828.007080078125,-2.6452927589416504,-828.9744262695312,3116.124267578125
2026,826.6649780273438,-2.648756980895996,-828.2549438476562,3117.64794921875
2027,825.321533203125,-2.6492655277252197,-827.5347900390625,3119.173095703125
2028,823.9765625,-2.6513516902923584,-826.81298828125,3120.700439453125
2029,822.63037109375,-2.6508774757385254,-826.090576171875,3122.22900390625
2030,821.2828369140625,-2.653632640838623,-825.36767578125,3123.759033203125
2031,819.9342651367188,-2.6523213386535645,-824.6430053710938,3125.291015625
2032,818.5848388671875,-2.651261806488037,-823.9163818359375,3126.824462890625
2033,817.2348022460938,-2.652930974960327,-823.1871948242188,3128.35986328125
2034,815.8834838867188,-2.6515538692474365,-822.45751953125,3129.896484375
2035,814.5316772460938,-2.6516361236572266,-821.72607421875,3131.434326171875
2036,813.1781616210938,-2.65250825881958,-820.99365234375,3132.97412109375
2037,811.82421875,-2.6554253101348877,-820.2597045898438,3134.51513671875
2038,810.468994140625,-2.6565322875976562,-819.5238647460938,3136.05810546875
2039,809.11376953125,-2.6572611331939697,-818.7862548828125,3137.60205078125
2040,807.7575073242188,-2.6585967540740967,-818.0466918945312,3139.147705078125
2041,806.4005737304688,-2.6578075885772705,-817.3048706054688,3140.695068359375
2042,805.0448608398438,-2.6565494537353516,-816.56005859375,3142.24267578125
2043,803.6896362304688,-2.6576385498046875,-815.8123168945312,3143.791259765625
2044,802.3345947265625,-2.6547658443450928,-815.0623168945312,3145.3408203125
2045,800.9799194335938,-2.6546573638916016,-814.3093872070312,3146.8916015625
2046,799.6264038085938,-2.6520631313323975,-813.5551147460938,3148.44189453125
2047,798.2727661132812,-2.6544198989868164,-812.79931640625,3149.9931640625
2048,796.9192504882812,-2.651029348373413,-812.04150390625,3151.545166015625
2049,795.565673828125,-2.649688482284546,-811.2822265625,3153.097900390625
2050,794.2120971679688,-2.649557113647461,-810.5213623046875,3154.6513671875
2051,792.8579711914062,-2.648343324661255,-809.7596435546875,3156.205810546875
2052,791.503173828125,-2.648188829421997,-808.9965209960938,3157.761474609375
2053,790.196533203125,-2.648411989212036,-808.2596435546875,3159.262451171875
2054,788.8906860351562,-2.6494436264038086,-807.5206909179688,3160.763671875
2055,787.5838623046875,-2.6524181365966797,-806.7806396484375,3162.266357421875
2056,786.2772827148438,-2.654468297958374,-806.0387573242188,3163.769775390625
2057,784.970458984375,-2.6580355167388916,-805.2955322265625,3165.274169921875
2058,783.6636352539062,-2.659538507461548,-804.5507202148438,3166.779296875
2059,782.3568115234375,-2.661428928375244,-803.8046875,3168.284912109375
2060,781.0499877929688,-2.6633622646331787,-803.0578002929688,3169.791015625
2061,779.7431030273438,-2.663088798522949,-802.31005859375,3171.297607421875
2062,778.4354248046875,-2.66255784034729,-801.561279296875,3172.805419921875
2063,777.1273193359375,-2.6604323387145996,-800.8115234375,3174.31396484375
2064,775.81884765625,-2.660013198852539,-800.0613403320312,3175.822998046875
2065,774.5103759765625,-2.659682035446167,-799.3098754882812,3177.332763671875
2066,773.201904296875,-2.6595301628112793,-798.5568237304688,3178.84326171875
2067,771.8937377929688,-2.6607651710510254,-797.8021850585938,3180.354248046875
2068,770.585693359375,-2.6624302864074707,-797.0460205078125,3181.865966796875
2069,769.2776489257812,-2.665022373199463,-796.2880249023438,3183.37841796875
2070,767.9697875976562,-2.666907787322998,-795.5289306640625,3184.891357421875
2071,766.6622314453125,-2.6683361530303955,-794.7680053710938,3186.405029296875
2072,765.3550415039062,-2.6677253246307373,-794.0057983398438,3187.919189453125
2073,764.048095703125,-2.6666650772094727,-793.2421875,3189.43359375
2074,762.7412719726562,-2.6648988723754883,-792.4773559570312,3190.94873046875
2075,761.4344482421875,-2.663001537322998,-791.71044921875,3192.46484375
2076,760.1283569335938,-2.6610255241394043,-790.9415893554688,3193.981201171875
2077,758.8231811523438,-2.6609952449798584,-790.1705932617188,3195.497802734375
2078,757.5180053710938,-2.6605827808380127,-789.3975219726562,3197.015625
2079,756.2136840820312,-2.661729097366333,-788.6221923828125,3198.53369140625
2080,754.91015625,-2.6617989540100098,-787.8451538085938,3200.052001953125
2081,753.6066284179688,-2.662371873855591,-787.0659790039062,3201.5712890625
2082,752.3043212890625,-2.661364793777466,-786.2844848632812,3203.0908203125
2083,751.00244140625,-2.6600797176361084,-785.5016479492188,3204.61083984375
2084,749.7005615234375,-2.6571130752563477,-784.7172241210938,3206.131591796875
2085,748.3989868164062,-2.6540956497192383,-783.93115234375,3207.65283203125
2086,747.0977172851562,-2.6505179405212402,-783.1438598632812,3209.174560546875
2087,745.797119140625,-2.646252393722534,-782.3555297851562,3210.6962890625
2088,744.4967651367188,-2.6423819065093994,-781.5662841796875,3212.21826171875
2089,743.196533203125,-2.638960361480713,-780.775146484375,3213.740966796875
2090,741.897216796875,-2.6356728076934814,-779.9824829101562,3215.263916015625
2091,740.5986328125,-2.6323564052581787,-779.1881713867188,3216.786865234375
2092,739.300048828125,-2.627751111984253,-778.3922119140625,3218.310791015625
2093,738.0015258789062,-2.6225132942199707,-777.5957641601562,3219.8349609375
2094,736.7029418945312,-2.617241144180298,-776.7988891601562,3221.359375
2095,735.405029296875,-2.6114635467529297,-776.0010375976562,3222.8837890625
2096,734.1079711914062,-2.605034112930298,-775.2026977539062,3224.40771484375
2097,732.81103515625,-2.5977838039398193,-774.4034423828125,3225.931884765625
2098,731.5140991210938,-2.591503143310547,-773.60302734375,3227.456787109375
2099,730.2178955078125,-2.5853359699249268,-772.8013916015625,3228.981689453125
2100,728.922607421875,-2.5784404277801514,-771.9976196289062,3230.5068359375
2101,727.6280517578125,-2.570941209793091,-771.1930541992188,3232.03173828125
2102,726.3344116210938,-2.561289072036743,-770.386962890625,3233.556884765625
2103,725.0423583984375,-2.553255558013916,-769.5784301757812,3235.081787109375
2104,723.7516479492188,-2.5444295406341553,-768.7679443359375,3236.606689453125
2105,722.4623413085938,-2.5364809036254883,-767.9551391601562,3238.131591796875
2106,721.1741333007812,-2.526400566101074,-767.1405639648438,3239.656494140625
2107,719.8875122070312,-2.517691135406494,-766.3236694335938,3241.181396484375
2108,718.6021118164062,-2.5093705654144287,-765.5045166015625,3242.70654296875
2109,717.3179931640625,-2.5031256675720215,-764.683349609375,3244.231689453125
2110,716.0344848632812,-2.498809576034546,-763.8602294921875,3245.75732421875
2111,714.7522583007812,-2.4940483570098877,-763.0355834960938,3247.28271484375
2112,713.4708251953125,-2.4883780479431152,-762.2086181640625,3248.80859375
2113,712.190673828125,-2.4827091693878174,-761.379638671875,3250.33447265625
2114,710.911865234375,-2.4769885540008545,-760.5479736328125,3251.86083984375
2115,709.6337280273438,-2.4719619750976562,-759.715087890625,3253.38720703125
2116,708.3565673828125,-2.469073534011841,-758.8798217773438,3254.9140625
2117,707.0805053710938,-2.465981960296631,-758.0428466796875,3256.44091796875
2118,705.8051147460938,-2.46413254737854,-757.2034912109375,3257.968505859375
2119,704.5309448242188,-2.4599757194519043,-756.3623657226562,3259.49609375
2120,703.257080078125,-2.457019805908203,-755.5191040039062,3261.0244140625
2121,701.984619140625,-2.4535374641418457,-754.6738891601562,3262.552734375
2122,700.7131958007812,-2.453058958053589,-753.826171875,3264.08154296875
2123,699.4424438476562,-2.453355550765991,-752.9766845703125,3265.61083984375
2124,698.172119140625,-2.4537193775177,-752.125,3267.140869140625
2125,696.9031372070312,-2.4555165767669678,-751.2709350585938,3268.671142578125
2126,695.6355590820312,-2.455681085586548,-750.4141845703125,3270.201904296875
2127,694.3690795898438,-2.455432176589966,-749.5546875,3271.733154296875
2128,693.1041870117188,-2.454806089401245,-748.6920166015625,3273.264892578125
2129,691.8406982421875,-2.453854560852051,-747.826416015625,3274.79736328125
2130,690.5789794921875,-2.4536025524139404,-746.957275390625,3276.330322265625
2131,689.3186645507812,-2.4542648792266846,-746.0844116210938,3277.864013671875
2132,688.0596313476562,-2.4532065391540527,-745.2080078125,3279.398681640625
2133,686.8020629882812,-2.45246958732605,-744.3280639648438,3280.934326171875
2134,685.5460815429688,-2.4498279094696045,-743.4448852539062,3282.470458984375
2135,684.2903442382812,-2.4474244117736816,-742.5582275390625,3284.00830078125
2136,683.0361328125,-2.445103645324707,-741.6677856445312,3285.547119140625
2137,681.7825317382812,-2.4444897174835205,-740.7743530273438,3287.087158203125
2138,680.5306396484375,-2.444453716278076,-739.8771362304688,3288.628173828125
2139,679.27978515625,-2.446821928024292,-738.9765014648438,3290.170166015625
2140,678.0289916992188,-2.4487104415893555,-738.072265625,3291.71435546875
2141,676.7782592773438,-2.452976703643799,-737.1644897460938,3293.260498046875
2142,675.5289306640625,-2.4573659896850586,-736.2529296875,3294.807861328125
2143,674.27978515625,-2.4638309478759766,-735.3370971679688,3296.357421875
2144,673.0314331054688,-2.468543291091919,-734.4174194335938,3297.90869140625
2145,671.783935546875,-2.4735074043273926,-733.4938354492188,3299.461669921875
2146,670.5364990234375,-2.477172374725342,-732.5667114257812,3301.0166015625
2147,669.2906494140625,-2.480428457260132,-731.6362915039062,3302.572265625
2148,668.046142578125,-2.4843080043792725,-730.7031860351562,3304.12841796875
2149,666.8021850585938,-2.489088773727417,-729.7678833007812,3305.685546875
2150,665.5596313476562,-2.4955317974090576,-728.8294067382812,3307.243408203125
2151,664.3641357421875,-2.5035367012023926,-727.9230346679688,3308.744384765625
2152,663.1693115234375,-2.5128235816955566,-727.0142822265625,3310.246337890625
2153,661.9759521484375,-2.5230422019958496,-726.1024169921875,3311.7490234375
2154,660.7838745117188,-2.5329129695892334,-725.1878051757812,3313.25244140625
2155,659.5927124023438,-2.542876958847046,-724.2704467773438,3314.756591796875
2156,658.4024047851562,-2.5516059398651123,-723.3504028320312,3316.261962890625
2157,657.21240234375,-2.5599563121795654,-722.4286499023438,3317.76806640625
2158,656.0235595703125,-2.5686545372009277,-721.5043334960938,3319.274658203125
2159,654.8355102539062,-2.57761287689209,-720.5774536132812,3320.7822265625
2160,653.6484985351562,-2.588524580001831,-719.6480712890625,3322.29052734375
2161,652.4623413085938,-2.600898027420044,-718.7157592773438,3323.800048828125
2162,651.2769165039062,-2.6156704425811768,-717.7808227539062,3325.310546875
2163,650.0926513671875,-2.630182981491089,-716.8428955078125,3326.822021484375
2164,648.9088134765625,-2.645117998123169,-715.9024658203125,3328.334716796875
2165,647.7258911132812,-2.6597368717193604,-714.959228515625,3329.848388671875
2166,646.5436401367188,-2.67435359954834,-714.0137939453125,3331.363037109375
2167,645.3615112304688,-2.6877620220184326,-713.0657348632812,3332.879150390625
2168,644.1799926757812,-2.7019033432006836,-712.115478515625,3334.396240234375
2169,642.9990844726562,-2.7162301540374756,-711.1632080078125,3335.9140625
2170,641.8184814453125,-2.7319607734680176,-710.2083129882812,3337.433349609375
2171,640.6386108398438,-2.7488412857055664,-709.2508544921875,3338.95361328125
2172,639.4592895507812,-2.7673094272613525,-708.2913818359375,3340.474853515625
2173,638.2798461914062,-2.7870142459869385,-707.3297119140625,3341.99755859375
2174,637.1007080078125,-2.808837652206421,-706.36572265625,3343.521484375
2175,635.921630859375,-2.8321454524993896,-705.3990478515625,3345.047119140625
2176,634.7425537109375,-2.8557095527648926,-704.4296875,3346.574462890625
2177,633.5634765625,-2.8796024322509766,-703.4578247070312,3348.103271484375
2178,632.3843994140625,-2.901839017868042,-702.4839477539062,3349.63330078125
2179,631.205322265625,-2.9246621131896973,-701.507568359375,3351.1650390625
2180,630.0262451171875,-2.948352098464966,-700.529296875,3352.697998046875
2181,628.84716796875,-2.973127603530884,-699.549072265625,3354.232177734375
2182,627.66748046875,-3.0017952919006348,-698.5665283203125,3355.768310546875
2183,626.4874877929688,-3.030519485473633,-697.5817260742188,3357.30615234375
2184,625.3068237304688,-3.061781644821167,-696.5950317382812,3358.845947265625
2185,624.1260375976562,-3.09289813041687,-695.6060180664062,3360.38720703125
2186,622.9441528320312,-3.1251933574676514,-694.61474609375,3361.9306640625
2187,621.7620849609375,-3.155616044998169,-693.620849609375,3363.47607421875
2188,620.5802612304688,-3.1872122287750244,-692.6240844726562,3365.023193359375
2189,619.3980102539062,-3.216935157775879,-691.625244140625,3366.572021484375
2190,618.215576171875,-3.248198986053467,-690.624267578125,3368.122314453125
2191,617.0317993164062,-3.281212568283081,-689.6212768554688,3369.6748046875
2192,615.8477783203125,-3.3147077560424805,-688.6161499023438,3371.22900390625
2193,614.662353515625,-3.351489782333374,-687.609619140625,3372.78515625
2194,613.475830078125,-3.387908935546875,-686.6012573242188,3374.34326171875
2195,612.28857421875,-3.425771951675415,-685.5909423828125,3375.9033203125
2196,611.1456909179688,-3.461150646209717,-684.6179809570312,3377.4052734375
2197,610.0016479492188,-3.496757745742798,-683.643310546875,3378.9091796875
2198,608.857177734375,-3.532644510269165,-682.6669311523438,3380.414794921875
2199,607.7112426757812,-3.5687739849090576,-681.6889038085938,3381.92236328125
2200,606.56396484375,-3.6045210361480713,-680.709716796875,3383.431884765625
2201,605.4158935546875,-3.642493724822998,-679.729248046875,3384.94287109375
2202,604.2669067382812,-3.6794116497039795,-678.7474365234375,3386.455322265625
2203,603.1172485351562,-3.717830181121826,-677.7647705078125,3387.968994140625
2204,601.9666137695312,-3.7551541328430176,-676.7808837890625,3389.484130859375
2205,600.8145751953125,-3.7927536964416504,-675.796630859375,3391.00048828125
2206,599.6616821289062,-3.8300750255584717,-674.8109130859375,3392.5185546875
2207,598.5081176757812,-3.868107557296753,-673.8243408203125,3394.03759765625
2208,597.3545532226562,-3.906480312347412,-672.8370971679688,3395.55712890625
2209,596.2009887695312,-3.9454822540283203,-671.849853515625,3397.07666015625
2210,595.0474243164062,-3.983374834060669,-670.8626098632812,3398.59619140625
2211,593.8947143554688,-4.020192623138428,-669.8753662109375,3400.114990234375
2212,592.7433471679688,-4.057320594787598,-668.889404296875,3401.632080078125
2213,591.5943603515625,-4.092803478240967,-667.9036865234375,3403.14697265625
2214,590.4476928710938,-4.131589889526367,-666.91796875,3404.66015625
2215,589.303955078125,-4.168466567993164,-665.93310546875,3406.170654296875
2216,588.1629638671875,-4.207367897033691,-664.9489135742188,3407.6787109375
2217,587.0242309570312,-4.24506139755249,-663.9656372070312,3409.184326171875
2218,585.8875122070312,-4.28372049331665,-662.9837036132812,3410.6875
2219,584.707763671875,-4.324045658111572,-661.9633178710938,3412.24853515625
2220,583.530029296875,-4.364621162414551,-660.9443969726562,3413.806884765625
2221,582.3546752929688,-4.406849384307861,-659.926513671875,3415.363037109375
2222,581.1813354492188,-4.447688579559326,-658.9093017578125,3416.917236328125
2223,580.0096435546875,-4.488556861877441,-657.8933715820312,3418.46923828125
2224,578.8400268554688,-4.528384208679199,-656.8777465820312,3420.01953125
2225,577.67236328125,-4.567254543304443,-655.8634643554688,3421.5673828125
2226,576.5067749023438,-4.6057963371276855,-654.8494262695312,3423.113525390625
2227,575.3428344726562,-4.643254280090332,-653.8367919921875,3424.657470703125
2228,574.1806640625,-4.682478904724121,-652.8243408203125,3426.199951171875
2229,573.0203247070312,-4.719290733337402,-651.8133544921875,3427.739990234375
2230,571.8615112304688,-4.759626388549805,-650.803466796875,3429.278076171875
2231,570.7032470703125,-4.796741962432861,-649.7953491210938,3430.814697265625
2232,569.54638671875,-4.835908889770508,-648.788818359375,3432.349365234375
2233,568.390625,-4.875792026519775,-647.7841796875,3433.8818359375
2234,567.2353515625,-4.914669036865234,-646.7811889648438,3435.412841796875
2235,566.0816650390625,-4.953649997711182,-645.77880859375,3436.9423828125
2236,564.9298095703125,-4.992518901824951,-644.7774658203125,3438.469970703125
2237,563.779296875,-5.032689094543457,-643.7775268554688,3439.99560546875
2238,562.62939453125,-5.0717573165893555,-642.7791748046875,3441.51953125
2239,561.48046875,-5.112051010131836,-641.7816162109375,3443.042236328125
2240,560.3330688476562,-5.15267276763916,-640.7852783203125,3444.56298828125
2241,559.1868896484375,-5.188950538635254,-639.790283203125,3446.081787109375
2242,558.0421752929688,-5.226274013519287,-638.7958984375,3447.59912109375
2243,556.8992919921875,-5.259702682495117,-637.802490234375,3449.114501953125
2244,555.7578735351562,-5.2976813316345215,-636.8102416992188,3450.6279296875
2245,554.6170654296875,-5.333349704742432,-635.8184204101562,3452.140625
2246,553.4776611328125,-5.3707122802734375,-634.8275146484375,3453.65185546875
2247,552.3389892578125,-5.409958839416504,-633.8374633789062,3455.161865234375
2248,551.2011108398438,-5.44698429107666,-632.8488159179688,3456.67041015625
2249,550.06396484375,-5.484466075897217,-631.8604125976562,3458.17822265625
2250,548.927734375,-5.520934581756592,-630.8733520507812,3459.6845703125
2251,547.79296875,-5.557938098907471,-629.8863525390625,3461.189697265625
2252,546.6583251953125,-5.593877792358398,-628.9007568359375,3462.693603515625
2253,545.52490234375,-5.62883996963501,-627.915771484375,3464.1962890625
2254,544.3919677734375,-5.665911674499512,-626.9315185546875,3465.6982421875
2255,543.2164306640625,-5.702983379364014,-625.9111938476562,3467.255859375
2256,542.041748046875,-5.741366863250732,-624.890869140625,3468.81298828125
2257,540.868408203125,-5.777523994445801,-623.8716430664062,3470.3681640625
2258,539.6956787109375,-5.81547737121582,-622.8533935546875,3471.92236328125
2259,538.5239868164062,-5.850579261779785,-621.8359375,3473.47509765625
2260,537.353759765625,-5.885250568389893,-620.8191528320312,3475.0263671875
2261,536.1842041015625,-5.921631336212158,-619.802978515625,3476.576904296875
2262,535.0158081054688,-5.955548286437988,-618.787841796875,3478.125732421875
2263,533.8486328125,-5.9928083419799805,-617.7730102539062,3479.673583984375
2264,532.681884765625,-6.028402805328369,-616.759521484375,3481.219970703125
2265,531.5166015625,-6.066919803619385,-615.746826171875,3482.764892578125
2266,530.3521118164062,-6.100497722625732,-614.73486328125,3484.30859375
2267,529.1893310546875,-6.135343074798584,-613.722900390625,3485.85107421875
2268,528.0277709960938,-6.168074131011963,-612.7110595703125,3487.392578125
2269,526.8671875,-6.2023396492004395,-611.7006225585938,3488.932373046875
2270,525.7078247070312,-6.237751483917236,-610.6904296875,3490.470947265625
2271,524.54931640625,-6.272732257843018,-609.6804809570312,3492.009033203125
2272,523.3924560546875,-6.310067653656006,-608.6715698242188,3493.545166015625
2273,522.2365112304688,-6.343568325042725,-607.6630249023438,3495.080322265625
2274,521.081298828125,-6.380239486694336,-606.6547241210938,3496.61474609375
2275,519.927734375,-6.415049076080322,-605.646240234375,3498.14794921875
2276,518.7749633789062,-6.451676368713379,-604.6393432617188,3499.679443359375
2277,517.623291015625,-6.487020969390869,-603.6324462890625,3501.210205078125
2278,516.4729614257812,-6.522552967071533,-602.6255493164062,3502.739990234375
2279,515.3231811523438,-6.558180332183838,-601.6197509765625,3504.2685546875
2280,514.1744995117188,-6.59242057800293,-600.614501953125,3505.7958984375
2281,513.0261840820312,-6.627260208129883,-599.6096801757812,3507.32275390625
2282,511.8793029785156,-6.663875579833984,-598.6060791015625,3508.84765625
2283,510.733154296875,-6.697918891906738,-597.6027221679688,3510.371826171875
2284,509.5883483886719,-6.732626438140869,-596.59912109375,3511.895263671875
2285,508.4447937011719,-6.763311386108398,-595.5961303710938,3513.417236328125
2286,507.3024597167969,-6.7959885597229,-594.5941772460938,3514.9375
2287,506.1612548828125,-6.827142238616943,-593.5924682617188,3516.456787109375
2288,505.0205078125,-6.860229969024658,-592.5921020507812,3517.974853515625
2289,503.8807373046875,-6.8922343254089355,-591.591796875,3519.4921875
2290,502.7420654296875,-6.925750255584717,-590.59228515625,3521.00830078125
2291,501.6047668457031,-6.956649303436279,-589.5934448242188,3522.522705078125
2292,500.46795654296875,-6.98853063583374,-588.5933227539062,3524.03759765625
2293,499.3291015625,-7.019562721252441,-587.592529296875,3525.554443359375
2294,498.1876220703125,-7.052039623260498,-586.5894775390625,3527.074951171875
2295,497.0434265136719,-7.083915710449219,-585.583984375,3528.598876953125
2296,495.8968200683594,-7.114480018615723,-584.5763549804688,3530.1259765625
2297,494.7474060058594,-7.145660877227783,-583.5667114257812,3531.656494140625
2298,493.5956726074219,-7.172788143157959,-582.5545043945312,3533.190673828125
2299,492.4410705566406,-7.199035167694092,-581.5404663085938,3534.72802734375
2300,491.28363037109375,-7.222601890563965,-580.5234985351562,3536.26953125
2301,490.12322998046875,-7.2445969581604,-579.503662109375,3537.81494140625
2302,488.95965576171875,-7.266236305236816,-578.4811401367188,3539.364501953125
2303,487.7931213378906,-7.287978172302246,-577.4562377929688,3540.91796875
2304,486.62384033203125,-7.309329509735107,-576.4287109375,3542.47509765625
2305,485.4956970214844,-7.327239990234375,-575.437255859375,3543.9775390625
2306,484.3655090332031,-7.344430446624756,-574.4434204101562,3545.483154296875
2307,483.2333068847656,-7.3596343994140625,-573.4475708007812,3546.991455078125
2308,482.09906005859375,-7.375492095947266,-572.4498291015625,3548.502685546875
2309,480.96258544921875,-7.391709327697754,-571.4501953125,3550.016845703125
2310,479.8236999511719,-7.40987491607666,-570.4489135742188,3551.533935546875
2311,478.6827087402344,-7.426955223083496,-569.446044921875,3553.0537109375
2312,477.5395812988281,-7.443094730377197,-568.44140625,3554.576171875
2313,476.3943786621094,-7.457331657409668,-567.4349365234375,3556.101318359375
2314,475.24755859375,-7.471304416656494,-566.4262084960938,3557.629150390625
2315,474.0992126464844,-7.483159065246582,-565.4156494140625,3559.159423828125
2316,472.9488525390625,-7.496551513671875,-564.4035034179688,3560.692138671875
2317,471.796630859375,-7.505966663360596,-563.3899536132812,3562.227294921875
2318,470.64263916015625,-7.5164947509765625,-562.3745727539062,3563.764892578125
2319,469.4866943359375,-7.526669025421143,-561.3580322265625,3565.3046875
2320,468.3290710449219,-7.5364603996276855,-560.34033203125,3566.846435546875
2321,467.1693420410156,-7.546647071838379,-559.3211059570312,3568.390869140625
2322,466.0084228515625,-7.555124759674072,-558.30029296875,3569.937255859375
2323,464.84552001953125,-7.564764499664307,-557.2779541015625,3571.486083984375
2324,463.68170166015625,-7.571394920349121,-556.25439453125,3573.036376953125
2325,462.5168151855469,-7.579167366027832,-555.2293701171875,3574.58837890625
2326,461.3510437011719,-7.584443092346191,-554.2028198242188,3576.14208984375
2327,460.1846618652344,-7.587385654449463,-553.1754150390625,3577.69677734375
2328,459.01763916015625,-7.591232776641846,-552.14697265625,3579.252685546875
2329,457.8498229980469,-7.591410160064697,-551.1170654296875,3580.810302734375
2330,456.6808776855469,-7.595194339752197,-550.0869750976562,3582.36865234375
2331,455.5111389160156,-7.596487522125244,-549.0554809570312,3583.9287109375
2332,454.3853759765625,-7.599982738494873,-548.0636596679688,3585.429443359375
2333,453.2589111328125,-7.60235071182251,-547.0704956054688,3586.931640625
2334,452.1314392089844,-7.604257583618164,-546.0771484375,3588.434814453125
2335,451.0038146972656,-7.60581111907959,-545.0824584960938,3589.93896484375
2336,449.87579345703125,-7.605379581451416,-544.0869750976562,3591.44384765625
2337,448.7471618652344,-7.603950023651123,-543.090576171875,3592.94970703125
2338,447.61798095703125,-7.601040840148926,-542.0941772460938,3594.4560546875
2339,446.4885559082031,-7.5980143547058105,-541.0977783203125,3595.962646484375
2340,445.3594970703125,-7.594391345977783,-540.0999755859375,3597.469970703125
2341,444.2303771972656,-7.592058181762695,-539.10205078125,3598.977294921875
2342,443.1016540527344,-7.589099884033203,-538.103759765625,3600.484619140625
2343,441.9725341796875,-7.5876688957214355,-537.1046752929688,3601.99267578125
2344,440.8443908691406,-7.5847086906433105,-536.1047973632812,3603.50048828125
2345,439.71551513671875,-7.583159446716309,-535.1053466796875,3605.0087890625
2346,438.5876770019531,-7.578380107879639,-534.1044921875,3606.51708984375
2347,437.45965576171875,-7.572803974151611,-533.103515625,3608.025634765625
2348,436.3321838378906,-7.564734935760498,-532.1021118164062,3609.533935546875
2349,435.2052917480469,-7.5556817054748535,-531.1001586914062,3611.042236328125
2350,434.07891845703125,-7.545601844787598,-530.09765625,3612.550537109375
2351,432.9529724121094,-7.535408973693848,-529.0951538085938,3614.05859375
2352,431.82763671875,-7.523315906524658,-528.0926513671875,3615.566162109375
2353,430.7023010253906,-7.511784553527832,-527.0901489257812,3617.07373046875
2354,429.57769775390625,-7.500609397888184,-526.0875244140625,3618.580810546875
2355,428.45318603515625,-7.488042831420898,-525.0848388671875,3620.087890625
2356,427.3291931152344,-7.475827217102051,-524.0823364257812,3621.594482421875
2357,426.20538330078125,-7.461750030517578,-523.079833984375,3623.100830078125
2358,425.0816955566406,-7.447102069854736,-522.0773315429688,3624.607177734375
2359,423.9586486816406,-7.431643009185791,-521.0748291015625,3626.113037109375
2360,422.83563232421875,-7.415927886962891,-520.0726928710938,3627.61865234375
2361,421.71337890625,-7.39929723739624,-519.0708618164062,3629.12353515625
2362,420.5919189453125,-7.381362438201904,-518.0689086914062,3630.6279296875
2363,419.47137451171875,-7.36293888092041,-517.0665893554688,3632.1318359375
2364,418.35150146484375,-7.341807842254639,-516.0654296875,3633.634521484375
2365,417.2319030761719,-7.322437763214111,-515.064453125,3635.136962890625
2366,416.1131286621094,-7.30018424987793,-514.0634765625,3636.638671875
2367,414.99468994140625,-7.279831409454346,-513.0634765625,3638.139404296875
2368,413.83245849609375,-7.256514549255371,-512.0240478515625,3639.69921875
2369,412.6708068847656,-7.233207702636719,-510.9848327636719,3641.25830078125
2370,411.5096130371094,-7.20924186706543,-509.9462890625,3642.816650390625
2371,410.3487854003906,-7.185207843780518,-508.9086608886719,3644.3740234375
2372,409.1879577636719,-7.161782264709473,-507.87188720703125,3645.930908203125
2373,408.0276794433594,-7.138147830963135,-506.8363037109375,3647.486572265625
2374,406.8676452636719,-7.114287853240967,-505.80157470703125,3649.04150390625
2375,405.7080993652344,-7.089211940765381,-504.76776123046875,3650.595458984375
2376,404.5486145019531,-7.063761234283447,-503.7350769042969,3652.148681640625
2377,403.3893737792969,-7.038214206695557,-502.7035827636719,3653.700927734375
2378,402.2304992675781,-7.011724472045898,-501.67327880859375,3655.251953125
2379,401.072021484375,-6.986495494842529,-500.6438293457031,3656.80224609375
2380,399.91357421875,-6.959070682525635,-499.61590576171875,3658.3515625
2381,398.7550354003906,-6.9340925216674805,-498.5894470214844,3659.89990234375
2382,397.5963439941406,-6.907148361206055,-497.56451416015625,3661.447265625
2383,396.4374694824219,-6.882097244262695,-496.5410461425781,3662.99365234375
2384,395.27862548828125,-6.856610298156738,-495.5189514160156,3664.539306640625
2385,394.12017822265625,-6.830699920654297,-494.49810791015625,3666.083740234375
2386,392.9618225097656,-6.804054260253906,-493.4783630371094,3667.62744140625
2387,391.8041687011719,-6.77785062789917,-492.45928955078125,3669.170166015625
2388,390.6467590332031,-6.751029968261719,-491.4411926269531,3670.712158203125
2389,389.4898986816406,-6.724554061889648,-490.42401123046875,3672.253173828125
2390,388.3331604003906,-6.697937488555908,-489.407958984375,3673.793212890625
2391,387.1770935058594,-6.6717209815979,-488.3926086425781,3675.332275390625
2392,386.0210266113281,-6.646245956420898,-487.37847900390625,3676.87060546875
2393,384.8649597167969,-6.621084213256836,-486.3655700683594,3678.407958984375
2394,383.7088928222656,-6.597240924835205,-485.3536376953125,3679.94482421875
2395,382.5528259277344,-6.573012828826904,-484.3430480957031,3681.480712890625
2396,381.3966979980469,-6.55001163482666,-483.3338928222656,3683.015625
2397,380.2406311035156,-6.526589393615723,-482.3257141113281,3684.550048828125
2398,379.0845642089844,-6.500471115112305,-481.318603515625,3686.083740234375
2399,377.9286193847656,-6.475105285644531,-480.3126525878906,3687.616455078125
2400,376.7733459472656,-6.447268009185791,-479.30804443359375,3689.14794921875
2401,375.6183776855469,-6.420233249664307,-478.304931640625,3690.67822265625
2402,374.4638977050781,-6.39351224899292,-477.3033142089844,3692.20703125
2403,373.3101501464844,-6.368250846862793,-476.3031311035156,3693.734375
2404,372.15679931640625,-6.3419599533081055,-475.30450439453125,3695.260498046875
2405,371.00408935546875,-6.316887855529785,-474.3070983886719,3696.78515625
2406,369.8520202636719,-6.290853023529053,-473.310791015625,3698.30859375
2407,368.700439453125,-6.264872074127197,-472.3162536621094,3699.83056640625
2408,367.5496826171875,-6.2386345863342285,-471.3229064941406,3701.35107421875
2409,366.3997802734375,-6.210599899291992,-470.33087158203125,3702.8701171875
2410,365.2503356933594,-6.182926177978516,-469.3404235839844,3704.387939453125
2411,364.10223388671875,-6.151882648468018,-468.3508605957031,3705.904052734375
2412,362.9549865722656,-6.123086452484131,-467.362548828125,3707.418701171875
2413,361.8089599609375,-6.091606616973877,-466.37542724609375,3708.931884765625
2414,360.6637268066406,-6.064261436462402,-465.38934326171875,3710.443603515625
2415,359.519287109375,-6.033844470977783,-464.40472412109375,3711.953857421875
2416,358.3752746582031,-6.007391452789307,-463.42156982421875,3713.462646484375
2417,357.2328796386719,-5.977985382080078,-462.4390563964844,3714.969970703125
2418,356.0910949707031,-5.950177192687988,-461.4579772949219,3716.475830078125
2419,354.9507751464844,-5.922444820404053,-460.4781494140625,3717.979736328125
2420,353.8115539550781,-5.894517421722412,-459.4998474121094,3719.48193359375
2421,352.62957763671875,-5.866621494293213,-458.48541259765625,3721.0400390625
2422,351.4490051269531,-5.838188171386719,-457.4725646972656,3722.595947265625
2423,350.26947021484375,-5.811160564422607,-456.4613037109375,3724.150146484375
2424,349.0921630859375,-5.782011985778809,-455.4505615234375,3725.702392578125
2425,347.91650390625,-5.755012035369873,-454.44085693359375,3727.25244140625
2426,346.74273681640625,-5.727066993713379,-453.4317626953125,3728.80078125
2427,345.5703430175781,-5.699770450592041,-452.42413330078125,3730.34716796875
2428,344.3999328613281,-5.671590805053711,-451.41693115234375,3731.8916015625
2429,343.23089599609375,-5.642573833465576,-450.4112548828125,3733.43408203125
2430,342.0628356933594,-5.617090702056885,-449.4068908691406,3734.974853515625
2431,340.8973693847656,-5.588297367095947,-448.4025573730469,3736.513916015625
2432,339.73333740234375,-5.56334924697876,-447.399169921875,3738.051025390625
2433,338.57110595703125,-5.536808490753174,-446.39630126953125,3739.58642578125
2434,337.41033935546875,-5.510898113250732,-445.3945007324219,3741.1201171875
2435,336.2511291503906,-5.486627101898193,-444.3935546875,3742.652099609375
2436,335.0942687988281,-5.462326526641846,-443.3945007324219,3744.180908203125
2437,333.9407958984375,-5.437786102294922,-442.3971862792969,3745.7060546875
2438,332.7913513183594,-5.4111199378967285,-441.40106201171875,3747.2275390625
2439,331.64520263671875,-5.3861589431762695,-440.40655517578125,3748.745361328125
2440,330.5025939941406,-5.362392902374268,-439.4133605957031,3750.259765625
2441,329.3628845214844,-5.340089321136475,-438.4222717285156,3751.7705078125
2442,328.22613525390625,-5.3196539878845215,-437.432861328125,3753.27783203125
2443,327.0920715332031,-5.299193382263184,-436.4454040527344,3754.781982421875
2444,325.9607238769531,-5.279587268829346,-435.45989990234375,3756.28271484375
2445,324.79046630859375,-5.259810924530029,-434.4395446777344,3757.835693359375
2446,323.6238098144531,-5.237356185913086,-433.4207458496094,3759.385009765625
2447,322.4598083496094,-5.216103553771973,-432.4043884277344,3760.9306640625
2448,321.2992248535156,-5.192381381988525,-431.3894958496094,3762.47265625
2449,320.1415710449219,-5.170265197753906,-430.3764343261719,3764.01123046875
2450,318.9873046875,-5.1480488777160645,-429.36480712890625,3765.54638671875
2451,317.83599853515625,-5.127810478210449,-428.35479736328125,3767.078125
2452,316.6871337890625,-5.107734680175781,-427.3471984863281,3768.6064453125
2453,315.5411071777344,-5.088535308837891,-426.3419189453125,3770.13134765625
2454,314.3977355957031,-5.069647789001465,-425.3393249511719,3771.65234375
2455,313.2580871582031,-5.050148963928223,-424.3382263183594,3773.16943359375
2456,312.12176513671875,-5.0300421714782715,-423.3388671875,3774.682861328125
2457,310.9889221191406,-5.010261535644531,-422.34100341796875,3776.19287109375
2458,309.85858154296875,-4.9906392097473145,-421.3459777832031,3777.698974609375
2459,308.7311096191406,-4.9723801612854,-420.35308837890625,3779.20166015625
2460,307.56549072265625,-4.955371856689453,-419.3277587890625,3780.75439453125
2461,306.4043884277344,-4.93580961227417,-418.30316162109375,3782.30322265625
2462,305.24462890625,-4.919750690460205,-417.28216552734375,3783.8486328125
2463,304.0885314941406,-4.899925231933594,-416.26275634765625,3785.39013671875
2464,302.93377685546875,-4.884768009185791,-415.2467346191406,3786.928466796875
2465,301.7814025878906,-4.86668062210083,-414.2334899902344,3788.463134765625
2466,300.630126953125,-4.853741645812988,-413.2237548828125,3789.99462890625
2467,299.48126220703125,-4.836990833282471,-412.2165832519531,3791.522705078125
2468,298.3337097167969,-4.824123859405518,-411.2125549316406,3793.047607421875
2469,297.1893615722656,-4.80771541595459,-410.2099914550781,3794.5693359375
2470,296.046875,-4.793267726898193,-409.2099304199219,3796.087890625
2471,294.9062194824219,-4.7789483070373535,-408.2126770019531,3797.603271484375
2472,293.7681884765625,-4.7649407386779785,-407.2173767089844,3799.115478515625
2473,292.63214111328125,-4.74941349029541,-406.2244873046875,3800.62451171875
2474,291.4984436035156,-4.734219551086426,-405.233642578125,3802.13037109375
2475,290.36700439453125,-4.717741966247559,-404.2450866699219,3803.633056640625
2476,289.1990051269531,-4.70124626159668,-403.2245178222656,3805.184326171875
2477,288.03448486328125,-4.684131622314453,-402.2051086425781,3806.732177734375
2478,286.87322998046875,-4.670122146606445,-401.186767578125,3808.27685546875
2479,285.7162170410156,-4.655628681182861,-400.1682434082031,3809.818603515625
2480,284.5613098144531,-4.642520904541016,-399.15185546875,3811.357177734375
2481,283.4088439941406,-4.630455493927002,-398.1371765136719,3812.892822265625
2482,282.2587890625,-4.617473602294922,-397.1241455078125,3814.425537109375
2483,281.1103820800781,-4.603906154632568,-396.1137390136719,3815.955322265625
2484,279.9638977050781,-4.590754985809326,-395.10546875,3817.482177734375
2485,278.8193359375,-4.576294422149658,-394.099365234375,3819.00634765625
2486,277.67584228515625,-4.564279079437256,-393.0963134765625,3820.527587890625
2487,276.5343017578125,-4.5506134033203125,-392.095458984375,3822.0458984375
2488,275.3944396972656,-4.53876256942749,-391.0966796875,3823.5615234375
2489,274.2559814453125,-4.52789831161499,-390.1001281738281,3825.07470703125
2490,273.11907958984375,-4.517575740814209,-389.10577392578125,3826.585205078125
2491,271.9832458496094,-4.507595062255859,-388.1139221191406,3828.09326171875
2492,270.84844970703125,-4.497170448303223,-387.12481689453125,3829.598876953125
2493,269.71490478515625,-4.487005233764648,-386.1378173828125,3831.10205078125
2494,268.5829162597656,-4.474273204803467,-385.1529541015625,3832.602783203125
2495,267.4140930175781,-4.464924335479736,-384.1377868652344,3834.151123046875
2496,266.24755859375,-4.454319953918457,-383.12408447265625,3835.69677734375
2497,265.08294677734375,-4.446074962615967,-382.1117858886719,3837.239990234375
2498,263.9200439453125,-4.437454700469971,-381.1008605957031,3838.781005859375
2499,262.75946044921875,-4.4284443855285645,-380.09100341796875,3840.319580078125
2500,261.6008605957031,-4.420148849487305,-379.0824890136719,3841.85595703125
2501,260.44403076171875,-4.411666393280029,-378.0751037597656,3843.39013671875
2502,259.2894592285156,-4.401453971862793,-377.06890869140625,3844.921875
2503,258.1356201171875,-4.392926216125488,-376.06549072265625,3846.451171875
2504,256.982666015625,-4.383693695068359,-375.0639953613281,3847.978515625
2505,255.83119201660156,-4.374338626861572,-374.0643005371094,3849.503662109375
2506,254.6810760498047,-4.366270542144775,-373.0662841796875,3851.026611328125
2507,253.53335571289062,-4.359548568725586,-372.0686340332031,3852.54736328125
2508,252.3878631591797,-4.352973937988281,-371.0714416503906,3854.066162109375
2509,251.2447509765625,-4.347736835479736,-370.0743713378906,3855.583251953125
2510,250.10365295410156,-4.34331750869751,-369.0777893066406,3857.098388671875
2511,248.9638214111328,-4.339735984802246,-368.0821228027344,3858.612060546875
2512,247.82522583007812,-4.334743499755859,-367.0880126953125,3860.123779296875
2513,246.6883544921875,-4.329926490783691,-366.0946960449219,3861.633544921875
2514,245.553466796875,-4.323261260986328,-365.1021728515625,3863.141357421875
2515,244.4202880859375,-4.317092418670654,-364.1104431152344,3864.6474609375
2516,243.28953552246094,-4.307068347930908,-363.1192321777344,3866.1513671875
2517,242.1615753173828,-4.296567440032959,-362.1283264160156,3867.65283203125
2518,241.00074768066406,-4.28679084777832,-361.10467529296875,3869.20068359375
2519,239.8421630859375,-4.278160095214844,-360.08233642578125,3870.74609375
2520,238.6892547607422,-4.269806385040283,-359.0611572265625,3872.286376953125
2521,237.5446319580078,-4.265129089355469,-358.04827880859375,3873.81494140625
2522,236.39511108398438,-4.26142692565918,-357.0296630859375,3875.35107421875
2523,235.24798583984375,-4.258947372436523,-356.0123291015625,3876.884521484375
2524,234.10353088378906,-4.256880283355713,-354.99652099609375,3878.414794921875
2525,232.9612274169922,-4.253528594970703,-353.9832763671875,3879.94189453125
2526,231.8209686279297,-4.249979019165039,-352.9720458984375,3881.466064453125
2527,230.68130493164062,-4.246851444244385,-351.96246337890625,3882.98876953125
2528,229.54266357421875,-4.243439197540283,-350.953125,3884.510498046875
2529,228.40785217285156,-4.240835666656494,-349.94476318359375,3886.02880859375
2530,227.28309631347656,-4.2393012046813965,-348.9430847167969,3887.53515625
2531,226.1365966796875,-4.240139007568359,-347.9167785644531,3889.073974609375
2532,225.00515747070312,-4.239302635192871,-346.89794921875,3890.5966796875
2533,223.89036560058594,-4.240135192871094,-345.88433837890625,3892.103515625
2534,222.7581787109375,-4.24078369140625,-344.8440246582031,3893.64111328125
2535,221.64370727539062,-4.239144325256348,-343.8085021972656,3895.16259765625
2536,220.54812622070312,-4.24139928817749,-342.7759704589844,3896.668212890625
2537,219.43942260742188,-4.241582870483398,-341.7146911621094,3898.203125
2538,218.352783203125,-4.244844913482666,-340.65386962890625,3899.721923828125
2539,217.2887420654297,-4.247713088989258,-339.59246826171875,3901.224853515625
2540,216.218017578125,-4.250925064086914,-338.4982604980469,3902.755859375
2541,215.1727294921875,-4.253878116607666,-337.4021301269531,3904.2705078125
2542,214.12442016601562,-4.256194591522217,-336.27197265625,3905.81201171875
2543,213.1045684814453,-4.259161472320557,-335.13818359375,3907.337158203125
2544,212.11349487304688,-4.261573314666748,-334.0005187988281,3908.84619140625
2545,211.12451171875,-4.266549110412598,-332.8273010253906,3910.380859375
2546,210.16441345214844,-4.2720465660095215,-331.65093994140625,3911.8994140625
2547,209.23147583007812,-4.278493881225586,-330.4727478027344,3913.40234375
2548,208.3008270263672,-4.2868781089782715,-329.2613830566406,3914.93017578125
2549,207.3976287841797,-4.295607566833496,-328.04864501953125,3916.4423828125
2550,206.4980010986328,-4.305388927459717,-326.8037109375,3917.978515625
2551,205.6254425048828,-4.315927028656006,-325.5586853027344,3919.4990234375
2552,204.77972412109375,-4.325984477996826,-324.3135681152344,3921.00439453125
2553,203.94129943847656,-4.33633279800415,-323.035400390625,3922.533203125
2554,203.13287353515625,-4.346503257751465,-321.7559814453125,3924.046875
2555,202.3370361328125,-4.357490062713623,-320.44219970703125,3925.5830078125
2556,201.5748291015625,-4.369137763977051,-319.1199951171875,3927.109375
2557,200.84815979003906,-4.379955768585205,-317.78729248046875,3928.62744140625
2558,200.15557861328125,-4.389374732971191,-316.4457702636719,3930.13720703125
2559,199.4965057373047,-4.397103786468506,-315.09613037109375,3931.639404296875
2560,198.8582305908203,-4.40533447265625,-313.7034912109375,3933.17138671875
2561,198.25656127929688,-4.410055160522461,-312.3007507324219,3934.69775390625
2562,197.69187927246094,-4.414600849151611,-310.8880310058594,3936.21923828125
2563,197.16026306152344,-4.416350841522217,-309.4680480957031,3937.735595703125
2564,196.6610870361328,-4.424095630645752,-308.04150390625,3939.2470703125
2565,196.19276428222656,-4.432048320770264,-306.6094055175781,3940.75390625
2566,195.75936889648438,-4.442084789276123,-305.1708984375,3942.25634765625
2567,195.361328125,-4.45482063293457,-303.72412109375,3943.757080078125
2568,194.99221801757812,-4.460842132568359,-302.2675476074219,3945.259765625
2569,194.6471710205078,-4.469062805175781,-300.798583984375,3946.768798828125
2570,194.31869506835938,-4.468751430511475,-299.3183288574219,3948.28515625
2571,194.01446533203125,-4.471645832061768,-297.82452392578125,3949.809814453125
2572,193.73280334472656,-4.47274112701416,-296.31707763671875,3951.343505859375
2573,193.48138427734375,-4.474286079406738,-294.8324890136719,3952.849365234375
2574,193.25149536132812,-4.474403381347656,-293.3360290527344,3954.363525390625
2575,193.04165649414062,-4.475335597991943,-291.8286437988281,3955.885498046875
2576,192.8511962890625,-4.476775646209717,-290.3109130859375,3957.415283203125
2577,192.68133544921875,-4.480584621429443,-288.7828369140625,3958.952880859375
2578,192.5351104736328,-4.484202861785889,-287.2823181152344,3960.460693359375
2579,192.40638732910156,-4.487456798553467,-285.7723388671875,3961.976318359375
2580,192.29685974121094,-4.489747524261475,-284.25311279296875,3963.49951171875
2581,192.2053985595703,-4.492928981781006,-282.7250061035156,3965.030517578125
2582,192.13267517089844,-4.497515678405762,-281.22650146484375,3966.53076171875
2583,192.0767364501953,-4.501312255859375,-279.7197265625,3968.03857421875
2584,192.03726196289062,-4.507404327392578,-278.20452880859375,3969.554443359375
2585,192.0142059326172,-4.514326572418213,-276.680908203125,3971.078369140625
2586,192.00697326660156,-4.524191856384277,-275.1488952636719,3972.610595703125
2587,192.014404296875,-4.534842014312744,-273.6480407714844,3974.111572265625
2588,192.03614807128906,-4.545777320861816,-272.13916015625,3975.62060546875
2589,192.07118225097656,-4.556951522827148,-270.62286376953125,3977.137451171875
2590,192.11727905273438,-4.569179534912109,-269.0992126464844,3978.661865234375
2591,192.17152404785156,-4.580210208892822,-267.56671142578125,3980.195556640625
2592,192.22891235351562,-4.592170238494873,-266.0661315917969,3981.697265625
2593,192.28724670410156,-4.604088306427002,-264.5571594238281,3983.20751953125
2594,192.34466552734375,-4.6164231300354,-263.0397644042969,3984.72607421875
2595,192.3993377685547,-4.628551959991455,-261.51397705078125,3986.2529296875
2596,192.44839477539062,-4.6384406089782715,-259.9801330566406,3987.78759765625
2597,192.4885711669922,-4.649963855743408,-258.47967529296875,3989.28857421875
2598,192.518310546875,-4.659274578094482,-256.9715270996094,3990.797119140625
2599,192.5337677001953,-4.67377233505249,-255.4557647705078,3992.31298828125
2600,192.5323028564453,-4.686563014984131,-253.9324493408203,3993.83642578125
2601,192.51084899902344,-4.699478626251221,-252.40203857421875,3995.3671875
2602,192.46888732910156,-4.71047830581665,-250.8659210205078,3996.904052734375
2603,192.407958984375,-4.721948623657227,-249.36715698242188,3998.404296875
2604,192.32669067382812,-4.73156213760376,-247.86386108398438,3999.909912109375
2605,192.2249298095703,-4.7440996170043945,-246.3565673828125,4001.420654296875
2606,192.10316467285156,-4.755281925201416,-244.84532165527344,4002.93701171875
2607,191.96102905273438,-4.764012336730957,-243.33050537109375,4004.45849609375
2608,191.80014038085938,-4.772679805755615,-241.8126220703125,4005.98486328125
2609,191.61807250976562,-4.780953407287598,-240.29226684570312,4007.51611328125
2610,191.41615295410156,-4.787454605102539,-238.7698516845703,4009.052001953125
2611,191.195556640625,-4.79445743560791,-237.24652099609375,4010.59130859375
2612,190.95590209960938,-4.8004279136657715,-235.72377014160156,4012.1328125
2613,190.69863891601562,-4.8060760498046875,-234.2020263671875,4013.67626953125
2614,190.4299774169922,-4.8134074211120605,-232.72601318359375,4015.176513671875
2615,190.1324005126953,-4.822763442993164,-231.21279907226562,4016.71875
2616,189.81321716308594,-4.837123394012451,-229.711669921875,4018.253662109375
2617,189.47789001464844,-4.852473735809326,-228.2286376953125,4019.774169921875
2618,189.1271514892578,-4.871342182159424,-226.76441955566406,4021.280029296875
2619,188.752685546875,-4.889853477478027,-225.27696228027344,4022.81396484375
2620,188.36256408691406,-4.905916690826416,-223.80857849121094,4024.33349609375
2621,187.9558868408203,-4.921199798583984,-222.3602294921875,4025.837890625
2622,187.52049255371094,-4.937046527862549,-220.89234924316406,4027.369140625
2623,187.0702667236328,-4.9517107009887695,-219.4442596435547,4028.8857421875
2624,186.60617065429688,-4.965080261230469,-218.0161895751953,4030.387451171875
2625,186.1140594482422,-4.978498935699463,-216.57080078125,4031.91455078125
2626,185.60728454589844,-4.991505146026611,-215.146240234375,4033.4267578125
2627,185.06971740722656,-5.002993583679199,-213.70700073242188,4034.963134765625
2628,184.5135498046875,-5.013864040374756,-212.29165649414062,4036.48388671875
2629,183.94241333007812,-5.023367881774902,-210.89773559570312,4037.990478515625
2630,183.34046936035156,-5.03056526184082,-209.48309326171875,4039.52783203125
2631,182.71742248535156,-5.038862705230713,-208.07955932617188,4041.0634765625
2632,182.07217407226562,-5.046834945678711,-206.6842803955078,4042.600830078125
2633,181.4207305908203,-5.055863380432129,-205.32870483398438,4044.10498046875
2634,180.74786376953125,-5.060901165008545,-203.9770050048828,4045.614990234375
2635,180.0521240234375,-5.069637298583984,-202.6286163330078,4047.13232421875
2636,179.33457946777344,-5.073881149291992,-201.282958984375,4048.657470703125
2637,178.59292602539062,-5.0829243659973145,-199.9408721923828,4050.19091796875
2638,177.84742736816406,-5.090765953063965,-198.63780212402344,4051.692138671875
2639,177.08004760742188,-5.098710536956787,-197.3399658203125,4053.199951171875
2640,176.2899627685547,-5.111051559448242,-196.0469970703125,4054.71533203125
2641,175.477294921875,-5.120227813720703,-194.7574920654297,4056.239501953125
2642,174.6415252685547,-5.131162166595459,-193.4724884033203,4057.7724609375
2643,173.80584716796875,-5.140689849853516,-192.2256622314453,4059.2734375
2644,172.94857788085938,-5.150810718536377,-190.9836883544922,4060.78271484375
2645,172.06976318359375,-5.164264678955078,-189.74578857421875,4062.301025390625
2646,171.1685791015625,-5.174136638641357,-188.5113067626953,4063.82958984375
2647,170.245849609375,-5.185410976409912,-187.28021240234375,4065.3681640625
2648,169.32745361328125,-5.196902275085449,-186.0855255126953,4066.875244140625
2649,168.3905792236328,-5.206448554992676,-184.89361572265625,4068.391357421875
2650,167.4354248046875,-5.217559814453125,-183.70555114746094,4069.915771484375
2651,166.46322631835938,-5.2312140464782715,-182.5203094482422,4071.44873046875
2652,165.47555541992188,-5.2445855140686035,-181.3367462158203,4072.990234375
2653,164.50111389160156,-5.256892204284668,-180.18775939941406,4074.496826171875
2654,163.5154266357422,-5.267776012420654,-179.03831481933594,4076.010986328125
2655,162.52005004882812,-5.273566246032715,-177.88665771484375,4077.533203125
2656,161.5135498046875,-5.277736663818359,-176.7322235107422,4079.06494140625
2657,160.49783325195312,-5.281478404998779,-175.57264709472656,4080.6064453125
2658,159.50363159179688,-5.284248352050781,-174.44020080566406,4082.113525390625
2659,158.50299072265625,-5.288708209991455,-173.30052185058594,4083.630126953125
2660,157.49639892578125,-5.292464256286621,-172.15269470214844,4085.15673828125
2661,156.4836883544922,-5.298799991607666,-170.99661254882812,4086.693603515625
2662,155.49575805664062,-5.304249286651611,-169.86520385742188,4088.195556640625
2663,154.503173828125,-5.310997486114502,-168.72413635253906,4089.7080078125
2664,153.5061492919922,-5.318228721618652,-167.57318115234375,4091.230712890625
2665,152.50567626953125,-5.326243877410889,-166.4115447998047,4092.763916015625
2666,151.50328063964844,-5.334390163421631,-165.23788452148438,4094.307373046875
2667,150.52952575683594,-5.341189861297607,-164.0876922607422,4095.814453125
2668,149.55455017089844,-5.347793102264404,-162.92520141601562,4097.33154296875
2669,148.5796356201172,-5.353416919708252,-161.74945068359375,4098.85888671875
2670,147.6063995361328,-5.359478950500488,-160.55935668945312,4100.396484375
2671,146.63507080078125,-5.365696430206299,-159.3548126220703,4101.94384765625
2672,145.69715881347656,-5.371696949005127,-158.17333984375,4103.4521484375
2673,144.76243591308594,-5.377589702606201,-156.97747802734375,4104.97021484375
2674,143.83241271972656,-5.382113933563232,-155.76629638671875,4106.4970703125
2675,142.90806579589844,-5.386582851409912,-154.53929138183594,4108.033203125
2676,141.99102783203125,-5.390081882476807,-153.29550170898438,4109.57861328125
2677,141.11068725585938,-5.395383834838867,-152.07591247558594,4111.0830078125
2678,140.2388916015625,-5.400310516357422,-150.83966064453125,4112.595703125
2679,139.37709045410156,-5.40716552734375,-149.58602905273438,4114.1171875
2680,138.53025817871094,-5.421401023864746,-148.31207275390625,4115.64697265625
2681,137.6997528076172,-5.417913913726807,-147.01925659179688,4117.18359375
2682,136.88978576660156,-5.428386688232422,-145.70404052734375,4118.728515625
2683,136.10516357421875,-5.420439720153809,-144.42135620117188,4120.232421875
2684,135.33004760742188,-5.431696891784668,-143.12307739257812,4121.74462890625
2685,134.56407165527344,-5.438591957092285,-141.80941772460938,4123.26513671875
2686,133.81350708007812,-5.4503679275512695,-140.4762725830078,4124.794921875
2687,133.08200073242188,-5.460236072540283,-139.1224365234375,4126.333984375
2688,132.3701629638672,-5.465921401977539,-137.74993896484375,4127.88037109375
2689,131.6840057373047,-5.479706764221191,-136.4139862060547,4129.38232421875
2690,130.99057006835938,-5.468998908996582,-135.07485961914062,4130.890625
2691,130.30892944335938,-5.476206302642822,-133.7235107421875,4132.404296875
2692,129.6422576904297,-5.48173713684082,-132.35333251953125,4133.92822265625
2693,128.98179626464844,-5.483856201171875,-130.97113037109375,4135.4599609375
2694,128.33238220214844,-5.4877519607543945,-129.57461547851562,4137.0
2695,127.6944808959961,-5.4895710945129395,-128.16363525390625,4138.54833984375
2696,127.08950805664062,-5.491145610809326,-126.78975677490234,4140.04931640625
2697,126.4943618774414,-5.493321418762207,-125.40290069580078,4141.55859375
2698,125.90880584716797,-5.495737552642822,-124.00347137451172,4143.07568359375
2699,125.33350372314453,-5.500487804412842,-122.59122467041016,4144.6005859375
2700,124.76860809326172,-5.504534721374512,-121.16616821289062,4146.1337890625
2701,124.21392822265625,-5.508347988128662,-119.728515625,4147.6748046875
2702,123.66922760009766,-5.511336803436279,-118.27862548828125,4149.2236328125
2703,123.13441467285156,-5.513894081115723,-116.81651306152344,4150.7802734375
2704,122.62850189208984,-5.516250133514404,-115.3971176147461,4152.287109375
2705,122.1312026977539,-5.519470691680908,-113.96688079833984,4153.80126953125
2706,121.64175415039062,-5.524868965148926,-112.52596282958984,4155.3232421875
2707,121.15948486328125,-5.529142379760742,-111.0747299194336,4156.8525390625
2708,120.6834945678711,-5.535218238830566,-109.61334991455078,4158.3896484375
2709,120.21385955810547,-5.542303085327148,-108.141845703125,4159.93408203125
2710,119.751708984375,-5.5499114990234375,-106.66012573242188,4161.486328125
2711,119.29730224609375,-5.558190822601318,-105.1681137084961,4163.0458984375
2712,118.86919403076172,-5.563366413116455,-103.72347259521484,4164.552734375
2713,118.4490966796875,-5.568370819091797,-102.2693099975586,4166.06640625
2714,118.03764343261719,-5.572509288787842,-100.80552673339844,4167.5869140625
2715,117.63494873046875,-5.576504230499268,-99.33241271972656,4169.1142578125
2716,117.24207305908203,-5.5812668800354,-97.84965515136719,4170.6484375
2717,116.86016845703125,-5.583887577056885,-96.3572998046875,4172.18896484375
2718,116.48867797851562,-5.5879669189453125,-94.85525512695312,4173.736328125
2719,116.12913513183594,-5.591531276702881,-93.34358215332031,4175.2900390625
2720,115.78102111816406,-5.596203327178955,-91.8228530883789,4176.85009765625
2721,115.45967864990234,-5.600768566131592,-90.35447692871094,4178.35302734375
2722,115.14981842041016,-5.603719234466553,-88.87835693359375,4179.861328125
2723,114.84966278076172,-5.609706401824951,-87.39510345458984,4181.37451171875
2724,114.55936431884766,-5.61530876159668,-85.90486145019531,4182.892578125
2725,114.27801513671875,-5.622241497039795,-84.4077377319336,4184.416015625
2726,114.00516510009766,-5.6292901039123535,-82.90399169921875,4185.9443359375
2727,113.74012756347656,-5.637787818908691,-81.39369201660156,4187.4775390625
2728,113.48165130615234,-5.646803379058838,-79.87675476074219,4189.0166015625
2729,113.22857666015625,-5.656383991241455,-78.35319519042969,4190.56103515625
2730,112.98017120361328,-5.666791915893555,-76.82295989990234,4192.111328125
2731,112.73681640625,-5.6755499839782715,-75.28659057617188,4193.6669921875
2732,112.49820709228516,-5.683842658996582,-73.74444580078125,4195.2275390625
2733,112.26130676269531,-5.688456058502197,-72.19794464111328,4196.7919921875
2734,112.03384399414062,-5.694324493408203,-70.71198272705078,4198.29541015625
2735,111.8077621459961,-5.697445869445801,-69.22309112548828,4199.80126953125
2736,111.58455657958984,-5.699460983276367,-67.73059844970703,4201.310546875
2737,111.3650131225586,-5.699108600616455,-66.23571014404297,4202.8212890625
2738,111.1473159790039,-5.703332424163818,-64.73699188232422,4204.3359375
2739,110.9332046508789,-5.70780086517334,-63.23546600341797,4205.8525390625
2740,110.72322845458984,-5.718194961547852,-61.72977066040039,4207.373046875
2741,110.5172348022461,-5.722997665405273,-60.22163772583008,4208.89501953125
2742,110.31352996826172,-5.734364032745361,-58.708038330078125,4210.42236328125
2743,110.11629486083984,-5.741573333740234,-57.19044876098633,4211.95263671875
2744,109.92366790771484,-5.755488395690918,-55.66693115234375,4213.48828125
2745,109.73780059814453,-5.761581897735596,-54.13753890991211,4215.02880859375
2746,109.56547546386719,-5.780218124389648,-52.600067138671875,4216.576171875
2747,109.40308380126953,-5.793402194976807,-51.055572509765625,4218.12939453125
2748,109.2398910522461,-5.804516792297363,-49.5055046081543,4219.68798828125
2749,109.07726287841797,-5.817929744720459,-47.94964599609375,4221.25244140625
2750,108.92723083496094,-5.826828479766846,-46.45563888549805,4222.75390625
2751,108.78157806396484,-5.836575508117676,-44.95603561401367,4224.2607421875
2752,108.6400375366211,-5.848549842834473,-43.450927734375,4225.7724609375
2753,108.50112915039062,-5.859663486480713,-41.94050216674805,4227.28955078125
2754,108.36493682861328,-5.872151851654053,-40.424808502197266,4228.8115234375
2755,108.23001861572266,-5.884668350219727,-38.904052734375,4230.33837890625
2756,108.09606170654297,-5.895366191864014,-37.378334045410156,4231.8701171875
2757,107.96318817138672,-5.907254695892334,-35.84757614135742,4233.40673828125
2758,107.83097076416016,-5.9165167808532715,-34.312095642089844,4234.94775390625
2759,107.70045471191406,-5.927073955535889,-32.771724700927734,4236.49365234375
2760,107.5715103149414,-5.934520244598389,-31.226848602294922,4238.0439453125
2761,107.44380950927734,-5.942414283752441,-29.677993774414062,4239.59814453125
2762,107.31676483154297,-5.9503493309021,-28.12546157836914,4241.15576171875
2763,107.1909408569336,-5.960333347320557,-26.569231033325195,4242.71728515625
2764,107.06599426269531,-5.972248077392578,-25.009504318237305,4244.2822265625
2765,106.94194793701172,-5.9860148429870605,-23.446290969848633,4245.8505859375
2766,106.81706237792969,-5.999037742614746,-21.879770278930664,4247.42236328125
2767,106.69747924804688,-6.010717391967773,-20.38141441345215,4248.92529296875
2768,106.5773696899414,-6.022345542907715,-18.88010025024414,4250.431640625
2769,106.45641326904297,-6.033039093017578,-17.37587547302246,4251.94091796875
2770,106.33543395996094,-6.044888973236084,-15.868731498718262,4253.453125
2771,106.21427154541016,-6.056325435638428,-14.358820915222168,4254.9677734375
2772,106.0932388305664,-6.066840171813965,-12.846159934997559,4256.4853515625
2773,105.97218322753906,-6.077533721923828,-11.330699920654297,4258.005859375
2774,105.85128021240234,-6.086607933044434,-9.81250286102295,4259.52880859375
2775,105.73088836669922,-6.0968403816223145,-8.291678428649902,4261.05419921875
2776,105.60977172851562,-6.106847286224365,-6.7686920166015625,4262.58203125
2777,105.48854064941406,-6.114262580871582,-5.243106842041016,4264.1123046875
2778,105.3677978515625,-6.122517108917236,-3.7149455547332764,4265.64501953125
2779,105.2475814819336,-6.130198955535889,-2.18424391746521,4267.1806640625
2780,105.12793731689453,-6.136350631713867,-0.6511723399162292,4268.71826171875
2781,105.00914001464844,-6.144009590148926,0.8840025067329407,4270.2578125
2782,104.89104461669922,-6.152102947235107,2.421018362045288,4271.79931640625
2783,104.7730484008789,-6.161863803863525,3.959366798400879,4273.34228515625
2784,104.65557098388672,-6.174102783203125,5.498268127441406,4274.8857421875
2785,104.53944396972656,-6.182971000671387,7.037562847137451,4276.4296875
2786,104.42437744140625,-6.192805290222168,8.577486991882324,4277.97412109375
2787,104.31082916259766,-6.201101779937744,10.117436408996582,4279.51806640625
2788,104.19908905029297,-6.212097644805908,11.657085418701172,4281.06201171875
2789,104.08859252929688,-6.220895290374756,13.196246147155762,4282.60498046875
2790,103.97909545898438,-6.228878974914551,14.73496150970459,4284.1474609375
2791,103.87010955810547,-6.238006114959717,16.273298263549805,4285.689453125
2792,103.76194763183594,-6.246313095092773,17.811077117919922,4287.23095703125
2793,103.65530395507812,-6.258293628692627,19.348388671875,4288.77197265625
2794,103.55035400390625,-6.26494836807251,20.884737014770508,4290.31201171875
2795,103.44622802734375,-6.275152683258057,22.420881271362305,4291.8515625
2796,103.34243774414062,-6.281635761260986,23.956314086914062,4293.390625
2797,103.23921966552734,-6.293857097625732,25.491422653198242,4294.92919921875
2798,103.1371078491211,-6.30629825592041,27.02562141418457,4296.466796875
2799,103.03556060791016,-6.315666675567627,28.559162139892578,4298.00390625
2800,102.93460845947266,-6.321417808532715,30.09181785583496,4299.5400390625
2801,102.83431243896484,-6.323294162750244,31.623624801635742,4301.0751953125
2802,102.73464965820312,-6.323014259338379,33.15470886230469,4302.609375
2803,102.63568878173828,-6.323393821716309,34.685096740722656,4304.14306640625
2804,102.53751373291016,-6.327297687530518,36.214805603027344,4305.67578125
2805,102.43983459472656,-6.334031105041504,37.7437629699707,4307.2080078125
2806,102.3425521850586,-6.342016696929932,39.27198028564453,4308.7392578125
2807,102.24543762207031,-6.351656436920166,40.79957580566406,4310.27001953125
2808,102.1487808227539,-6.362257957458496,42.32672119140625,4311.80029296875
2809,102.05255889892578,-6.373664855957031,43.85334396362305,4313.330078125
2810,101.95677185058594,-6.386624813079834,45.379459381103516,4314.859375
2811,101.86149597167969,-6.399393558502197,46.90512466430664,4316.38818359375
2812,101.76665496826172,-6.411755561828613,48.43036651611328,4317.91650390625
2813,101.6719970703125,-6.424508094787598,49.95513916015625,4319.4443359375
2814,101.57746887207031,-6.436017036437988,51.479393005371094,4320.9716796875
2815,101.48319244384766,-6.447530269622803,53.003238677978516,4322.49853515625
2816,101.38898468017578,-6.458683967590332,54.52662658691406,4324.02490234375
2817,101.29451751708984,-6.470067024230957,56.049537658691406,4325.55078125
2818,101.1993637084961,-6.481565475463867,57.57191848754883,4327.076171875
2819,101.10336303710938,-6.493362903594971,59.09381103515625,4328.60107421875
2820,101.00639343261719,-6.505084991455078,60.61520767211914,4330.12548828125
2821,100.90821838378906,-6.515894412994385,62.1358757019043,4331.6494140625
2822,100.80818939208984,-6.527022361755371,63.654518127441406,4333.17138671875
2823,100.70508575439453,-6.5365824699401855,65.17523193359375,4334.69580078125
2824,100.59857940673828,-6.547914505004883,66.6993637084961,4336.2236328125
2825,100.48944091796875,-6.559110641479492,68.22430419921875,4337.75244140625
2826,100.37763977050781,-6.57065486907959,69.75019836425781,4339.28271484375
2827,100.26417541503906,-6.582833766937256,71.27713012695312,4340.81396484375
2828,100.14935302734375,-6.594578266143799,72.80525970458984,4342.3466796875
2829,100.03357696533203,-6.60703182220459,74.33478546142578,4343.880859375
2830,99.91735076904297,-6.617410659790039,75.86576080322266,4345.41650390625
2831,99.80084228515625,-6.626643657684326,77.39839935302734,4346.95361328125
2832,99.68436431884766,-6.635034561157227,78.9327392578125,4348.4921875
2833,99.56782531738281,-6.6422600746154785,80.46858978271484,4350.03271484375
2834,99.45133209228516,-6.650118827819824,82.00626373291016,4351.57470703125
2835,99.33477020263672,-6.6576762199401855,83.5458984375,4353.11865234375
2836,99.2179946899414,-6.667477130889893,85.08763885498047,4354.6650390625
2837,99.10111999511719,-6.676787376403809,86.63140106201172,4356.21337890625
2838,98.98339080810547,-6.688152313232422,88.17732238769531,4357.763671875
2839,98.8651351928711,-6.698562145233154,89.7251968383789,4359.31591796875
2840,98.74618530273438,-6.708816051483154,91.27513122558594,4360.87060546875
2841,98.62686920166016,-6.718145847320557,92.82717895507812,4362.42724609375
2842,98.50719451904297,-6.725983619689941,94.38127899169922,4363.98583984375
2843,98.38677215576172,-6.7353644371032715,95.93746185302734,4365.546875
2844,98.26573944091797,-6.745401382446289,97.49578857421875,4367.10986328125
2845,98.14378356933594,-6.7570295333862305,99.05622100830078,4368.67529296875
2846,98.02035522460938,-6.769498825073242,100.6185531616211,4370.24267578125
2847,97.89508819580078,-6.781975269317627,102.18295288085938,4371.81201171875
2848,97.76802062988281,-6.792313098907471,103.74932861328125,4373.3837890625
2849,97.63923645019531,-6.803591251373291,105.31776428222656,4374.95751953125
2850,97.5150146484375,-6.813212871551514,106.8132553100586,4376.4580078125
2851,97.389404296875,-6.822409629821777,108.31057739257812,4377.96044921875
2852,97.26289367675781,-6.831742286682129,109.80968475341797,4379.46484375
2853,97.13630676269531,-6.840107440948486,111.31061553955078,4380.97119140625
2854,97.00933837890625,-6.8492584228515625,112.81340026855469,4382.4794921875
2855,96.88138580322266,-6.858037948608398,114.31784057617188,4383.9892578125
2856,96.75248718261719,-6.867434501647949,115.82381439208984,4385.5009765625
2857,96.62290954589844,-6.877464771270752,117.33126068115234,4387.01416015625
2858,96.49247741699219,-6.887120246887207,118.84017181396484,4388.52880859375
2859,96.36138916015625,-6.896678447723389,120.35060119628906,4390.044921875
2860,96.22982025146484,-6.906707763671875,121.86259460449219,4391.5625
2861,96.09767150878906,-6.917909145355225,123.37611389160156,4393.08203125
2862,95.96488189697266,-6.93000602722168,124.89115142822266,4394.60302734375
2863,95.83146667480469,-6.942474365234375,126.40765380859375,4396.12548828125
2864,95.69760131835938,-6.953800678253174,127.92559814453125,4397.6494140625
2865,95.56327819824219,-6.964528560638428,129.44508361816406,4399.1748046875
2866,95.4288101196289,-6.974206924438477,130.96604919433594,4400.70166015625
2867,95.29373931884766,-6.983187198638916,132.48837280273438,4402.22998046875
2868,95.15815734863281,-6.992496490478516,134.0121307373047,4403.759765625
2869,95.0224838256836,-7.000557899475098,135.53736877441406,4405.291015625
2870,94.88636016845703,-7.009542465209961,137.06396484375,4406.82373046875
2871,94.74910736083984,-7.020410060882568,138.59197998046875,4408.35791015625
2872,94.61113739013672,-7.030758857727051,140.12135314941406,4409.8935546875
2873,94.47248077392578,-7.041683673858643,141.6520538330078,4411.4306640625
2874,94.33306884765625,-7.052985191345215,143.18417358398438,4412.96923828125
2875,94.19275665283203,-7.062994956970215,144.71766662597656,4414.50927734375
2876,94.05170440673828,-7.074545383453369,146.2525634765625,4416.05078125
2877,93.90962982177734,-7.085493087768555,147.7887420654297,4417.59375
2878,93.76656341552734,-7.09619665145874,149.3262939453125,4419.13818359375
2879,93.6227035522461,-7.107296466827393,150.865234375,4420.68408203125
2880,93.47844696044922,-7.118145942687988,152.40553283691406,4422.23095703125
2881,93.33358764648438,-7.1298980712890625,153.94725036621094,4423.779296875
2882,93.18816375732422,-7.139813423156738,155.49020385742188,4425.3291015625
2883,93.04235076904297,-7.1501030921936035,157.03456115722656,4426.88037109375
2884,92.89614868164062,-7.159398078918457,158.57997131347656,4428.4326171875
2885,92.7498550415039,-7.168489456176758,160.12643432617188,4429.98583984375
2886,92.60320281982422,-7.178218841552734,161.6738739013672,4431.5400390625
2887,92.45647430419922,-7.186950206756592,163.2222900390625,4433.09521484375
2888,92.30928039550781,-7.197413444519043,164.77182006835938,4434.65185546875
2889,92.16188049316406,-7.207894802093506,166.3221435546875,4436.208984375
2890,92.0141372680664,-7.220400333404541,167.8731231689453,4437.76708984375
2891,91.86629486083984,-7.232198715209961,169.42462158203125,4439.32568359375
2892,91.71833801269531,-7.243933200836182,170.9767303466797,4440.884765625
2893,91.57012939453125,-7.254890441894531,172.5293426513672,4442.4443359375
2894,91.42132568359375,-7.264621257781982,174.08242797851562,4444.00439453125
2895,91.27227020263672,-7.274662971496582,175.63601684570312,4445.56494140625
2896,91.12307739257812,-7.28333044052124,177.19007873535156,4447.1259765625
2897,90.97371673583984,-7.293093204498291,178.74456787109375,4448.6875
2898,90.82413482666016,-7.301793575286865,180.2994842529297,4450.24951171875
2899,90.67424774169922,-7.311095237731934,181.85484313964844,4451.81201171875
2900,90.52410125732422,-7.320615291595459,183.41062927246094,4453.375
2901,90.373779296875,-7.3298234939575195,184.9668426513672,4454.9384765625
2902,90.22301483154297,-7.340063571929932,186.52345275878906,4456.50244140625
2903,90.07199096679688,-7.349076747894287,188.08045959472656,4458.06689453125
2904,89.92060852050781,-7.358686447143555,189.63677978515625,4459.63037109375
2905,89.7685317993164,-7.36789608001709,191.19097900390625,4461.19189453125
2906,89.6153793334961,-7.376715660095215,192.747802734375,4462.75634765625
2907,89.4614486694336,-7.386758804321289,194.30523681640625,4464.3212890625
2908,89.30758666992188,-7.3957929611206055,195.8631591796875,4465.88671875
2909,89.15379333496094,-7.406243801116943,197.4217987060547,4467.453125
2910,89.00007629394531,-7.4155473709106445,198.98098754882812,4469.02001953125
2911,88.84659576416016,-7.4246625900268555,200.540771484375,4470.58740234375
2912,88.69316864013672,-7.433195114135742,202.1011505126953,4472.1552734375
2913,88.539794921875,-7.440893173217773,203.66207885742188,4473.7236328125
2914,88.38626098632812,-7.448785781860352,205.22354125976562,4475.29248046875
2915,88.23258209228516,-7.456767559051514,206.78555297851562,4476.8623046875
2916,88.07867431640625,-7.463972568511963,208.34808349609375,4478.4326171875
2917,87.92446899414062,-7.472072124481201,209.91131591796875,4480.00341796875
2918,87.77017211914062,-7.48012638092041,211.47528076171875,4481.5751953125
2919,87.61580657958984,-7.488776683807373,213.0400390625,4483.1474609375
2920,87.46127319335938,-7.497483730316162,214.60556030273438,4484.720703125
2921,87.3064193725586,-7.507432460784912,216.17166137695312,4486.29443359375
2922,87.15140533447266,-7.517789840698242,217.73805236816406,4487.86865234375
2923,86.99633026123047,-7.528347015380859,219.30482482910156,4489.443359375
2924,86.8410873413086,-7.538517475128174,220.8717803955078,4491.01806640625
2925,86.68536376953125,-7.548070430755615,222.43896484375,4492.5927734375
2926,86.52973175048828,-7.556427001953125,224.0064697265625,4494.16796875
2927,86.3740005493164,-7.565627098083496,225.5741729736328,4495.74365234375
2928,86.21820831298828,-7.5744733810424805,227.14215087890625,4497.3193359375
2929,86.0626449584961,-7.583499431610107,228.71041870117188,4498.8955078125
2930,85.9072265625,-7.593506813049316,230.27902221679688,4500.4716796875
2931,85.75199127197266,-7.603273391723633,231.84780883789062,4502.04833984375
2932,85.59658813476562,-7.61386251449585,233.41690063476562,4503.625
2933,85.44121551513672,-7.623617172241211,234.9862060546875,4505.2021484375
2934,85.28582000732422,-7.633915424346924,236.55577087402344,4506.779296875
2935,85.13042449951172,-7.6436920166015625,238.12557983398438,4508.35693359375
2936,84.97506713867188,-7.652794361114502,239.69564819335938,4509.9345703125
2937,84.81950378417969,-7.661370754241943,241.26580810546875,4511.51220703125
2938,84.66400146484375,-7.670470237731934,242.8365478515625,4513.0908203125
2939,84.51594543457031,-7.678437232971191,244.32952880859375,4514.59130859375
2940,84.3678207397461,-7.687239170074463,245.82351684570312,4516.0927734375
2941,84.21953582763672,-7.6961350440979,247.31849670410156,4517.59521484375
2942,84.07086944580078,-7.704418659210205,248.81451416015625,4519.0986328125
2943,83.92202758789062,-7.71311092376709,250.31182861328125,4520.603515625
2944,83.77288818359375,-7.720954895019531,251.810302734375,4522.109375
2945,83.62361145019531,-7.729037284851074,253.31002807617188,4523.61669921875
2946,83.47393798828125,-7.737565994262695,254.81100463867188,4525.125
2947,83.3241195678711,-7.745604991912842,256.31329345703125,4526.634765625
2948,83.1740951538086,-7.754245758056641,257.8168029785156,4528.14599609375
2949,83.02366638183594,-7.762263298034668,259.321533203125,4529.658203125
2950,82.8730239868164,-7.769923210144043,260.82757568359375,4531.171875
2951,82.72221374511719,-7.778713703155518,262.3350524902344,4532.68701171875
2952,82.5713119506836,-7.787243843078613,263.8437194824219,4534.203125
2953,82.42021179199219,-7.796902656555176,265.35369873046875,4535.720703125
2954,82.26917266845703,-7.805058002471924,266.8650207519531,4537.23974609375
2955,82.1182632446289,-7.8134260177612305,268.3777770996094,4538.76025390625
2956,81.96717834472656,-7.822800636291504,269.891845703125,4540.28173828125
2957,81.81587982177734,-7.831839561462402,271.4071960449219,4541.8046875
2958,81.66463470458984,-7.840256214141846,272.923828125,4543.3291015625
2959,81.51339721679688,-7.848194599151611,274.44183349609375,4544.8544921875
2960,81.36241149902344,-7.855902671813965,275.9612121582031,4546.38134765625
2961,81.21172332763672,-7.864276885986328,277.48199462890625,4547.90966796875
2962,81.0610580444336,-7.87382698059082,279.0041198730469,4549.439453125
2963,80.91085052490234,-7.882540225982666,280.52752685546875,4550.97021484375
2964,80.7608642578125,-7.891695499420166,282.0523986816406,4552.50244140625
2965,80.61122131347656,-7.900566101074219,283.57861328125,4554.0361328125
2966,80.46192169189453,-7.909445762634277,285.1062316894531,4555.5712890625
2967,80.31288146972656,-7.919104099273682,286.6352233886719,4557.107421875
2968,80.16416931152344,-7.927481174468994,288.1654968261719,4558.64501953125
2969,80.01579284667969,-7.935815811157227,289.6971435546875,4560.18408203125
2970,79.86761474609375,-7.943389415740967,291.2300720214844,4561.72412109375
2971,79.71995544433594,-7.95082950592041,292.764404296875,4563.265625
2972,79.5726318359375,-7.95867919921875,294.30010986328125,4564.80859375
2973,79.42560577392578,-7.966768264770508,295.83709716796875,4566.3525390625
2974,79.27918243408203,-7.975541591644287,297.37542724609375,4567.89794921875
2975,79.1330795288086,-7.984138488769531,298.9151306152344,4569.44482421875
2976,78.98756408691406,-7.993069648742676,300.4562072753906,4570.99267578125
2977,78.84225463867188,-8.001764297485352,301.9985656738281,4572.5419921875
2978,78.6973648071289,-8.009989738464355,303.542236328125,4574.09228515625
2979,78.55265045166016,-8.018106460571289,305.0872802734375,4575.64404296875
2980,78.4079360961914,-8.026023864746094,306.63360595703125,4577.197265625
2981,78.26353454589844,-8.034445762634277,308.1812438964844,4578.75146484375
2982,78.11949157714844,-8.04274845123291,309.730224609375,4580.30712890625
2983,77.9756851196289,-8.05215835571289,311.28057861328125,4581.8642578125
2984,77.83203887939453,-8.061530113220215,312.83221435546875,4583.42236328125
2985,77.6885757446289,-8.071625709533691,314.3851318359375,4584.98193359375
2986,77.54549407958984,-8.08095645904541,315.9394226074219,4586.54296875
2987,77.4024658203125,-8.090132713317871,317.4950256347656,4588.10498046875
2988,77.25973510742188,-8.09850025177002,319.0519104003906,4589.66845703125
2989,77.11720275878906,-8.106592178344727,320.6100769042969,4591.2333984375
2990,76.97467041015625,-8.11417007446289,322.16949462890625,4592.79931640625
2991,76.8318862915039,-8.12181568145752,323.73016357421875,4594.36669921875
2992,76.68909454345703,-8.129419326782227,325.2921142578125,4595.93505859375
2993,76.5460205078125,-8.137657165527344,326.85528564453125,4597.5048828125
2994,76.40267944335938,-8.146021842956543,328.4196472167969,4599.07568359375
2995,76.25907897949219,-8.154744148254395,329.9852600097656,4600.64794921875
2996,76.115234375,-8.162436485290527,331.5520935058594,4602.22119140625
2997,75.97124481201172,-8.170435905456543,333.1201477050781,4603.7958984375
2998,75.8270263671875,-8.178508758544922,334.689453125,4605.3720703125
2999,75.6829605102539,-8.186626434326172,336.26007080078125,4606.94921875
3000,75.53913116455078,-8.195430755615234,337.8319396972656,4608.52783203125
3001,75.39519500732422,-8.203756332397461,339.40496826171875,4610.107421875
3002,75.25144958496094,-8.212625503540039,340.9793395996094,4611.6884765625
3003,75.1078109741211,-8.220487594604492,342.5549011230469,4613.2705078125
3004,74.96443176269531,-8.22929859161377,344.1317443847656,4614.85400390625
3005,74.82842254638672,-8.236785888671875,345.6266784667969,4616.35498046875
3006,74.69254302978516,-8.244707107543945,347.122802734375,4617.857421875
3007,74.55659484863281,-8.253228187561035,348.62005615234375,4619.36083984375
3008,74.42050170898438,-8.261767387390137,350.11834716796875,4620.865234375
3009,74.28429412841797,-8.270886421203613,351.6177978515625,4622.37109375
3010,74.14759826660156,-8.278911590576172,353.1182556152344,4623.8779296875
3011,74.0103759765625,-8.287040710449219,354.61981201171875,4625.3857421875
3012,73.87245178222656,-8.294401168823242,356.12237548828125,4626.89453125
3013,73.73387145996094,-8.302094459533691,357.6260070800781,4628.40478515625
3014,73.59468078613281,-8.310687065124512,359.1307373046875,4629.916015625
3015,73.45513916015625,-8.319729804992676,360.6364440917969,4631.42822265625
3016,73.3155517578125,-8.329569816589355,362.143310546875,4632.94140625
3017,73.17537689208984,-8.339363098144531,363.6512451171875,4634.4560546875
3018,73.03511047363281,-8.348966598510742,365.1602783203125,4635.9716796875
3019,72.8944320678711,-8.358651161193848,366.67034912109375,4637.48828125
3020,72.7536392211914,-8.367197036743164,368.1814880371094,4639.005859375
3021,72.61266326904297,-8.375985145568848,369.6937561035156,4640.52490234375
3022,72.47152709960938,-8.384160995483398,371.20709228515625,4642.044921875
3023,72.33026123046875,-8.39239501953125,372.72149658203125,4643.56591796875
3024,72.18844604492188,-8.400688171386719,374.2369079589844,4645.087890625
3025,72.04647827148438,-8.408649444580078,375.7533874511719,4646.61083984375
3026,71.90396881103516,-8.416868209838867,377.2709045410156,4648.13525390625
3027,71.76073455810547,-8.42480182647705,378.7894287109375,4649.66064453125
3028,71.61681365966797,-8.432842254638672,380.3089599609375,4651.18701171875
3029,71.47232055664062,-8.441641807556152,381.82958984375,4652.71435546875
3030,71.3273696899414,-8.450912475585938,383.3512268066406,4654.24267578125
3031,71.18225860595703,-8.461228370666504,384.87396240234375,4655.7724609375
3032,71.0373306274414,-8.4710111618042,386.39776611328125,4657.30322265625
3033,70.89257049560547,-8.480047225952148,387.9226379394531,4658.8349609375
3034,70.74758911132812,-8.487927436828613,389.448486328125,4660.36767578125
3035,70.60247039794922,-8.495378494262695,390.9754943847656,4661.9013671875
3036,70.45700073242188,-8.503175735473633,392.5035400390625,4663.4365234375
3037,70.3116226196289,-8.51193618774414,394.0326232910156,4664.97265625
3038,70.16602325439453,-8.521417617797852,395.56280517578125,4666.509765625
3039,70.01998901367188,-8.530513763427734,397.0941162109375,4668.0478515625
3040,69.87384033203125,-8.539777755737305,398.62664794921875,4669.58740234375
3041,69.72727966308594,-8.548577308654785,400.160400390625,4671.12841796875
3042,69.58011627197266,-8.556822776794434,401.6953430175781,4672.67041015625
3043,69.43276977539062,-8.5648775100708,403.23150634765625,4674.2138671875
3044,69.28495788574219,-8.572710037231445,404.7688903808594,4675.75830078125
3045,69.13677978515625,-8.580230712890625,406.30743408203125,4677.30419921875
3046,68.98834991455078,-8.58792781829834,407.8470153808594,4678.85107421875
3047,68.83931732177734,-8.59549331665039,409.3874816894531,4680.39892578125
3048,68.69029235839844,-8.603386878967285,410.92877197265625,4681.947265625
3049,68.54087829589844,-8.611912727355957,412.470947265625,4683.49658203125
3050,68.39069366455078,-8.619954109191895,414.0138244628906,4685.046875
3051,68.23999786376953,-8.628729820251465,415.5576171875,4686.59814453125
3052,68.08866119384766,-8.637290954589844,417.1020812988281,4688.14990234375
3053,67.93669128417969,-8.64565372467041,418.6473693847656,4689.70263671875
3054,67.78398132324219,-8.653717041015625,420.193359375,4691.25634765625
3055,67.63070678710938,-8.660882949829102,421.74005126953125,4692.810546875
3056,67.4769287109375,-8.668981552124023,423.2872619628906,4694.365234375
3057,67.32255554199219,-8.67739486694336,424.8343505859375,4695.919921875
3058,67.1678466796875,-8.686702728271484,426.3811340332031,4697.474609375
3059,67.01271057128906,-8.695941925048828,427.9272155761719,4699.0283203125
3060,66.85740661621094,-8.705315589904785,429.47259521484375,4700.58154296875
3061,66.7018051147461,-8.71563720703125,431.01708984375,4702.1337890625
3062,66.54617309570312,-8.725372314453125,432.5606689453125,4703.68505859375
3063,66.39103698730469,-8.73604965209961,434.1033935546875,4705.23583984375
3064,66.23593139648438,-8.745182037353516,435.6451110839844,4706.78515625
3065,66.08137512207031,-8.754371643066406,437.1860656738281,4708.333984375
3066,65.92739868164062,-8.764107704162598,438.7261047363281,4709.8818359375
3067,65.77388000488281,-8.773043632507324,440.26513671875,4711.4287109375
3068,65.62079620361328,-8.782304763793945,441.8033142089844,4712.974609375
3069,65.46785736083984,-8.790905952453613,443.34051513671875,4714.51953125
3070,65.3150863647461,-8.798785209655762,444.8766784667969,4716.0634765625
3071,65.16236114501953,-8.806818008422852,446.4118347167969,4717.6064453125
3072,65.00967407226562,-8.814062118530273,447.94598388671875,4719.1484375
3073,64.85724639892578,-8.821855545043945,449.47918701171875,4720.689453125
3074,64.70508575439453,-8.829907417297363,451.01141357421875,4722.22900390625
3075,64.55308532714844,-8.838500022888184,452.5426330566406,4723.767578125
3076,64.40155029296875,-8.846912384033203,454.07281494140625,4725.30517578125
3077,64.25057983398438,-8.856108665466309,455.6021423339844,4726.841796875
3078,64.09928894042969,-8.8651123046875,457.1304626464844,4728.37744140625
3079,63.94829177856445,-8.874130249023438,458.6578063964844,4729.912109375
3080,63.79764938354492,-8.883820533752441,460.1841735839844,4731.44580078125
3081,63.646888732910156,-8.891800880432129,461.7095031738281,4732.978515625
3082,63.496299743652344,-8.900500297546387,463.2340087890625,4734.51025390625
3083,63.34587097167969,-8.908744812011719,464.7574462890625,4736.041015625
3084,63.19573974609375,-8.917437553405762,466.2799377441406,4737.57080078125
3085,63.04584503173828,-8.92587661743164,467.80145263671875,4739.099609375
3086,62.89640426635742,-8.934418678283691,469.3221435546875,4740.62744140625
3087,62.74710464477539,-8.943451881408691,470.84185791015625,4742.154296875
3088,62.59791564941406,-8.952381134033203,472.36053466796875,4743.68017578125
3089,62.448890686035156,-8.961997032165527,473.87860107421875,4745.20556640625
3090,62.29971694946289,-8.970710754394531,475.3958740234375,4746.72998046875
3091,62.15118408203125,-8.97951602935791,476.9124450683594,4748.25390625
3092,62.0025520324707,-8.988350868225098,478.4283447265625,4749.77734375
3093,61.853782653808594,-8.995996475219727,479.9435119628906,4751.2998046875
3094,61.70553970336914,-9.004311561584473,481.4580993652344,4752.82177734375
3095,61.55744552612305,-9.011951446533203,482.97186279296875,4754.3427734375
3096,61.409568786621094,-9.019314765930176,484.4850158691406,4755.86328125
3097,61.26176834106445,-9.02608871459961,485.9974365234375,4757.3828125
3098,61.113895416259766,-9.032807350158691,487.5091247558594,4758.90185546875
3099,60.966064453125,-9.039891242980957,489.0201721191406,4760.419921875
3100,60.81802749633789,-9.046838760375977,490.53045654296875,4761.9375
3101,60.66984939575195,-9.054238319396973,492.0400085449219,4763.45458984375
3102,60.521209716796875,-9.062599182128906,493.548828125,4764.970703125
3103,60.37205123901367,-9.069621086120605,495.056884765625,4766.486328125
3104,60.22314453125,-9.07862377166748,496.56439208984375,4768.0009765625
3105,60.073787689208984,-9.08626937866211,498.0710754394531,4769.51513671875
3106,59.92405700683594,-9.094564437866211,499.5771179199219,4771.02880859375
3107,59.77430725097656,-9.103375434875488,501.08251953125,4772.54150390625
3108,59.62440872192383,-9.111591339111328,502.58721923828125,4774.0537109375
3109,59.474456787109375,-9.119959831237793,504.0912780761719,4775.5654296875
3110,59.324737548828125,-9.126869201660156,505.5946044921875,4777.076171875
3111,59.17517852783203,-9.134345054626465,507.0975341796875,4778.58642578125
3112,59.025638580322266,-9.14116096496582,508.5999450683594,4780.09619140625
3113,58.87626647949219,-9.148247718811035,510.1023254394531,4781.60595703125
3114,58.727134704589844,-9.155540466308594,511.6042785644531,4783.115234375
3115,58.57831954956055,-9.162845611572266,513.1061401367188,4784.62451171875
3116,58.42938995361328,-9.17054557800293,514.6079711914062,4786.1337890625
3117,58.27996826171875,-9.178332328796387,516.1098022460938,4787.64306640625
3118,58.13020706176758,-9.186577796936035,517.611572265625,4789.15234375
3119,57.98048782348633,-9.19456958770752,519.1131591796875,4790.6611328125
3120,57.83055877685547,-9.202950477600098,520.6143188476562,4792.169921875
3121,57.680423736572266,-9.211017608642578,522.1150512695312,4793.67822265625
3122,57.53043746948242,-9.219082832336426,523.6157836914062,4795.1865234375
3123,57.38046646118164,-9.227140426635742,525.1165161132812,4796.69482421875
3124,57.23051834106445,-9.235562324523926,526.6172485351562,4798.203125
3125,57.08047103881836,-9.243478775024414,528.1179809570312,4799.71142578125
3126,56.93059539794922,-9.25230598449707,529.6187133789062,4801.2197265625
3127,56.7806396484375,-9.260531425476074,531.1194458007812,4802.72802734375
3128,56.63071060180664,-9.268686294555664,532.6201782226562,4804.236328125
3129,56.48079299926758,-9.2767333984375,534.1209106445312,4805.74462890625
3130,56.33056640625,-9.284072875976562,535.6216430664062,4807.2529296875
3131,56.180580139160156,-9.291443824768066,537.1223754882812,4808.76123046875
3132,56.030479431152344,-9.299673080444336,538.6231079101562,4810.26953125
3133,55.879981994628906,-9.307869911193848,540.1238403320312,4811.77783203125
3134,55.73018264770508,-9.317084312438965,541.6245727539062,4813.2861328125
3135,55.58034133911133,-9.327035903930664,543.1253051757812,4814.79443359375
3136,55.430511474609375,-9.336737632751465,544.6259765625,4816.302734375
3137,55.280818939208984,-9.346246719360352,546.1263427734375,4817.810546875
3138,55.13102340698242,-9.355703353881836,547.6268920898438,4819.31884765625
3139,54.98102569580078,-9.364335060119629,549.1268310546875,4820.826171875
3140,54.8311767578125,-9.372774124145508,550.626953125,4822.333984375
3141,54.68147277832031,-9.380115509033203,552.1265869140625,4823.84130859375
3142,54.531471252441406,-9.387316703796387,553.626220703125,4825.3486328125
3143,54.38087844848633,-9.393576622009277,555.1258544921875,4826.85595703125
3144,54.23061752319336,-9.400999069213867,556.62548828125,4828.36328125
3145,54.08004379272461,-9.40969467163086,558.1251220703125,4829.87060546875
3146,53.928916931152344,-9.417831420898438,559.624755859375,4831.3779296875
3147,53.77760696411133,-9.426878929138184,561.1243896484375,4832.88525390625
3148,53.62614822387695,-9.434625625610352,562.6240234375,4834.392578125
3149,53.47465133666992,-9.442804336547852,564.1228637695312,4835.89892578125
3150,53.32276153564453,-9.449789047241211,565.6213989257812,4837.4052734375
3151,53.1708869934082,-9.457666397094727,567.119140625,4838.91064453125
3152,53.01938247680664,-9.465866088867188,568.6165771484375,4840.416015625
3153,52.86854934692383,-9.475187301635742,570.11328125,4841.92041015625
3154,52.71832275390625,-9.483589172363281,571.609619140625,4843.42431640625
3155,52.56856155395508,-9.491938591003418,573.105224609375,4844.92724609375
3156,52.418312072753906,-9.499028205871582,574.6004638671875,4846.43017578125
3157,52.26839065551758,-9.507137298583984,576.0948486328125,4847.93212890625
3158,52.1185302734375,-9.51512336730957,577.5884399414062,4849.43310546875
3159,51.968345642089844,-9.52346420288086,579.0811767578125,4850.93359375
3160,51.809505462646484,-9.53173542022705,580.6559448242188,4852.5166015625
3161,51.6510124206543,-9.540699005126953,582.2296142578125,4854.09814453125
3162,51.493316650390625,-9.54948902130127,583.8023681640625,4855.6787109375
3163,51.33598709106445,-9.557628631591797,585.374267578125,4857.25830078125
3164,51.17868423461914,-9.565814971923828,586.9452514648438,4858.83740234375
3165,51.0213623046875,-9.574300765991211,588.5150756835938,4860.4150390625
3166,50.864097595214844,-9.5820894241333,590.0835571289062,4861.9912109375
3167,50.70683670043945,-9.590964317321777,591.6508178710938,4863.56640625
3168,50.54901885986328,-9.598590850830078,593.216796875,4865.14013671875
3169,50.39140319824219,-9.607175827026367,594.7815551757812,4866.712890625
3170,50.233699798583984,-9.615147590637207,596.3451538085938,4868.2841796875
3171,50.07659149169922,-9.623336791992188,597.9074096679688,4869.8544921875
3172,49.91964340209961,-9.631424903869629,599.4686279296875,4871.423828125
3173,49.763397216796875,-9.639705657958984,601.028564453125,4872.99169921875
3174,49.608642578125,-9.648664474487305,602.58740234375,4874.55810546875
3175,49.454933166503906,-9.658365249633789,604.1452026367188,4876.12353515625
3176,49.302608489990234,-9.668057441711426,605.7019653320312,4877.68798828125
3177,49.15186309814453,-9.677899360656738,607.257568359375,4879.2509765625
3178,49.00233840942383,-9.687881469726562,608.812255859375,4880.81298828125
3179,48.853553771972656,-9.696915626525879,610.365966796875,4882.3740234375
3180,48.70624923706055,-9.706680297851562,611.9185180664062,4883.93359375
3181,48.56024932861328,-9.715764999389648,613.4699096679688,4885.49169921875
3182,48.415283203125,-9.724051475524902,615.0203857421875,4887.048828125
3183,48.27127456665039,-9.733107566833496,616.56982421875,4888.60498046875
3184,48.12826156616211,-9.74146556854248,618.1179809570312,4890.15966796875
3185,47.98664093017578,-9.752044677734375,619.6653442382812,4891.71337890625
3186,47.84502410888672,-9.760947227478027,621.21142578125,4893.26611328125
3187,47.70416259765625,-9.770442962646484,622.756591796875,4894.81787109375
3188,47.56342315673828,-9.77932071685791,624.300537109375,4896.3681640625
3189,47.422916412353516,-9.78809928894043,625.8433837890625,4897.91748046875
3190,47.28310775756836,-9.796744346618652,627.38525390625,4899.4658203125
3191,47.1438102722168,-9.804566383361816,628.92578125,4901.0126953125
3192,47.005069732666016,-9.813283920288086,630.4652709960938,4902.55859375
3193,46.86677932739258,-9.820638656616211,632.003173828125,4904.1025390625
3194,46.72929000854492,-9.830121040344238,633.5401000976562,4905.6455078125
3195,46.592315673828125,-9.839350700378418,635.0755615234375,4907.18701171875
3196,46.45539855957031,-9.849503517150879,636.6094970703125,4908.72705078125
3197,46.318702697753906,-9.85815715789795,638.1422119140625,4910.265625
3198,46.18172836303711,-9.867104530334473,639.673583984375,4911.80322265625
3199,46.04490661621094,-9.876415252685547,641.2036743164062,4913.33935546875
3200,45.90791320800781,-9.884132385253906,642.7322387695312,4914.8740234375
3201,45.77052307128906,-9.893004417419434,644.2593994140625,4916.4072265625
3202,45.63264083862305,-9.900436401367188,645.7852172851562,4917.939453125
3203,45.49527359008789,-9.909554481506348,647.3097534179688,4919.47021484375
3204,45.35781478881836,-9.916983604431152,648.8328247070312,4920.99951171875
3205,45.220611572265625,-9.92622184753418,650.354736328125,4922.52734375
3206,45.0832633972168,-9.934162139892578,651.8746948242188,4924.0537109375
3207,44.94649887084961,-9.943757057189941,653.3933715820312,4925.57861328125
3208,44.80995559692383,-9.953011512756348,654.9105834960938,4927.10205078125
3209,44.67292404174805,-9.961536407470703,656.426025390625,4928.62353515625
3210,44.53611373901367,-9.971778869628906,657.93994140625,4930.1435546875
3211,44.39863967895508,-9.97983455657959,659.4521484375,4931.662109375
3212,44.260406494140625,-9.987687110900879,660.9627075195312,4933.17919921875
3213,44.12167739868164,-9.994662284851074,662.4716796875,4934.6943359375
3214,43.982303619384766,-10.001132011413574,663.9788818359375,4936.2080078125
3215,43.84232711791992,-10.007672309875488,665.4845581054688,4937.72021484375
3216,43.701541900634766,-10.015328407287598,666.988525390625,4939.23095703125
3217,43.55998611450195,-10.023839950561523,668.4910278320312,4940.740234375
3218,43.418190002441406,-10.032142639160156,669.9918212890625,4942.24755859375
3219,43.27614974975586,-10.041454315185547,671.4910278320312,4943.75341796875
3220,43.13328552246094,-10.049141883850098,672.9886474609375,4945.2578125
3221,42.990665435791016,-10.05731201171875,674.4849853515625,4946.7607421875
3222,42.84868621826172,-10.066154479980469,675.9796752929688,4948.26220703125
3223,42.69977569580078,-10.073824882507324,677.5513916015625,4949.8408203125
3224,42.55112838745117,-10.08244800567627,679.12158203125,4951.41796875
3225,42.40332794189453,-10.090502738952637,680.6900024414062,4952.9931640625
3226,42.25705337524414,-10.09919548034668,682.2570190429688,4954.56689453125
3227,42.111724853515625,-10.109268188476562,683.8225708007812,4956.13916015625
3228,41.96703338623047,-10.119494438171387,685.38671875,4957.7099609375
3229,41.8223762512207,-10.130814552307129,686.94921875,4959.279296875
3230,41.677433013916016,-10.141748428344727,688.5099487304688,4960.8466796875
3231,41.532379150390625,-10.1511869430542,690.069091796875,4962.41259765625
3232,41.387630462646484,-10.16105842590332,691.6267700195312,4963.97705078125
3233,41.242156982421875,-10.168766021728516,693.1825561523438,4965.53955078125
3234,41.09678268432617,-10.17796516418457,694.7364501953125,4967.10009765625
3235,40.95030975341797,-10.185466766357422,696.2877807617188,4968.658203125
3236,40.80342483520508,-10.192484855651855,697.8358764648438,4970.21337890625
3237,40.65599822998047,-10.19950008392334,699.3795166015625,4971.76416015625
3238,40.5082893371582,-10.206098556518555,700.9169921875,4973.30859375
3239,40.360260009765625,-10.212581634521484,702.4483032226562,4974.84716796875
3240,40.212520599365234,-10.21979808807373,703.973388671875,4976.37939453125
3241,40.064815521240234,-10.226015090942383,705.4923706054688,4977.90576171875
3242,39.91767120361328,-10.232772827148438,707.0052490234375,4979.42578125
3243,39.77098083496094,-10.239358901977539,708.51220703125,4980.93994140625
3244,39.625038146972656,-10.245415687561035,710.01318359375,4982.4482421875
3245,39.47972106933594,-10.251924514770508,711.5082397460938,4983.9501953125
3246,39.32720947265625,-10.258810043334961,713.0717163085938,4985.52099609375
3247,39.17507553100586,-10.265085220336914,714.628662109375,4987.08544921875
3248,39.02320098876953,-10.272305488586426,716.1791381835938,4988.6435546875
3249,38.870975494384766,-10.279052734375,717.72314453125,4990.1953125
3250,38.718597412109375,-10.286298751831055,719.2615356445312,4991.7412109375
3251,38.56655502319336,-10.294261932373047,720.7969970703125,4993.2841796875
3252,38.41353225708008,-10.30255126953125,722.3358764648438,4994.83056640625
3253,38.259063720703125,-10.310625076293945,723.8878173828125,4996.39013671875
3254,38.10508346557617,-10.318071365356445,725.4310302734375,4997.94091796875
3255,37.95207977294922,-10.325235366821289,726.9652709960938,4999.48291015625
3256,37.800537109375,-10.332426071166992,728.4912109375,5001.01611328125
3257,37.650142669677734,-10.340136528015137,730.0084838867188,5002.541015625
3258,37.5012321472168,-10.34876823425293,731.5174560546875,5004.05712890625
3259,37.35344314575195,-10.356483459472656,733.0179443359375,5005.56494140625
3260,37.1996955871582,-10.364334106445312,734.5808715820312,5007.13525390625
3261,37.04749298095703,-10.371058464050293,736.1347045898438,5008.69677734375
3262,36.89766311645508,-10.3771333694458,737.6797485351562,5010.2490234375
3263,36.7495002746582,-10.384485244750977,739.216064453125,5011.79248046875
3264,36.60234832763672,-10.391963005065918,740.7435302734375,5013.3271484375
3265,36.456275939941406,-10.40021800994873,742.2621459960938,5014.8525390625
3266,36.310794830322266,-10.406606674194336,743.7720336914062,5016.36962890625
3267,36.16667556762695,-10.413352012634277,745.2733764648438,5017.8779296875
3268,36.01615905761719,-10.418536186218262,746.8336181640625,5019.4453125
3269,35.8668327331543,-10.42361831665039,748.3845825195312,5021.00341796875
3270,35.71849822998047,-10.426283836364746,749.92626953125,5022.55224609375
3271,35.56981658935547,-10.427669525146484,751.4583740234375,5024.091796875
3272,35.42066955566406,-10.430230140686035,752.9813232421875,5025.6220703125
3273,35.270347595214844,-10.432238578796387,754.4951782226562,5027.1435546875
3274,35.12131881713867,-10.436638832092285,755.9998779296875,5028.65576171875
3275,34.97197723388672,-10.441184043884277,757.495849609375,5030.1591796875
3276,34.81704330444336,-10.445242881774902,759.0474853515625,5031.71875
3277,34.66376495361328,-10.451858520507812,760.58984375,5033.2685546875
3278,34.51039123535156,-10.456303596496582,762.1226196289062,5034.80908203125
3279,34.357261657714844,-10.463178634643555,763.6463012695312,5036.34033203125
3280,34.20319366455078,-10.467215538024902,765.1607055664062,5037.86279296875
3281,34.05009078979492,-10.473800659179688,766.6661376953125,5039.3759765625
3282,33.89658737182617,-10.477011680603027,768.1624145507812,5040.8798828125
3283,33.73679733276367,-10.481832504272461,769.7114868164062,5042.43701171875
3284,33.57707977294922,-10.485254287719727,771.2509765625,5043.98486328125
3285,33.41755676269531,-10.488519668579102,772.7808837890625,5045.52294921875
3286,33.25876235961914,-10.491728782653809,774.3012084960938,5047.0517578125
3287,33.099334716796875,-10.495672225952148,775.8123779296875,5048.5712890625
3288,32.939884185791016,-10.499004364013672,777.3141479492188,5050.08154296875
3289,32.77983856201172,-10.502580642700195,778.8064575195312,5051.58251953125
3290,32.61252975463867,-10.50794506072998,780.3489990234375,5053.13427734375
3291,32.44352340698242,-10.510414123535156,781.8815307617188,5054.67626953125
3292,32.27333450317383,-10.515406608581543,783.4043579101562,5056.20849609375
3293,32.10204315185547,-10.516796112060547,784.9172973632812,5057.73095703125
3294,31.92958641052246,-10.522445678710938,786.4209594726562,5059.24462890625
3295,31.754440307617188,-10.524086952209473,787.9148559570312,5060.7490234375
3296,31.569236755371094,-10.531785011291504,789.4561767578125,5062.30126953125
3297,31.377948760986328,-10.538119316101074,790.987060546875,5063.84423828125
3298,31.180620193481445,-10.545499801635742,792.5075073242188,5065.37744140625
3299,30.97726058959961,-10.552510261535645,794.017578125,5066.9013671875
3300,30.769079208374023,-10.557934761047363,795.517578125,5068.41552734375
3301,30.555280685424805,-10.564173698425293,797.0074462890625,5069.9208984375
3302,30.324695587158203,-10.569480895996094,798.5413818359375,5071.47216796875
3303,30.08600616455078,-10.575870513916016,800.0640869140625,5073.013671875
3304,29.83747673034668,-10.581001281738281,801.5755615234375,5074.54541015625
3305,29.579416275024414,-10.585326194763184,803.0755004882812,5076.0673828125
3306,29.31165313720703,-10.58951473236084,804.564208984375,5077.580078125
3307,29.033536911010742,-10.593441009521484,806.0414428710938,5079.08349609375
3308,28.733901977539062,-10.598923683166504,807.5590209960938,5080.63037109375
3309,28.421838760375977,-10.604927062988281,809.064208984375,5082.16748046875
3310,28.096904754638672,-10.610750198364258,810.5567016601562,5083.69482421875
3311,27.75975799560547,-10.617759704589844,812.0366821289062,5085.212890625
3312,27.40991973876953,-10.625809669494629,813.5042724609375,5086.7216796875
3313,27.034046173095703,-10.635783195495605,815.0089721679688,5088.27294921875
3314,26.64361000061035,-10.647000312805176,816.5003051757812,5089.814453125
3315,26.238426208496094,-10.659985542297363,817.9779663085938,5091.3466796875
3316,25.818378448486328,-10.67414379119873,819.4419555664062,5092.86962890625
3317,25.383148193359375,-10.689131736755371,820.8922119140625,5094.3837890625
3318,24.932966232299805,-10.705109596252441,822.3286743164062,5095.88916015625
3319,24.45256996154785,-10.721139907836914,823.7986450195312,5097.43603515625
3320,23.957134246826172,-10.736039161682129,825.2540283203125,5098.9736328125
3321,23.4471378326416,-10.750978469848633,826.6947631835938,5100.50244140625
3322,22.922945022583008,-10.765235900878906,828.1210327148438,5102.0224609375
3323,22.385234832763672,-10.779397964477539,829.5327758789062,5103.533203125
3324,21.833927154541016,-10.792771339416504,830.9296875,5105.03515625
3325,21.251230239868164,-10.806283950805664,832.3564453125,5106.57666015625
3326,20.65484046936035,-10.819769859313965,833.7683715820312,5108.109375
3327,20.042903900146484,-10.832941055297852,835.16748046875,5109.63671875
3328,19.415163040161133,-10.845993041992188,836.5540771484375,5111.1591796875
3329,18.770536422729492,-10.859292984008789,837.9277954101562,5112.6767578125
3330,18.108905792236328,-10.872398376464844,839.2884521484375,5114.18994140625
3331,17.430524826049805,-10.885998725891113,840.6357421875,5115.69873046875
3332,16.734697341918945,-10.900689125061035,841.968994140625,5117.203125
3333,15.999764442443848,-10.91628646850586,843.3296508789062,5118.75
3334,15.24682903289795,-10.929689407348633,844.6749267578125,5120.2919921875
3335,14.474761009216309,-10.944451332092285,846.00537109375,5121.83056640625
3336,13.683213233947754,-10.956771850585938,847.3218994140625,5123.3671875
3337,12.870586395263672,-10.968595504760742,848.624267578125,5124.90283203125
3338,12.03643798828125,-10.979305267333984,849.912109375,5126.4375
3339,11.178452491760254,-10.992374420166016,851.18505859375,5127.97314453125
3340,10.296210289001465,-11.001775741577148,852.4447631835938,5129.51171875
3341,9.388809204101562,-11.013675689697266,853.6913452148438,5131.05419921875
3342,8.457143783569336,-11.02376937866211,854.9254760742188,5132.60107421875
3343,7.528628826141357,-11.033287048339844,856.1102905273438,5134.10693359375
3344,6.5746846199035645,-11.042917251586914,857.2836303710938,5135.61962890625
3345,5.595335960388184,-11.050619125366211,858.445068359375,5137.1396484375
3346,4.589425563812256,-11.058805465698242,859.5938110351562,5138.6669921875
3347,3.556638240814209,-11.068350791931152,860.7311401367188,5140.2041015625
3348,2.495941638946533,-11.076725959777832,861.8577880859375,5141.75244140625
3349,1.4399514198303223,-11.086400032043457,862.9395141601562,5143.26513671875
3350,0.3557947874069214,-11.097002029418945,864.0136108398438,5144.7919921875
3351,-0.7578253149986267,-11.107855796813965,865.0798950195312,5146.33447265625
3352,-1.8639376163482666,-11.117912292480469,866.1032104492188,5147.84228515625
3353,-2.9973270893096924,-11.12876033782959,867.1166381835938,5149.36376953125
3354,-4.15860652923584,-11.138262748718262,868.1174926757812,5150.89794921875
3355,-5.347473621368408,-11.147558212280273,869.104248046875,5152.44384765625
3356,-6.521949768066406,-11.156269073486328,870.0435180664062,5153.94873046875
3357,-7.721540927886963,-11.16428279876709,870.966796875,5155.46337890625
3358,-8.945333480834961,-11.171899795532227,871.8741455078125,5156.98779296875
3359,-10.193613052368164,-11.179770469665527,872.7642211914062,5158.52197265625
3360,-11.466065406799316,-11.18450927734375,873.63671875,5160.06591796875
3361,-12.762622833251953,-11.189972877502441,874.49169921875,5161.6201171875
3362,-14.038278579711914,-11.197142601013184,875.2984619140625,5163.13037109375
3363,-15.337133407592773,-11.203546524047852,876.0858764648438,5164.650390625
3364,-16.659292221069336,-11.211871147155762,876.8528442382812,5166.18017578125
3365,-18.003786087036133,-11.218430519104004,877.60009765625,5167.7197265625
3366,-19.370840072631836,-11.22513484954834,878.3259887695312,5169.2685546875
3367,-20.710044860839844,-11.230188369750977,879.0046997070312,5170.77099609375
3368,-22.06965446472168,-11.234033584594727,879.6619873046875,5172.2822265625
3369,-23.449153900146484,-11.236461639404297,880.2975463867188,5173.80224609375
3370,-24.84799575805664,-11.239795684814453,880.9112548828125,5175.3310546875
3371,-26.266633987426758,-11.243880271911621,881.5004272460938,5176.86865234375
3372,-27.703989028930664,-11.249560356140137,882.0664672851562,5178.41455078125
3373,-29.160083770751953,-11.252317428588867,882.6072387695312,5179.96923828125
3374,-30.579124450683594,-11.255365371704102,883.1056518554688,5181.474609375
3375,-32.014286041259766,-11.258078575134277,883.5814819335938,5182.98828125
3376,-33.46548080444336,-11.261238098144531,884.032958984375,5184.509765625
3377,-34.9327278137207,-11.264910697937012,884.4588623046875,5186.0390625
3378,-36.41484069824219,-11.265909194946289,884.8597412109375,5187.57568359375
3379,-37.91140365600586,-11.269248008728027,885.235107421875,5189.1201171875
3380,-39.42146301269531,-11.268707275390625,885.5838012695312,5190.67138671875
3381,-40.94454574584961,-11.272163391113281,885.9065551757812,5192.22998046875
3382,-42.42072677612305,-11.269801139831543,886.19091796875,5193.73486328125
3383,-43.90806198120117,-11.270326614379883,886.4495849609375,5195.24609375
3384,-45.406166076660156,-11.268560409545898,886.6808471679688,5196.76318359375
3385,-46.91445541381836,-11.266485214233398,886.8836059570312,5198.28662109375
3386,-48.4327392578125,-11.267990112304688,887.058349609375,5199.81640625
3387,-49.95986557006836,-11.264069557189941,887.203857421875,5201.35205078125
3388,-51.495819091796875,-11.267232894897461,887.3193359375,5202.89404296875
3389,-53.03971862792969,-11.262133598327637,887.4059448242188,5204.44189453125
3390,-54.59129333496094,-11.26402473449707,887.4642333984375,5205.99609375
3391,-56.14958572387695,-11.260454177856445,887.493896484375,5207.55615234375
3392,-57.6516227722168,-11.259716033935547,887.4966430664062,5209.0595703125
3393,-59.15925979614258,-11.257901191711426,887.4738159179688,5210.56884765625
3394,-60.6718635559082,-11.254138946533203,887.4266967773438,5212.08349609375
3395,-62.1892204284668,-11.255326271057129,887.3543090820312,5213.60400390625
3396,-63.71070098876953,-11.252509117126465,887.2564697265625,5215.13037109375
3397,-65.23609924316406,-11.252083778381348,887.1334228515625,5216.662109375
3398,-66.76505279541016,-11.24981689453125,886.9859008789062,5218.19970703125
3399,-68.29724884033203,-11.249561309814453,886.8137817382812,5219.7431640625
3400,-69.83213806152344,-11.24744987487793,886.6178588867188,5221.2919921875
3401,-71.36961364746094,-11.245957374572754,886.3995971679688,5222.84619140625
3402,-72.90886688232422,-11.239938735961914,886.15966796875,5224.4052734375
3403,-74.4499740600586,-11.235611915588379,885.9000244140625,5225.9697265625
3404,-75.92782592773438,-11.22984504699707,885.63134765625,5227.4736328125
3405,-77.40615844726562,-11.225729942321777,885.3428955078125,5228.9814453125
3406,-78.88469696044922,-11.223912239074707,885.0345458984375,5230.4931640625
3407,-80.36293029785156,-11.220694541931152,884.7060546875,5232.0087890625
3408,-81.84097290039062,-11.219622611999512,884.3582153320312,5233.52880859375
3409,-83.31827545166016,-11.214688301086426,883.9907836914062,5235.052734375
3410,-84.79499816894531,-11.211005210876465,883.6046142578125,5236.58056640625
3411,-86.2704086303711,-11.203091621398926,883.1992797851562,5238.1123046875
3412,-87.74494171142578,-11.19813060760498,882.7758178710938,5239.64794921875
3413,-89.21805572509766,-11.19066047668457,882.333984375,5241.1875
3414,-90.68997955322266,-11.187115669250488,881.8745727539062,5242.73095703125
3415,-92.1600341796875,-11.181489944458008,881.3970336914062,5244.27783203125
3416,-93.62850952148438,-11.178378105163574,880.9019165039062,5245.8291015625
3417,-95.09510040283203,-11.172608375549316,880.389404296875,5247.3837890625
3418,-96.56011962890625,-11.168570518493652,879.8605346679688,5248.94287109375
3419,-98.02298736572266,-11.163043022155762,879.3150634765625,5250.50537109375
3420,-99.48365020751953,-11.157984733581543,878.75244140625,5252.07177734375
3421,-100.87814331054688,-11.1519136428833,878.1978759765625,5253.57373046875
3422,-102.26990509033203,-11.145885467529297,877.6273193359375,5255.07958984375
3423,-103.65840911865234,-11.139786720275879,877.0398559570312,5256.58837890625
3424,-105.04308319091797,-11.132572174072266,876.4347534179688,5258.10107421875
3425,-106.42362976074219,-11.126260757446289,875.8118896484375,5259.6171875
3426,-107.7996597290039,-11.120166778564453,875.1708984375,5261.13671875
3427,-109.17076110839844,-11.113639831542969,874.511474609375,5262.65966796875
3428,-110.53681945800781,-11.107748985290527,873.8339233398438,5264.18603515625
3429,-111.89752197265625,-11.102169036865234,873.1378784179688,5265.7158203125
3430,-113.2525634765625,-11.095538139343262,872.4237060546875,5267.24853515625
3431,-114.60205841064453,-11.090832710266113,871.691650390625,5268.78515625
3432,-115.94548797607422,-11.084724426269531,870.9414672851562,5270.3251953125
3433,-117.28289794921875,-11.07954216003418,870.1734619140625,5271.86865234375
3434,-118.6139144897461,-11.075180053710938,869.3875122070312,5273.41552734375
3435,-119.93818664550781,-11.070022583007812,868.5836181640625,5274.9658203125
3436,-121.256103515625,-11.065289497375488,867.7626342773438,5276.51953125
3437,-122.56736755371094,-11.059581756591797,866.9246215820312,5278.0771484375
3438,-123.8720703125,-11.054657936096191,866.0699462890625,5279.63818359375
3439,-125.17005157470703,-11.049088478088379,865.1987915039062,5281.20263671875
3440,-126.4616928100586,-11.043538093566895,864.3121948242188,5282.7705078125
3441,-127.74669647216797,-11.036968231201172,863.409912109375,5284.341796875
3442,-128.96731567382812,-11.030816078186035,862.5347290039062,5285.8447265625
3443,-130.1819305419922,-11.023853302001953,861.6456909179688,5287.35107421875
3444,-131.39051818847656,-11.016233444213867,860.74365234375,5288.8603515625
3445,-132.59352111816406,-11.008281707763672,859.8289184570312,5290.37255859375
3446,-133.7909393310547,-10.999146461486816,858.9017944335938,5291.88818359375
3447,-134.98292541503906,-10.990127563476562,857.9627685546875,5293.40673828125
3448,-136.16943359375,-10.98183822631836,857.0117797851562,5294.92822265625
3449,-137.34974670410156,-10.973092079162598,856.0482788085938,5296.453125
3450,-138.5235137939453,-10.966089248657227,855.0718994140625,5297.98095703125
3451,-139.69003295898438,-10.95908260345459,854.0820922851562,5299.51171875
3452,-140.849365234375,-10.952022552490234,853.0791625976562,5301.0458984375
3453,-142.00177001953125,-10.9456148147583,852.0634155273438,5302.5830078125
3454,-143.14703369140625,-10.938533782958984,851.0350341796875,5304.123046875
3455,-144.28521728515625,-10.93288803100586,849.9939575195312,5305.66650390625
3456,-145.4154510498047,-10.926326751708984,848.9400634765625,5307.212890625
3457,-146.5375518798828,-10.920029640197754,847.8726806640625,5308.7626953125
3458,-147.6513214111328,-10.912971496582031,846.7923583984375,5310.3154296875
3459,-148.7566680908203,-10.905109405517578,845.698974609375,5311.87109375
3460,-149.853515625,-10.896982192993164,844.5928344726562,5313.4296875
3461,-150.94166564941406,-10.887959480285645,843.4739379882812,5314.9912109375
3462,-152.0214080810547,-10.878960609436035,842.3427124023438,5316.5556640625
3463,-153.0924530029297,-10.86894416809082,841.1992797851562,5318.123046875
3464,-154.155029296875,-10.859904289245605,840.0438842773438,5319.69384765625
3465,-155.2085723876953,-10.850306510925293,838.8762817382812,5321.267578125
3466,-156.20372009277344,-10.841899871826172,837.753173828125,5322.76904296875
3467,-157.19070434570312,-10.833786010742188,836.6193237304688,5324.27294921875
3468,-158.16941833496094,-10.826009750366211,835.474853515625,5325.77978515625
3469,-159.1398162841797,-10.817752838134766,834.31982421875,5327.2890625
3470,-160.10214233398438,-10.810053825378418,833.1544799804688,5328.80126953125
3471,-161.05613708496094,-10.800745964050293,831.9790649414062,5330.31591796875
3472,-162.00189208984375,-10.79180908203125,830.7935791015625,5331.8330078125
3473,-162.93917846679688,-10.781905174255371,829.5980224609375,5333.35302734375
3474,-163.86782836914062,-10.771812438964844,828.3924560546875,5334.87548828125
3475,-164.7880096435547,-10.761713981628418,827.1771240234375,5336.400390625
3476,-165.6995391845703,-10.750933647155762,825.9522094726562,5337.927734375
3477,-166.6026153564453,-10.740432739257812,824.7177734375,5339.4580078125
3478,-167.49693298339844,-10.730116844177246,823.473876953125,5340.99072265625
3479,-168.38230895996094,-10.719473838806152,822.2205810546875,5342.52587890625
3480,-169.25872802734375,-10.709264755249023,820.957763671875,5344.0634765625
3481,-170.12631225585938,-10.698860168457031,819.6858520507812,5345.603515625
3482,-170.9847869873047,-10.689257621765137,818.4046020507812,5347.146484375
3483,-171.83389282226562,-10.679726600646973,817.1141357421875,5348.69189453125
3484,-172.67396545410156,-10.670707702636719,815.814697265625,5350.23974609375
3485,-173.5048370361328,-10.661103248596191,814.5062255859375,5351.79052734375
3486,-174.3265838623047,-10.651219367980957,813.1891479492188,5353.34375
3487,-175.13919067382812,-10.641989707946777,811.8634033203125,5354.8994140625
3488,-175.94271850585938,-10.63072395324707,810.5292358398438,5356.45751953125
3489,-176.73692321777344,-10.619829177856445,809.1866455078125,5358.01806640625
3490,-177.52174377441406,-10.608480453491211,807.8355102539062,5359.5810546875
3491,-178.29672241210938,-10.596982955932617,806.4760131835938,5361.146484375
3492,-179.061767578125,-10.586248397827148,805.1080322265625,5362.71435546875
3493,-179.816162109375,-10.57559585571289,803.7314453125,5364.28466796875
3494,-180.55958557128906,-10.565167427062988,802.3460083007812,5365.857421875
3495,-181.2921142578125,-10.555877685546875,800.951904296875,5367.4326171875
3496,-182.0133819580078,-10.545553207397461,799.5492553710938,5369.01025390625
3497,-182.688232421875,-10.536979675292969,798.2088623046875,5370.51123046875
3498,-183.35263061523438,-10.52759075164795,796.8609008789062,5372.0146484375
3499,-184.0069122314453,-10.517097473144531,795.505859375,5373.51953125
3500,-184.65158081054688,-10.508410453796387,794.1439208984375,5375.02685546875
3501,-185.28662109375,-10.498367309570312,792.7755126953125,5376.53564453125
3502,-185.91268920898438,-10.489529609680176,791.4010620117188,5378.04638671875
3503,-186.52993774414062,-10.480814933776855,790.0209350585938,5379.55859375
3504,-187.1386260986328,-10.471672058105469,788.63525390625,5381.072265625
3505,-187.7389373779297,-10.462627410888672,787.2440795898438,5382.587890625
3506,-188.33065795898438,-10.453715324401855,785.84765625,5384.10498046875
3507,-188.9132537841797,-10.44526195526123,784.4459838867188,5385.62353515625
3508,-189.48587036132812,-10.436933517456055,783.0388793945312,5387.14306640625
3509,-190.04803466796875,-10.427949905395508,781.6262817382812,5388.66357421875
3510,-190.60011291503906,-10.418802261352539,780.2083129882812,5390.185546875
3511,-191.1425018310547,-10.409855842590332,778.7850341796875,5391.708984375
3512,-191.675537109375,-10.401004791259766,777.3565673828125,5393.23388671875
3513,-192.1990509033203,-10.393318176269531,775.9232177734375,5394.76025390625
3514,-192.71266174316406,-10.384507179260254,774.485107421875,5396.28759765625
3515,-193.2172088623047,-10.376922607421875,773.0423583984375,5397.81640625
3516,-193.7125701904297,-10.368698120117188,771.5951538085938,5399.34619140625
3517,-194.1988983154297,-10.361432075500488,770.1437377929688,5400.87744140625
3518,-194.676025390625,-10.354399681091309,768.6878662109375,5402.40966796875
3519,-195.1438446044922,-10.345726013183594,767.2279052734375,5403.94287109375
3520,-195.6031036376953,-10.337074279785156,765.7639770507812,5405.4775390625
3521,-196.0533447265625,-10.328073501586914,764.2955932617188,5407.013671875
3522,-196.49485778808594,-10.318380355834961,762.8228759765625,5408.55126953125
3523,-196.9280242919922,-10.308816909790039,761.345947265625,5410.0908203125
3524,-197.3527069091797,-10.299339294433594,759.8648681640625,5411.6318359375
3525,-197.7689971923828,-10.289512634277344,758.3796997070312,5413.17431640625
3526,-198.17686462402344,-10.279850959777832,756.8903198242188,5414.71875
3527,-198.57640075683594,-10.270073890686035,755.3970336914062,5416.2646484375
3528,-198.96786499023438,-10.260909080505371,753.899658203125,5417.8125
3529,-199.35122680664062,-10.251577377319336,752.3984375,5419.3623046875
3530,-199.72674560546875,-10.243245124816895,750.8934936523438,5420.91357421875
3531,-200.09429931640625,-10.234150886535645,749.3847045898438,5422.466796875
3532,-200.4541778564453,-10.22524356842041,747.8722534179688,5424.021484375
3533,-200.80625915527344,-10.216437339782715,746.3561401367188,5425.578125
3534,-201.15065002441406,-10.207625389099121,744.8364868164062,5427.13671875
3535,-201.4870147705078,-10.199373245239258,743.313232421875,5428.69677734375
3536,-201.81517028808594,-10.190361022949219,741.786376953125,5430.2587890625
3537,-202.13534545898438,-10.18166446685791,740.2560424804688,5431.822265625
3538,-202.44796752929688,-10.173055648803711,738.7222900390625,5433.3876953125
3539,-202.7532501220703,-10.164899826049805,737.1852416992188,5434.955078125
3540,-203.05157470703125,-10.157380104064941,735.6450805664062,5436.52392578125
3541,-203.3428192138672,-10.149775505065918,734.1016845703125,5438.0947265625
3542,-203.62649536132812,-10.14238166809082,732.5549926757812,5439.66748046875
3543,-203.9014892578125,-10.133818626403809,731.005126953125,5441.24169921875
3544,-204.16757202148438,-10.125957489013672,729.4517822265625,5442.81787109375
3545,-204.4244842529297,-10.116537094116211,727.8952026367188,5444.3955078125
3546,-204.67242431640625,-10.108203887939453,726.3353881835938,5445.97509765625
3547,-204.91140747070312,-10.099987030029297,724.7723999023438,5447.556640625
3548,-205.14183044433594,-10.091028213500977,723.2064819335938,5449.1396484375
3549,-205.3522491455078,-10.083382606506348,721.7200927734375,5450.64111328125
3550,-205.5546417236328,-10.074941635131836,720.2310791015625,5452.14404296875
3551,-205.74929809570312,-10.069426536560059,718.7391967773438,5453.64892578125
3552,-205.93524169921875,-10.062350273132324,717.2449340820312,5455.15478515625
3553,-206.1129150390625,-10.058162689208984,715.7479858398438,5456.662109375
3554,-206.28192138671875,-10.05111026763916,714.2483520507812,5458.17138671875
3555,-206.4436798095703,-10.04382038116455,712.7463989257812,5459.68212890625
3556,-206.5989532470703,-10.038031578063965,711.2420654296875,5461.19482421875
3557,-206.74864196777344,-10.031970977783203,709.7355346679688,5462.708984375
3558,-206.89344787597656,-10.025721549987793,708.2269287109375,5464.224609375
3559,-207.03457641601562,-10.020975112915039,706.7164306640625,5465.74169921875
3560,-207.17214965820312,-10.01572322845459,705.2039184570312,5467.2607421875
3561,-207.30557250976562,-10.009028434753418,703.6895751953125,5468.78125
3562,-207.43621826171875,-10.00362491607666,702.1732177734375,5470.30322265625
3563,-207.5634002685547,-9.997207641601562,700.6550903320312,5471.82666015625
3564,-207.68719482421875,-9.990622520446777,699.1350708007812,5473.35205078125
3565,-207.80859375,-9.985373497009277,697.6130981445312,5474.87890625
3566,-207.9282989501953,-9.980344772338867,696.089599609375,5476.4072265625
3567,-208.04676818847656,-9.974675178527832,694.5643310546875,5477.93701171875
3568,-208.1630859375,-9.969304084777832,693.0372924804688,5479.46875
3569,-208.27867126464844,-9.964885711669922,691.5084228515625,5481.001953125
3570,-208.39231872558594,-9.959867477416992,689.97802734375,5482.53662109375
3571,-208.50469970703125,-9.95501708984375,688.4459838867188,5484.07275390625
3572,-208.6151123046875,-9.946258544921875,686.912353515625,5485.6103515625
3573,-208.72348022460938,-9.938405990600586,685.376953125,5487.14990234375
3574,-208.82943725585938,-9.930399894714355,683.83984375,5488.69091796875
3575,-208.9337615966797,-9.923303604125977,682.3011474609375,5490.2333984375
3576,-209.03607177734375,-9.914948463439941,680.760986328125,5491.77685546875
3577,-209.13711547851562,-9.905739784240723,679.2191772460938,5493.322265625
3578,-209.23687744140625,-9.89852523803711,677.6756591796875,5494.869140625
3579,-209.3351593017578,-9.887908935546875,676.1307373046875,5496.41748046875
3580,-209.4333953857422,-9.883092880249023,674.5842895507812,5497.96728515625
3581,-209.5294189453125,-9.872148513793945,673.0366821289062,5499.51806640625
3582,-209.62416076660156,-9.862771987915039,671.487060546875,5501.07080078125
3583,-209.71798706054688,-9.854716300964355,669.9356079101562,5502.625
3584,-209.80963134765625,-9.843757629394531,668.3828125,5504.1806640625
3585,-209.8998260498047,-9.838001251220703,666.8278198242188,5505.73828125
3586,-209.9873809814453,-9.82524299621582,665.2715454101562,5507.29736328125
3587,-210.07382202148438,-9.818840980529785,663.7133178710938,5508.85791015625
3588,-210.15809631347656,-9.812000274658203,662.1531982421875,5510.42041015625
3589,-210.23866271972656,-9.805842399597168,660.5916748046875,5511.98388671875
3590,-210.31626892089844,-9.799641609191895,659.0279541015625,5513.5498046875
3591,-210.3918914794922,-9.792496681213379,657.4627075195312,5515.1171875
3592,-210.46495056152344,-9.785388946533203,655.8954467773438,5516.68603515625
3593,-210.53631591796875,-9.780132293701172,654.3264770507812,5518.2568359375
3594,-210.60556030273438,-9.770430564880371,652.7560424804688,5519.8291015625
3595,-210.6735382080078,-9.76440715789795,651.1837768554688,5521.40283203125
3596,-210.7393798828125,-9.750506401062012,649.610107421875,5522.97802734375
3597,-210.8039093017578,-9.744247436523438,648.0343627929688,5524.55517578125
3598,-210.86680603027344,-9.734356880187988,646.4573364257812,5526.1337890625
3599,-210.92820739746094,-9.727181434631348,644.8784790039062,5527.7138671875
3600,-210.9884796142578,-9.72131633758545,643.2979736328125,5529.29541015625
3601,-211.04734802246094,-9.712650299072266,641.7158203125,5530.87890625
3602,-211.10523986816406,-9.706902503967285,640.1320190429688,5532.4638671875
3603,-211.16183471679688,-9.700984001159668,638.5465087890625,5534.05029296875
3604,-211.21746826171875,-9.695671081542969,636.9594116210938,5535.63818359375
3605,-211.2686309814453,-9.689981460571289,635.458984375,5537.1396484375
3606,-211.31809997558594,-9.683053970336914,633.9571533203125,5538.642578125
3607,-211.36656188964844,-9.675390243530273,632.4540405273438,5540.146484375
3608,-211.4136199951172,-9.66486930847168,630.9495849609375,5541.65185546875
3609,-211.45907592773438,-9.652830123901367,629.4437866210938,5543.15869140625
3610,-211.50294494628906,-9.63972282409668,627.9368286132812,5544.66650390625
3611,-211.54541015625,-9.624809265136719,626.4286499023438,5546.17529296875
3612,-211.58670043945312,-9.612336158752441,624.9191284179688,5547.685546875
3613,-211.6262969970703,-9.59865951538086,623.4083862304688,5549.19677734375
3614,-211.66456604003906,-9.587287902832031,621.8964233398438,5550.70947265625
3615,-211.70176696777344,-9.573533058166504,620.383544921875,5552.22314453125
3616,-211.73782348632812,-9.558856010437012,618.8693237304688,5553.73779296875
3617,-211.77316284179688,-9.546341896057129,617.3536987304688,5555.25390625
3618,-211.80630493164062,-9.533719062805176,615.8370361328125,5556.77099609375
3619,-211.83790588378906,-9.524065971374512,614.319091796875,5558.28955078125
3620,-211.8673095703125,-9.513154029846191,612.7996826171875,5559.8095703125
3621,-211.89419555664062,-9.500617980957031,611.2788696289062,5561.33056640625
3622,-211.91929626464844,-9.48788833618164,609.756591796875,5562.85302734375
3623,-211.94232177734375,-9.478139877319336,608.2327270507812,5564.376953125
3624,-211.96311950683594,-9.465810775756836,606.7076416015625,5565.90234375
3625,-211.98175048828125,-9.454951286315918,605.1810302734375,5567.42919921875
3626,-211.99868774414062,-9.443379402160645,603.6530151367188,5568.95751953125
3627,-212.01443481445312,-9.430429458618164,602.1234741210938,5570.4873046875
3628,-212.02871704101562,-9.419034957885742,600.5924682617188,5572.0185546875
3629,-212.04180908203125,-9.408001899719238,599.06005859375,5573.55126953125
3630,-212.05438232421875,-9.397120475769043,597.5263061523438,5575.0849609375
3631,-212.06637573242188,-9.385452270507812,595.9911499023438,5576.6201171875
3632,-212.07762145996094,-9.374764442443848,594.4546508789062,5578.15673828125
3633,-212.08848571777344,-9.363381385803223,592.9165649414062,5579.69482421875
3634,-212.09889221191406,-9.350744247436523,591.3773193359375,5581.234375
3635,-212.10874938964844,-9.340407371520996,589.8365478515625,5582.775390625
3636,-212.11766052246094,-9.327800750732422,588.2943725585938,5584.31787109375
3637,-212.12600708007812,-9.317231178283691,586.7508544921875,5585.861328125
3638,-212.1339874267578,-9.306934356689453,585.2061157226562,5587.40625
3639,-212.1417694091797,-9.29560661315918,583.6599731445312,5588.95263671875
3640,-212.1490020751953,-9.284597396850586,582.1123657226562,5590.50048828125
3641,-212.15576171875,-9.273451805114746,580.5634765625,5592.04931640625
3642,-212.16183471679688,-9.262832641601562,579.0135498046875,5593.599609375
3643,-212.16746520996094,-9.253400802612305,577.46240234375,5595.15087890625
3644,-212.17227172851562,-9.24263858795166,575.9102172851562,5596.703125
3645,-212.17642211914062,-9.23291015625,574.35693359375,5598.25634765625
3646,-212.17970275878906,-9.223073959350586,572.8026123046875,5599.81103515625
3647,-212.18203735351562,-9.212540626525879,571.247314453125,5601.3662109375
3648,-212.18360900878906,-9.204456329345703,569.69091796875,5602.9228515625
3649,-212.1842041015625,-9.191549301147461,568.1337280273438,5604.47998046875
3650,-212.18385314941406,-9.182819366455078,566.5753784179688,5606.03857421875
3651,-212.18292236328125,-9.170980453491211,565.0159912109375,5607.59814453125
3652,-212.1809539794922,-9.161843299865723,563.4556884765625,5609.15869140625
3653,-212.17835998535156,-9.153478622436523,561.8942260742188,5610.72021484375
3654,-212.17507934570312,-9.145197868347168,560.3319091796875,5612.28271484375
3655,-212.1713409423828,-9.136048316955566,558.7687377929688,5613.84619140625
3656,-212.16661071777344,-9.127293586730957,557.2046508789062,5615.41015625
3657,-212.16079711914062,-9.116679191589355,555.6395263671875,5616.9755859375
3658,-212.15325927734375,-9.106809616088867,554.0734252929688,5618.5419921875
3659,-212.145263671875,-9.098651885986328,552.5062866210938,5620.109375
3660,-212.13624572753906,-9.091723442077637,550.9384765625,5621.67724609375
3661,-212.125,-9.081337928771973,549.3697509765625,5623.24609375
3662,-212.11251831054688,-9.069930076599121,547.8001098632812,5624.81591796875
3663,-212.09877014160156,-9.057679176330566,546.2296752929688,5626.38671875
3664,-212.08433532714844,-9.04990005493164,544.6578979492188,5627.95849609375
3665,-212.06826782226562,-9.0393648147583,543.0855712890625,5629.53125
3666,-212.0522003173828,-9.037020683288574,541.5123901367188,5631.1044921875
3667,-212.0348663330078,-9.02901554107666,539.9383544921875,5632.6787109375
3668,-212.0167236328125,-9.020756721496582,538.3633422851562,5634.25390625
3669,-211.997802734375,-9.011177062988281,536.787353515625,5635.830078125
3670,-211.97702026367188,-8.995715141296387,535.2112426757812,5637.40625
3671,-211.95486450195312,-8.98738956451416,533.6334838867188,5638.984375
3672,-211.9310760498047,-8.976308822631836,532.0551147460938,5640.56298828125
3673,-211.90744018554688,-8.972673416137695,530.4758911132812,5642.142578125
3674,-211.8827667236328,-8.966580390930176,528.8961791992188,5643.72265625
3675,-211.85699462890625,-8.95975399017334,527.3151245117188,5645.30419921875
3676,-211.83047485351562,-8.947447776794434,525.7337646484375,5646.8857421875
3677,-211.80307006835938,-8.944307327270508,524.151123046875,5648.46875
3678,-211.7733154296875,-8.937223434448242,522.5677490234375,5650.052734375
3679,-211.74267578125,-8.927838325500488,520.9835205078125,5651.63720703125
3680,-211.71005249023438,-8.921820640563965,519.3984375,5653.22265625
3681,-211.6761932373047,-8.912360191345215,517.8128051757812,5654.80859375
3682,-211.641845703125,-8.899003028869629,516.2263793945312,5656.3955078125
3683,-211.60494995117188,-8.887425422668457,514.63916015625,5657.9833984375
3684,-211.56536865234375,-8.882813453674316,513.0505981445312,5659.57275390625
3685,-211.52484130859375,-8.877737998962402,511.46185302734375,5661.162109375
3686,-211.4827423095703,-8.87643051147461,509.87213134765625,5662.75244140625
3687,-211.43821716308594,-8.868803977966309,508.28179931640625,5664.34326171875
3688,-211.39308166503906,-8.85718822479248,506.6906433105469,5665.93505859375
3689,-211.3475341796875,-8.848746299743652,505.09844970703125,5667.52783203125
3690,-211.30125427246094,-8.838872909545898,503.50555419921875,5669.12158203125
3691,-211.25807189941406,-8.832128524780273,502.0055236816406,5670.6220703125
3692,-211.21510314941406,-8.825589179992676,500.5048828125,5672.12353515625
3693,-211.17227172851562,-8.81694507598877,499.0036926269531,5673.62548828125
3694,-211.1298065185547,-8.806612014770508,497.5018005371094,5675.1279296875
3695,-211.0873260498047,-8.79667854309082,495.9991149902344,5676.63134765625
3696,-211.0449676513672,-8.787562370300293,494.4959716796875,5678.13525390625
3697,-211.0030975341797,-8.780226707458496,492.99237060546875,5679.6396484375
3698,-210.96080017089844,-8.773029327392578,491.4883728027344,5681.14453125
3699,-210.9182586669922,-8.765469551086426,489.9839172363281,5682.64990234375
3700,-210.87539672851562,-8.758612632751465,488.47894287109375,5684.15576171875
3701,-210.83216857910156,-8.751953125,486.97357177734375,5685.66162109375
3702,-210.78863525390625,-8.745036125183105,485.4678649902344,5687.16796875
3703,-210.74508666992188,-8.737897872924805,483.96173095703125,5688.6748046875
3704,-210.7012939453125,-8.73012924194336,482.45513916015625,5690.18212890625
3705,-210.65707397460938,-8.721993446350098,480.9482727050781,5691.68994140625
3706,-210.6122283935547,-8.714478492736816,479.4409484863281,5693.1982421875
3707,-210.5665740966797,-8.70622444152832,477.9332580566406,5694.70654296875
3708,-210.5193634033203,-8.698325157165527,476.42529296875,5696.21533203125
3709,-210.4702606201172,-8.69104290008545,474.9169921875,5697.724609375
3710,-210.4187774658203,-8.68277645111084,473.408447265625,5699.234375
3711,-210.36468505859375,-8.674904823303223,471.899658203125,5700.744140625
3712,-210.3077850341797,-8.666969299316406,470.3904724121094,5702.25439453125
3713,-210.24794006347656,-8.65888786315918,468.8811950683594,5703.76513671875
3714,-210.1849822998047,-8.651349067687988,467.37158203125,5705.2763671875
3715,-210.11891174316406,-8.643296241760254,465.86181640625,5706.78759765625
3716,-210.04974365234375,-8.636018753051758,464.3518371582031,5708.29931640625
3717,-209.977783203125,-8.629855155944824,462.8415832519531,5709.8115234375
3718,-209.90293884277344,-8.623642921447754,461.33111572265625,5711.32373046875
3719,-209.82545471191406,-8.618460655212402,459.82037353515625,5712.83642578125
3720,-209.74574279785156,-8.61168384552002,458.30963134765625,5714.349609375
3721,-209.66424560546875,-8.604429244995117,456.79840087890625,5715.86328125
3722,-209.5809783935547,-8.596245765686035,455.2870788574219,5717.376953125
3723,-209.4966583251953,-8.58830738067627,453.7753601074219,5718.89111328125
3724,-209.41152954101562,-8.580840110778809,452.2633361816406,5720.40576171875
3725,-209.32566833496094,-8.57347297668457,450.7510986328125,5721.92041015625
3726,-209.24143981933594,-8.567240715026855,449.2796325683594,5723.39453125
3727,-209.15643310546875,-8.561034202575684,447.8182067871094,5724.8583984375
3728,-209.07138061523438,-8.554765701293945,446.3623962402344,5726.31689453125
3729,-208.9855499267578,-8.548380851745605,444.9080810546875,5727.77392578125
3730,-208.89810180664062,-8.541871070861816,443.4527282714844,5729.23193359375
3731,-208.81027221679688,-8.535314559936523,441.9988098144531,5730.6884765625
3732,-208.7213592529297,-8.528716087341309,440.5447082519531,5732.1455078125
3733,-208.63125610351562,-8.522101402282715,439.0903625488281,5733.6025390625
3734,-208.53993225097656,-8.515484809875488,437.63592529296875,5735.06005859375
3735,-208.4467010498047,-8.508855819702148,436.18017578125,5736.51904296875
3736,-208.35281372070312,-8.502267837524414,434.72552490234375,5737.97705078125
3737,-208.25755310058594,-8.495696067810059,433.2710876464844,5739.4345703125
3738,-208.16041564941406,-8.489114761352539,431.81573486328125,5740.89306640625
3739,-208.0627899169922,-8.482575416564941,430.36279296875,5742.34912109375
3740,-207.96401977539062,-8.476044654846191,428.91046142578125,5743.8046875
3741,-207.86366271972656,-8.469494819641113,427.45751953125,5745.26123046875
3742,-207.762451171875,-8.462935447692871,426.0038757324219,5746.71826171875
3743,-207.66111755371094,-8.456379890441895,424.54864501953125,5748.17724609375
3744,-207.55906677246094,-8.449779510498047,423.08697509765625,5749.642578125
3745,-207.4557647705078,-8.443085670471191,421.6131896972656,5751.1201171875
3746,-207.35169982910156,-8.436293601989746,420.1241760253906,5752.61279296875
3747,-207.2474365234375,-8.429412841796875,418.6180419921875,5754.12255859375
3748,-207.14236450195312,-8.422402381896973,417.0935974121094,5755.65087890625
3749,-207.0360107421875,-8.415254592895508,415.55255126953125,5757.19580078125
