t_s,e_y_m,theta_ref0_deg,theta_real_deg,tau_Nm,v_real_kmh,v_target_kmh,u_cmd,gas,brake,loop_dt_ms
0.049,2.4921,68.755,7.162,1.0,0.0,75.6,1.0,1.0,0.0,48.44
0.071,2.4921,68.755,25.347,1.7892,0.01,75.6,1.0,1.0,0.0,21.09
0.134,2.4923,68.755,44.639,0.7892,0.01,75.6,1.0,1.0,0.0,33.18
0.244,2.4924,68.755,57.597,-0.2108,0.02,75.6,1.0,1.0,0.0,92.42
0.348,2.4924,68.755,61.593,-0.7991,0.0,75.6,1.0,1.0,0.0,104.21
0.365,2.4926,68.755,62.964,-0.227,0.0,75.6,1.0,1.0,0.0,16.52
0.411,2.4927,68.755,64.567,0.0802,0.0,75.6,1.0,1.0,0.0,12.75
0.463,2.4927,68.755,66.031,0.0365,0.0,75.6,1.0,1.0,0.0,14.66
0.512,2.4927,68.755,66.955,-0.0242,0.0,75.6,1.0,1.0,0.0,12.83
0.573,2.4928,68.755,67.518,-0.0183,0.0,75.6,1.0,1.0,0.0,23.04
0.618,2.4928,68.755,67.906,-0.0047,0.0,75.6,1.0,1.0,0.0,17.97
0.662,2.4928,68.755,68.179,-0.0025,0.0,75.6,1.0,1.0,0.0,11.45
0.71,2.4928,68.755,68.364,-0.0026,0.0,75.6,1.0,1.0,0.0,9.12
0.76,2.4928,68.755,68.49,-0.0019,0.0,75.6,1.0,1.0,0.0,9.05
0.81,2.4937,68.755,68.575,-0.0013,0.88,75.6,1.0,1.0,0.0,9.05
0.861,2.496,68.755,68.633,-0.0008,1.77,75.6,1.0,1.0,0.0,9.01
0.933,2.4999,-68.755,61.508,-1.0008,2.61,75.6,1.0,1.0,0.0,30.57
0.975,2.5063,-68.755,41.841,-2.0,3.41,75.6,1.0,1.0,0.0,22.02
1.027,2.5142,-68.755,12.766,-2.0,4.17,75.6,1.0,1.0,0.0,23.73
1.092,2.5244,-68.755,-16.464,-1.0365,4.91,75.6,1.0,1.0,0.0,38.59
1.146,2.5346,-68.755,-38.648,-0.0365,5.62,75.6,1.0,1.0,0.0,42.18
1.258,2.5448,-68.755,-48.385,0.9635,6.38,75.6,1.0,1.0,0.0,103.84
1.276,2.5644,-68.755,-53.952,0.2425,7.97,75.6,1.0,1.0,0.0,18.03
1.326,2.5718,-68.755,-58.533,-0.0568,8.76,75.6,1.0,1.0,0.0,16.86
1.374,2.5777,-68.755,-61.94,0.0041,9.5,75.6,1.0,1.0,0.0,14.56
1.423,2.5814,-68.755,-64.163,0.0465,10.27,75.6,1.0,1.0,0.0,13.78
1.475,2.583,-68.755,-65.617,0.0297,11.06,75.6,1.0,1.0,0.0,14.81
1.522,2.5826,-68.755,-66.616,0.0128,11.84,75.6,1.0,1.0,0.0,12.31
1.574,2.579,-68.755,-67.304,0.0086,12.02,75.6,1.0,1.0,0.0,13.93
1.621,2.5709,-68.755,-67.77,0.007,11.85,75.6,1.0,1.0,0.0,10.37
1.683,2.5549,-40.934,-60.907,1.007,11.69,75.6,1.0,1.0,0.0,22.1
1.731,2.5342,-26.538,-48.235,1.0506,11.85,75.6,1.0,1.0,0.0,19.36
1.781,2.5141,-10.135,-34.153,0.6392,12.8,75.6,1.0,1.0,0.0,19.36
1.831,2.4891,-4.385,-23.277,0.044,13.63,75.6,1.0,1.0,0.0,18.91
1.882,2.4571,-3.388,-16.476,-0.1895,14.47,75.6,1.0,1.0,0.0,19.95
1.935,2.4289,0.036,-11.197,0.025,15.28,75.6,1.0,1.0,0.0,22.03
1.98,2.3994,2.684,-6.53,0.0987,16.07,75.6,1.0,1.0,0.0,17.4
2.03,2.3652,4.824,-2.603,0.0597,16.79,75.6,1.0,1.0,0.0,16.93
2.081,2.3318,7.095,0.713,0.0518,17.57,75.6,1.0,1.0,0.0,17.24
2.132,2.3018,9.688,3.768,0.0793,18.34,75.6,1.0,1.0,0.0,17.97
2.182,2.264,11.903,6.578,0.0725,19.14,75.6,1.0,1.0,0.0,17.63
2.231,2.2295,13.457,8.964,0.0389,19.95,75.6,1.0,1.0,0.0,15.56
2.286,2.1898,14.563,10.878,0.0174,20.73,75.6,1.0,1.0,0.0,20.39
2.328,2.1515,14.928,12.249,-0.009,21.56,75.6,1.0,1.0,0.0,12.35
2.386,2.1129,14.848,13.1,-0.0248,22.39,75.6,1.0,1.0,0.0,19.64
2.432,2.0812,15.131,13.733,-0.0008,23.23,75.6,1.0,1.0,0.0,15.49
2.48,2.0396,14.707,14.05,-0.022,24.07,75.6,1.0,1.0,0.0,12.87
2.529,2.0003,14.115,14.035,-0.0352,24.84,75.6,1.0,1.0,0.0,12.07
2.59,1.9635,12.757,13.561,-0.0647,25.69,75.6,1.0,1.0,0.0,22.79
2.642,1.9242,7.187,11.386,-0.2541,25.86,75.6,1.0,1.0,0.0,24.07
2.683,1.8898,3.614,8.463,-0.1803,25.9,75.6,1.0,1.0,0.0,15.05
2.734,1.8591,2.243,6.12,-0.021,25.87,75.6,1.0,1.0,0.0,15.56
2.794,1.8292,2.231,4.759,0.0554,25.84,75.6,1.0,1.0,0.0,25.44
2.838,1.7979,2.988,4.22,0.0672,25.82,75.6,1.0,1.0,0.0,18.96
2.889,1.7642,4.885,4.506,0.0963,26.45,75.6,1.0,1.0,0.0,19.55
2.933,1.7312,6.892,5.408,0.0961,27.4,75.6,1.0,1.0,0.0,13.48
2.983,1.6972,8.215,6.461,0.0526,28.27,75.6,1.0,1.0,0.0,12.82
3.036,1.663,8.968,7.363,0.0156,28.92,75.6,1.0,1.0,0.0,16.51
3.082,1.631,8.457,7.755,-0.0398,29.56,75.6,1.0,1.0,0.0,11.92
3.133,1.5994,7.565,7.644,-0.0564,30.2,75.6,1.0,1.0,0.0,12.53
3.184,1.5647,6.629,7.232,-0.046,30.92,75.6,1.0,1.0,0.0,12.87
3.235,1.5349,6.314,6.855,-0.0094,31.62,75.6,1.0,1.0,0.0,13.37
3.283,1.5033,5.646,6.434,-0.0194,32.3,75.6,1.0,1.0,0.0,11.19
3.334,1.4741,5.217,5.999,-0.0167,33.01,75.6,1.0,1.0,0.0,11.53
3.384,1.4416,5.049,5.647,-0.0034,33.71,75.6,1.0,1.0,0.0,11.64
3.436,1.4131,4.865,5.371,-0.0018,34.43,75.6,1.0,1.0,0.0,13.02
3.485,1.3814,4.65,5.119,-0.0062,35.11,75.6,1.0,1.0,0.0,11.65
3.535,1.3534,4.08,4.762,-0.0235,35.85,75.6,1.0,1.0,0.0,11.33
3.587,1.3245,3.896,4.436,-0.0082,36.58,75.6,1.0,1.0,0.0,13.24
3.635,1.2976,3.762,4.193,0.0002,37.24,75.6,1.0,1.0,0.0,11.09
3.69,1.2676,3.855,4.079,0.0095,37.97,75.6,1.0,1.0,0.0,15.63
3.738,1.2416,3.657,3.954,-0.0055,38.68,75.6,1.0,1.0,0.0,13.44
3.79,1.2144,3.399,3.765,-0.0133,39.36,75.6,1.0,1.0,0.0,14.88
3.841,1.1892,3.537,3.664,0.0057,40.07,75.6,1.0,1.0,0.0,15.73
3.887,1.1615,3.373,3.569,-0.0026,40.78,75.6,1.0,1.0,0.0,12.01
3.939,1.1372,3.189,3.412,-0.012,41.56,75.6,1.0,1.0,0.0,13.59
3.991,1.1132,2.49,3.083,-0.0295,42.32,75.6,1.0,1.0,0.0,15.54
4.042,1.0872,2.387,2.799,-0.0053,43.04,75.6,1.0,1.0,0.0,16.41
4.089,1.0638,1.612,2.372,-0.0298,43.79,75.6,1.0,1.0,0.0,12.57
4.142,1.0406,1.564,2.033,-0.0027,44.54,75.6,1.0,1.0,0.0,14.8
4.189,1.0191,1.581,1.848,0.0097,45.29,75.6,1.0,1.0,0.0,11.86
4.242,0.9962,1.089,1.592,-0.0163,46.0,75.6,1.0,1.0,0.0,14.1
4.29,0.9729,1.228,1.426,0.0037,46.76,75.6,1.0,1.0,0.0,12.31
4.347,0.952,1.027,1.299,-0.0005,47.51,75.6,1.0,1.0,0.0,18.67
4.394,0.9306,0.962,1.188,-0.0021,47.55,75.6,1.0,1.0,0.0,15.34
4.445,0.9085,0.961,1.111,0.0008,47.51,75.6,1.0,1.0,0.0,15.38
4.498,0.8893,1.092,1.134,0.0114,47.5,75.6,1.0,1.0,0.0,18.74
4.545,0.8692,1.088,1.168,0.0022,47.46,75.6,1.0,1.0,0.0,15.14
4.601,0.8508,1.536,1.229,0.005,47.86,75.6,1.0,1.0,0.0,20.49
4.65,0.832,1.777,1.358,0.0117,48.85,75.6,1.0,1.0,0.0,19.53
4.692,0.8111,1.358,1.426,-0.0041,49.23,75.6,1.0,1.0,0.0,11.96
4.744,0.7927,1.406,1.465,-0.0017,49.72,75.6,1.0,1.0,0.0,13.61
4.793,0.7721,1.408,1.492,-0.0002,50.25,75.6,1.0,1.0,0.0,12.12
4.844,0.7542,1.694,1.492,-0.003,50.82,75.6,1.0,1.0,0.0,12.66
4.894,0.7367,1.692,1.485,-0.0009,51.38,75.6,1.0,1.0,0.0,12.37
4.946,0.7186,1.335,1.463,-0.0024,52.02,75.6,1.0,1.0,0.0,14.02
4.994,0.699,1.316,1.441,-0.0008,52.68,75.6,1.0,1.0,0.0,11.97
5.049,0.682,1.577,1.47,0.0064,53.37,75.6,1.0,1.0,0.0,17.07
5.096,0.6642,1.505,1.478,-0.0018,54.08,75.6,1.0,1.0,0.0,13.18
5.149,0.6472,1.741,1.56,0.0105,54.77,75.6,1.0,1.0,0.0,16.93
5.197,0.6305,1.682,1.617,-0.0007,55.51,75.6,1.0,1.0,0.0,14.18
5.251,0.6133,1.848,1.691,0.0044,56.26,75.6,1.0,1.0,0.0,18.13
5.296,0.5959,1.773,1.725,-0.0031,56.99,75.6,1.0,1.0,0.0,12.37
5.35,0.5803,1.902,1.837,0.0122,57.75,75.6,1.0,1.0,0.0,16.5
5.397,0.5632,1.78,1.897,-0.0034,58.44,75.6,1.0,1.0,0.0,13.7
5.452,0.5479,2.177,1.956,0.002,59.2,75.6,1.0,1.0,0.0,18.11
5.498,0.5305,2.011,1.951,-0.007,59.84,75.6,1.0,1.0,0.0,13.73
5.551,0.5148,1.95,1.995,0.0067,60.59,75.6,1.0,1.0,0.0,16.83
5.603,0.5009,1.676,1.955,-0.0101,61.28,75.6,1.0,1.0,0.0,18.7
5.653,0.4859,1.795,1.878,-0.0066,62.03,75.6,1.0,1.0,0.0,18.1
5.703,0.4714,1.592,1.769,-0.0072,62.73,75.6,1.0,1.0,0.0,17.96
5.751,0.4576,1.431,1.685,-0.0002,63.42,75.6,1.0,1.0,0.0,16.3
5.803,0.4443,1.357,1.555,-0.0093,64.17,75.6,1.0,1.0,0.0,16.92
5.85,0.4317,1.126,1.378,-0.0111,64.9,75.6,1.0,1.0,0.0,14.31
5.905,0.4198,0.899,1.14,-0.0147,65.57,75.6,1.0,1.0,0.0,18.7
5.954,0.4092,0.722,0.914,-0.0066,66.31,75.6,1.0,1.0,0.0,16.98
6.005,0.3984,0.215,0.711,-0.0047,67.05,75.6,1.0,1.0,0.0,18.69
6.058,0.3882,0.225,0.52,-0.0054,67.74,75.6,1.0,1.0,0.0,21.41
6.105,0.3791,0.156,0.368,-0.0012,68.49,75.6,1.0,1.0,0.0,17.14
6.16,0.3697,0.192,0.244,-0.0014,69.21,75.6,1.0,1.0,0.0,21.75
6.214,0.3603,-0.082,0.204,0.0074,69.97,75.6,1.0,1.0,0.0,25.46
6.256,0.3509,-0.053,0.202,0.0039,70.67,75.6,1.0,1.0,0.0,17.76
6.309,0.3416,0.198,0.253,0.0074,71.38,75.6,1.0,1.0,0.0,20.66
6.361,0.3326,0.854,0.402,0.0153,72.09,75.6,0.986,0.986,0.0,21.83
6.409,0.3232,0.87,0.521,0.0011,72.83,75.6,0.907,0.907,0.0,20.21
6.459,0.3134,0.697,0.617,0.0009,73.58,75.6,0.828,0.828,0.0,19.18
6.509,0.3032,0.702,0.682,-0.001,74.33,75.6,0.75,0.75,0.0,19.02
6.558,0.2932,0.964,0.764,0.0047,75.03,75.6,0.676,0.676,0.0,17.88
6.607,0.2834,1.014,0.929,0.0144,75.76,75.6,0.603,0.603,0.0,16.96
6.663,0.2732,1.271,1.109,0.0079,76.49,75.6,0.523,0.523,0.0,22.74
6.713,0.2632,1.223,1.208,-0.0051,77.15,75.6,0.453,0.453,0.0,22.24
6.768,0.2547,1.48,1.277,-0.0007,77.14,75.6,0.454,0.454,0.0,27.26
6.817,0.2455,1.111,1.241,-0.0122,76.95,75.6,0.474,0.474,0.0,24.84
6.863,0.2371,0.926,1.14,-0.0103,76.75,75.6,0.495,0.495,0.0,21.34
6.913,0.2295,0.774,0.944,-0.0168,76.55,75.6,0.517,0.517,0.0,20.11
6.967,0.2231,0.291,0.713,-0.0118,76.34,75.6,0.54,0.54,0.0,23.9
7.015,0.218,0.135,0.513,-0.0036,76.15,75.6,0.559,0.559,0.0,21.89
7.064,0.2132,-0.251,0.359,-0.0007,75.98,75.6,0.577,0.577,0.0,20.47
7.115,0.2093,-0.23,0.238,-0.0007,76.09,75.6,0.565,0.565,0.0,21.26
7.168,0.2061,0.014,0.053,-0.0132,76.34,75.6,0.54,0.54,0.0,23.86
7.216,0.2038,-0.128,-0.136,-0.0071,76.45,75.6,0.528,0.528,0.0,21.66
7.269,0.2016,-0.738,-0.412,-0.0186,76.27,75.6,0.547,0.547,0.0,24.01
7.318,0.1998,-1.479,-0.801,-0.0256,76.12,75.6,0.562,0.562,0.0,22.7
7.363,0.1996,-1.423,-1.058,0.0049,76.14,75.6,0.56,0.56,0.0,17.7
7.419,0.199,-1.416,-1.187,0.009,76.25,75.6,0.549,0.549,0.0,23.53
7.469,0.1985,-1.496,-1.253,0.0043,76.35,75.6,0.539,0.539,0.0,23.44
7.516,0.1975,-1.253,-1.223,0.0111,76.37,75.6,0.537,0.537,0.0,20.8
7.565,0.1958,-0.657,-1.108,0.0129,76.18,75.6,0.556,0.556,0.0,18.75
7.618,0.1937,-1.012,-0.923,0.0139,76.06,75.6,0.57,0.57,0.0,21.83
7.668,0.1907,-0.726,-0.7,0.0117,76.14,75.6,0.56,0.56,0.0,22.02
7.72,0.1869,-0.069,-0.565,-0.0045,76.32,75.6,0.542,0.542,0.0,23.32
7.772,0.1829,0.263,-0.468,-0.0005,76.4,75.6,0.532,0.532,0.0,24.31
7.819,0.1775,-0.247,-0.455,-0.0085,76.28,75.6,0.546,0.546,0.0,21.73
7.868,0.1721,-0.007,-0.383,0.0087,76.14,75.6,0.56,0.56,0.0,20.52
7.922,0.1658,0.177,-0.155,0.0244,76.15,75.6,0.559,0.559,0.0,24.53
7.971,0.159,0.345,0.236,0.0306,76.25,75.6,0.549,0.549,0.0,23.46
8.019,0.1517,0.522,0.57,0.0057,76.34,75.6,0.54,0.54,0.0,20.39
8.071,0.143,2.094,0.955,0.0188,76.32,75.6,0.541,0.541,0.0,22.24
8.125,0.1355,1.66,1.412,0.0235,76.14,75.6,0.56,0.56,0.0,26.0
8.169,0.1258,1.511,1.681,-0.0102,76.03,75.6,0.573,0.572,0.0,19.4
8.224,0.1174,1.798,1.71,-0.0242,76.15,75.6,0.559,0.559,0.0,24.9
8.273,0.1094,2.288,1.682,-0.007,76.35,75.6,0.539,0.539,0.0,23.55
8.322,0.102,2.076,1.616,-0.0062,76.42,75.6,0.53,0.53,0.0,21.53
8.374,0.0952,1.006,1.382,-0.0259,76.24,75.6,0.55,0.55,0.0,23.84
8.422,0.0882,0.804,1.117,-0.0124,76.09,75.6,0.567,0.567,0.0,21.3
8.473,0.0833,0.625,0.898,-0.0028,76.13,75.6,0.561,0.561,0.0,22.26
8.524,0.0783,0.051,0.762,0.0039,76.28,75.6,0.546,0.546,0.0,22.63
8.577,0.0741,0.958,0.679,0.0028,76.39,75.6,0.535,0.535,0.0,24.73
8.626,0.0711,0.339,0.625,0.0011,76.38,75.6,0.535,0.535,0.0,24.28
8.673,0.0664,0.107,0.514,-0.0099,76.2,75.6,0.554,0.554,0.0,20.47
8.724,0.063,0.071,0.36,-0.0097,76.06,75.6,0.569,0.569,0.0,21.61
8.777,0.0606,0.148,0.321,0.0106,76.15,75.6,0.559,0.559,0.0,24.61
8.823,0.0577,0.017,0.283,-0.0012,76.32,75.6,0.542,0.542,0.0,20.39
8.878,0.055,0.136,0.225,-0.0041,76.38,75.6,0.536,0.536,0.0,25.13
8.927,0.0528,0.434,0.173,-0.0013,76.27,75.6,0.547,0.547,0.0,23.32
8.973,0.05,0.306,0.101,-0.0046,76.11,75.6,0.564,0.564,0.0,19.69
9.027,0.0475,-0.262,0.02,-0.0037,76.15,75.6,0.559,0.559,0.0,23.19
9.077,0.045,0.011,-0.07,-0.004,76.26,75.6,0.548,0.548,0.0,22.2
9.128,0.0429,0.052,-0.116,0.0029,76.35,75.6,0.539,0.539,0.0,23.33
9.176,0.0394,0.079,-0.129,0.0029,76.36,75.6,0.538,0.538,0.0,20.78
9.23,0.0355,0.205,-0.088,0.0072,76.17,75.6,0.557,0.557,0.0,24.43
9.278,0.0319,0.179,0.077,0.0187,76.02,75.6,0.574,0.574,0.0,22.53
9.326,0.0264,0.211,0.219,0.0025,76.11,75.6,0.563,0.563,0.0,20.0
9.383,0.0212,0.924,0.487,0.0226,76.33,75.6,0.541,0.541,0.0,26.11
9.429,0.0148,1.527,0.806,0.0165,76.42,75.6,0.53,0.53,0.0,22.19
9.48,0.0071,1.471,0.997,-0.0066,76.25,75.6,0.549,0.549,0.0,22.53
9.535,-0.0009,1.866,1.086,-0.0077,76.1,75.6,0.566,0.566,0.0,27.26
9.582,-0.0087,1.397,0.974,-0.0249,76.13,75.6,0.561,0.561,0.0,23.97
9.632,-0.0181,1.53,0.788,-0.0142,76.27,75.6,0.547,0.547,0.0,23.89
9.679,-0.0284,1.426,0.641,-0.001,76.37,75.6,0.536,0.536,0.0,21.11
9.735,-0.0385,0.911,0.711,0.0251,76.37,75.6,0.536,0.536,0.0,26.2
9.792,-0.0479,1.842,1.181,0.0585,76.18,75.6,0.556,0.556,0.0,32.73
9.83,-0.0641,1.754,1.526,-0.0012,76.02,75.6,0.574,0.574,0.0,20.53
9.888,-0.0798,3.222,2.194,0.0572,76.09,75.6,0.567,0.566,0.0,28.15
9.934,-0.0951,5.225,3.001,0.0427,76.32,75.6,0.542,0.542,0.0,24.05
9.982,-0.116,4.818,3.399,-0.0288,76.46,75.6,0.527,0.527,0.0,22.39
10.062,-0.1384,5.572,3.753,0.0076,76.36,75.6,0.538,0.538,0.0,51.97
10.098,-0.1607,4.828,4.124,0.0149,76.17,75.6,0.557,0.557,0.0,35.85
10.148,-0.1829,6.365,4.66,0.0358,75.97,75.6,0.579,0.579,0.0,35.16
10.197,-0.209,5.595,4.811,-0.0349,76.01,75.6,0.574,0.574,0.0,33.8
10.238,-0.2332,6.2,5.215,0.0404,76.27,75.6,0.547,0.547,0.0,24.72
10.289,-0.2587,7.5,5.942,0.0594,76.51,75.6,0.522,0.522,0.0,25.42
10.337,-0.2891,6.491,6.143,-0.0482,76.52,75.6,0.52,0.52,0.0,23.52
10.39,-0.3193,7.898,6.482,0.0264,76.34,75.6,0.54,0.54,0.0,25.36
10.439,-0.3435,8.79,7.091,0.0495,76.15,75.6,0.559,0.559,0.0,24.18
10.49,-0.3808,7.4,7.092,-0.0636,75.99,75.6,0.577,0.577,0.0,24.93
10.544,-0.4116,7.87,7.142,0.0068,76.07,75.6,0.569,0.569,0.0,28.67
10.591,-0.4394,8.922,7.66,0.067,76.3,75.6,0.544,0.544,0.0,24.92
10.639,-0.4708,9.939,8.508,0.0642,76.48,75.6,0.525,0.525,0.0,22.58
10.69,-0.5054,8.09,8.492,-0.091,76.43,75.6,0.53,0.529,0.0,24.09
10.74,-0.5387,9.963,8.689,0.0291,76.25,75.6,0.549,0.549,0.0,23.87
10.795,-0.5685,11.168,9.364,0.0737,76.08,75.6,0.568,0.568,0.0,28.61
10.845,-0.6062,9.047,9.212,-0.092,76.08,75.6,0.567,0.567,0.0,28.07
10.89,-0.6384,9.527,9.118,0.0029,76.22,75.6,0.552,0.552,0.0,23.44
10.945,-0.6688,10.789,9.558,0.0714,76.34,75.6,0.54,0.54,0.0,27.5
10.994,-0.7055,8.401,9.195,-0.097,76.39,75.6,0.535,0.535,0.0,26.77
11.041,-0.7372,9.609,9.086,0.023,76.21,75.6,0.553,0.553,0.0,23.24
11.091,-0.7671,11.082,9.65,0.0901,76.05,75.6,0.571,0.571,0.0,22.03
11.148,-0.8059,8.636,9.353,-0.1006,76.1,75.6,0.564,0.564,0.0,28.46
11.196,-0.8386,9.927,9.348,0.0303,76.29,75.6,0.545,0.545,0.0,26.22
11.248,-0.8678,11.701,10.121,0.1086,76.41,75.6,0.531,0.531,0.0,28.3
11.298,-0.9075,9.189,9.962,-0.1032,76.42,75.6,0.53,0.53,0.0,27.48
11.347,-0.9422,10.909,10.148,0.0427,76.24,75.6,0.55,0.55,0.0,26.78
11.394,-0.9757,12.873,11.081,0.1107,76.06,75.6,0.569,0.569,0.0,23.39
11.445,-1.0078,14.686,12.416,0.0887,76.09,75.6,0.567,0.567,0.0,24.32
11.497,-1.0487,11.656,12.326,-0.1524,76.24,75.6,0.55,0.55,0.0,25.61
11.546,-1.0816,12.9,12.289,0.0044,76.38,75.6,0.536,0.536,0.0,25.34
11.611,-1.1118,14.375,12.892,0.0879,76.4,75.6,0.533,0.533,0.0,39.67
11.65,-1.1488,11.219,12.413,-0.1299,76.21,75.6,0.553,0.553,0.0,28.01
11.698,-1.1803,11.992,12.114,0.0085,76.01,75.6,0.574,0.574,0.0,25.83
11.748,-1.2019,12.852,12.326,0.0608,76.05,75.6,0.571,0.571,0.0,26.22
11.8,-1.2356,9.649,11.522,-0.1344,76.25,75.6,0.549,0.549,0.0,27.86
11.848,-1.2602,10.661,10.881,-0.0053,76.44,75.6,0.528,0.528,0.0,25.7
11.899,-1.2819,10.904,10.746,0.0482,76.48,75.6,0.525,0.525,0.0,26.66
11.949,-1.308,7.668,9.697,-0.1321,76.28,75.6,0.546,0.546,0.0,26.17
11.998,-1.3285,8.778,9.008,0.0135,76.11,75.6,0.565,0.565,0.0,25.25
12.046,-1.3459,9.504,9.101,0.0853,76.09,75.6,0.566,0.566,0.0,23.29
12.109,-1.3612,10.746,9.66,0.0682,76.2,75.6,0.554,0.554,0.0,35.73
12.15,-1.3895,7.651,9.032,-0.1463,76.36,75.6,0.538,0.538,0.0,26.44
12.205,-1.4053,9.535,8.859,0.0417,76.4,75.6,0.532,0.532,0.0,31.09
12.25,-1.4212,10.942,9.594,0.1206,76.21,75.6,0.553,0.553,0.0,25.93
12.301,-1.4508,8.105,9.308,-0.1169,76.03,75.6,0.573,0.572,0.0,26.01
12.351,-1.4713,10.302,9.34,0.0343,76.08,75.6,0.568,0.568,0.0,25.72
12.402,-1.4908,12.31,10.247,0.1235,76.28,75.6,0.546,0.546,0.0,26.13
12.455,-1.5233,9.636,10.143,-0.1096,76.44,75.6,0.528,0.528,0.0,29.41
12.505,-1.5495,11.35,10.308,0.0339,76.46,75.6,0.527,0.527,0.0,28.25
12.552,-1.5698,13.992,11.329,0.1253,76.27,75.6,0.546,0.546,0.0,25.58
12.607,-1.6091,11.213,11.27,-0.1151,76.1,75.6,0.566,0.566,0.0,30.56
12.657,-1.6401,13.159,11.51,0.0396,76.09,75.6,0.567,0.567,0.0,30.16
12.705,-1.6705,15.35,12.554,0.1206,76.19,75.6,0.555,0.555,0.0,27.34
12.756,-1.6963,16.917,14.163,0.1154,76.34,75.6,0.54,0.54,0.0,28.65
12.804,-1.7451,13.652,14.209,-0.162,76.38,75.6,0.536,0.536,0.0,25.96
12.858,-1.7796,16.713,14.788,0.076,76.18,75.6,0.556,0.556,0.0,29.51
12.907,-1.8119,19.819,16.605,0.1931,75.99,75.6,0.576,0.576,0.0,27.89
12.951,-1.8616,16.137,16.845,-0.1568,76.03,75.6,0.573,0.573,0.0,21.42
13.01,-1.8997,19.266,17.264,0.0334,76.24,75.6,0.55,0.55,0.0,30.81
13.057,-1.9355,21.29,18.526,0.1323,76.45,75.6,0.527,0.527,0.0,26.88
13.106,-1.9899,17.451,18.299,-0.1638,76.49,75.6,0.523,0.523,0.0,26.63
13.159,-2.0293,19.241,18.293,0.0229,76.29,75.6,0.545,0.545,0.0,29.17
13.212,-2.0643,21.529,19.251,0.1344,76.07,75.6,0.569,0.569,0.0,31.44
13.257,-2.1119,16.987,18.619,-0.1886,75.99,75.6,0.576,0.576,0.0,25.95
13.306,-2.1477,18.404,18.363,0.0303,76.09,75.6,0.567,0.567,0.0,25.11
13.354,-2.1762,20.533,19.071,0.1258,76.3,75.6,0.544,0.544,0.0,23.21
13.41,-2.2219,15.699,18.148,-0.2032,76.42,75.6,0.53,0.53,0.0,28.9
13.462,-2.2529,17.634,17.726,0.0377,76.35,75.6,0.539,0.539,0.0,29.8
13.51,-2.2796,19.689,18.527,0.1562,76.14,75.6,0.561,0.561,0.0,28.18
13.562,-2.3182,14.81,17.682,-0.202,75.9,75.6,0.587,0.587,0.0,29.37
13.61,-2.3433,16.95,17.111,0.0089,75.92,75.6,0.584,0.584,0.0,27.09
13.657,-2.3604,18.115,17.406,0.101,76.22,75.6,0.553,0.553,0.0,24.02
13.713,-2.3918,13.312,16.206,-0.1984,76.51,75.6,0.521,0.521,0.0,29.86
13.763,-2.4104,14.253,15.127,-0.0251,76.58,75.6,0.514,0.514,0.0,30.06
13.808,-2.4216,15.403,14.902,0.0815,76.39,75.6,0.535,0.535,0.0,24.65
13.862,-2.4443,10.767,13.422,-0.183,76.15,75.6,0.559,0.559,0.0,27.88
13.912,-2.4558,11.656,12.546,0.0327,75.94,75.6,0.582,0.582,0.0,27.88
13.958,-2.4618,12.963,12.686,0.1112,75.97,75.6,0.579,0.579,0.0,23.34
14.012,-2.4792,8.348,11.424,-0.1907,76.23,75.6,0.551,0.551,0.0,27.67
14.066,-2.4877,10.801,10.794,0.0442,76.49,75.6,0.523,0.523,0.0,31.18
14.111,-2.492,12.617,11.482,0.1621,76.55,75.6,0.517,0.517,0.0,25.7
14.17,-2.5101,8.593,10.846,-0.1609,76.36,75.6,0.537,0.537,0.0,34.64
14.214,-2.5205,11.757,10.823,0.0635,76.14,75.6,0.56,0.56,0.0,28.2
14.265,-2.5294,14.304,12.106,0.1814,75.95,75.6,0.581,0.581,0.0,29.19
14.311,-2.538,17.375,14.061,0.1387,76.0,75.6,0.576,0.576,0.0,25.11
14.364,-2.565,13.352,14.051,-0.2061,76.27,75.6,0.547,0.547,0.0,27.87
14.416,-2.5789,16.237,14.26,0.0301,76.5,75.6,0.522,0.522,0.0,29.36
14.464,-2.5914,18.235,15.442,0.1432,76.52,75.6,0.52,0.52,0.0,27.7
14.513,-2.6221,14.678,15.274,-0.1472,76.34,75.6,0.54,0.54,0.0,26.81
14.564,-2.6398,16.939,15.614,0.0649,76.11,75.6,0.565,0.565,0.0,27.63
14.613,-2.6543,19.647,17.118,0.1745,75.92,75.6,0.585,0.585,0.0,26.24
14.665,-2.6895,15.474,16.969,-0.1784,76.01,75.6,0.575,0.575,0.0,26.92
14.716,-2.7079,18.98,17.231,0.0521,76.3,75.6,0.544,0.544,0.0,27.67
14.767,-2.7256,20.939,18.48,0.147,76.53,75.6,0.519,0.519,0.0,28.73
14.818,-2.7628,16.566,18.071,-0.188,76.53,75.6,0.52,0.52,0.0,29.68
14.869,-2.7848,18.818,17.986,0.031,76.32,75.6,0.542,0.542,0.0,29.92
14.915,-2.8023,20.965,19.041,0.1561,76.08,75.6,0.568,0.568,0.0,25.34
14.969,-2.8364,16.541,18.521,-0.183,75.93,75.6,0.584,0.584,0.0,28.42
15.017,-2.8529,18.563,18.18,0.0068,76.01,75.6,0.574,0.574,0.0,26.33
15.068,-2.8675,20.483,18.726,0.1119,76.28,75.6,0.546,0.546,0.0,26.99
15.12,-2.8971,15.297,17.59,-0.2158,76.5,75.6,0.522,0.522,0.0,29.26
15.172,-2.9118,15.724,16.788,0.0071,76.48,75.6,0.524,0.524,0.0,30.39
15.218,-2.9219,18.764,17.362,0.1639,76.27,75.6,0.547,0.547,0.0,25.87
15.273,-2.9442,13.836,16.409,-0.193,76.05,75.6,0.571,0.571,0.0,30.44
15.317,-2.9535,15.146,15.996,0.0421,75.99,75.6,0.577,0.577,0.0,24.38
15.367,-2.956,18.138,16.561,0.1221,76.12,75.6,0.562,0.562,0.0,24.04
15.421,-2.9758,13.36,15.538,-0.202,76.33,75.6,0.541,0.541,0.0,27.55
15.474,-2.9801,14.977,14.833,0.0086,76.42,75.6,0.531,0.531,0.0,30.64
15.518,-2.9814,15.83,15.086,0.1093,76.26,75.6,0.548,0.548,0.0,24.72
15.57,-2.9956,11.165,13.916,-0.19,76.06,75.6,0.57,0.57,0.0,26.61
15.63,-2.9967,12.572,13.31,0.038,76.04,75.6,0.572,0.572,0.0,35.86
15.683,-2.9939,15.137,13.87,0.1416,76.18,75.6,0.556,0.556,0.0,38.75
15.737,-3.0049,10.482,12.92,-0.1912,76.38,75.6,0.536,0.536,0.0,41.83
15.784,-3.0055,12.676,12.542,0.0466,76.48,75.6,0.524,0.524,0.0,38.79
15.827,-3.0033,14.877,13.446,0.1659,76.35,75.6,0.539,0.539,0.0,32.22
15.875,-3.0141,10.705,12.91,-0.1697,76.12,75.6,0.564,0.564,0.0,29.85
15.926,-3.0157,13.703,12.842,0.0467,75.91,75.6,0.586,0.586,0.0,30.82
15.971,-3.0123,15.901,13.746,0.1334,75.99,75.6,0.576,0.576,0.0,25.15
16.019,-3.0258,11.852,13.2,-0.1709,76.29,75.6,0.545,0.545,0.0,23.06
16.077,-3.029,13.836,12.949,0.0222,76.54,75.6,0.518,0.518,0.0,30.43
16.126,-3.0306,15.632,13.777,0.1419,76.54,75.6,0.518,0.518,0.0,28.77
16.175,-3.0446,11.649,13.244,-0.1611,76.34,75.6,0.54,0.54,0.0,27.84
16.23,-3.051,13.879,13.238,0.0549,76.11,75.6,0.565,0.565,0.0,32.68
16.279,-3.0553,17.468,14.512,0.1785,75.9,75.6,0.587,0.587,0.0,31.15
16.326,-3.0725,13.387,14.26,-0.1685,75.96,75.6,0.579,0.579,0.0,27.57
16.387,-3.0831,15.751,14.479,0.0571,76.27,75.6,0.547,0.547,0.0,37.62
16.445,-3.0926,18.083,15.894,0.1745,76.58,75.6,0.514,0.514,0.0,46.1
16.488,-3.1,21.949,18.16,0.1683,76.66,75.6,0.505,0.505,0.0,38.08
16.529,-3.1294,17.901,18.406,-0.2031,76.53,75.6,0.519,0.519,0.0,28.82
16.578,-3.1441,21.232,19.117,0.0736,76.3,75.6,0.544,0.544,0.0,27.19
16.626,-3.1669,16.829,18.56,-0.1522,76.07,75.6,0.569,0.569,0.0,25.41
16.678,-3.1835,19.117,18.681,0.0752,75.98,75.6,0.577,0.577,0.0,27.21
16.728,-3.1979,22.061,19.851,0.1506,76.09,75.6,0.567,0.567,0.0,26.67
16.781,-3.2197,17.34,19.251,-0.2062,76.28,75.6,0.546,0.545,0.0,29.01
16.831,-3.2325,18.542,18.831,0.0043,76.41,75.6,0.532,0.532,0.0,29.12
16.879,-3.2415,20.405,19.199,0.0952,76.39,75.6,0.535,0.535,0.0,26.42
16.926,-3.244,21.038,19.91,0.0607,76.17,75.6,0.557,0.557,0.0,23.01
16.976,-3.2603,16.132,18.78,-0.2322,75.97,75.6,0.579,0.579,0.0,22.7
17.026,-3.2587,16.465,17.754,-0.0248,75.98,75.6,0.578,0.578,0.0,22.24
17.073,-3.2502,17.132,17.548,0.0785,76.21,75.6,0.553,0.553,0.0,19.21
17.132,-3.2546,11.644,15.8,-0.2223,76.43,75.6,0.53,0.53,0.0,28.4
17.18,-3.2413,13.003,14.546,0.0078,76.46,75.6,0.527,0.527,0.0,26.23
17.228,-3.2224,13.716,14.385,0.1089,76.25,75.6,0.549,0.549,0.0,23.64
17.284,-3.2168,8.722,12.833,-0.1998,76.04,75.6,0.572,0.572,0.0,28.93
17.331,-3.1943,9.729,11.71,0.0056,76.01,75.6,0.575,0.575,0.0,25.65
17.38,-3.1666,11.196,11.696,0.1158,76.18,75.6,0.557,0.557,0.0,24.86
17.434,-3.152,6.588,10.38,-0.1823,76.38,75.6,0.536,0.536,0.0,27.84
17.483,-3.1217,7.564,9.374,-0.0027,76.44,75.6,0.528,0.528,0.0,26.82
17.531,-3.0882,9.284,9.15,0.0741,76.25,75.6,0.549,0.549,0.0,24.9
17.584,-3.0645,5.094,7.773,-0.1687,76.05,75.6,0.57,0.57,0.0,26.46
17.633,-3.029,5.661,6.725,-0.0023,76.06,75.6,0.57,0.57,0.0,25.94
17.681,-2.9923,5.919,6.387,0.0627,76.23,75.6,0.551,0.551,0.0,23.96
17.736,-2.9654,2.406,5.134,-0.1396,76.41,75.6,0.531,0.531,0.0,27.67
17.786,-2.928,3.83,4.496,0.0422,76.44,75.6,0.529,0.529,0.0,28.09
17.833,-2.8917,5.56,4.948,0.13,76.24,75.6,0.55,0.549,0.0,24.27
17.884,-2.8682,3.145,4.624,-0.0926,76.08,75.6,0.568,0.568,0.0,25.3
17.936,-2.8364,5.752,4.859,0.0666,76.11,75.6,0.563,0.563,0.0,26.94
17.984,-2.808,7.942,6.009,0.1361,76.26,75.6,0.548,0.548,0.0,24.84
18.039,-2.7924,5.659,6.17,-0.0979,76.37,75.6,0.536,0.536,0.0,28.88
18.091,-2.7721,8.52,6.788,0.0694,76.39,75.6,0.533,0.533,0.0,30.48
18.134,-2.7532,10.793,8.293,0.1455,76.22,75.6,0.552,0.552,0.0,23.41
18.187,-2.7467,8.651,8.749,-0.0939,76.05,75.6,0.571,0.571,0.0,26.81
18.239,-2.7357,11.254,9.442,0.0489,76.1,75.6,0.565,0.565,0.0,28.52
18.287,-2.7247,13.252,10.797,0.1168,76.26,75.6,0.548,0.548,0.0,26.11
18.338,-2.7237,10.609,10.973,-0.1175,76.39,75.6,0.535,0.535,0.0,27.2
18.386,-2.7176,12.424,11.22,0.0162,76.39,75.6,0.533,0.533,0.0,24.47
18.436,-2.71,13.535,12.054,0.0905,76.19,75.6,0.555,0.555,0.0,24.73
18.484,-2.7006,15.111,13.245,0.079,76.02,75.6,0.574,0.574,0.0,22.09
18.537,-2.7027,11.834,12.99,-0.1604,76.08,75.6,0.568,0.568,0.0,24.83
18.589,-2.6926,12.557,12.729,-0.0097,76.28,75.6,0.546,0.546,0.0,26.73
18.637,-2.6795,13.537,12.895,0.0504,76.44,75.6,0.529,0.529,0.0,23.84
18.691,-2.6758,10.183,12.019,-0.1396,76.42,75.6,0.53,0.53,0.0,27.45
18.739,-2.6595,10.362,11.216,-0.0204,76.22,75.6,0.552,0.552,0.0,26.01
18.784,-2.6406,10.261,10.833,0.0305,76.03,75.6,0.573,0.573,0.0,21.07
18.839,-2.6278,6.54,9.454,-0.1524,76.07,75.6,0.569,0.569,0.0,25.1
18.886,-2.6048,6.763,8.26,-0.0223,76.26,75.6,0.548,0.548,0.0,22.55
18.939,-2.5763,6.926,7.602,0.0332,76.42,75.6,0.531,0.531,0.0,24.62
18.995,-2.5553,3.492,6.14,-0.1352,76.4,75.6,0.533,0.533,0.0,30.52
19.046,-2.5281,3.696,5.02,-0.0032,76.2,75.6,0.554,0.554,0.0,30.8
19.09,-2.4962,4.225,4.681,0.0698,76.02,75.6,0.574,0.574,0.0,25.02
19.142,-2.4724,1.442,3.674,-0.105,76.06,75.6,0.57,0.57,0.0,26.49
19.192,-2.4445,2.712,3.119,0.0279,76.27,75.6,0.547,0.547,0.0,25.47
19.243,-2.4149,4.311,3.486,0.1093,76.46,75.6,0.526,0.526,0.0,26.37
19.296,-2.3969,2.169,3.179,-0.0812,76.46,75.6,0.526,0.526,0.0,29.47
19.344,-2.3761,4.433,3.47,0.0727,76.28,75.6,0.545,0.545,0.0,26.83
19.391,-2.356,7.284,4.759,0.1496,76.11,75.6,0.565,0.565,0.0,23.53
19.444,-2.349,5.584,5.216,-0.0712,76.11,75.6,0.563,0.563,0.0,26.32
19.492,-2.3392,8.098,6.1,0.0756,76.23,75.6,0.551,0.551,0.0,24.47
19.545,-2.3326,11.011,7.817,0.1471,76.34,75.6,0.54,0.54,0.0,27.16
19.597,-2.328,13.82,9.953,0.1186,76.36,75.6,0.537,0.537,0.0,28.39
19.648,-2.3387,11.925,10.764,-0.1106,76.16,75.6,0.558,0.558,0.0,29.34
19.692,-2.3421,13.925,11.664,0.0409,75.98,75.6,0.578,0.578,0.0,23.33
19.743,-2.3455,16.058,13.1,0.1061,76.05,75.6,0.571,0.571,0.0,24.29
19.796,-2.3605,13.246,13.268,-0.1269,76.31,75.6,0.543,0.543,0.0,26.67
19.847,-2.367,14.542,13.528,0.0188,76.48,75.6,0.524,0.524,0.0,27.65
19.895,-2.3717,15.705,14.342,0.0863,76.41,75.6,0.533,0.533,0.0,25.02
19.948,-2.3858,12.717,14.037,-0.1279,76.22,75.6,0.552,0.552,0.0,28.19
19.996,-2.39,14.198,13.897,0.0125,76.01,75.6,0.575,0.575,0.0,25.64
20.044,-2.3913,14.953,14.268,0.0664,76.02,75.6,0.574,0.574,0.0,22.77
20.098,-2.3996,11.064,13.353,-0.1666,76.22,75.6,0.552,0.552,0.0,27.23
20.148,-2.3974,11.667,12.607,-0.0083,76.42,75.6,0.531,0.531,0.0,27.02
20.195,-2.39,11.919,12.438,0.0544,76.45,75.6,0.527,0.527,0.0,23.11
20.271,-2.3895,8.064,11.181,-0.1577,76.25,75.6,0.549,0.549,0.0,49.31
20.297,-2.378,8.766,10.158,-0.0113,76.02,75.6,0.574,0.574,0.0,25.41
20.345,-2.3612,8.979,9.805,0.0578,75.96,75.6,0.58,0.58,0.0,23.08
20.399,-2.3513,5.103,8.428,-0.1552,76.16,75.6,0.558,0.558,0.0,26.57
20.447,-2.3307,5.618,7.219,-0.0246,76.43,75.6,0.529,0.529,0.0,24.43
20.505,-2.3061,5.503,6.69,0.0527,76.5,75.6,0.522,0.522,0.0,31.95
20.549,-2.2863,2.373,5.447,-0.1181,76.31,75.6,0.542,0.542,0.0,26.29
20.601,-2.2592,3.205,4.599,0.0118,76.11,75.6,0.565,0.565,0.0,27.39
20.644,-2.2311,4.143,4.504,0.0755,76.01,75.6,0.574,0.574,0.0,19.59
20.699,-2.2068,1.428,3.671,-0.1064,76.14,75.6,0.561,0.561,0.0,24.88
20.75,-2.1806,2.386,3.162,0.0163,76.36,75.6,0.538,0.538,0.0,25.22
20.799,-2.1533,3.744,3.318,0.0749,76.44,75.6,0.529,0.529,0.0,23.93
20.851,-2.1237,4.952,3.825,0.0545,76.24,75.6,0.55,0.55,0.0,25.36
20.898,-2.1066,3.111,3.559,-0.0902,76.07,75.6,0.569,0.569,0.0,23.05
20.955,-2.0837,3.91,3.436,0.0106,76.11,75.6,0.563,0.563,0.0,28.75
21.002,-2.0594,5.151,3.904,0.0783,76.27,75.6,0.547,0.547,0.0,25.71
21.054,-2.0466,3.641,3.842,-0.0577,76.39,75.6,0.535,0.535,0.0,27.14
21.104,-2.0291,4.949,4.171,0.0524,76.39,75.6,0.533,0.533,0.0,27.43
21.153,-2.0127,7.133,5.257,0.1172,76.2,75.6,0.554,0.554,0.0,25.82
21.202,-2.007,5.755,5.656,-0.0581,76.05,75.6,0.571,0.571,0.0,24.62
21.252,-1.9985,8.03,6.364,0.057,76.1,75.6,0.564,0.564,0.0,24.49
21.302,-1.9912,9.835,7.546,0.0909,76.29,75.6,0.545,0.545,0.0,24.37
21.353,-1.9923,7.995,7.811,-0.0866,76.4,75.6,0.532,0.532,0.0,24.73
21.402,-1.9902,9.415,8.106,0.0132,76.38,75.6,0.536,0.536,0.0,23.48
21.453,-1.9871,10.576,8.865,0.0752,76.18,75.6,0.556,0.556,0.0,24.15
21.502,-1.9842,11.428,9.823,0.0543,76.02,75.6,0.574,0.574,0.0,23.03
21.558,-1.9903,9.05,9.686,-0.1196,76.09,75.6,0.565,0.565,0.0,28.47
21.607,-1.9879,10.085,9.631,0.0068,76.3,75.6,0.544,0.544,0.0,27.55
21.654,-1.9828,11.123,10.115,0.0733,76.42,75.6,0.53,0.53,0.0,24.02
21.722,-1.9883,8.488,9.698,-0.1089,76.37,75.6,0.537,0.537,0.0,42.13
21.765,-1.9841,9.354,9.432,0.0065,76.16,75.6,0.558,0.558,0.0,34.44
21.808,-1.9767,10.241,9.738,0.0705,75.96,75.6,0.58,0.579,0.0,27.49
21.856,-1.9785,7.289,9.091,-0.1223,76.0,75.6,0.575,0.575,0.0,25.48
21.906,-1.9704,8.014,8.558,-0.0067,76.27,75.6,0.547,0.547,0.0,25.03
21.952,-1.9593,8.434,8.493,0.0467,76.5,75.6,0.522,0.522,0.0,21.11
22.01,-1.9557,5.677,7.645,-0.1115,76.49,75.6,0.524,0.524,0.0,28.75
22.056,-1.9438,6.386,7.032,0.0032,76.28,75.6,0.546,0.546,0.0,24.56
22.108,-1.9283,6.793,6.988,0.058,76.11,75.6,0.565,0.565,0.0,26.21
22.165,-1.9212,4.118,6.186,-0.1074,76.1,75.6,0.566,0.566,0.0,32.48
22.208,-1.9058,5.093,5.617,0.0046,76.2,75.6,0.554,0.554,0.0,25.84
22.254,-1.8885,5.979,5.715,0.0733,76.33,75.6,0.541,0.541,0.0,21.19
22.311,-1.8796,3.594,5.123,-0.0929,76.34,75.6,0.54,0.54,0.0,27.63
22.362,-1.8637,4.635,4.839,0.0223,76.13,75.6,0.561,0.561,0.0,28.53
22.407,-1.8477,5.714,5.178,0.0772,75.96,75.6,0.579,0.579,0.0,23.24
22.46,-1.8385,3.715,4.856,-0.0806,76.07,75.6,0.568,0.568,0.0,25.3
22.508,-1.8255,5.018,4.788,0.0243,76.36,75.6,0.537,0.537,0.0,23.38
22.559,-1.8126,6.185,5.262,0.0733,76.5,75.6,0.522,0.522,0.0,24.14
22.61,-1.7995,7.454,6.044,0.0596,76.32,75.6,0.542,0.542,0.0,24.42
22.675,-1.7969,5.763,6.02,-0.0853,76.13,75.6,0.561,0.561,0.0,39.41
22.725,-1.7869,6.808,6.154,0.0214,75.99,75.6,0.577,0.577,0.0,39.05
22.766,-1.7768,7.853,6.758,0.0702,76.02,75.6,0.574,0.574,0.0,29.54
22.823,-1.7755,5.844,6.599,-0.0855,76.25,75.6,0.549,0.549,0.0,36.64
22.869,-1.7681,6.971,6.604,0.0174,76.49,75.6,0.523,0.523,0.0,32.04
22.913,-1.7601,8.133,7.124,0.0722,76.55,75.6,0.517,0.517,0.0,25.29
22.966,-1.7595,6.175,6.934,-0.081,76.37,75.6,0.537,0.537,0.0,28.57
23.017,-1.7538,7.218,6.874,0.0114,76.17,75.6,0.557,0.557,0.0,28.65
23.07,-1.747,8.128,7.267,0.0613,75.98,75.6,0.578,0.578,0.0,31.42
23.118,-1.7463,5.968,6.918,-0.09,76.02,75.6,0.573,0.573,0.0,29.85
23.166,-1.7408,6.752,6.738,0.0115,76.26,75.6,0.548,0.548,0.0,27.09
23.214,-1.734,7.488,7.003,0.0558,76.48,75.6,0.524,0.524,0.0,24.87
23.264,-1.7258,8.466,7.495,0.0409,76.48,75.6,0.525,0.525,0.0,24.06
23.321,-1.726,6.299,7.118,-0.1042,76.28,75.6,0.546,0.546,0.0,30.56
23.379,-1.7188,6.9,6.893,0.0082,76.09,75.6,0.567,0.567,0.0,38.3
23.414,-1.7099,7.625,7.16,0.0608,76.07,75.6,0.569,0.569,0.0,22.99
23.469,-1.7079,5.339,6.689,-0.0937,76.17,75.6,0.557,0.557,0.0,28.21
23.517,-1.6995,6.216,6.385,0.0069,76.33,75.6,0.541,0.541,0.0,24.85
23.562,-1.689,6.898,6.575,0.0583,76.39,75.6,0.535,0.535,0.0,19.89
23.619,-1.686,4.85,6.126,-0.0826,76.2,75.6,0.554,0.554,0.0,26.93
23.667,-1.6764,5.757,5.886,0.0134,76.02,75.6,0.573,0.573,0.0,24.19
23.716,-1.6652,6.48,6.094,0.0543,76.08,75.6,0.568,0.568,0.0,23.59
23.769,-1.6608,4.268,5.591,-0.0921,76.29,75.6,0.545,0.545,0.0,26.0
23.819,-1.6505,5.031,5.245,0.0044,76.44,75.6,0.528,0.528,0.0,25.22
23.87,-1.6385,5.87,5.419,0.0606,76.43,75.6,0.529,0.529,0.0,26.66
23.917,-1.6326,3.948,5.008,-0.0757,76.24,75.6,0.55,0.55,0.0,23.36
23.968,-1.6227,4.788,4.789,0.0126,76.06,75.6,0.569,0.569,0.0,23.49
24.019,-1.612,5.621,5.019,0.055,76.1,75.6,0.564,0.564,0.0,23.9
24.069,-1.6072,3.886,4.686,-0.0707,76.25,75.6,0.549,0.549,0.0,23.66
24.12,-1.5985,4.835,4.529,0.0131,76.37,75.6,0.536,0.536,0.0,24.64
24.171,-1.589,5.719,4.886,0.0662,76.36,75.6,0.537,0.537,0.0,25.05
24.218,-1.5861,4.123,4.699,-0.0635,76.17,75.6,0.557,0.557,0.0,22.34
24.268,-1.5806,5.373,4.827,0.0375,76.03,75.6,0.573,0.573,0.0,21.99
24.338,-1.5748,6.931,5.543,0.0866,76.11,75.6,0.563,0.563,0.0,41.37
24.378,-1.5692,8.374,6.591,0.0713,76.34,75.6,0.54,0.54,0.0,30.7
24.424,-1.5744,6.604,6.72,-0.0918,76.47,75.6,0.525,0.525,0.0,27.24
24.471,-1.5723,8.289,7.044,0.0317,76.3,75.6,0.544,0.544,0.0,23.69
24.52,-1.5703,9.332,7.9,0.0856,76.13,75.6,0.561,0.561,0.0,22.9
24.582,-1.5781,7.381,7.939,-0.0841,76.1,75.6,0.564,0.564,0.0,34.45
24.626,-1.5778,8.627,8.1,0.0183,76.2,75.6,0.554,0.554,0.0,27.46
24.672,-1.5762,9.748,8.699,0.0669,76.31,75.6,0.543,0.543,0.0,23.06
24.726,-1.5839,7.579,8.485,-0.0927,76.35,75.6,0.539,0.539,0.0,26.33
24.773,-1.5837,8.237,8.365,0.0057,76.26,75.6,0.548,0.548,0.0,23.74
24.82,-1.5815,9.036,8.62,0.0482,76.09,75.6,0.567,0.567,0.0,19.69
24.878,-1.5838,6.538,8.056,-0.1054,76.12,75.6,0.563,0.563,0.0,27.42
24.926,-1.58,6.842,7.549,-0.0117,76.25,75.6,0.549,0.549,0.0,25.3
24.975,-1.5736,7.165,7.419,0.035,76.35,75.6,0.539,0.539,0.0,23.95
25.022,-1.5646,7.253,7.375,0.0074,76.36,75.6,0.537,0.537,0.0,20.52
25.077,-1.5612,4.835,6.533,-0.1129,76.15,75.6,0.559,0.559,0.0,25.47
25.121,-1.5494,4.836,5.705,-0.0275,75.99,75.6,0.576,0.576,0.0,19.48
25.175,-1.5348,4.503,5.116,0.0044,76.09,75.6,0.565,0.565,0.0,23.59
25.225,-1.5246,2.12,3.998,-0.0944,76.34,75.6,0.54,0.54,0.0,23.46
25.273,-1.5079,1.78,3.075,-0.0117,76.44,75.6,0.528,0.528,0.0,20.58
25.327,-1.4902,2.112,2.779,0.0553,76.25,75.6,0.548,0.548,0.0,24.68
25.383,-1.4781,0.513,2.172,-0.0539,76.08,75.6,0.568,0.568,0.0,29.76
25.431,-1.4614,1.79,2.018,0.0423,76.1,75.6,0.564,0.564,0.0,27.71
25.482,-1.445,3.35,2.529,0.0873,76.25,75.6,0.549,0.549,0.0,29.11
25.528,-1.436,1.962,2.507,-0.0566,76.38,75.6,0.535,0.535,0.0,24.1
25.579,-1.4255,3.629,2.755,0.037,76.39,75.6,0.533,0.533,0.0,25.46
25.629,-1.4157,5.08,3.557,0.0859,76.2,75.6,0.554,0.554,0.0,25.23
25.677,-1.4072,6.307,4.667,0.0711,76.04,75.6,0.572,0.572,0.0,23.32
25.728,-1.4078,5.178,5.044,-0.0636,76.11,75.6,0.563,0.563,0.0,23.45
25.78,-1.4038,6.797,5.529,0.0283,76.31,75.6,0.543,0.543,0.0,25.72
25.835,-1.4002,8.024,6.384,0.0685,76.43,75.6,0.529,0.529,0.0,29.84
25.881,-1.4047,6.651,6.584,-0.0615,76.35,75.6,0.539,0.539,0.0,26.24
25.931,-1.4048,7.698,6.826,0.0128,76.17,75.6,0.557,0.557,0.0,25.47
25.984,-1.4041,8.343,7.366,0.05,76.0,75.6,0.576,0.576,0.0,28.25
26.028,-1.4082,6.561,7.216,-0.0774,76.06,75.6,0.57,0.57,0.0,21.69
26.077,-1.4077,6.939,7.059,-0.0062,76.29,75.6,0.545,0.545,0.0,20.98
26.128,-1.4054,7.669,7.177,0.0328,76.46,75.6,0.527,0.527,0.0,21.24
26.18,-1.4065,5.803,6.715,-0.0769,76.41,75.6,0.533,0.533,0.0,23.26
26.233,-1.4034,5.822,6.357,-0.0014,76.22,75.6,0.552,0.552,0.0,25.71
26.273,-1.3982,6.129,6.302,0.0296,76.04,75.6,0.572,0.572,0.0,15.54
26.331,-1.3953,3.987,5.625,-0.0888,76.1,75.6,0.564,0.564,0.0,23.15
26.378,-1.3879,4.476,5.101,-0.0022,76.28,75.6,0.546,0.546,0.0,20.21
26.43,-1.3782,4.569,4.908,0.0279,76.39,75.6,0.535,0.535,0.0,21.11
26.484,-1.3671,4.749,4.879,0.0161,76.36,75.6,0.537,0.537,0.0,25.44
26.532,-1.3602,2.835,4.231,-0.0874,76.16,75.6,0.558,0.558,0.0,23.43
26.585,-1.3477,3.238,3.797,0.0073,76.0,75.6,0.576,0.576,0.0,25.49
26.63,-1.3337,3.703,3.779,0.043,76.08,75.6,0.567,0.567,0.0,19.72
26.684,-1.3243,2.03,3.288,-0.0668,76.31,75.6,0.542,0.542,0.0,23.61
26.736,-1.311,2.695,3.005,0.012,76.45,75.6,0.527,0.527,0.0,25.19
26.784,-1.2971,3.425,3.162,0.0516,76.34,75.6,0.54,0.54,0.0,22.62
26.835,-1.2891,2.102,2.909,-0.0517,76.14,75.6,0.56,0.56,0.0,23.36
26.884,-1.2766,3.087,2.884,0.023,75.99,75.6,0.577,0.577,0.0,22.32
26.938,-1.2651,3.806,3.24,0.0523,76.1,75.6,0.564,0.564,0.0,25.67
26.987,-1.2577,2.552,3.127,-0.0531,76.35,75.6,0.538,0.538,0.0,24.47
27.038,-1.2483,3.493,3.165,0.0171,76.45,75.6,0.527,0.527,0.0,25.29
27.085,-1.2389,4.412,3.582,0.0544,76.27,75.6,0.547,0.547,0.0,22.62
27.132,-1.2298,5.257,4.146,0.035,76.1,75.6,0.566,0.565,0.0,18.96
27.186,-1.2269,4.016,4.107,-0.0645,76.13,75.6,0.561,0.561,0.0,23.13
27.239,-1.2195,4.474,4.115,0.0052,76.26,75.6,0.548,0.548,0.0,25.25
27.285,-1.2113,5.092,4.472,0.0489,76.36,75.6,0.538,0.538,0.0,21.04
27.342,-1.2091,3.792,4.362,-0.0527,76.34,75.6,0.539,0.539,0.0,28.56
27.388,-1.2021,4.63,4.424,0.0201,76.14,75.6,0.56,0.56,0.0,23.87
27.439,-1.1949,5.63,4.883,0.0576,75.99,75.6,0.576,0.576,0.0,24.15
27.489,-1.1931,4.194,4.798,-0.0599,76.09,75.6,0.567,0.567,0.0,24.94
27.54,-1.1867,4.763,4.752,0.0025,76.33,75.6,0.541,0.541,0.0,24.89
27.59,-1.1794,5.345,4.914,0.0274,76.45,75.6,0.527,0.527,0.0,24.74
27.637,-1.1762,3.961,4.618,-0.0584,76.27,75.6,0.547,0.546,0.0,21.63
27.688,-1.1691,4.23,4.301,-0.0131,76.11,75.6,0.565,0.565,0.0,22.26
27.74,-1.1604,4.209,4.109,0.0063,76.13,75.6,0.561,0.561,0.0,23.84
27.793,-1.1551,2.695,3.521,-0.062,76.26,75.6,0.548,0.548,0.0,26.61
27.84,-1.1457,2.428,3.021,-0.0083,76.37,75.6,0.537,0.537,0.0,23.59
27.889,-1.1351,2.86,2.918,0.038,76.37,75.6,0.537,0.537,0.0,22.43
27.94,-1.129,1.594,2.513,-0.0457,76.16,75.6,0.558,0.558,0.0,23.41
27.992,-1.1193,2.347,2.401,0.0268,76.0,75.6,0.575,0.575,0.0,24.37
28.042,-1.1094,3.46,2.793,0.0664,76.1,75.6,0.565,0.565,0.0,24.45
28.091,-1.1053,2.269,2.74,-0.0483,76.34,75.6,0.54,0.54,0.0,22.88
28.146,-1.0985,3.302,2.916,0.03,76.44,75.6,0.529,0.529,0.0,27.82
28.194,-1.0922,4.648,3.513,0.0651,76.24,75.6,0.55,0.55,0.0,25.77
28.24,-1.0916,3.63,3.649,-0.0436,76.09,75.6,0.567,0.567,0.0,21.77
28.296,-1.0882,4.778,3.912,0.0225,76.12,75.6,0.562,0.562,0.0,27.59
28.343,-1.0851,5.362,4.39,0.0391,76.27,75.6,0.547,0.547,0.0,24.0
28.394,-1.0871,4.183,4.363,-0.0539,76.39,75.6,0.533,0.533,0.0,25.15
28.442,-1.0863,5.162,4.443,0.0141,76.4,75.6,0.534,0.534,0.0,22.97
28.492,-1.0855,5.503,4.799,0.0414,76.2,75.6,0.554,0.554,0.0,22.91
28.549,-1.0846,6.385,5.376,0.0432,76.04,75.6,0.572,0.572,0.0,28.98
28.595,-1.089,4.972,5.32,-0.0683,76.09,75.6,0.566,0.566,0.0,25.29
28.651,-1.0887,5.553,5.482,0.0286,76.28,75.6,0.546,0.546,0.0,30.38
28.696,-1.0881,6.799,6.053,0.0626,76.46,75.6,0.526,0.526,0.0,25.09
28.75,-1.092,5.256,5.999,-0.0673,76.46,75.6,0.526,0.526,0.0,28.8
28.798,-1.0913,6.186,6.094,0.0189,76.26,75.6,0.548,0.548,0.0,26.65
28.846,-1.0899,6.738,6.462,0.0415,76.09,75.6,0.567,0.567,0.0,24.35
28.896,-1.0909,5.054,6.208,-0.0741,76.11,75.6,0.563,0.563,0.0,23.89
28.945,-1.0872,5.101,5.881,-0.019,76.24,75.6,0.55,0.55,0.0,22.89
28.997,-1.0809,5.195,5.595,-0.0057,76.36,75.6,0.538,0.538,0.0,24.32
29.048,-1.072,4.512,5.227,-0.0214,76.36,75.6,0.537,0.537,0.0,25.11
29.096,-1.0636,2.657,4.357,-0.0829,76.18,75.6,0.556,0.556,0.0,22.48
29.148,-1.0495,1.511,3.414,-0.0406,76.03,75.6,0.572,0.572,0.0,24.54
29.199,-1.0312,1.369,2.573,-0.0187,76.12,75.6,0.562,0.562,0.0,25.05
29.248,-1.013,-0.246,1.516,-0.0595,76.33,75.6,0.541,0.541,0.0,23.68
29.299,-0.9924,-0.921,0.669,-0.0075,76.41,75.6,0.531,0.531,0.0,25.04
29.355,-0.9693,-1.457,0.095,0.0084,76.28,75.6,0.546,0.546,0.0,30.22
29.398,-0.946,-2.505,-0.602,-0.0373,76.1,75.6,0.566,0.566,0.0,22.86
29.45,-0.9212,-1.965,-1.003,0.0171,76.11,75.6,0.563,0.563,0.0,24.61
29.501,-0.8975,-1.449,-1.136,0.0234,76.24,75.6,0.55,0.55,0.0,25.03
29.552,-0.8729,-1.161,-1.143,0.0129,76.36,75.6,0.538,0.538,0.0,25.92
29.599,-0.8504,-1.539,-1.28,-0.0184,76.39,75.6,0.533,0.533,0.0,22.5
29.651,-0.8276,-1.816,-1.375,0.001,76.21,75.6,0.553,0.553,0.0,24.36
29.701,-0.8069,-0.891,-1.311,0.019,76.06,75.6,0.57,0.57,0.0,23.39
29.748,-0.7866,-0.866,-1.229,0.0046,76.12,75.6,0.562,0.562,0.0,20.57
29.803,-0.767,-0.888,-1.067,0.0141,76.28,75.6,0.546,0.546,0.0,24.77
29.855,-0.7495,-0.248,-0.863,0.0115,76.4,75.6,0.533,0.533,0.0,26.22
29.899,-0.7343,-0.136,-0.693,0.0025,76.41,75.6,0.533,0.533,0.0,20.22
29.952,-0.7192,0.142,-0.451,0.0159,76.22,75.6,0.552,0.552,0.0,22.62
29.999,-0.7057,0.498,-0.124,0.0204,76.07,75.6,0.569,0.569,0.0,19.01
30.051,-0.6946,0.546,0.122,0.0,76.15,75.6,0.56,0.56,0.0,20.82
30.106,-0.6835,0.866,0.436,0.0181,76.3,75.6,0.544,0.544,0.0,24.67
30.155,-0.6735,1.738,0.872,0.0281,76.37,75.6,0.536,0.536,0.0,23.63
30.208,-0.6643,2.044,1.377,0.0248,76.33,75.6,0.54,0.54,0.0,26.35
30.254,-0.6581,1.912,1.674,-0.0115,76.13,75.6,0.561,0.561,0.0,22.07
30.303,-0.6509,2.409,1.892,-0.0005,76.0,75.6,0.576,0.576,0.0,20.56
30.358,-0.6434,2.493,2.147,0.0127,76.13,75.6,0.562,0.562,0.0,26.05
30.404,-0.637,2.06,2.199,-0.0194,76.38,75.6,0.536,0.536,0.0,21.88
30.459,-0.6295,1.761,2.082,-0.0218,76.45,75.6,0.527,0.527,0.0,26.18
30.52,-0.621,2.263,1.909,-0.0119,76.25,75.6,0.549,0.549,0.0,36.71
30.562,-0.613,1.761,1.643,-0.0192,76.06,75.6,0.57,0.57,0.0,28.34
30.609,-0.6033,0.458,1.357,-0.0119,76.06,75.6,0.57,0.57,0.0,24.66
30.659,-0.593,0.344,0.985,-0.0221,76.26,75.6,0.548,0.548,0.0,24.86
30.708,-0.5814,-0.167,0.552,-0.0214,76.41,75.6,0.532,0.532,0.0,23.46
30.758,-0.569,0.098,0.256,0.004,76.41,75.6,0.532,0.532,0.0,22.89
30.81,-0.5573,-0.621,-0.008,-0.0058,76.22,75.6,0.552,0.552,0.0,24.86
30.863,-0.5448,-0.376,-0.173,0.0045,76.06,75.6,0.57,0.57,0.0,28.07
30.91,-0.5328,-0.662,-0.361,-0.009,76.1,75.6,0.564,0.564,0.0,24.95
30.96,-0.5201,-0.949,-0.448,0.0076,76.26,75.6,0.548,0.548,0.0,24.49
31.013,-0.5088,-0.048,-0.512,0.0001,76.41,75.6,0.532,0.532,0.0,26.5
31.06,-0.4982,-0.189,-0.608,-0.0066,76.41,75.6,0.533,0.533,0.0,23.56
31.111,-0.4877,-0.137,-0.612,0.0095,76.21,75.6,0.553,0.553,0.0,23.77
31.161,-0.4792,-0.645,-0.484,0.0182,76.05,75.6,0.57,0.57,0.0,24.0
31.208,-0.4717,-0.649,-0.384,0.0007,76.11,75.6,0.563,0.563,0.0,20.28
31.262,-0.4643,0.234,-0.108,0.0279,76.3,75.6,0.544,0.544,0.0,24.05
31.313,-0.4576,1.551,0.447,0.0486,76.4,75.6,0.533,0.533,0.0,25.01
31.362,-0.4544,1.523,0.849,-0.0019,76.36,75.6,0.538,0.538,0.0,23.86
31.413,-0.4512,1.797,1.235,0.0117,76.15,75.6,0.559,0.559,0.0,23.61
31.464,-0.4489,2.601,1.695,0.0238,76.01,75.6,0.575,0.575,0.0,24.84
31.508,-0.4483,2.45,1.975,-0.0091,76.09,75.6,0.565,0.565,0.0,18.97
31.561,-0.4474,2.556,2.202,0.0025,76.33,75.6,0.541,0.54,0.0,21.45
31.615,-0.4469,3.111,2.445,0.0101,76.41,75.6,0.531,0.531,0.0,24.34
31.66,-0.4468,2.667,2.48,-0.0206,76.23,75.6,0.551,0.551,0.0,19.87
31.72,-0.4456,2.244,2.444,-0.0086,76.08,75.6,0.567,0.567,0.0,28.71
31.768,-0.4438,2.326,2.362,-0.0078,76.12,75.6,0.562,0.562,0.0,26.98
31.813,-0.4412,1.68,2.097,-0.0283,76.24,75.6,0.55,0.55,0.0,21.49
31.867,-0.4371,1.323,1.83,-0.0097,76.35,75.6,0.538,0.538,0.0,25.47
31.918,-0.4321,0.993,1.562,-0.0094,76.4,75.6,0.533,0.532,0.0,26.13
31.962,-0.4254,0.906,1.32,-0.0057,76.19,75.6,0.555,0.555,0.0,19.86
32.012,-0.4194,0.292,0.964,-0.0244,76.06,75.6,0.569,0.569,0.0,19.73
32.069,-0.4106,-0.022,0.638,-0.0082,76.16,75.6,0.558,0.558,0.0,26.07
32.119,-0.4022,-0.007,0.395,0.0002,76.35,75.6,0.539,0.539,0.0,25.18
32.166,-0.3936,-0.431,0.108,-0.0146,76.41,75.6,0.531,0.531,0.0,21.92
32.213,-0.3844,-0.617,-0.141,-0.0048,76.22,75.6,0.552,0.552,0.0,18.67
32.266,-0.3741,-0.496,-0.346,-0.0025,76.09,75.6,0.567,0.567,0.0,21.13
32.315,-0.3649,-0.752,-0.562,-0.0087,76.15,75.6,0.559,0.559,0.0,20.38
32.372,-0.3552,-0.834,-0.673,0.0072,76.29,75.6,0.545,0.545,0.0,26.54
32.416,-0.3465,-0.881,-0.668,0.0122,76.4,75.6,0.533,0.533,0.0,20.92
32.465,-0.3385,-0.911,-0.666,-0.0001,76.37,75.6,0.536,0.536,0.0,19.07
32.521,-0.3307,-0.198,-0.577,0.0122,76.19,75.6,0.555,0.555,0.0,24.92
32.571,-0.3238,0.065,-0.376,0.0187,76.01,75.6,0.574,0.574,0.0,24.18
32.618,-0.3188,0.094,-0.218,0.001,76.11,75.6,0.564,0.564,0.0,20.81
32.667,-0.3141,0.245,-0.05,0.0068,76.32,75.6,0.542,0.542,0.0,19.62
32.722,-0.3097,0.642,0.22,0.0201,76.38,75.6,0.536,0.536,0.0,24.48
32.769,-0.3068,0.63,0.42,-0.0003,76.25,75.6,0.549,0.549,0.0,21.55
32.821,-0.3042,1.06,0.624,0.0076,76.09,75.6,0.566,0.566,0.0,23.04
32.872,-0.302,1.469,0.861,0.0116,76.12,75.6,0.562,0.562,0.0,24.01
32.925,-0.3003,1.372,1.107,0.0096,76.26,75.6,0.548,0.548,0.0,26.29
32.973,-0.2998,1.201,1.216,-0.0106,76.37,75.6,0.537,0.537,0.0,24.21
33.024,-0.2986,1.434,1.307,0.0013,76.37,75.6,0.537,0.537,0.0,23.81
33.074,-0.2972,1.768,1.48,0.0146,76.17,75.6,0.557,0.557,0.0,23.12
33.122,-0.2966,1.468,1.522,-0.0124,76.02,75.6,0.574,0.574,0.0,20.92
33.176,-0.2953,1.396,1.443,-0.0153,76.12,75.6,0.563,0.563,0.0,24.74
33.228,-0.2936,1.534,1.315,-0.0097,76.32,75.6,0.542,0.542,0.0,26.44
33.271,-0.2914,0.701,1.14,-0.011,76.43,75.6,0.53,0.53,0.0,19.06
33.322,-0.2898,0.445,0.935,-0.0102,76.28,75.6,0.546,0.546,0.0,19.95
33.373,-0.2872,0.625,0.717,-0.0091,76.11,75.6,0.565,0.565,0.0,20.64
33.429,-0.2836,0.511,0.634,0.0113,76.13,75.6,0.561,0.561,0.0,26.08
33.473,-0.2815,0.206,0.512,-0.0084,76.25,75.6,0.549,0.549,0.0,20.19
33.523,-0.2785,0.036,0.415,-0.0008,76.37,75.6,0.536,0.536,0.0,20.14
33.579,-0.2749,0.605,0.422,0.0113,76.35,75.6,0.539,0.539,0.0,25.47
33.624,-0.2729,0.372,0.37,-0.0081,76.13,75.6,0.561,0.561,0.0,20.58
33.676,-0.2703,0.568,0.397,0.0093,76.0,75.6,0.576,0.575,0.0,21.71
33.728,-0.2682,0.702,0.535,0.0163,76.13,75.6,0.561,0.561,0.0,23.5
33.777,-0.2663,1.075,0.809,0.0239,76.37,75.6,0.536,0.536,0.0,22.94
33.826,-0.2664,0.901,0.954,-0.0086,76.44,75.6,0.528,0.528,0.0,21.26
33.879,-0.2658,1.469,1.145,0.0116,76.27,75.6,0.547,0.547,0.0,24.15
33.928,-0.2653,2.001,1.416,0.0178,76.11,75.6,0.565,0.565,0.0,22.39
33.975,-0.2663,1.705,1.516,-0.0145,76.13,75.6,0.561,0.561,0.0,19.44
34.029,-0.2665,1.643,1.603,0.0017,76.23,75.6,0.551,0.551,0.0,22.98
34.073,-0.2666,1.781,1.733,0.0091,76.33,75.6,0.54,0.54,0.0,16.3
34.127,-0.267,1.452,1.729,-0.0142,76.32,75.6,0.542,0.542,0.0,19.64
34.179,-0.2664,1.774,1.703,-0.0033,76.13,75.6,0.561,0.561,0.0,21.89
34.233,-0.2653,1.575,1.656,-0.0038,76.07,75.6,0.569,0.569,0.0,25.13
34.279,-0.2639,1.036,1.449,-0.024,76.17,75.6,0.557,0.557,0.0,20.75
34.329,-0.261,0.617,1.184,-0.0154,76.32,75.6,0.542,0.542,0.0,20.61
34.386,-0.2572,0.468,0.911,-0.0103,76.37,75.6,0.536,0.536,0.0,27.23
34.433,-0.2525,0.153,0.608,-0.0138,76.26,75.6,0.548,0.548,0.0,24.58
34.478,-0.2465,-0.209,0.279,-0.0141,76.1,75.6,0.566,0.566,0.0,19.25
34.531,-0.2406,-0.512,-0.034,-0.0093,76.12,75.6,0.562,0.562,0.0,21.86
34.58,-0.2337,-0.911,-0.284,-0.0021,76.26,75.6,0.548,0.548,0.0,21.07
34.629,-0.2266,-1.104,-0.504,-0.0046,76.37,75.6,0.537,0.537,0.0,19.74
34.684,-0.2198,-0.906,-0.612,0.008,76.33,75.6,0.54,0.54,0.0,23.6
34.733,-0.2124,-0.631,-0.607,0.0119,76.14,75.6,0.56,0.56,0.0,23.16
34.779,-0.2065,-0.673,-0.609,-0.0007,75.99,75.6,0.577,0.577,0.0,19.02
34.833,-0.2006,-0.497,-0.608,0.0003,76.12,75.6,0.562,0.562,0.0,23.03
34.888,-0.1947,-0.619,-0.611,-0.0005,76.37,75.6,0.537,0.537,0.0,27.8
34.936,-0.1888,-0.504,-0.586,0.0038,76.47,75.6,0.525,0.525,0.0,25.3
34.985,-0.1837,-0.459,-0.549,0.0026,76.29,75.6,0.545,0.545,0.0,23.8
35.038,-0.1791,-0.313,-0.459,0.0087,76.12,75.6,0.562,0.562,0.0,25.46
35.084,-0.175,0.059,-0.311,0.0113,76.11,75.6,0.563,0.563,0.0,21.58
35.131,-0.1719,0.163,-0.172,0.0038,76.21,75.6,0.553,0.553,0.0,18.92
35.185,-0.1693,0.242,-0.022,0.0065,76.32,75.6,0.542,0.542,0.0,22.46
35.235,-0.1672,0.517,0.138,0.0065,76.35,75.6,0.539,0.539,0.0,21.63
35.282,-0.1659,0.552,0.257,0.0001,76.21,75.6,0.553,0.553,0.0,18.7
35.335,-0.1646,0.645,0.385,0.0053,76.07,75.6,0.568,0.568,0.0,22.02
35.393,-0.1636,0.744,0.521,0.0054,76.14,75.6,0.56,0.56,0.0,29.46
35.436,-0.1633,0.683,0.592,-0.0042,76.3,75.6,0.543,0.543,0.0,21.44
35.486,-0.1628,0.919,0.668,0.0033,76.37,75.6,0.536,0.536,0.0,21.38
35.537,-0.1625,0.922,0.777,0.0072,76.3,75.6,0.544,0.544,0.0,22.54
35.587,-0.1626,0.811,0.822,-0.0052,76.14,75.6,0.561,0.561,0.0,22.69
35.639,-0.1625,0.835,0.833,-0.0031,76.1,75.6,0.564,0.564,0.0,24.51
35.69,-0.162,1.022,0.857,0.0021,76.19,75.6,0.555,0.555,0.0,24.61
35.735,-0.1618,0.831,0.821,-0.0076,76.31,75.6,0.543,0.543,0.0,20.0
35.788,-0.1611,0.603,0.782,-0.0016,76.35,75.6,0.538,0.538,0.0,22.17
35.862,-0.1601,0.7,0.768,0.0021,76.25,75.6,0.549,0.549,0.0,46.53
35.893,-0.1592,0.496,0.697,-0.0084,76.05,75.6,0.57,0.57,0.0,27.06
35.941,-0.1576,0.487,0.618,-0.0037,76.02,75.6,0.574,0.574,0.0,24.98
35.99,-0.1559,0.511,0.507,-0.0072,76.21,75.6,0.553,0.553,0.0,23.96
36.044,-0.1539,0.206,0.356,-0.0095,76.43,75.6,0.53,0.53,0.0,26.76
36.091,-0.1521,0.021,0.188,-0.0075,76.47,75.6,0.525,0.525,0.0,23.85
36.142,-0.1498,-0.069,0.093,0.0043,76.28,75.6,0.545,0.545,0.0,24.11
36.19,-0.1472,-0.246,0.104,0.0115,76.12,75.6,0.562,0.562,0.0,21.66
36.24,-0.1454,-0.369,0.084,-0.0041,76.13,75.6,0.561,0.561,0.0,22.28
36.294,-0.1433,0.342,0.029,-0.0056,76.21,75.6,0.553,0.553,0.0,25.06
36.344,-0.1406,0.31,0.024,0.0052,76.3,75.6,0.544,0.544,0.0,25.33
36.391,-0.1397,0.25,0.02,-0.0002,76.36,75.6,0.538,0.538,0.0,22.04
36.443,-0.1386,-0.291,0.019,0.0004,76.32,75.6,0.542,0.542,0.0,23.62
36.495,-0.1374,0.443,0.179,0.0224,76.13,75.6,0.561,0.561,0.0,24.84
36.538,-0.1374,0.501,0.337,0.0054,76.05,75.6,0.571,0.571,0.0,16.96
36.594,-0.1375,0.94,0.555,0.0138,76.15,75.6,0.559,0.559,0.0,23.01
36.646,-0.1384,1.358,0.815,0.0136,76.33,75.6,0.541,0.541,0.0,24.99
36.694,-0.1399,1.256,0.959,-0.0072,76.4,75.6,0.533,0.533,0.0,23.31
36.746,-0.1411,0.87,1.044,-0.0031,76.25,75.6,0.549,0.549,0.0,24.74
36.795,-0.1422,1.583,1.106,-0.0003,76.06,75.6,0.569,0.569,0.0,23.12
36.842,-0.1432,1.471,1.115,-0.0053,76.1,75.6,0.564,0.564,0.0,19.63
36.9,-0.1441,0.995,1.131,0.0014,76.3,75.6,0.544,0.544,0.0,27.06
36.951,-0.1451,1.004,1.032,-0.0155,76.42,75.6,0.53,0.53,0.0,27.9
36.994,-0.1455,0.798,0.873,-0.0118,76.36,75.6,0.538,0.538,0.0,21.41
37.046,-0.1454,0.882,0.748,-0.0008,76.18,75.6,0.556,0.556,0.0,23.08
37.096,-0.1452,0.291,0.63,-0.0033,76.03,75.6,0.573,0.573,0.0,22.71
37.143,-0.1447,0.479,0.637,0.0132,76.1,75.6,0.565,0.565,0.0,19.42
37.195,-0.1443,0.269,0.598,-0.006,76.29,75.6,0.545,0.545,0.0,20.83
37.251,-0.1432,0.375,0.649,0.0111,76.4,75.6,0.533,0.533,0.0,26.29
37.302,-0.1423,1.316,0.755,0.0094,76.36,75.6,0.537,0.537,0.0,26.76
37.348,-0.1422,1.058,0.741,-0.0129,76.15,75.6,0.559,0.559,0.0,22.36
37.402,-0.1413,0.634,0.706,-0.0035,76.0,75.6,0.576,0.576,0.0,26.21
37.452,-0.141,0.315,0.611,-0.0096,76.11,75.6,0.563,0.563,0.0,25.17
37.498,-0.14,0.17,0.49,-0.0068,76.36,75.6,0.538,0.538,0.0,21.58
37.548,-0.1385,0.492,0.391,-0.0013,76.46,75.6,0.527,0.527,0.0,20.69
37.601,-0.1371,0.511,0.329,0.0018,76.24,75.6,0.55,0.55,0.0,23.81
37.652,-0.1365,0.44,0.27,-0.0017,76.07,75.6,0.569,0.569,0.0,23.92
37.711,-0.1359,-0.136,0.233,0.001,76.11,75.6,0.563,0.563,0.0,32.95
37.769,-0.1351,0.605,0.285,0.011,76.31,75.6,0.543,0.543,0.0,40.49
37.808,-0.1349,0.607,0.338,0.002,76.46,75.6,0.527,0.527,0.0,29.5
37.876,-0.1347,0.525,0.531,0.0215,76.39,75.6,0.535,0.535,0.0,47.52
37.904,-0.1354,0.917,0.662,-0.002,76.19,75.6,0.555,0.555,0.0,25.39
37.951,-0.1363,0.791,0.678,-0.0115,76.05,75.6,0.57,0.57,0.0,21.63
38.006,-0.137,1.447,0.677,-0.0018,76.12,75.6,0.562,0.562,0.0,25.95
38.057,-0.138,0.586,0.717,0.0057,76.31,75.6,0.543,0.543,0.0,27.04
38.114,-0.1398,0.521,0.733,-0.002,76.4,75.6,0.532,0.532,0.0,33.97
38.159,-0.1417,0.58,0.828,0.0115,76.33,75.6,0.541,0.541,0.0,28.77
38.214,-0.1429,1.795,1.035,0.019,76.13,75.6,0.561,0.561,0.0,33.43
38.257,-0.1458,1.649,1.14,-0.007,75.95,75.6,0.581,0.581,0.0,25.74
38.307,-0.1481,1.647,1.28,0.0086,76.04,75.6,0.572,0.572,0.0,25.46
38.352,-0.1508,1.08,1.425,0.0056,76.31,75.6,0.543,0.543,0.0,20.33
38.406,-0.1534,0.849,1.447,-0.0122,76.53,75.6,0.519,0.519,0.0,24.0
38.455,-0.1553,1.786,1.535,0.01,76.46,75.6,0.527,0.527,0.0,22.98
38.506,-0.1566,2.161,1.766,0.0231,76.24,75.6,0.55,0.55,0.0,23.5
38.551,-0.1594,1.864,1.85,-0.0126,76.07,75.6,0.569,0.569,0.0,19.26
38.606,-0.1609,1.348,1.785,-0.0178,76.11,75.6,0.564,0.564,0.0,23.2
38.655,-0.1612,1.498,1.646,-0.0126,76.26,75.6,0.548,0.548,0.0,22.38
38.704,-0.1605,1.005,1.397,-0.0202,76.36,75.6,0.538,0.538,0.0,20.97
38.759,-0.1585,0.647,1.122,-0.0123,76.35,75.6,0.539,0.539,0.0,25.49
38.809,-0.1557,0.082,0.769,-0.0204,76.16,75.6,0.558,0.558,0.0,25.54
38.852,-0.1514,-0.31,0.391,-0.0158,76.01,75.6,0.575,0.575,0.0,18.53
38.905,-0.1465,-0.511,0.035,-0.0102,76.11,75.6,0.563,0.563,0.0,20.55
38.954,-0.141,-0.972,-0.271,-0.0053,76.33,75.6,0.54,0.54,0.0,19.62
39.007,-0.1343,-1.177,-0.581,-0.0113,76.4,75.6,0.533,0.533,0.0,22.17
39.054,-0.1276,-1.322,-0.843,-0.0043,76.19,75.6,0.555,0.555,0.0,19.24
39.106,-0.1205,-1.194,-1.067,-0.0037,76.06,75.6,0.57,0.57,0.0,21.3
39.159,-0.1138,-1.72,-1.271,-0.005,76.13,75.6,0.561,0.561,0.0,23.95
39.204,-0.1064,-1.656,-1.39,0.0046,76.32,75.6,0.542,0.542,0.0,18.56
39.254,-0.1003,-1.536,-1.448,0.0045,76.38,75.6,0.535,0.535,0.0,18.1
39.306,-0.0943,-1.232,-1.376,0.0161,76.26,75.6,0.548,0.548,0.0,20.0
39.355,-0.0891,-0.965,-1.222,0.0139,76.12,75.6,0.562,0.562,0.0,19.05
39.41,-0.0854,-0.621,-0.978,0.0179,76.15,75.6,0.559,0.559,0.0,22.84
39.458,-0.0825,-0.168,-0.658,0.0191,76.25,75.6,0.549,0.549,0.0,21.13
39.51,-0.0808,0.375,-0.321,0.0135,76.34,75.6,0.54,0.54,0.0,22.63
39.557,-0.0804,0.634,-0.017,0.0072,76.33,75.6,0.54,0.54,0.0,19.5
39.607,-0.0807,0.773,0.233,0.0031,76.14,75.6,0.56,0.56,0.0,19.42
39.662,-0.0818,0.836,0.419,-0.0003,76.01,75.6,0.575,0.575,0.0,23.37
39.709,-0.0831,0.943,0.572,0.002,76.12,75.6,0.562,0.562,0.0,20.72
39.763,-0.0847,0.963,0.654,-0.0046,76.35,75.6,0.539,0.539,0.0,24.27
39.811,-0.0866,0.978,0.656,-0.0083,76.44,75.6,0.529,0.529,0.0,21.31
39.861,-0.0883,0.701,0.599,-0.0082,76.25,75.6,0.549,0.549,0.0,21.57
39.912,-0.0908,0.668,0.547,-0.0012,76.1,75.6,0.565,0.565,0.0,22.02
39.963,-0.0928,0.603,0.495,-0.0019,76.14,75.6,0.56,0.56,0.0,22.54
40.01,-0.0947,0.635,0.5,0.0062,76.27,75.6,0.547,0.547,0.0,20.01
40.061,-0.0978,0.538,0.486,-0.0026,76.37,75.6,0.537,0.537,0.0,20.49
40.115,-0.1011,0.766,0.542,0.0094,76.34,75.6,0.539,0.539,0.0,24.11
40.165,-0.1042,1.143,0.72,0.019,76.15,75.6,0.56,0.559,0.0,23.33
40.209,-0.1093,1.03,0.82,-0.0046,76.0,75.6,0.576,0.576,0.0,17.73
40.267,-0.1141,1.445,0.994,0.0137,76.12,75.6,0.563,0.563,0.0,25.14
40.315,-0.1199,1.891,1.301,0.0247,76.37,75.6,0.537,0.537,0.0,22.27
40.368,-0.1256,2.411,1.713,0.0253,76.46,75.6,0.527,0.527,0.0,25.79
40.418,-0.1344,2.187,1.923,-0.0138,76.27,75.6,0.547,0.547,0.0,24.52
40.466,-0.1428,2.657,2.165,0.0119,76.11,75.6,0.565,0.565,0.0,22.74
40.519,-0.1501,3.174,2.502,0.0216,76.13,75.6,0.561,0.561,0.0,25.81
40.563,-0.1596,2.714,2.598,-0.022,76.25,75.6,0.549,0.549,0.0,19.69
40.618,-0.1674,2.888,2.701,0.0044,76.36,75.6,0.538,0.538,0.0,24.33
40.664,-0.1759,3.183,2.922,0.02,76.36,75.6,0.537,0.537,0.0,19.32
40.715,-0.1831,3.515,3.186,0.0137,76.17,75.6,0.557,0.557,0.0,20.3
40.766,-0.1916,2.895,3.156,-0.0317,76.04,75.6,0.572,0.572,0.0,21.03
40.816,-0.1979,3.046,3.103,-0.0044,76.14,75.6,0.561,0.561,0.0,20.84
40.871,-0.2023,2.827,3.104,0.0057,76.33,75.6,0.541,0.541,0.0,25.09
40.921,-0.2077,2.079,2.879,-0.0314,76.41,75.6,0.532,0.532,0.0,24.74
40.972,-0.2106,2.054,2.595,-0.0162,76.22,75.6,0.552,0.552,0.0,25.22
41.021,-0.2117,1.779,2.306,-0.0106,76.04,75.6,0.572,0.572,0.0,24.73
41.074,-0.212,0.934,1.847,-0.0339,76.1,75.6,0.564,0.564,0.0,26.88
41.121,-0.21,0.463,1.305,-0.0276,76.3,75.6,0.544,0.544,0.0,24.33
41.173,-0.2064,-0.051,0.786,-0.0156,76.42,75.6,0.531,0.531,0.0,25.77
41.221,-0.2012,-0.896,0.302,-0.0134,76.38,75.6,0.536,0.536,0.0,23.9
41.269,-0.1961,-1.357,-0.17,-0.0151,76.2,75.6,0.554,0.554,0.0,21.28
41.32,-0.1892,-0.988,-0.574,-0.007,76.04,75.6,0.571,0.571,0.0,22.68
41.375,-0.1817,-1.196,-0.817,0.0084,76.11,75.6,0.563,0.563,0.0,26.61
41.429,-0.1747,-1.342,-1.003,-0.0006,76.31,75.6,0.543,0.543,0.0,31.02
41.476,-0.1689,-1.718,-1.126,0.0024,76.43,75.6,0.529,0.529,0.0,27.81
41.526,-0.1624,-0.867,-1.122,0.0135,76.38,75.6,0.536,0.536,0.0,27.62
41.569,-0.1563,-0.764,-1.007,0.0156,76.18,75.6,0.556,0.556,0.0,19.5
41.621,-0.1523,-0.646,-0.885,0.0049,76.04,75.6,0.572,0.572,0.0,21.8
41.675,-0.1489,-0.422,-0.765,0.004,76.13,75.6,0.562,0.562,0.0,25.1
41.725,-0.1463,-0.015,-0.525,0.0209,76.32,75.6,0.541,0.541,0.0,25.41
41.772,-0.1447,0.122,-0.186,0.0222,76.42,75.6,0.53,0.53,0.0,21.93
41.821,-0.145,0.318,0.113,0.0062,76.28,75.6,0.546,0.546,0.0,20.8
41.874,-0.1459,1.4,0.431,0.0132,76.12,75.6,0.562,0.562,0.0,23.51
41.927,-0.1473,1.571,0.841,0.0239,76.14,75.6,0.561,0.561,0.0,26.57
41.971,-0.1509,1.631,1.155,0.0009,76.24,75.6,0.549,0.549,0.0,20.07
42.025,-0.1546,1.533,1.398,0.001,76.34,75.6,0.54,0.54,0.0,23.89
42.071,-0.1583,2.449,1.638,0.0081,76.35,75.6,0.539,0.539,0.0,19.51
42.127,-0.1617,2.425,1.895,0.0108,76.17,75.6,0.557,0.557,0.0,25.2
42.173,-0.1667,2.186,1.997,-0.0126,76.0,75.6,0.575,0.575,0.0,20.78
42.222,-0.1708,1.795,2.056,-0.0026,76.1,75.6,0.564,0.564,0.0,19.32
42.277,-0.1737,2.132,2.153,0.0076,76.33,75.6,0.541,0.541,0.0,24.64
42.322,-0.1761,2.579,2.246,0.0027,76.42,75.6,0.53,0.53,0.0,18.63
42.375,-0.1789,2.111,2.151,-0.0229,76.23,75.6,0.551,0.551,0.0,21.81
42.427,-0.1802,1.653,1.975,-0.0146,76.09,75.6,0.567,0.567,0.0,23.91
42.478,-0.1805,1.045,1.781,-0.0088,76.15,75.6,0.559,0.559,0.0,24.45
42.527,-0.1793,0.543,1.494,-0.0196,76.29,75.6,0.545,0.545,0.0,22.92
42.575,-0.1767,0.484,1.191,-0.0123,76.38,75.6,0.536,0.536,0.0,20.58
42.625,-0.1727,0.449,0.833,-0.0181,76.34,75.6,0.539,0.539,0.0,20.81
42.677,-0.1678,-0.38,0.374,-0.0267,76.15,75.6,0.559,0.559,0.0,22.45
42.724,-0.1618,-0.756,-0.073,-0.0142,76.01,75.6,0.575,0.575,0.0,19.21
42.777,-0.1545,-1.632,-0.571,-0.0228,76.13,75.6,0.562,0.562,0.0,21.33
42.827,-0.1455,-1.726,-1.073,-0.018,76.35,75.6,0.538,0.538,0.0,20.58
42.877,-0.1374,-1.827,-1.442,0.0012,76.42,75.6,0.531,0.531,0.0,20.52
42.928,-0.1278,-2.121,-1.746,-0.0039,76.23,75.6,0.551,0.551,0.0,21.29
42.977,-0.1192,-2.373,-2.033,-0.0082,76.08,75.6,0.568,0.568,0.0,20.43
43.027,-0.111,-2.32,-2.216,0.0045,76.13,75.6,0.561,0.561,0.0,20.08
43.077,-0.105,-1.981,-2.211,0.0197,76.29,75.6,0.545,0.545,0.0,19.48
43.127,-0.0992,-1.61,-2.058,0.021,76.38,75.6,0.535,0.535,0.0,19.64
43.188,-0.095,-1.092,-1.761,0.0253,76.35,75.6,0.538,0.538,0.0,30.77
43.228,-0.0938,-0.611,-1.395,0.02,76.16,75.6,0.558,0.558,0.0,20.16
43.278,-0.094,0.127,-0.888,0.0326,76.02,75.6,0.574,0.574,0.0,19.09
43.33,-0.0962,1.002,-0.214,0.0409,76.14,75.6,0.56,0.56,0.0,21.04
43.378,-0.1017,1.345,0.366,0.0105,76.34,75.6,0.54,0.54,0.0,18.78
43.436,-0.108,2.308,1.044,0.0338,76.39,75.6,0.533,0.533,0.0,25.78
43.482,-0.1164,3.268,1.859,0.0429,76.2,75.6,0.554,0.554,0.0,21.66
43.531,-0.1263,4.174,2.71,0.0334,76.06,75.6,0.57,0.57,0.0,20.83
43.581,-0.139,4.041,3.233,-0.0162,76.14,75.6,0.56,0.56,0.0,20.2
43.634,-0.1508,4.52,3.673,0.0068,76.3,75.6,0.544,0.544,0.0,23.05
43.682,-0.1619,4.702,4.056,0.0073,76.39,75.6,0.533,0.533,0.0,20.55
43.733,-0.1739,4.089,4.116,-0.0316,76.32,75.6,0.541,0.541,0.0,21.67
43.781,-0.1842,4.077,4.087,-0.0105,76.13,75.6,0.561,0.561,0.0,19.61
43.83,-0.1922,3.791,3.997,-0.0094,76.04,75.6,0.571,0.571,0.0,18.89
43.881,-0.199,3.359,3.789,-0.0197,76.16,75.6,0.558,0.558,0.0,19.6
43.933,-0.2046,2.351,3.304,-0.0459,76.34,75.6,0.54,0.54,0.0,21.11
43.982,-0.2071,1.771,2.76,-0.0253,76.38,75.6,0.535,0.535,0.0,19.78
44.032,-0.2072,1.162,2.201,-0.0211,76.19,75.6,0.555,0.555,0.0,19.92
44.081,-0.2059,0.291,1.546,-0.0328,76.05,75.6,0.571,0.571,0.0,18.3
44.134,-0.2021,-0.233,0.923,-0.0184,76.14,75.6,0.56,0.56,0.0,21.52
44.182,-0.1968,-0.617,0.392,-0.0088,76.32,75.6,0.542,0.542,0.0,19.38
44.234,-0.1905,-1.202,-0.14,-0.0188,76.4,75.6,0.533,0.533,0.0,20.87
44.286,-0.1835,-1.434,-0.574,-0.0049,76.26,75.6,0.548,0.548,0.0,22.22
44.336,-0.1754,-1.539,-0.889,0.0015,76.1,75.6,0.566,0.566,0.0,21.84
44.386,-0.1668,-1.597,-1.105,0.0027,76.13,75.6,0.561,0.561,0.0,22.14
44.435,-0.1587,-1.753,-1.298,-0.0043,76.26,75.6,0.548,0.548,0.0,20.38
44.494,-0.1503,-1.591,-1.399,0.0061,76.36,75.6,0.537,0.537,0.0,29.01
44.544,-0.1428,-1.507,-1.41,0.0091,76.37,75.6,0.537,0.537,0.0,29.44
44.587,-0.1356,-1.342,-1.357,0.0086,76.19,75.6,0.555,0.555,0.0,21.23
44.641,-0.1293,-1.039,-1.236,0.0112,76.04,75.6,0.571,0.571,0.0,25.09
44.689,-0.1239,-0.63,-1.063,0.0116,76.12,75.6,0.562,0.562,0.0,22.4
44.738,-0.1197,-0.268,-0.828,0.0146,76.31,75.6,0.543,0.543,0.0,20.9
44.791,-0.117,-0.132,-0.579,0.0102,76.39,75.6,0.533,0.533,0.0,24.05
44.836,-0.1149,0.171,-0.318,0.0103,76.3,75.6,0.544,0.544,0.0,18.78
44.893,-0.1137,0.577,-0.028,0.0132,76.15,75.6,0.559,0.559,0.0,25.21
44.941,-0.1135,0.796,0.243,0.0074,76.12,75.6,0.562,0.562,0.0,22.64
44.989,-0.1137,0.931,0.462,0.0022,76.2,75.6,0.554,0.554,0.0,20.04
45.042,-0.1141,0.86,0.667,0.0056,76.3,75.6,0.544,0.544,0.0,22.58
45.088,-0.1152,0.929,0.83,0.0014,76.35,75.6,0.539,0.539,0.0,18.79
45.145,-0.1161,1.248,0.927,-0.0037,76.27,75.6,0.547,0.547,0.0,25.57
45.193,-0.1167,1.221,0.988,-0.0016,76.1,75.6,0.566,0.566,0.0,23.5
45.243,-0.118,1.108,0.995,-0.0054,76.12,75.6,0.562,0.562,0.0,22.5
45.296,-0.1187,0.907,0.942,-0.0082,76.25,75.6,0.549,0.549,0.0,25.2
45.345,-0.1188,0.726,0.979,0.0107,76.35,75.6,0.539,0.539,0.0,24.47
45.393,-0.1191,0.561,0.979,-0.0039,76.35,75.6,0.539,0.539,0.0,21.91
45.446,-0.1187,0.699,0.947,-0.0044,76.15,75.6,0.559,0.559,0.0,25.08
45.492,-0.1176,1.077,0.851,-0.0102,76.0,75.6,0.576,0.576,0.0,20.81
45.542,-0.1165,0.797,0.685,-0.013,76.1,75.6,0.564,0.564,0.0,20.99
45.593,-0.1147,0.174,0.428,-0.0186,76.35,75.6,0.539,0.539,0.0,21.69
45.644,-0.1128,-0.422,0.133,-0.0142,76.45,75.6,0.528,0.528,0.0,21.78
45.692,-0.1102,-0.441,-0.067,0.003,76.25,75.6,0.549,0.549,0.0,19.74
45.742,-0.1078,-0.374,-0.129,0.0122,76.1,75.6,0.565,0.565,0.0,18.98
45.797,-0.1051,-0.003,-0.126,0.007,76.15,75.6,0.56,0.56,0.0,24.14
45.844,-0.1033,-0.047,-0.143,-0.0027,76.28,75.6,0.546,0.546,0.0,20.45
45.897,-0.1013,-0.088,-0.158,-0.0004,76.37,75.6,0.537,0.537,0.0,23.58
45.949,-0.0996,-0.168,-0.16,0.0014,76.36,75.6,0.538,0.538,0.0,24.84
45.994,-0.0983,-0.212,-0.17,-0.0013,76.16,75.6,0.558,0.558,0.0,20.19
46.047,-0.0968,-0.037,-0.116,0.0087,76.02,75.6,0.573,0.573,0.0,22.05
46.096,-0.0958,0.301,0.004,0.0111,76.13,75.6,0.561,0.561,0.0,21.18
46.143,-0.0959,0.311,0.092,-0.0003,76.33,75.6,0.54,0.54,0.0,18.15
46.196,-0.096,0.592,0.196,0.0052,76.38,75.6,0.536,0.536,0.0,20.42
46.246,-0.0968,0.614,0.349,0.0106,76.18,75.6,0.556,0.556,0.0,20.03
46.295,-0.0985,0.628,0.466,0.0002,76.04,75.6,0.572,0.572,0.0,18.63
46.351,-0.1,0.798,0.625,0.01,76.14,75.6,0.56,0.56,0.0,24.26
46.398,-0.1017,1.265,0.859,0.016,76.33,75.6,0.54,0.54,0.0,21.18
46.448,-0.1046,1.13,0.984,-0.007,76.38,75.6,0.535,0.535,0.0,20.99
46.497,-0.1068,1.393,1.078,-0.0,76.19,75.6,0.555,0.555,0.0,19.28
46.548,-0.1093,1.422,1.143,-0.0008,76.06,75.6,0.569,0.569,0.0,20.62
46.601,-0.1125,1.249,1.129,-0.0086,76.14,75.6,0.56,0.56,0.0,23.4
46.652,-0.115,1.184,1.133,0.0019,76.32,75.6,0.541,0.541,0.0,24.04
46.698,-0.1175,1.241,1.214,0.011,76.41,75.6,0.532,0.532,0.0,19.95
46.748,-0.1206,1.043,1.221,-0.0076,76.26,75.6,0.548,0.548,0.0,18.94
46.801,-0.1231,1.444,1.275,0.0068,76.11,75.6,0.564,0.564,0.0,21.9
46.849,-0.1251,1.54,1.435,0.0167,76.13,75.6,0.561,0.561,0.0,19.95
46.898,-0.1279,1.15,1.434,-0.0169,76.24,75.6,0.55,0.55,0.0,19.07
46.95,-0.1295,1.127,1.395,-0.0053,76.34,75.6,0.54,0.54,0.0,21.02
46.998,-0.1303,1.4,1.362,-0.0005,76.33,75.6,0.541,0.541,0.0,18.51
47.05,-0.1308,0.969,1.209,-0.018,76.14,75.6,0.56,0.56,0.0,20.33
47.102,-0.1303,0.75,1.037,-0.0078,76.0,75.6,0.575,0.575,0.0,21.46
47.15,-0.1292,0.41,0.87,-0.0054,76.12,75.6,0.563,0.563,0.0,19.88
47.2,-0.1274,0.147,0.677,-0.0096,76.35,75.6,0.538,0.538,0.0,19.65
47.257,-0.1251,0.168,0.544,0.0017,76.42,75.6,0.53,0.53,0.0,26.14
47.304,-0.1224,0.226,0.468,0.0033,76.22,75.6,0.552,0.552,0.0,22.5
47.351,-0.1193,0.053,0.363,-0.0066,76.07,75.6,0.568,0.568,0.0,19.55
47.401,-0.1157,-0.121,0.216,-0.0097,76.14,75.6,0.56,0.56,0.0,19.47
47.452,-0.1117,-0.285,-0.022,-0.0178,76.3,75.6,0.544,0.544,0.0,19.65
47.503,-0.1069,-0.427,-0.242,-0.0058,76.39,75.6,0.535,0.535,0.0,20.7
47.553,-0.102,-0.773,-0.453,-0.0063,76.34,75.6,0.54,0.54,0.0,19.49
47.603,-0.0968,-1.226,-0.661,-0.0071,76.13,75.6,0.561,0.561,0.0,19.85
47.651,-0.091,-1.175,-0.787,0.0042,76.01,75.6,0.575,0.575,0.0,17.21
47.712,-0.0855,-0.981,-0.855,0.0037,76.14,75.6,0.56,0.56,0.0,28.31
47.762,-0.0798,-0.978,-0.89,0.0022,76.37,75.6,0.536,0.536,0.0,27.5
47.81,-0.0746,-0.876,-0.882,0.0047,76.46,75.6,0.526,0.526,0.0,25.45
47.855,-0.0697,-0.933,-0.906,-0.0042,76.3,75.6,0.544,0.544,0.0,19.51
47.906,-0.065,-0.882,-0.931,-0.001,76.14,75.6,0.56,0.56,0.0,21.02
47.959,-0.0606,-0.674,-0.877,0.0101,76.13,75.6,0.561,0.561,0.0,23.64
48.011,-0.0569,-0.618,-0.758,0.011,76.22,75.6,0.552,0.552,0.0,24.99
48.062,-0.0543,-0.563,-0.61,0.0082,76.33,75.6,0.541,0.541,0.0,25.79
48.108,-0.0516,-0.364,-0.45,0.0069,76.36,75.6,0.538,0.538,0.0,21.32
48.159,-0.0495,0.089,-0.327,0.0004,76.19,75.6,0.555,0.555,0.0,22.22
48.21,-0.0477,0.04,-0.264,-0.0042,76.05,75.6,0.571,0.571,0.0,22.22
48.258,-0.0465,0.154,-0.194,0.0033,76.13,75.6,0.561,0.561,0.0,19.79
48.311,-0.0455,-0.02,-0.156,-0.002,76.3,75.6,0.544,0.544,0.0,22.18
48.36,-0.0448,-0.148,-0.071,0.0079,76.4,75.6,0.532,0.532,0.0,21.48
48.408,-0.0445,-0.007,0.047,0.0075,76.34,75.6,0.54,0.54,0.0,19.7
48.46,-0.0445,0.548,0.153,0.0026,76.14,75.6,0.56,0.56,0.0,21.09
48.512,-0.0446,0.604,0.287,0.0075,76.0,75.6,0.576,0.576,0.0,23.16
48.558,-0.0454,0.659,0.403,0.0022,76.11,75.6,0.563,0.563,0.0,18.19
48.613,-0.0463,0.358,0.448,-0.0058,76.34,75.6,0.54,0.54,0.0,23.25
48.663,-0.047,0.662,0.488,0.001,76.42,75.6,0.53,0.53,0.0,22.82
48.709,-0.0477,0.669,0.525,0.0009,76.24,75.6,0.55,0.55,0.0,18.7
48.763,-0.0485,0.625,0.536,-0.0023,76.09,75.6,0.566,0.566,0.0,22.62
48.814,-0.0492,0.497,0.49,-0.0076,76.14,75.6,0.561,0.561,0.0,23.19
48.861,-0.0495,0.428,0.429,-0.0037,76.27,75.6,0.547,0.547,0.0,19.45
48.923,-0.0498,0.182,0.372,-0.0016,76.37,75.6,0.537,0.537,0.0,31.51
48.97,-0.0498,0.246,0.301,-0.004,76.38,75.6,0.536,0.536,0.0,28.44
49.014,-0.0497,0.129,0.211,-0.0051,76.19,75.6,0.555,0.555,0.0,21.86
49.066,-0.0493,0.217,0.157,0.002,76.05,75.6,0.571,0.571,0.0,23.22
49.116,-0.049,-0.029,0.15,0.0045,76.12,75.6,0.562,0.562,0.0,22.8
49.165,-0.0488,-0.089,0.13,-0.002,76.31,75.6,0.543,0.543,0.0,22.14
49.214,-0.0485,-0.003,0.145,0.0043,76.4,75.6,0.533,0.533,0.0,20.18
49.269,-0.0479,0.425,0.191,0.0048,76.31,75.6,0.543,0.543,0.0,25.42
49.314,-0.0479,0.346,0.198,-0.0039,76.13,75.6,0.561,0.561,0.0,19.46
49.369,-0.0478,0.31,0.18,-0.0031,76.09,75.6,0.567,0.567,0.0,24.83
49.416,-0.0478,0.062,0.158,-0.0012,76.19,75.6,0.555,0.555,0.0,20.88
49.465,-0.0478,0.074,0.149,0.0011,76.33,75.6,0.541,0.541,0.0,19.27
49.517,-0.048,0.184,0.203,0.0085,76.35,75.6,0.539,0.539,0.0,21.2
49.569,-0.0481,0.494,0.301,0.0079,76.15,75.6,0.559,0.559,0.0,22.81
49.615,-0.049,0.414,0.341,-0.0046,76.0,75.6,0.576,0.576,0.0,18.68
49.668,-0.0494,0.583,0.355,-0.0024,76.12,75.6,0.563,0.563,0.0,21.07
49.721,-0.05,0.287,0.38,0.0021,76.36,75.6,0.538,0.538,0.0,23.47
49.768,-0.0506,0.18,0.369,-0.0041,76.45,75.6,0.528,0.528,0.0,21.26
49.822,-0.051,0.339,0.382,0.003,76.27,75.6,0.547,0.547,0.0,24.55
49.872,-0.0511,0.558,0.461,0.0097,76.1,75.6,0.566,0.566,0.0,24.31
49.916,-0.0517,0.458,0.493,-0.0039,76.12,75.6,0.562,0.562,0.0,18.07
49.983,-0.052,0.56,0.477,-0.0055,76.26,75.6,0.548,0.548,0.0,34.4
50.02,-0.0522,0.454,0.463,-0.0003,76.38,75.6,0.536,0.536,0.0,20.88
50.07,-0.0523,0.356,0.429,-0.0033,76.38,75.6,0.536,0.536,0.0,21.1
50.122,-0.0522,0.182,0.405,0.0002,76.18,75.6,0.556,0.556,0.0,22.11
50.172,-0.0519,0.378,0.406,0.0026,76.02,75.6,0.574,0.574,0.0,21.64
50.22,-0.0514,0.273,0.377,-0.0042,76.12,75.6,0.562,0.562,0.0,20.05
50.274,-0.0506,0.349,0.346,-0.0012,76.32,75.6,0.542,0.542,0.0,24.11
50.322,-0.0498,0.083,0.277,-0.0064,76.42,75.6,0.531,0.531,0.0,21.54
50.37,-0.0486,-0.037,0.183,-0.0059,76.3,75.6,0.544,0.544,0.0,19.75
50.42,-0.0471,-0.13,0.049,-0.0088,76.14,75.6,0.56,0.56,0.0,19.43
50.471,-0.0451,-0.222,-0.077,-0.0036,76.14,75.6,0.56,0.56,0.0,19.69
50.521,-0.0429,-0.25,-0.166,0.0008,76.22,75.6,0.552,0.552,0.0,19.5
50.577,-0.0407,-0.503,-0.235,-0.0003,76.32,75.6,0.542,0.542,0.0,24.96
50.619,-0.0385,-0.345,-0.284,0.0004,76.34,75.6,0.539,0.539,0.0,17.18
50.672,-0.0363,-0.312,-0.304,0.0023,76.2,75.6,0.554,0.554,0.0,19.6
50.725,-0.0343,-0.264,-0.276,0.006,76.07,75.6,0.569,0.569,0.0,22.21
50.775,-0.0325,-0.301,-0.252,0.0005,76.13,75.6,0.561,0.561,0.0,21.48
50.824,-0.0305,-0.244,-0.225,0.0013,76.3,75.6,0.544,0.544,0.0,20.98
50.882,-0.0288,-0.214,-0.222,-0.0025,76.38,75.6,0.535,0.535,0.0,28.27
50.927,-0.027,-0.137,-0.26,-0.0056,76.34,75.6,0.539,0.539,0.0,22.55
50.98,-0.0256,-0.102,-0.278,0.0015,76.16,75.6,0.558,0.558,0.0,25.89
51.026,-0.024,-0.242,-0.278,0.0018,76.0,75.6,0.576,0.576,0.0,21.63
51.076,-0.023,-0.37,-0.247,0.0045,76.1,75.6,0.564,0.564,0.0,21.38
51.124,-0.0217,-0.264,-0.186,0.0051,76.33,75.6,0.541,0.541,0.0,18.52
51.173,-0.0208,0.035,-0.081,0.0084,76.4,75.6,0.533,0.533,0.0,17.29
51.227,-0.0202,0.27,0.044,0.0065,76.23,75.6,0.551,0.551,0.0,21.45
51.274,-0.0197,0.296,0.136,-0.0002,76.08,75.6,0.568,0.568,0.0,18.69
51.327,-0.0193,0.171,0.166,-0.0056,76.14,75.6,0.56,0.56,0.0,21.21
51.378,-0.0189,0.107,0.123,-0.0091,76.29,75.6,0.545,0.545,0.0,21.85
51.425,-0.018,0.12,0.091,0.0,76.38,75.6,0.536,0.536,0.0,19.31
51.483,-0.0171,-0.055,0.031,-0.005,76.34,75.6,0.54,0.54,0.0,26.57
51.525,-0.0162,-0.219,-0.059,-0.0064,76.14,75.6,0.56,0.56,0.0,18.66
51.577,-0.0148,-0.17,-0.107,0.0028,76.03,75.6,0.573,0.573,0.0,20.07
51.63,-0.0135,-0.284,-0.154,-0.0015,76.14,75.6,0.56,0.56,0.0,22.88
51.675,-0.0121,-0.261,-0.213,-0.0034,76.34,75.6,0.54,0.54,0.0,18.04
51.727,-0.0104,-0.245,-0.248,0.0014,76.38,75.6,0.536,0.536,0.0,19.63
51.779,-0.009,-0.435,-0.29,-0.0022,76.17,75.6,0.557,0.557,0.0,21.29
51.823,-0.0073,-0.387,-0.309,0.0018,76.03,75.6,0.572,0.572,0.0,15.4
51.879,-0.0058,-0.371,-0.343,-0.0029,76.13,75.6,0.561,0.561,0.0,20.99
51.931,-0.004,-0.399,-0.37,-0.0,76.34,75.6,0.54,0.54,0.0,22.74
51.98,-0.0026,-0.3,-0.352,0.0052,76.41,75.6,0.531,0.531,0.0,22.07
52.032,-0.0014,-0.313,-0.336,0.0004,76.22,75.6,0.552,0.552,0.0,23.22
52.077,-0.0003,-0.261,-0.311,0.0019,76.08,75.6,0.568,0.568,0.0,18.05
52.129,0.0004,-0.125,-0.247,0.0062,76.15,75.6,0.559,0.559,0.0,19.59
52.181,0.001,-0.117,-0.185,0.002,76.3,75.6,0.544,0.544,0.0,21.22
52.228,0.0013,0.01,-0.132,0.001,76.37,75.6,0.537,0.537,0.0,18.46
52.279,0.0015,0.098,-0.069,0.0031,76.28,75.6,0.546,0.546,0.0,18.11
52.33,0.0015,0.028,-0.027,-0.0007,76.14,75.6,0.56,0.56,0.0,18.84
52.386,0.0013,0.086,-0.019,-0.0032,76.16,75.6,0.558,0.558,0.0,24.74
52.43,0.0013,0.147,0.0,0.0018,76.25,75.6,0.549,0.549,0.0,18.62
52.48,0.0011,0.063,0.022,0.001,76.32,75.6,0.541,0.541,0.0,18.87
52.528,0.0007,0.019,0.042,0.0005,76.32,75.6,0.541,0.541,0.0,16.99
52.582,0.0004,0.059,0.069,0.0018,76.18,75.6,0.556,0.556,0.0,19.65
52.635,0.0001,0.159,0.125,0.0049,76.07,75.6,0.568,0.568,0.0,22.53
52.685,-0.0003,0.252,0.186,0.0027,76.15,75.6,0.559,0.559,0.0,22.5
52.73,-0.0006,0.236,0.221,-0.0016,76.3,75.6,0.544,0.544,0.0,16.82
52.78,-0.0009,0.251,0.227,-0.0027,76.37,75.6,0.537,0.537,0.0,17.09
52.833,-0.0011,0.146,0.187,-0.0063,76.3,75.6,0.544,0.544,0.0,19.61
52.884,-0.0009,0.136,0.15,-0.0009,76.14,75.6,0.56,0.56,0.0,19.5
52.932,-0.0009,0.05,0.114,-0.0012,76.12,75.6,0.563,0.563,0.0,17.66
52.982,-0.0005,-0.093,0.086,-0.0001,76.21,75.6,0.553,0.553,0.0,17.83
53.033,0.0001,-0.09,0.07,0.0007,76.32,75.6,0.542,0.542,0.0,18.25
53.083,0.0007,-0.019,0.057,-0.0001,76.33,75.6,0.54,0.54,0.0,18.28
53.138,0.0015,-0.031,0.043,-0.0006,76.19,75.6,0.555,0.554,0.0,22.55
53.183,0.0026,-0.059,0.023,-0.0014,76.03,75.6,0.572,0.572,0.0,17.02
53.235,0.0038,-0.18,-0.039,-0.0065,76.12,75.6,0.562,0.562,0.0,19.56
53.286,0.005,-0.31,-0.133,-0.0067,76.32,75.6,0.542,0.542,0.0,19.75
53.333,0.0071,-0.299,-0.193,0.0014,76.38,75.6,0.535,0.535,0.0,16.37
53.389,0.009,-0.488,-0.264,-0.0036,76.26,75.6,0.548,0.548,0.0,22.53
53.437,0.011,-0.611,-0.371,-0.0075,76.1,75.6,0.566,0.566,0.0,19.73
53.486,0.0139,-0.567,-0.436,0.0021,76.13,75.6,0.561,0.561,0.0,19.28
53.538,0.0166,-0.679,-0.529,-0.0061,76.25,75.6,0.549,0.549,0.0,20.89
53.588,0.0192,-0.903,-0.692,-0.0131,76.35,75.6,0.539,0.539,0.0,20.14
53.637,0.0227,-0.819,-0.787,0.0038,76.34,75.6,0.54,0.54,0.0,19.29
53.691,0.0257,-1.033,-0.901,-0.0059,76.14,75.6,0.56,0.56,0.0,22.28
53.742,0.0285,-1.22,-1.027,-0.0058,76.0,75.6,0.576,0.576,0.0,22.87
53.793,0.0316,-1.016,-1.048,0.0104,76.11,75.6,0.563,0.563,0.0,23.5
53.835,0.0338,-0.985,-1.009,0.0075,76.36,75.6,0.538,0.538,0.0,14.24
53.889,0.0361,-0.897,-0.953,0.0038,76.39,75.6,0.535,0.535,0.0,18.07
53.944,0.0378,-0.642,-0.838,0.01,76.19,75.6,0.554,0.554,0.0,22.02
53.997,0.0388,-0.449,-0.727,0.0036,76.04,75.6,0.572,0.572,0.0,25.11
54.045,0.0393,-0.192,-0.58,0.0089,76.11,75.6,0.563,0.563,0.0,23.45
54.092,0.0392,-0.106,-0.442,0.0038,76.3,75.6,0.544,0.544,0.0,19.96
54.147,0.0386,-0.146,-0.305,0.0047,76.39,75.6,0.533,0.533,0.0,23.99
54.194,0.0377,0.077,-0.139,0.009,76.35,75.6,0.539,0.539,0.0,21.05
54.245,0.0362,0.328,0.056,0.0097,76.16,75.6,0.558,0.558,0.0,21.64
54.295,0.0344,0.543,0.248,0.0065,76.02,75.6,0.574,0.574,0.0,21.32
54.343,0.0323,0.655,0.41,0.0024,76.12,75.6,0.563,0.563,0.0,19.52
54.396,0.0301,0.737,0.493,-0.0053,76.33,75.6,0.541,0.541,0.0,22.12
54.438,0.0281,0.579,0.487,-0.0095,76.4,75.6,0.532,0.532,0.0,14.47
54.496,0.0261,0.545,0.464,-0.0027,76.25,75.6,0.549,0.549,0.0,22.05
54.545,0.0245,0.254,0.399,-0.0065,76.09,75.6,0.567,0.567,0.0,20.97
54.597,0.0232,0.11,0.299,-0.0072,76.12,75.6,0.562,0.562,0.0,23.0
54.644,0.0225,0.056,0.213,-0.0017,76.27,75.6,0.547,0.547,0.0,19.15
54.697,0.0219,0.072,0.13,-0.0025,76.36,75.6,0.537,0.537,0.0,22.12
54.745,0.0216,-0.132,0.036,-0.0044,76.36,75.6,0.538,0.538,0.0,19.99
54.794,0.0214,-0.153,-0.037,-0.0004,76.16,75.6,0.558,0.558,0.0,17.79
54.847,0.0212,-0.189,-0.087,0.0007,76.04,75.6,0.571,0.571,0.0,20.92
54.899,0.0212,-0.169,-0.102,0.0031,76.15,75.6,0.559,0.559,0.0,22.58
54.948,0.021,-0.158,-0.102,0.0016,76.33,75.6,0.541,0.541,0.0,20.07
55.001,0.0207,-0.019,-0.083,0.0027,76.38,75.6,0.536,0.536,0.0,23.29
55.045,0.0202,-0.036,-0.053,0.0021,76.18,75.6,0.556,0.556,0.0,17.19
55.096,0.0197,0.035,-0.038,-0.001,76.06,75.6,0.57,0.57,0.0,17.58
55.15,0.0191,0.052,-0.026,0.0,76.15,75.6,0.559,0.559,0.0,20.76
55.203,0.0184,0.099,0.008,0.0034,76.32,75.6,0.542,0.542,0.0,24.14
55.255,0.0175,0.038,0.049,0.0023,76.41,75.6,0.532,0.532,0.0,25.59
55.298,0.0165,0.069,0.085,0.0008,76.3,75.6,0.543,0.543,0.0,18.29
55.349,0.0156,0.23,0.13,0.0024,76.14,75.6,0.56,0.56,0.0,18.82
55.401,0.0145,0.274,0.173,0.0013,76.11,75.6,0.563,0.563,0.0,20.9
55.452,0.0134,0.241,0.208,0.0004,76.2,75.6,0.554,0.554,0.0,21.47
55.503,0.0124,0.231,0.227,-0.001,76.31,75.6,0.543,0.543,0.0,21.79
55.556,0.0115,0.191,0.243,0.0001,76.35,75.6,0.539,0.539,0.0,24.92
55.603,0.0105,0.336,0.254,-0.0,76.24,75.6,0.55,0.55,0.0,21.39
55.65,0.0096,0.296,0.248,-0.002,76.09,75.6,0.567,0.567,0.0,18.31
55.704,0.0089,0.233,0.245,0.0001,76.14,75.6,0.56,0.56,0.0,21.87
55.752,0.0082,0.131,0.226,-0.0023,76.28,75.6,0.546,0.546,0.0,19.29
55.804,0.0078,0.15,0.19,-0.0029,76.37,75.6,0.537,0.537,0.0,21.26
55.852,0.0076,0.116,0.155,-0.0013,76.35,75.6,0.539,0.539,0.0,18.96
55.908,0.0075,0.001,0.104,-0.0034,76.15,75.6,0.559,0.559,0.0,24.57
55.952,0.0075,-0.058,0.021,-0.0063,76.0,75.6,0.576,0.576,0.0,17.86
56.005,0.0079,-0.051,-0.039,0.0004,76.12,75.6,0.563,0.562,0.0,20.77
56.059,0.0083,-0.18,-0.076,0.0012,76.35,75.6,0.539,0.539,0.0,25.32
56.105,0.0086,-0.215,-0.087,0.0022,76.45,75.6,0.528,0.528,0.0,20.55
56.157,0.0091,-0.15,-0.088,0.0012,76.26,75.6,0.548,0.548,0.0,22.84
56.203,0.0095,-0.137,-0.086,0.0003,76.11,75.6,0.565,0.565,0.0,18.91
56.255,0.0099,-0.006,-0.122,-0.0053,76.14,75.6,0.56,0.56,0.0,20.72
56.306,0.0104,-0.195,-0.195,-0.0063,76.27,75.6,0.547,0.547,0.0,20.96
56.353,0.0108,-0.139,-0.229,0.0029,76.37,75.6,0.537,0.537,0.0,18.72
56.407,0.011,-0.399,-0.257,-0.0004,76.35,75.6,0.539,0.539,0.0,21.35
56.454,0.0112,-0.216,-0.243,0.0048,76.14,75.6,0.56,0.56,0.0,18.85
56.507,0.0112,-0.124,-0.197,0.0051,76.02,75.6,0.574,0.574,0.0,21.61
56.558,0.0109,0.011,-0.108,0.0076,76.14,75.6,0.561,0.561,0.0,22.43
56.608,0.0105,0.112,-0.001,0.0056,76.35,75.6,0.539,0.539,0.0,22.51
56.654,0.0098,0.25,0.079,-0.0001,76.42,75.6,0.531,0.531,0.0,18.02
56.705,0.009,0.272,0.131,-0.001,76.23,75.6,0.551,0.551,0.0,19.27
56.751,0.0081,0.285,0.152,-0.0026,76.1,75.6,0.566,0.566,0.0,15.16
56.809,0.0071,0.193,0.154,-0.002,76.16,75.6,0.558,0.558,0.0,22.56
56.854,0.0063,0.257,0.175,0.0029,76.3,75.6,0.544,0.544,0.0,17.39
56.905,0.0054,0.167,0.205,0.0018,76.36,75.6,0.537,0.537,0.0,18.19
56.96,0.0044,0.313,0.231,0.0005,76.29,75.6,0.544,0.544,0.0,22.65
57.011,0.0035,0.344,0.261,0.0015,76.13,75.6,0.561,0.561,0.0,23.67
57.06,0.0024,0.308,0.272,-0.0017,76.12,75.6,0.562,0.562,0.0,21.84
57.111,0.0015,0.226,0.265,-0.0021,76.21,75.6,0.553,0.553,0.0,23.14
57.156,0.0007,0.207,0.288,0.0041,76.32,75.6,0.542,0.542,0.0,17.68
57.21,0.0001,0.164,0.299,-0.001,76.34,75.6,0.54,0.54,0.0,21.39
57.263,-0.0005,0.238,0.304,-0.0003,76.21,75.6,0.553,0.553,0.0,24.36
57.313,-0.0009,0.369,0.297,-0.0016,76.06,75.6,0.57,0.57,0.0,23.67
57.362,-0.0012,0.312,0.271,-0.0028,76.12,75.6,0.563,0.562,0.0,22.38
57.414,-0.0013,0.125,0.214,-0.0053,76.28,75.6,0.546,0.546,0.0,23.44
57.462,-0.0013,-0.06,0.121,-0.007,76.38,75.6,0.535,0.535,0.0,21.37
57.513,-0.0008,-0.125,0.015,-0.005,76.36,75.6,0.537,0.537,0.0,22.1
57.561,-0.0002,-0.133,-0.057,0.001,76.18,75.6,0.556,0.556,0.0,19.7
57.609,0.0005,-0.171,-0.129,-0.0025,76.04,75.6,0.572,0.571,0.0,17.61
57.663,0.0012,-0.339,-0.199,-0.0022,76.13,75.6,0.561,0.561,0.0,21.66
57.711,0.0018,-0.319,-0.237,0.002,76.32,75.6,0.542,0.542,0.0,19.11
57.763,0.0025,-0.251,-0.253,0.0018,76.39,75.6,0.535,0.535,0.0,21.17
57.815,0.003,-0.24,-0.222,0.006,76.26,75.6,0.548,0.548,0.0,22.48
57.866,0.0032,-0.075,-0.176,0.0032,76.11,75.6,0.565,0.565,0.0,23.55
57.911,0.0033,-0.062,-0.141,0.0001,76.14,75.6,0.56,0.56,0.0,18.49
57.966,0.0034,0.038,-0.068,0.0064,76.25,75.6,0.549,0.549,0.0,22.99
58.016,0.0032,0.019,0.027,0.0058,76.35,75.6,0.539,0.539,0.0,21.95
58.066,0.003,-0.014,0.081,-0.0026,76.35,75.6,0.539,0.539,0.0,21.63
58.116,0.0028,0.234,0.093,-0.0038,76.15,75.6,0.56,0.56,0.0,22.31
58.167,0.0025,0.278,0.054,-0.0068,75.99,75.6,0.577,0.577,0.0,22.66
58.22,0.0022,0.33,0.043,0.0026,76.11,75.6,0.563,0.563,0.0,25.56
58.267,0.0017,-0.091,0.005,-0.0041,76.36,75.6,0.538,0.538,0.0,22.62
58.319,0.0012,-0.174,-0.054,-0.0044,76.44,75.6,0.528,0.528,0.0,24.16
58.368,0.0009,0.018,-0.084,0.0021,76.25,75.6,0.549,0.549,0.0,22.91
58.417,0.0001,-0.015,-0.107,-0.0,76.1,75.6,0.565,0.565,0.0,21.28
58.469,-0.0005,0.047,-0.143,-0.0027,76.14,75.6,0.56,0.56,0.0,22.73
58.519,-0.0015,-0.102,-0.142,0.004,76.27,75.6,0.547,0.547,0.0,22.76
58.566,-0.0032,-0.04,-0.112,0.0041,76.37,75.6,0.537,0.537,0.0,18.77
58.617,-0.0052,0.104,-0.018,0.0099,76.34,75.6,0.54,0.54,0.0,19.51
58.667,-0.0074,0.668,0.213,0.0225,76.16,75.6,0.558,0.558,0.0,19.89
58.72,-0.0103,0.874,0.52,0.0187,76.02,75.6,0.574,0.574,0.0,22.25
58.766,-0.0148,0.863,0.723,-0.0039,76.12,75.6,0.562,0.562,0.0,18.26
58.82,-0.0189,1.255,0.887,0.0016,76.33,75.6,0.541,0.541,0.0,21.58
58.871,-0.0226,1.422,1.058,0.0068,76.39,75.6,0.535,0.535,0.0,22.22
58.918,-0.0276,1.321,1.148,-0.0055,76.19,75.6,0.555,0.555,0.0,18.81
58.973,-0.0321,1.368,1.194,-0.003,76.05,75.6,0.57,0.57,0.0,23.02
59.023,-0.0361,1.352,1.244,0.0023,76.13,75.6,0.561,0.561,0.0,23.67
59.069,-0.0408,1.24,1.249,-0.0046,76.32,75.6,0.541,0.541,0.0,19.14
59.125,-0.0448,1.24,1.252,-0.0001,76.39,75.6,0.535,0.535,0.0,24.34
59.174,-0.0484,1.407,1.276,0.0029,76.25,75.6,0.549,0.549,0.0,23.67
59.222,-0.0524,1.135,1.207,-0.0121,76.09,75.6,0.566,0.566,0.0,20.7
59.276,-0.0554,1.114,1.175,0.0028,76.13,75.6,0.561,0.561,0.0,24.61
59.321,-0.0576,0.887,1.219,0.0095,76.26,75.6,0.548,0.548,0.0,20.1
59.374,-0.0603,0.582,1.162,-0.0126,76.35,75.6,0.538,0.538,0.0,21.79
59.424,-0.0619,0.915,1.073,-0.0064,76.35,75.6,0.538,0.538,0.0,21.95
59.472,-0.0623,1.055,0.958,-0.0069,76.16,75.6,0.558,0.558,0.0,19.07
59.522,-0.0634,0.747,0.778,-0.013,76.02,75.6,0.573,0.573,0.0,19.19
59.573,-0.0634,0.209,0.558,-0.0118,76.12,75.6,0.562,0.562,0.0,19.37
59.623,-0.0631,-0.116,0.375,-0.0026,76.33,75.6,0.541,0.541,0.0,19.38
59.674,-0.0624,-0.205,0.237,-0.0001,76.4,75.6,0.533,0.533,0.0,20.32
59.727,-0.0613,0.04,0.2,0.0094,76.21,75.6,0.553,0.553,0.0,22.79
59.775,-0.06,0.286,0.235,0.0086,76.07,75.6,0.569,0.568,0.0,20.59
59.824,-0.0594,0.107,0.203,-0.0081,76.14,75.6,0.56,0.56,0.0,19.05
59.875,-0.0581,0.009,0.144,-0.0049,76.3,75.6,0.544,0.544,0.0,20.05
59.925,-0.0568,-0.147,0.057,-0.0058,76.38,75.6,0.536,0.536,0.0,19.68
59.974,-0.0552,-0.197,-0.01,-0.0005,76.31,75.6,0.543,0.543,0.0,18.68
60.028,-0.0533,-0.134,-0.056,0.0008,76.15,75.6,0.559,0.559,0.0,21.79
60.075,-0.0516,-0.174,-0.097,-0.001,76.1,75.6,0.566,0.566,0.0,18.47
60.123,-0.0498,-0.094,-0.13,-0.0004,76.19,75.6,0.555,0.555,0.0,17.14
60.182,-0.0482,-0.265,-0.183,-0.0039,76.31,75.6,0.543,0.543,0.0,24.86
60.226,-0.0466,-0.235,-0.215,0.001,76.37,75.6,0.537,0.537,0.0,18.44
60.274,-0.045,-0.266,-0.239,0.0001,76.27,75.6,0.547,0.547,0.0,16.26
60.327,-0.0436,-0.155,-0.219,0.0052,76.13,75.6,0.561,0.561,0.0,19.06
60.381,-0.0425,-0.109,-0.182,0.0032,76.16,75.6,0.558,0.558,0.0,23.28
60.433,-0.0416,-0.048,-0.099,0.0076,76.25,75.6,0.549,0.549,0.0,24.82
60.485,-0.041,0.169,0.04,0.0107,76.33,75.6,0.54,0.54,0.0,26.46
60.531,-0.0408,0.195,0.148,0.0006,76.34,75.6,0.539,0.539,0.0,22.14
60.581,-0.0405,0.467,0.274,0.0062,76.15,75.6,0.559,0.559,0.0,22.21
60.631,-0.0405,0.517,0.389,0.0028,76.01,75.6,0.574,0.574,0.0,21.03
60.68,-0.0405,0.479,0.448,-0.0037,76.11,75.6,0.563,0.563,0.0,20.01
60.732,-0.0404,0.47,0.437,-0.0078,76.33,75.6,0.541,0.541,0.0,21.96
60.786,-0.0401,0.347,0.373,-0.0078,76.4,75.6,0.532,0.532,0.0,25.84
60.831,-0.0393,0.29,0.309,-0.0023,76.21,75.6,0.553,0.553,0.0,20.63
60.879,-0.0385,-0.013,0.218,-0.0059,76.08,75.6,0.568,0.568,0.0,18.37
60.933,-0.0373,-0.095,0.102,-0.0068,76.15,75.6,0.559,0.559,0.0,21.66
60.982,-0.0355,-0.148,0.003,-0.0016,76.3,75.6,0.544,0.544,0.0,19.73
61.033,-0.0336,-0.253,-0.074,-0.0004,76.38,75.6,0.536,0.536,0.0,20.66
61.089,-0.0316,-0.482,-0.175,-0.0061,76.32,75.6,0.542,0.542,0.0,26.96
61.132,-0.029,-0.518,-0.263,-0.0017,76.13,75.6,0.561,0.561,0.0,18.85
61.187,-0.0266,-0.429,-0.381,-0.0072,76.06,75.6,0.57,0.57,0.0,23.88
61.238,-0.0235,-0.689,-0.518,-0.0069,76.16,75.6,0.558,0.558,0.0,24.02
61.282,-0.0207,-0.615,-0.588,0.0047,76.34,75.6,0.539,0.539,0.0,18.04
61.334,-0.0182,-0.846,-0.653,-0.0019,76.38,75.6,0.536,0.536,0.0,19.78
61.386,-0.0158,-0.732,-0.691,0.0015,76.17,75.6,0.557,0.557,0.0,21.97
61.434,-0.0134,-0.556,-0.653,0.0094,76.03,75.6,0.573,0.573,0.0,19.31
61.487,-0.0117,-0.349,-0.566,0.0083,76.14,75.6,0.56,0.56,0.0,22.3
61.536,-0.0103,-0.172,-0.45,0.007,76.33,75.6,0.54,0.54,0.0,20.6
61.586,-0.0095,-0.248,-0.329,0.0047,76.4,75.6,0.533,0.533,0.0,20.83
61.637,-0.0091,0.043,-0.226,0.0018,76.2,75.6,0.554,0.554,0.0,21.39
61.683,-0.0089,0.179,-0.118,0.0042,76.06,75.6,0.57,0.57,0.0,17.11
61.739,-0.0091,0.259,0.006,0.006,76.14,75.6,0.56,0.56,0.0,22.77
61.786,-0.0098,0.182,0.109,0.0015,76.32,75.6,0.542,0.542,0.0,20.02
61.834,-0.0104,0.25,0.191,0.0005,76.38,75.6,0.535,0.535,0.0,16.72
61.89,-0.0112,0.453,0.278,0.0037,76.24,75.6,0.55,0.55,0.0,22.21
61.933,-0.0119,0.498,0.357,0.0019,76.09,75.6,0.567,0.567,0.0,15.36
61.987,-0.0127,0.507,0.41,-0.0008,76.14,75.6,0.56,0.56,0.0,18.74
62.036,-0.0135,0.486,0.426,-0.0033,76.28,75.6,0.546,0.546,0.0,17.89
62.088,-0.0142,0.35,0.438,-0.0002,76.37,75.6,0.536,0.536,0.0,19.05
62.138,-0.0145,0.33,0.444,-0.0004,76.34,75.6,0.54,0.54,0.0,19.0
62.189,-0.0148,0.301,0.419,-0.0041,76.13,75.6,0.561,0.561,0.0,19.19
62.24,-0.0146,0.281,0.363,-0.0052,76.01,75.6,0.575,0.575,0.0,20.03
62.287,-0.014,0.175,0.287,-0.0047,76.13,75.6,0.561,0.561,0.0,16.44
62.341,-0.0131,-0.072,0.16,-0.0098,76.35,75.6,0.538,0.538,0.0,20.65
62.394,-0.012,-0.33,-0.021,-0.012,76.41,75.6,0.532,0.532,0.0,23.05
62.439,-0.0099,-0.37,-0.162,-0.0007,76.22,75.6,0.552,0.552,0.0,17.75
62.49,-0.0076,-0.556,-0.292,-0.0035,76.09,75.6,0.567,0.567,0.0,18.15
62.542,-0.0053,-0.649,-0.433,-0.0061,76.16,75.6,0.558,0.558,0.0,19.82
62.592,-0.0026,-0.605,-0.52,0.0028,76.31,75.6,0.543,0.543,0.0,19.39
62.641,-0.0002,-0.662,-0.599,-0.0021,76.37,75.6,0.537,0.537,0.0,18.05
62.692,0.0021,-0.82,-0.683,-0.0033,76.28,75.6,0.546,0.546,0.0,19.49
62.741,0.0042,-0.843,-0.743,0.0002,76.12,75.6,0.562,0.562,0.0,18.49
62.794,0.0064,-0.695,-0.731,0.0081,76.15,75.6,0.559,0.559,0.0,21.49
62.842,0.008,-0.574,-0.666,0.0077,76.24,75.6,0.55,0.55,0.0,19.11
62.895,0.0092,-0.407,-0.556,0.0086,76.33,75.6,0.541,0.541,0.0,21.2
62.944,0.01,-0.256,-0.429,0.0061,76.32,75.6,0.542,0.542,0.0,20.01
62.997,0.0103,-0.057,-0.286,0.0068,76.14,75.6,0.56,0.56,0.0,22.75
63.048,0.0101,0.146,-0.13,0.0068,76.06,75.6,0.57,0.57,0.0,23.56
63.093,0.0095,0.242,0.015,0.004,76.15,75.6,0.559,0.559,0.0,17.85
63.145,0.0088,0.351,0.145,0.0028,76.32,75.6,0.542,0.542,0.0,19.39
63.199,0.0078,0.38,0.222,-0.0029,76.38,75.6,0.536,0.536,0.0,22.43
63.246,0.0067,0.42,0.244,-0.0049,76.23,75.6,0.551,0.551,0.0,19.92
63.296,0.0058,0.437,0.261,-0.0,76.09,75.6,0.567,0.567,0.0,19.0
63.35,0.0047,0.259,0.261,-0.0019,76.14,75.6,0.56,0.56,0.0,22.74
63.397,0.0038,0.186,0.268,0.001,76.28,75.6,0.546,0.546,0.0,19.11
63.449,0.0031,0.257,0.269,-0.0005,76.38,75.6,0.536,0.536,0.0,21.34
63.497,0.0026,0.242,0.264,-0.0009,76.36,75.6,0.538,0.538,0.0,19.19
63.549,0.0021,0.263,0.221,-0.0054,76.18,75.6,0.556,0.556,0.0,21.01
63.605,0.0016,0.042,0.13,-0.0083,76.04,75.6,0.572,0.572,0.0,26.42
63.656,0.0015,0.01,0.055,-0.001,76.12,75.6,0.562,0.562,0.0,26.68
63.699,0.0015,-0.184,-0.012,-0.0015,76.32,75.6,0.542,0.542,0.0,19.99
63.753,0.0017,-0.136,-0.041,0.0031,76.38,75.6,0.535,0.535,0.0,23.41
63.798,0.0018,-0.177,-0.065,-0.0004,76.25,75.6,0.549,0.549,0.0,18.28
63.852,0.0019,-0.048,-0.078,0.0007,76.11,75.6,0.565,0.565,0.0,22.16
63.902,0.002,-0.042,-0.087,0.0001,76.15,75.6,0.559,0.559,0.0,21.94
63.954,0.0019,-0.123,-0.111,-0.0024,76.28,75.6,0.546,0.546,0.0,23.54
63.999,0.0017,-0.092,-0.121,0.0011,76.37,75.6,0.537,0.537,0.0,18.29
64.055,0.0013,0.01,-0.077,0.0073,76.33,75.6,0.54,0.54,0.0,23.92
64.105,0.0008,0.057,0.041,0.0118,76.14,75.6,0.56,0.56,0.0,22.79
64.155,-0.0,0.124,0.154,0.0034,75.99,75.6,0.577,0.577,0.0,22.5
64.207,-0.001,0.503,0.31,0.01,76.11,75.6,0.563,0.563,0.0,24.06
64.254,-0.0021,0.676,0.503,0.0106,76.36,75.6,0.538,0.538,0.0,21.09
64.304,-0.0034,0.655,0.629,-0.0026,76.42,75.6,0.53,0.53,0.0,21.07
64.353,-0.0047,0.763,0.72,-0.0005,76.22,75.6,0.552,0.552,0.0,20.04
64.401,-0.0055,0.707,0.783,-0.0007,76.09,75.6,0.566,0.566,0.0,17.51
64.453,-0.0057,0.617,0.796,-0.0048,76.16,75.6,0.558,0.558,0.0,19.04
64.52,-0.0056,0.526,0.723,-0.0116,76.31,75.6,0.543,0.543,0.0,35.64
64.56,-0.0046,0.175,0.552,-0.0162,76.4,75.6,0.532,0.532,0.0,26.31
64.604,-0.0024,0.053,0.388,-0.0051,76.35,75.6,0.539,0.539,0.0,20.05
64.655,0.0004,-0.444,0.119,-0.0203,76.16,75.6,0.559,0.559,0.0,20.47
64.706,0.004,-0.924,-0.257,-0.0244,76.01,75.6,0.575,0.575,0.0,21.18
64.754,0.0095,-1.013,-0.55,-0.0016,76.11,75.6,0.563,0.563,0.0,19.21
64.809,0.0152,-1.554,-0.877,-0.015,76.33,75.6,0.541,0.541,0.0,23.74
64.86,0.0219,-2.043,-1.282,-0.0223,76.4,75.6,0.532,0.532,0.0,24.41
64.906,0.0302,-1.974,-1.547,0.0055,76.22,75.6,0.552,0.552,0.0,20.37
64.955,0.0373,-2.255,-1.796,-0.007,76.07,75.6,0.568,0.568,0.0,18.62
65.007,0.0449,-2.558,-2.073,-0.0126,76.15,75.6,0.559,0.559,0.0,19.98
65.056,0.0537,-2.255,-2.172,0.0152,76.3,75.6,0.544,0.544,0.0,19.73
65.111,0.0611,-2.404,-2.22,0.0037,76.38,75.6,0.536,0.536,0.0,24.1
65.161,0.0674,-2.388,-2.248,0.0011,76.3,75.6,0.544,0.544,0.0,23.34
65.208,0.0746,-1.92,-2.12,0.0208,76.12,75.6,0.562,0.562,0.0,19.69
65.26,0.0801,-1.734,-1.957,0.0094,76.1,75.6,0.564,0.564,0.0,21.83
65.312,0.0845,-1.613,-1.803,0.0044,76.2,75.6,0.554,0.554,0.0,23.64
65.358,0.0889,-1.07,-1.533,0.0217,76.32,75.6,0.542,0.542,0.0,19.79
65.409,0.0917,-0.925,-1.32,0.0013,76.35,75.6,0.538,0.538,0.0,20.06
65.468,0.0936,-0.925,-1.277,-0.0161,76.22,75.6,0.552,0.552,0.0,28.35
65.511,0.0959,-0.427,-1.114,0.0182,76.05,75.6,0.571,0.571,0.0,21.36
65.567,0.0966,-0.62,-1.041,-0.0069,76.1,75.6,0.564,0.564,0.0,26.64
65.611,0.0965,-0.988,-1.059,-0.0101,76.3,75.6,0.544,0.544,0.0,20.62
65.664,0.0972,-0.531,-0.931,0.0198,76.4,75.6,0.532,0.532,0.0,23.28
65.713,0.0965,-0.604,-0.745,0.0126,76.33,75.6,0.54,0.54,0.0,22.24
65.765,0.0954,-0.187,-0.489,0.0162,76.14,75.6,0.56,0.56,0.0,23.39
65.81,0.0938,0.135,-0.206,0.0127,75.99,75.6,0.577,0.577,0.0,18.44
65.862,0.0915,0.543,0.071,0.0092,76.12,75.6,0.562,0.562,0.0,20.2
65.915,0.0884,0.704,0.256,-0.0032,76.35,75.6,0.539,0.539,0.0,23.38
65.963,0.0854,0.854,0.411,0.0022,76.43,75.6,0.529,0.529,0.0,20.64
66.01,0.0824,0.652,0.455,-0.01,76.24,75.6,0.55,0.55,0.0,18.21
66.064,0.0789,0.303,0.389,-0.0138,76.11,75.6,0.565,0.565,0.0,21.13
66.111,0.0767,0.338,0.349,0.0013,76.15,75.6,0.559,0.559,0.0,18.28
66.163,0.0744,0.135,0.289,-0.0043,76.27,75.6,0.547,0.547,0.0,19.77
66.213,0.0726,0.063,0.179,-0.0089,76.35,75.6,0.538,0.538,0.0,20.05
66.264,0.0713,0.04,0.09,-0.001,76.32,75.6,0.542,0.542,0.0,20.32
66.313,0.0701,-0.109,-0.028,-0.0073,76.15,75.6,0.559,0.559,0.0,19.05
66.364,0.0688,-0.351,-0.165,-0.0067,76.07,75.6,0.569,0.569,0.0,20.17
66.417,0.0679,-0.311,-0.245,0.0032,76.17,75.6,0.557,0.557,0.0,22.2
66.467,0.0668,-0.408,-0.279,0.0037,76.34,75.6,0.54,0.54,0.0,22.13
66.518,0.0659,-0.212,-0.248,0.0079,76.38,75.6,0.536,0.536,0.0,23.32
66.57,0.0645,-0.126,-0.192,0.0046,76.19,75.6,0.555,0.555,0.0,24.57
66.629,0.0629,0.048,-0.09,0.0084,76.04,75.6,0.572,0.572,0.0,33.7
66.67,0.0611,0.188,0.034,0.0065,76.1,75.6,0.564,0.564,0.0,24.24
66.732,0.0591,0.227,0.127,0.0002,76.28,75.6,0.546,0.546,0.0,36.06
66.786,0.057,0.344,0.204,0.0009,76.42,75.6,0.53,0.53,0.0,39.65
66.838,0.0549,0.374,0.241,-0.0029,76.46,75.6,0.526,0.526,0.0,41.55
66.876,0.0525,0.377,0.261,-0.001,76.3,75.6,0.544,0.544,0.0,28.74
66.918,0.0504,0.341,0.252,-0.0035,76.13,75.6,0.561,0.561,0.0,20.97
66.98,0.0482,0.131,0.239,-0.0008,76.1,75.6,0.564,0.564,0.0,32.19
67.024,0.0461,0.18,0.249,0.0028,76.2,75.6,0.554,0.554,0.0,25.49
67.082,0.044,0.248,0.257,-0.0,76.32,75.6,0.542,0.542,0.0,33.58
67.127,0.0422,0.407,0.276,0.0019,76.39,75.6,0.535,0.535,0.0,28.51
67.176,0.0403,0.403,0.292,0.0001,76.27,75.6,0.547,0.547,0.0,27.15
67.23,0.0384,0.224,0.283,-0.0029,76.1,75.6,0.565,0.565,0.0,30.77
67.282,0.0365,0.224,0.255,-0.0029,76.12,75.6,0.563,0.563,0.0,32.19
67.32,0.0348,0.181,0.222,-0.0017,76.24,75.6,0.55,0.55,0.0,20.03
67.37,0.0334,0.237,0.221,0.0034,76.34,75.6,0.539,0.539,0.0,20.59
67.419,0.0319,0.207,0.26,0.0056,76.34,75.6,0.54,0.54,0.0,18.74
67.471,0.0303,0.163,0.277,-0.0017,76.15,75.6,0.56,0.56,0.0,20.63
67.52,0.0285,0.261,0.282,-0.0011,76.01,75.6,0.575,0.575,0.0,18.9
67.568,0.0273,0.392,0.284,-0.0001,76.12,75.6,0.562,0.562,0.0,17.03
67.621,0.026,0.326,0.264,-0.003,76.34,75.6,0.54,0.54,0.0,19.95
67.674,0.0249,0.087,0.21,-0.0055,76.4,75.6,0.533,0.533,0.0,22.53
67.723,0.024,-0.016,0.122,-0.0067,76.21,75.6,0.553,0.553,0.0,20.49
67.769,0.0236,-0.066,0.043,-0.0017,76.06,75.6,0.569,0.569,0.0,16.41
67.825,0.0232,-0.085,-0.03,-0.0021,76.15,75.6,0.559,0.559,0.0,22.03
67.875,0.0229,-0.204,-0.106,-0.0028,76.33,75.6,0.541,0.541,0.0,21.76
67.924,0.0227,-0.197,-0.157,0.0007,76.39,75.6,0.535,0.535,0.0,20.41
67.976,0.0223,-0.205,-0.179,0.0022,76.22,75.6,0.552,0.552,0.0,22.14
68.028,0.022,-0.197,-0.157,0.0055,76.08,75.6,0.568,0.568,0.0,24.19
68.079,0.0213,-0.144,-0.118,0.003,76.13,75.6,0.562,0.562,0.0,24.45
68.127,0.0206,0.048,-0.054,0.005,76.28,75.6,0.546,0.546,0.0,22.84
68.177,0.0196,0.231,0.012,0.0024,76.38,75.6,0.535,0.535,0.0,21.59
68.227,0.0182,0.253,0.053,-0.0012,76.37,75.6,0.537,0.537,0.0,21.39
68.275,0.0164,0.29,0.085,0.0003,76.17,75.6,0.557,0.557,0.0,19.41
68.325,0.0145,0.208,0.098,-0.0016,76.04,75.6,0.572,0.572,0.0,19.0
68.388,0.0125,0.304,0.111,0.0005,76.14,75.6,0.56,0.56,0.0,32.43
68.426,0.0101,0.356,0.139,0.0025,76.35,75.6,0.539,0.539,0.0,20.26
68.48,0.0077,0.346,0.226,0.0092,76.4,75.6,0.532,0.532,0.0,24.04
68.53,0.0049,0.505,0.34,0.0069,76.21,75.6,0.554,0.553,0.0,23.41
68.575,0.0015,0.529,0.425,-0.0002,76.05,75.6,0.571,0.571,0.0,19.2
68.632,-0.0019,0.884,0.506,0.0025,76.12,75.6,0.562,0.562,0.0,25.79
68.68,-0.0057,0.948,0.613,0.0065,76.32,75.6,0.542,0.542,0.0,23.4
68.73,-0.0102,0.885,0.671,-0.0032,76.41,75.6,0.531,0.531,0.0,22.43
68.778,-0.0146,0.89,0.791,0.0108,76.31,75.6,0.542,0.542,0.0,20.6
68.828,-0.0186,1.333,1.109,0.0318,76.14,75.6,0.56,0.56,0.0,20.63
68.876,-0.024,1.186,1.31,-0.0053,76.08,75.6,0.568,0.568,0.0,18.75
68.929,-0.0291,1.684,1.551,0.0126,76.18,75.6,0.556,0.556,0.0,21.31
68.983,-0.0334,2.27,1.814,0.0115,76.33,75.6,0.541,0.541,0.0,24.58
69.03,-0.0382,1.924,1.879,-0.0184,76.37,75.6,0.537,0.537,0.0,20.79
69.081,-0.0416,1.674,1.827,-0.0142,76.18,75.6,0.556,0.556,0.0,21.95
69.13,-0.0443,1.295,1.638,-0.021,76.05,75.6,0.571,0.571,0.0,19.53
69.18,-0.0458,0.841,1.318,-0.0248,76.14,75.6,0.56,0.56,0.0,19.57
69.229,-0.0457,0.501,0.983,-0.0132,76.33,75.6,0.541,0.541,0.0,18.09
69.281,-0.0447,-0.001,0.57,-0.0226,76.36,75.6,0.538,0.538,0.0,19.62
69.333,-0.0428,-0.705,0.092,-0.0234,76.16,75.6,0.558,0.558,0.0,21.54
69.38,-0.0394,-0.937,-0.309,-0.006,76.02,75.6,0.573,0.573,0.0,17.89
69.432,-0.0355,-1.304,-0.681,-0.01,76.14,75.6,0.56,0.56,0.0,19.76
69.485,-0.0311,-1.51,-0.962,-0.0002,76.35,75.6,0.539,0.539,0.0,22.5
69.533,-0.0264,-1.591,-1.162,0.0015,76.41,75.6,0.532,0.532,0.0,19.94
69.588,-0.0217,-1.524,-1.273,0.0055,76.21,75.6,0.553,0.553,0.0,25.32
69.631,-0.0173,-1.272,-1.268,0.0123,76.06,75.6,0.57,0.57,0.0,18.48
69.684,-0.0137,-1.144,-1.211,0.0074,76.13,75.6,0.561,0.561,0.0,21.16
69.737,-0.0108,-0.856,-1.068,0.0141,76.31,75.6,0.543,0.543,0.0,23.09
69.785,-0.0087,-0.519,-0.813,0.0205,76.4,75.6,0.532,0.532,0.0,21.1
69.834,-0.0074,-0.137,-0.515,0.0149,76.32,75.6,0.542,0.542,0.0,20.64
69.884,-0.0071,0.082,-0.25,0.0058,76.15,75.6,0.559,0.559,0.0,19.82
69.933,-0.0073,0.581,-0.029,0.0031,76.06,75.6,0.57,0.57,0.0,18.92
69.985,-0.0082,0.516,0.128,-0.0012,76.16,75.6,0.558,0.558,0.0,20.01
70.041,-0.0094,0.68,0.279,0.0047,76.34,75.6,0.54,0.54,0.0,25.79
70.097,-0.0113,0.488,0.355,-0.0053,76.39,75.6,0.533,0.533,0.0,31.44
70.138,-0.0129,0.6,0.404,-0.001,76.2,75.6,0.554,0.554,0.0,22.94
70.185,-0.0144,0.685,0.469,0.0039,76.05,75.6,0.57,0.57,0.0,19.98
70.235,-0.0161,0.67,0.538,0.0028,76.14,75.6,0.56,0.56,0.0,19.36
70.289,-0.018,0.616,0.597,0.0011,76.31,75.6,0.543,0.543,0.0,22.88
70.337,-0.0198,0.55,0.614,-0.0038,76.39,75.6,0.533,0.533,0.0,20.01
70.385,-0.0212,0.59,0.61,-0.0023,76.29,75.6,0.545,0.545,0.0,17.86
70.441,-0.0223,0.632,0.599,-0.0011,76.14,75.6,0.56,0.56,0.0,23.56
70.487,-0.0233,0.503,0.553,-0.0053,76.14,75.6,0.56,0.56,0.0,19.44
70.543,-0.0239,0.313,0.5,-0.0025,76.23,75.6,0.551,0.551,0.0,25.02
70.597,-0.0243,0.273,0.444,-0.0022,76.32,75.6,0.541,0.541,0.0,29.35
70.638,-0.0243,0.198,0.384,-0.0026,76.36,75.6,0.538,0.538,0.0,19.98
70.689,-0.024,0.259,0.328,-0.0015,76.23,75.6,0.551,0.551,0.0,21.08
70.74,-0.0236,0.127,0.26,-0.0037,76.09,75.6,0.567,0.567,0.0,21.83
70.789,-0.023,0.04,0.182,-0.0037,76.14,75.6,0.56,0.56,0.0,19.87
70.843,-0.0221,-0.131,0.06,-0.0089,76.29,75.6,0.545,0.545,0.0,24.1
70.892,-0.0209,-0.179,-0.065,-0.0047,76.37,75.6,0.536,0.536,0.0,22.91
70.939,-0.0194,-0.229,-0.16,-0.0002,76.35,75.6,0.538,0.538,0.0,20.14
70.992,-0.0178,-0.533,-0.219,0.0017,76.16,75.6,0.558,0.558,0.0,22.36
71.038,-0.0161,-0.418,-0.267,-0.0006,76.02,75.6,0.574,0.574,0.0,18.76
71.089,-0.0141,-0.474,-0.323,-0.0026,76.13,75.6,0.562,0.562,0.0,19.01
71.144,-0.0119,-0.274,-0.363,0.0002,76.34,75.6,0.54,0.54,0.0,23.31
71.195,-0.0101,-0.549,-0.4,-0.001,76.41,75.6,0.531,0.531,0.0,24.05
71.244,-0.0084,-0.646,-0.456,-0.0039,76.22,75.6,0.552,0.552,0.0,22.92
71.291,-0.0064,-0.569,-0.471,0.0038,76.08,75.6,0.568,0.568,0.0,19.99
71.345,-0.0045,-0.239,-0.443,0.0055,76.14,75.6,0.56,0.56,0.0,23.47
71.394,-0.0033,-0.341,-0.395,0.0038,76.29,75.6,0.544,0.544,0.0,21.74
71.442,-0.0022,-0.192,-0.315,0.006,76.37,75.6,0.536,0.536,0.0,19.43
71.497,-0.0017,-0.256,-0.262,-0.0009,76.32,75.6,0.542,0.542,0.0,24.32
71.543,-0.001,-0.025,-0.228,-0.0008,76.15,75.6,0.559,0.559,0.0,19.72
71.593,-0.0007,0.082,-0.17,0.0046,76.07,75.6,0.569,0.569,0.0,19.5
71.648,-0.0006,0.072,-0.098,0.004,76.17,75.6,0.558,0.557,0.0,24.54
71.697,-0.0007,-0.075,-0.013,0.0042,76.33,75.6,0.541,0.541,0.0,23.28
71.743,-0.0009,0.011,0.073,0.0032,76.37,75.6,0.536,0.536,0.0,18.39
71.799,-0.0013,0.302,0.171,0.0047,76.18,75.6,0.556,0.556,0.0,23.75
71.849,-0.0017,0.527,0.288,0.0059,76.03,75.6,0.573,0.573,0.0,23.89
71.894,-0.0024,0.53,0.37,-0.0007,76.11,75.6,0.563,0.563,0.0,19.13
71.948,-0.0029,0.361,0.414,-0.0026,76.32,75.6,0.542,0.542,0.0,22.58
72.001,-0.0032,0.245,0.407,-0.0054,76.41,75.6,0.531,0.531,0.0,25.39
72.049,-0.0028,0.153,0.367,-0.0049,76.3,75.6,0.544,0.544,0.0,22.3
72.101,-0.0021,0.198,0.256,-0.0114,76.13,75.6,0.561,0.561,0.0,23.9
72.151,-0.001,-0.092,0.069,-0.0144,76.11,75.6,0.563,0.563,0.0,24.29
72.202,0.0004,-0.746,-0.173,-0.0143,76.21,75.6,0.553,0.553,0.0,24.77
72.25,0.0029,-0.74,-0.337,0.0025,76.32,75.6,0.542,0.542,0.0,22.51
72.303,0.0055,-0.826,-0.492,-0.0044,76.35,75.6,0.539,0.539,0.0,25.15
72.352,0.0083,-0.718,-0.669,-0.0085,76.22,75.6,0.552,0.552,0.0,23.61
72.398,0.0115,-0.628,-0.766,0.005,76.07,75.6,0.569,0.569,0.0,19.45
72.452,0.0141,-1.088,-0.819,0.0027,76.13,75.6,0.561,0.561,0.0,23.33
72.502,0.0164,-1.174,-0.903,-0.0061,76.29,75.6,0.545,0.545,0.0,23.17
72.552,0.0196,-1.01,-0.919,0.0066,76.38,75.6,0.536,0.536,0.0,22.29
72.604,0.0218,-0.389,-0.863,0.0094,76.35,75.6,0.539,0.539,0.0,24.65
72.652,0.0235,-0.915,-0.771,0.0071,76.17,75.6,0.557,0.557,0.0,21.89
72.699,0.0245,-0.734,-0.651,0.007,76.02,75.6,0.573,0.573,0.0,19.52
72.752,0.0251,-0.351,-0.561,0.0002,76.12,75.6,0.563,0.563,0.0,21.97
72.8,0.0257,0.029,-0.4,0.0129,76.31,75.6,0.543,0.543,0.0,20.05
72.858,0.025,-0.081,-0.237,0.0059,76.4,75.6,0.532,0.532,0.0,27.7
72.902,0.0241,0.085,-0.084,0.0043,76.32,75.6,0.542,0.542,0.0,20.68
72.955,0.0226,0.4,0.046,0.0022,76.14,75.6,0.56,0.56,0.0,24.03
73.001,0.0212,0.562,0.184,0.0055,76.05,75.6,0.571,0.571,0.0,19.05
73.054,0.0192,0.634,0.313,0.0037,76.14,75.6,0.56,0.56,0.0,21.74
73.108,0.0168,0.484,0.41,-0.0001,76.33,75.6,0.541,0.541,0.0,25.38
73.157,0.0145,0.6,0.431,-0.007,76.41,75.6,0.532,0.532,0.0,24.41
73.205,0.0121,0.583,0.43,-0.0025,76.22,75.6,0.552,0.552,0.0,22.01
73.259,0.0101,0.751,0.43,0.0003,76.07,75.6,0.568,0.568,0.0,25.76
73.309,0.0079,0.155,0.445,0.0019,76.12,75.6,0.562,0.562,0.0,24.67
73.358,0.0056,0.136,0.45,-0.0007,76.28,75.6,0.545,0.545,0.0,23.85
73.411,0.0036,0.34,0.427,-0.0038,76.4,75.6,0.532,0.532,0.0,26.38
73.458,0.0023,0.741,0.44,0.0042,76.4,75.6,0.534,0.534,0.0,22.42
73.507,0.0005,0.32,0.426,-0.0033,76.21,75.6,0.553,0.553,0.0,21.21
73.555,-0.0013,0.173,0.358,-0.0081,76.04,75.6,0.571,0.571,0.0,18.62
73.609,-0.0028,0.153,0.301,-0.0007,76.12,75.6,0.562,0.562,0.0,22.71
73.66,-0.0035,0.314,0.351,0.0128,76.31,75.6,0.543,0.543,0.0,23.54
73.709,-0.0049,0.247,0.384,-0.0005,76.4,75.6,0.532,0.532,0.0,22.65
73.758,-0.0061,0.447,0.441,0.0044,76.3,75.6,0.544,0.544,0.0,20.79
73.808,-0.0071,0.585,0.481,-0.0003,76.14,75.6,0.56,0.56,0.0,20.03
73.857,-0.0082,0.428,0.451,-0.0084,76.11,75.6,0.563,0.563,0.0,19.42
73.913,-0.0088,0.335,0.348,-0.0113,76.22,75.6,0.553,0.553,0.0,25.28
73.964,-0.0093,0.045,0.223,-0.0066,76.32,75.6,0.542,0.542,0.0,25.46
74.009,-0.0094,-0.025,0.121,-0.0011,76.36,75.6,0.537,0.537,0.0,20.85
74.064,-0.0095,-0.179,0.053,0.0012,76.23,75.6,0.551,0.551,0.0,24.99
74.115,-0.0092,-0.024,0.07,0.0095,76.06,75.6,0.569,0.569,0.0,25.75
74.162,-0.0091,-0.025,0.096,0.0018,76.1,75.6,0.564,0.564,0.0,23.32
74.215,-0.0091,0.133,0.093,-0.0032,76.27,75.6,0.547,0.547,0.0,25.66
74.264,-0.0091,0.372,0.116,0.0035,76.39,75.6,0.535,0.535,0.0,24.4
74.311,-0.0091,0.373,0.14,0.001,76.38,75.6,0.535,0.535,0.0,21.16
74.359,-0.0092,-0.388,0.182,0.0033,76.2,75.6,0.554,0.554,0.0,18.59
74.411,-0.0093,0.475,0.161,-0.0072,76.06,75.6,0.57,0.57,0.0,20.97
74.463,-0.0084,0.445,0.13,-0.0023,76.14,75.6,0.561,0.561,0.0,22.54
74.511,-0.0085,0.491,0.128,0.0031,76.31,75.6,0.542,0.542,0.0,20.09
74.562,-0.0087,-0.612,0.04,-0.0122,76.39,75.6,0.535,0.535,0.0,20.85
74.616,-0.0084,-0.035,-0.033,-0.0009,76.27,75.6,0.547,0.547,0.0,24.4
74.661,-0.0076,0.025,-0.047,0.0056,76.1,75.6,0.565,0.565,0.0,19.11
74.715,-0.0068,0.174,0.032,0.0125,76.14,75.6,0.56,0.56,0.0,22.55
74.767,-0.007,-0.035,0.011,-0.0112,76.26,75.6,0.548,0.548,0.0,24.57
74.812,-0.0065,-0.12,-0.065,-0.0084,76.36,75.6,0.538,0.538,0.0,19.67
74.867,-0.0059,-0.157,-0.227,-0.0147,76.34,75.6,0.54,0.54,0.0,23.65
74.918,-0.0048,-0.576,-0.412,-0.0088,76.14,75.6,0.56,0.56,0.0,24.32
74.962,-0.0038,-0.529,-0.518,0.0046,75.98,75.6,0.577,0.577,0.0,17.78
75.017,-0.003,-0.899,-0.528,0.0097,76.1,75.6,0.564,0.564,0.0,22.42
75.066,-0.0021,-0.288,-0.419,0.0164,76.36,75.6,0.538,0.538,0.0,21.28
75.118,-0.0019,-0.246,-0.321,0.0021,76.45,75.6,0.528,0.528,0.0,23.49
75.17,-0.0018,0.154,-0.169,0.0111,76.25,75.6,0.549,0.549,0.0,24.89
75.217,-0.0024,0.268,0.007,0.0085,76.08,75.6,0.568,0.568,0.0,22.26
75.265,-0.0034,0.286,0.128,-0.0014,76.13,75.6,0.562,0.562,0.0,19.53
75.319,-0.0043,0.335,0.263,0.0061,76.28,75.6,0.546,0.546,0.0,23.31
75.369,-0.0059,0.744,0.4,0.0051,76.39,75.6,0.535,0.535,0.0,23.14
75.416,-0.0073,0.808,0.551,0.0066,76.37,75.6,0.537,0.537,0.0,19.58
75.465,-0.0092,0.861,0.673,0.0014,76.18,75.6,0.556,0.556,0.0,18.82
75.518,-0.0111,0.569,0.693,-0.0101,76.05,75.6,0.571,0.571,0.0,21.58
75.578,-0.0127,0.896,0.632,-0.0105,76.14,75.6,0.56,0.56,0.0,31.57
75.62,-0.0138,0.835,0.569,-0.0024,76.33,75.6,0.541,0.541,0.0,23.05
75.67,-0.0147,0.324,0.48,-0.006,76.4,75.6,0.533,0.533,0.0,22.57
75.718,-0.0158,0.02,0.352,-0.0084,76.21,75.6,0.553,0.553,0.0,19.96
75.767,-0.0158,-0.079,0.229,-0.0038,76.06,75.6,0.57,0.57,0.0,19.38
75.822,-0.0155,-0.039,0.148,0.0015,76.13,75.6,0.561,0.561,0.0,24.33
75.873,-0.0149,0.012,0.101,0.0019,76.31,75.6,0.543,0.543,0.0,24.86
75.923,-0.0142,-0.136,0.024,-0.0059,76.4,75.6,0.533,0.533,0.0,24.14
75.973,-0.0131,-0.328,-0.061,-0.0036,76.32,75.6,0.542,0.542,0.0,24.85
76.016,-0.0116,-0.315,-0.15,-0.0036,76.14,75.6,0.56,0.56,0.0,17.73
76.067,-0.01,-0.336,-0.216,0.0001,76.07,75.6,0.568,0.568,0.0,17.69
76.124,-0.0084,-0.316,-0.283,-0.0024,76.19,75.6,0.556,0.556,0.0,24.96
76.176,-0.0069,-0.405,-0.349,-0.0022,76.35,75.6,0.539,0.539,0.0,26.35
76.221,-0.0053,-0.351,-0.373,0.0036,76.38,75.6,0.535,0.535,0.0,20.39
76.276,-0.0038,-0.645,-0.431,-0.0056,76.2,75.6,0.554,0.554,0.0,25.01
76.324,-0.0025,-0.332,-0.543,-0.0096,76.03,75.6,0.573,0.573,0.0,23.14
76.378,-0.0012,-0.509,-0.592,0.0049,76.1,75.6,0.564,0.564,0.0,27.45
76.425,-0.0007,-0.4,-0.57,0.0082,76.3,75.6,0.544,0.544,0.0,24.1
76.482,-0.0004,-0.66,-0.408,0.0203,76.42,75.6,0.531,0.531,0.0,30.65
76.531,-0.0004,0.034,-0.064,0.0309,76.36,75.6,0.537,0.537,0.0,28.76
76.574,-0.0012,0.15,0.224,0.0044,76.17,75.6,0.557,0.557,0.0,21.27
76.637,-0.002,1.237,0.442,0.0002,76.02,75.6,0.573,0.573,0.0,33.73
76.677,-0.0037,1.156,0.58,-0.0035,76.09,75.6,0.567,0.567,0.0,23.93
76.725,-0.0054,1.077,0.641,-0.0059,76.29,75.6,0.545,0.545,0.0,21.32
76.783,-0.007,0.007,0.541,-0.0204,76.43,75.6,0.529,0.529,0.0,28.81
76.832,-0.0079,0.531,0.414,-0.0072,76.42,75.6,0.531,0.531,0.0,27.04
76.878,-0.0077,0.178,0.387,0.0095,76.23,75.6,0.551,0.551,0.0,23.39
76.928,-0.0083,0.22,0.407,0.0058,76.08,75.6,0.568,0.568,0.0,22.88
76.979,-0.0089,0.025,0.35,-0.0101,76.13,75.6,0.561,0.561,0.0,23.18
77.028,-0.0084,0.263,0.217,-0.0127,76.28,75.6,0.546,0.546,0.0,21.65
77.078,-0.008,0.166,0.09,-0.0036,76.37,75.6,0.536,0.536,0.0,21.23
77.13,-0.0072,0.001,-0.063,-0.0082,76.34,75.6,0.539,0.539,0.0,23.69
77.179,-0.0065,-0.903,-0.229,-0.0071,76.15,75.6,0.559,0.559,0.0,22.46
77.227,-0.0052,-0.911,-0.344,0.0015,76.01,75.6,0.575,0.575,0.0,20.53
77.279,-0.0037,-0.489,-0.391,0.0054,76.12,75.6,0.562,0.562,0.0,21.43
77.33,-0.0019,-0.177,-0.343,0.0116,76.35,75.6,0.539,0.539,0.0,22.73
77.378,-0.0012,-0.144,-0.291,0.0023,76.42,75.6,0.531,0.531,0.0,20.45
77.432,-0.0006,-0.284,-0.302,-0.007,76.23,75.6,0.551,0.551,0.0,24.14
77.48,-0.0001,-0.261,-0.34,-0.0042,76.08,75.6,0.568,0.568,0.0,21.85
77.527,0.0003,-0.148,-0.327,0.0057,76.13,75.6,0.561,0.561,0.0,18.21
77.581,0.0003,-0.182,-0.247,0.0099,76.28,75.6,0.546,0.546,0.0,22.78
77.633,0.0,-0.014,-0.094,0.0129,76.38,75.6,0.535,0.535,0.0,23.44
77.684,-0.0006,0.399,0.082,0.0086,76.36,75.6,0.537,0.537,0.0,23.96
77.728,-0.0017,0.45,0.212,-0.0003,76.17,75.6,0.557,0.557,0.0,17.94
77.78,-0.003,0.59,0.288,-0.003,76.04,75.6,0.572,0.572,0.0,19.65
77.832,-0.0045,0.363,0.282,-0.0087,76.14,75.6,0.561,0.561,0.0,21.56
77.881,-0.0058,0.348,0.264,-0.002,76.33,75.6,0.541,0.541,0.0,19.73
77.937,-0.007,0.307,0.261,0.0014,76.39,75.6,0.535,0.535,0.0,25.27
77.985,-0.0083,0.189,0.304,0.0064,76.19,75.6,0.555,0.555,0.0,22.85
78.031,-0.0098,0.192,0.343,0.0009,76.05,75.6,0.571,0.571,0.0,18.83
78.087,-0.0111,0.576,0.417,0.0063,76.14,75.6,0.56,0.56,0.0,24.18
78.14,-0.0121,0.6,0.52,0.0066,76.33,75.6,0.541,0.541,0.0,27.16
78.186,-0.0136,0.515,0.561,-0.0051,76.41,75.6,0.532,0.532,0.0,22.69
78.237,-0.015,0.41,0.525,-0.0095,76.23,75.6,0.551,0.551,0.0,23.22
78.287,-0.0158,0.59,0.396,-0.014,76.07,75.6,0.568,0.568,0.0,23.51
78.335,-0.0164,0.512,0.274,-0.0036,76.13,75.6,0.562,0.562,0.0,21.69
78.388,-0.0168,0.049,0.21,0.0038,76.29,75.6,0.545,0.545,0.0,24.23
78.439,-0.0173,-0.341,0.172,0.0014,76.39,75.6,0.533,0.533,0.0,25.07
78.486,-0.0171,-0.381,0.131,-0.0017,76.39,75.6,0.535,0.535,0.0,21.42
78.535,-0.0168,0.276,0.18,0.0111,76.19,75.6,0.555,0.555,0.0,19.57
78.589,-0.0163,0.22,0.216,-0.0001,76.06,75.6,0.57,0.57,0.0,23.83
78.639,-0.0164,0.313,0.135,-0.015,76.13,75.6,0.561,0.561,0.0,22.85
78.689,-0.0156,0.21,0.024,-0.0069,76.3,75.6,0.544,0.544,0.0,22.63
78.737,-0.0148,-0.532,-0.12,-0.0085,76.39,75.6,0.533,0.533,0.0,20.62
78.788,-0.0142,-0.286,-0.283,-0.0078,76.34,75.6,0.54,0.54,0.0,21.43
78.838,-0.013,-0.205,-0.369,0.0052,76.14,75.6,0.56,0.56,0.0,20.45
78.893,-0.0123,-0.237,-0.359,0.0104,76.01,75.6,0.575,0.575,0.0,25.52
78.945,-0.0124,-0.408,-0.292,0.0082,76.11,75.6,0.564,0.564,0.0,26.79
78.989,-0.0125,-0.389,-0.243,-0.0,76.33,75.6,0.541,0.541,0.0,20.84
79.045,-0.0126,0.039,-0.137,0.0095,76.4,75.6,0.533,0.533,0.0,26.27
79.093,-0.0128,0.29,0.114,0.0241,76.2,75.6,0.554,0.554,0.0,24.53
79.14,-0.0138,0.231,0.29,-0.0019,76.05,75.6,0.571,0.571,0.0,21.12
79.194,-0.0147,0.397,0.404,-0.0023,76.12,75.6,0.562,0.562,0.0,24.19
79.246,-0.0154,1.056,0.537,0.0065,76.31,75.6,0.543,0.543,0.0,25.92
79.294,-0.0163,0.456,0.579,-0.008,76.41,75.6,0.531,0.531,0.0,24.06
79.338,-0.0172,0.484,0.596,-0.002,76.35,75.6,0.539,0.539,0.0,17.43
79.394,-0.0182,0.615,0.552,-0.0079,76.17,75.6,0.557,0.557,0.0,23.61
79.442,-0.0182,0.173,0.449,-0.0097,76.02,75.6,0.574,0.574,0.0,21.51
79.49,-0.0181,0.169,0.377,0.0006,76.12,75.6,0.562,0.562,0.0,18.82
79.544,-0.018,0.306,0.239,-0.0117,76.32,75.6,0.542,0.542,0.0,22.45
79.599,-0.017,-0.399,0.049,-0.012,76.41,75.6,0.532,0.532,0.0,27.7
79.645,-0.0159,-0.452,-0.098,-0.0006,76.28,75.6,0.546,0.546,0.0,23.18
79.699,-0.0145,-0.496,-0.218,-0.0013,76.12,75.6,0.562,0.562,0.0,27.05
79.752,-0.0125,-0.474,-0.273,0.0049,76.12,75.6,0.562,0.562,0.0,29.65
79.795,-0.0107,-0.497,-0.307,0.0009,76.22,75.6,0.552,0.552,0.0,22.85
79.844,-0.0088,-0.415,-0.329,0.0007,76.33,75.6,0.541,0.541,0.0,21.01
79.896,-0.007,-0.483,-0.428,-0.0117,76.33,75.6,0.541,0.541,0.0,22.89
79.945,-0.0052,-0.478,-0.512,-0.0013,76.13,75.6,0.561,0.561,0.0,21.4
79.997,-0.0032,-0.408,-0.584,-0.0012,76.0,75.6,0.576,0.576,0.0,23.64
80.045,-0.0015,-1.091,-0.644,-0.001,76.12,75.6,0.562,0.562,0.0,20.54
80.099,-0.0001,-0.412,-0.628,0.0086,76.37,75.6,0.537,0.537,0.0,24.22
80.146,0.0013,-0.307,-0.568,0.0067,76.44,75.6,0.528,0.528,0.0,21.8
80.199,0.0025,-0.233,-0.395,0.0178,76.26,75.6,0.548,0.548,0.0,23.89
80.246,0.0025,-0.157,-0.215,0.0071,76.1,75.6,0.566,0.566,0.0,20.98
80.294,0.0025,-0.127,-0.099,-0.0027,76.14,75.6,0.56,0.56,0.0,18.75
80.353,0.0024,0.418,0.003,0.002,76.27,75.6,0.547,0.547,0.0,27.65
80.4,0.0021,0.239,0.088,0.0013,76.37,75.6,0.536,0.536,0.0,24.63
80.446,0.0015,0.361,0.183,0.0044,76.37,75.6,0.537,0.537,0.0,20.07
80.499,0.0007,0.181,0.216,-0.0054,76.17,75.6,0.558,0.557,0.0,22.59
80.548,0.0001,0.419,0.231,-0.0013,76.03,75.6,0.573,0.573,0.0,21.38
80.604,-0.0005,0.237,0.224,-0.0026,76.12,75.6,0.562,0.562,0.0,26.85
80.649,-0.0013,0.28,0.233,0.0019,76.34,75.6,0.54,0.54,0.0,21.35
80.702,-0.0021,0.259,0.209,-0.0041,76.4,75.6,0.532,0.532,0.0,24.71
80.753,-0.0026,0.081,0.225,0.0046,76.2,75.6,0.554,0.554,0.0,24.76
80.799,-0.0029,0.065,0.244,0.0011,76.05,75.6,0.571,0.571,0.0,21.07
80.854,-0.0031,0.032,0.301,0.0058,76.13,75.6,0.561,0.561,0.0,25.41
80.905,-0.0029,0.353,0.302,-0.0058,76.33,75.6,0.541,0.541,0.0,25.94
80.951,-0.0026,0.24,0.247,-0.0077,76.42,75.6,0.53,0.53,0.0,21.91
81.005,-0.0019,0.335,0.079,-0.0178,76.28,75.6,0.546,0.546,0.0,25.48
81.053,-0.001,-0.621,-0.189,-0.0198,76.11,75.6,0.564,0.564,0.0,23.0
81.104,-0.0001,-1.127,-0.436,-0.0065,76.13,75.6,0.561,0.561,0.0,23.56
81.154,0.002,-1.027,-0.552,0.0097,76.26,75.6,0.548,0.548,0.0,22.92
81.211,0.0035,-0.381,-0.548,0.0127,76.36,75.6,0.538,0.538,0.0,29.88
81.254,0.0049,-0.162,-0.405,0.0196,76.37,75.6,0.536,0.536,0.0,22.7
81.302,0.0052,-0.088,-0.271,0.0037,76.19,75.6,0.555,0.555,0.0,20.21
81.356,0.0054,-0.557,-0.177,-0.0009,76.05,75.6,0.571,0.571,0.0,24.4
81.408,0.0056,0.417,-0.109,-0.0004,76.15,75.6,0.56,0.56,0.0,25.66
81.454,0.0058,0.408,-0.065,-0.001,76.33,75.6,0.541,0.541,0.0,21.83
81.51,0.0057,0.314,-0.004,0.0039,76.4,75.6,0.533,0.533,0.0,28.16
81.559,0.0048,-0.236,-0.074,-0.0161,76.25,75.6,0.549,0.549,0.0,27.06
81.606,0.0044,0.027,-0.052,0.0104,76.1,75.6,0.566,0.566,0.0,23.38
81.655,0.004,0.134,0.036,0.0099,76.13,75.6,0.562,0.562,0.0,22.23
81.708,0.0036,-0.185,0.13,0.0039,76.26,75.6,0.548,0.548,0.0,24.94
81.758,0.0025,1.049,0.267,0.0092,76.37,75.6,0.537,0.537,0.0,24.71
81.806,0.0015,0.981,0.346,-0.0032,76.36,75.6,0.537,0.537,0.0,23.22
81.858,0.0007,0.016,0.34,-0.0092,76.18,75.6,0.556,0.556,0.0,24.14
81.907,-0.0012,0.442,0.177,-0.0221,76.04,75.6,0.572,0.572,0.0,23.54
81.957,-0.0015,0.342,0.013,-0.0059,76.13,75.6,0.561,0.561,0.0,22.88
82.009,-0.0017,-0.078,-0.059,0.0073,76.31,75.6,0.543,0.543,0.0,25.08
82.057,-0.0027,-0.48,-0.094,0.0025,76.41,75.6,0.531,0.531,0.0,23.31
82.107,-0.0035,-0.501,-0.13,-0.0014,76.32,75.6,0.542,0.542,0.0,22.59
82.159,-0.0042,0.268,-0.03,0.0178,76.14,75.6,0.56,0.56,0.0,24.6
82.21,-0.0048,0.24,0.238,0.027,76.02,75.6,0.574,0.574,0.0,25.16
82.258,-0.0065,0.715,0.468,0.0039,76.12,75.6,0.563,0.563,0.0,23.14
82.303,-0.0079,0.532,0.531,-0.0152,76.32,75.6,0.541,0.541,0.0,17.88
82.359,-0.0086,0.911,0.562,-0.0023,76.39,75.6,0.535,0.535,0.0,23.7
82.411,-0.0098,0.364,0.515,-0.0098,76.24,75.6,0.549,0.549,0.0,25.42
82.457,-0.0103,0.304,0.453,-0.0037,76.08,75.6,0.568,0.568,0.0,21.79
82.506,-0.0108,0.282,0.376,-0.0043,76.12,75.6,0.562,0.562,0.0,19.63
82.561,-0.0108,0.032,0.298,-0.0027,76.26,75.6,0.548,0.548,0.0,24.65
82.609,-0.0105,0.024,0.245,0.0007,76.38,75.6,0.536,0.536,0.0,22.58
82.66,-0.0102,0.027,0.13,-0.0105,76.37,75.6,0.536,0.536,0.0,23.65
82.705,-0.0094,0.003,-0.034,-0.0109,76.18,75.6,0.556,0.556,0.0,18.51
82.761,-0.0086,-0.749,-0.2,-0.006,76.06,75.6,0.57,0.57,0.0,23.77
82.811,-0.0072,-0.735,-0.302,0.0032,76.14,75.6,0.56,0.56,0.0,23.84
82.866,-0.0061,-0.531,-0.386,-0.0011,76.33,75.6,0.541,0.541,0.0,28.21
82.916,-0.0045,-0.136,-0.394,0.0077,76.41,75.6,0.532,0.532,0.0,27.8
82.959,-0.0038,-0.091,-0.371,0.004,76.26,75.6,0.548,0.548,0.0,20.58
83.011,-0.0031,-0.53,-0.297,0.0079,76.12,75.6,0.562,0.562,0.0,21.94
83.064,-0.0029,-0.204,-0.23,0.0017,76.15,75.6,0.559,0.559,0.0,25.1
83.108,-0.0024,-0.162,-0.178,0.0001,76.26,75.6,0.548,0.548,0.0,19.41
83.166,-0.0023,0.387,-0.101,0.0055,76.34,75.6,0.54,0.54,0.0,26.56
83.215,-0.0026,-0.082,-0.071,-0.004,76.34,75.6,0.54,0.54,0.0,25.37
83.264,-0.0033,-0.101,-0.081,-0.0045,76.15,75.6,0.559,0.559,0.0,24.59
83.312,-0.0036,-0.07,-0.082,0.0011,76.0,75.6,0.575,0.575,0.0,22.3
83.366,-0.004,0.335,0.023,0.0146,76.11,75.6,0.563,0.563,0.0,25.58
83.416,-0.0049,0.179,0.242,0.0196,76.36,75.6,0.538,0.538,0.0,25.25
83.462,-0.0065,0.264,0.428,0.0029,76.46,75.6,0.526,0.526,0.0,21.04
83.517,-0.0083,0.741,0.54,-0.0037,76.27,75.6,0.547,0.547,0.0,25.82
83.563,-0.0092,1.141,0.673,0.0068,76.11,75.6,0.564,0.564,0.0,22.03
83.613,-0.0109,1.009,0.734,-0.0054,76.13,75.6,0.561,0.561,0.0,21.56
83.669,-0.012,0.145,0.609,-0.0238,76.26,75.6,0.548,0.548,0.0,26.98
83.717,-0.0127,0.624,0.403,-0.0157,76.37,75.6,0.537,0.537,0.0,24.95
83.766,-0.0122,0.51,0.235,-0.0018,76.37,75.6,0.537,0.537,0.0,22.72
83.819,-0.0117,-0.481,0.15,0.0056,76.18,75.6,0.556,0.556,0.0,26.29
83.868,-0.0115,-0.118,0.031,-0.0075,76.02,75.6,0.573,0.573,0.0,24.93
83.92,-0.0099,0.024,-0.018,0.0055,76.1,75.6,0.564,0.564,0.0,26.61
83.967,-0.009,-0.005,-0.04,0.002,76.32,75.6,0.542,0.542,0.0,22.99
84.021,-0.0081,-0.501,-0.156,-0.0137,76.42,75.6,0.531,0.531,0.0,26.53
84.069,-0.0071,-0.218,-0.265,-0.0031,76.3,75.6,0.544,0.544,0.0,24.85
84.115,-0.0055,-0.231,-0.328,0.0025,76.13,75.6,0.562,0.562,0.0,20.56
84.171,-0.004,-0.719,-0.381,-0.0007,76.1,75.6,0.566,0.566,0.0,25.65
84.222,-0.0029,-0.164,-0.362,0.0081,76.19,75.6,0.555,0.555,0.0,26.35
84.27,-0.0014,-0.178,-0.339,0.0012,76.33,75.6,0.541,0.541,0.0,23.76
84.321,-0.0002,-0.54,-0.28,0.0059,76.36,75.6,0.538,0.538,0.0,24.61
84.377,0.0005,0.14,-0.138,0.0135,76.17,75.6,0.557,0.557,0.0,30.93
84.42,0.002,-0.198,-0.006,0.0038,75.99,75.6,0.577,0.577,0.0,23.16
84.469,0.0028,-0.165,0.08,-0.002,76.08,75.6,0.567,0.567,0.0,22.17
84.519,0.0034,0.494,0.106,-0.0052,76.33,75.6,0.541,0.541,0.0,22.32
84.575,0.0047,-0.23,0.042,-0.0117,76.43,75.6,0.529,0.529,0.0,27.99
84.619,0.0062,-0.171,0.007,0.0019,76.3,75.6,0.544,0.544,0.0,21.56
84.668,0.0076,-0.254,-0.094,-0.0105,76.13,75.6,0.562,0.562,0.0,20.79
84.721,0.0098,-0.66,-0.249,-0.011,76.11,75.6,0.563,0.563,0.0,23.75
84.77,0.0124,-0.579,-0.328,0.0051,76.21,75.6,0.553,0.553,0.0,22.64
84.822,0.0152,-0.556,-0.51,-0.017,76.31,75.6,0.543,0.543,0.0,24.04
84.875,0.0181,-0.974,-0.805,-0.0222,76.35,75.6,0.539,0.539,0.0,26.48
84.926,0.021,-1.715,-1.148,-0.017,76.27,75.6,0.547,0.547,0.0,26.92
84.969,0.0244,-1.519,-1.313,0.013,76.11,75.6,0.565,0.565,0.0,20.18
85.027,0.0271,-1.4,-1.394,0.0059,76.13,73.1,0.277,0.277,0.0,27.3
85.117,0.03,-1.267,-1.369,0.0119,76.23,70.39,0.0,0.0,0.0,67.35
85.175,0.0319,-1.331,-1.329,0.0031,75.97,67.61,0.0,0.0,0.0,57.68
85.23,0.032,-0.995,-1.203,0.0132,75.74,67.61,-0.3,0.0,0.3,54.89
85.273,0.0309,-0.205,-1.246,-0.019,75.52,64.74,-0.461,0.0,0.461,42.74
85.334,0.0291,-0.484,-1.525,-0.0346,75.31,62.7,-0.592,0.0,0.592,54.25
85.372,0.0245,-0.026,-1.594,0.0196,75.09,62.7,-0.599,0.0,0.599,37.69
85.429,0.0181,-1.365,-1.811,-0.0231,74.77,63.0,-0.566,0.0,0.566,44.6
85.507,0.0114,-1.479,-2.374,-0.0559,74.37,61.54,-0.619,0.0,0.619,72.21
85.591,-0.0044,-0.559,-3.081,-0.0397,73.98,59.75,-0.687,0.0,0.687,83.88
85.624,-0.0332,-1.254,-3.645,-0.0048,73.26,58.2,-0.766,0.0,0.766,32.41
85.714,-0.0573,-1.052,-3.774,0.0411,72.6,56.45,-0.81,0.0,0.81,72.21
85.775,-0.1023,2.736,-2.489,0.193,71.15,55.37,-0.787,0.0,0.787,60.97
85.821,-0.1689,4.771,-0.719,0.1126,69.77,55.37,-0.706,0.0,0.706,45.95
85.879,-0.2246,10.784,2.681,0.2893,68.58,51.86,-0.834,0.0,0.834,53.81
85.922,-0.2809,19.13,8.12,0.4034,67.63,49.39,-0.845,0.0,0.845,43.03
85.997,-0.3821,20.72,12.521,0.0449,66.48,49.39,-0.3,0.0,0.3,67.56
86.055,-0.503,30.736,18.607,0.3888,64.74,47.39,-0.828,0.0,0.828,58.37
86.105,-0.6206,42.394,26.663,0.4877,64.14,46.23,-0.973,0.0,0.973,49.08
86.152,-0.7503,41.814,32.117,-0.0822,63.29,46.23,-0.861,0.0,0.861,45.72
86.21,-0.8573,52.501,38.309,0.2935,61.8,45.71,-0.759,0.0,0.759,54.19
86.274,-1.0013,50.895,42.523,-0.0601,60.24,45.71,-0.689,0.0,0.689,63.33
86.315,-1.1624,58.04,47.148,0.2045,58.73,43.7,-0.718,0.0,0.718,40.85
86.373,-1.2627,64.566,52.733,0.2956,57.79,42.09,-0.689,0.0,0.688,49.38
86.416,-1.3977,58.249,54.627,-0.3205,56.88,42.09,-0.68,0.0,0.68,42.28
86.493,-1.4946,63.862,56.886,0.1172,56.04,41.64,-0.3,0.0,0.3,68.9
86.553,-1.6533,52.224,55.494,-0.431,54.91,41.64,-0.527,0.0,0.527,59.37
86.615,-1.7465,54.803,54.234,-0.0301,54.27,40.93,-0.3,0.0,0.3,62.32
86.693,-1.8648,40.588,49.339,-0.5517,53.85,40.93,-0.511,0.0,0.511,77.63
86.742,-1.9649,34.971,43.477,-0.3058,53.35,37.97,-0.734,0.0,0.734,49.29
86.788,-2.0087,37.46,40.578,0.209,53.04,39.88,-0.66,0.0,0.66,45.14
86.866,-2.0705,26.857,35.968,-0.34,52.32,39.88,-0.3,0.0,0.3,72.58
86.955,-2.1214,29.277,32.963,0.0632,51.15,42.38,0.0,0.0,0.0,89.04
86.988,-2.1647,29.047,31.625,0.1279,50.44,47.94,0.126,0.126,0.0,32.73
87.039,-2.2181,17.1,27.006,-0.5049,50.17,47.94,0.156,0.156,0.0,33.17
87.086,-2.2498,4.096,18.759,-0.6677,49.91,47.94,0.182,0.182,0.0,29.74
87.138,-2.2485,17.167,14.953,0.3323,49.67,51.5,0.61,0.61,0.0,31.59
87.184,-2.2826,6.792,12.268,0.0235,49.51,51.5,0.629,0.629,0.0,27.15
87.237,-2.2698,20.492,14.418,0.5814,49.78,57.26,1.0,1.0,0.0,30.07
87.286,-2.3178,10.97,13.685,-0.3276,50.15,57.26,1.0,1.0,0.0,28.82
87.338,-2.3521,1.622,8.888,-0.5929,50.56,57.26,1.0,1.0,0.0,30.0
87.386,-2.3677,17.667,8.206,0.4071,51.04,64.33,1.0,1.0,0.0,27.7
87.428,-2.4222,12.4,10.026,0.3255,51.55,64.33,1.0,1.0,0.0,19.52
87.487,-2.4479,36.349,18.921,1.0514,52.14,61.26,1.0,1.0,0.0,28.73
87.539,-2.5361,32.093,25.96,0.0514,52.77,61.26,1.0,1.0,0.0,29.7
87.597,-2.5813,55.953,34.767,0.4926,53.39,58.03,0.963,0.963,0.0,37.91
87.642,-2.6991,50.479,39.605,-0.2468,53.91,58.03,0.908,0.908,0.0,32.46
87.684,-2.7593,65.536,47.989,0.6641,54.38,54.62,0.469,0.469,0.0,24.14
87.738,-2.9164,58.339,52.779,-0.2093,54.73,54.62,0.434,0.434,0.0,27.22
87.786,-3.0498,50.698,52.218,-0.5799,54.52,54.62,0.454,0.454,0.0,25.42
87.843,-3.1543,68.755,54.805,0.4201,54.25,50.99,0.073,0.073,0.0,31.29
87.889,-3.3133,68.755,59.866,0.4357,53.98,50.99,0.1,0.1,0.0,27.66
87.972,-3.3946,68.755,62.936,-0.1014,53.67,47.11,0.0,0.0,0.0,59.72
88.023,-3.6061,68.755,64.729,-0.0711,53.31,47.11,0.0,0.0,0.0,50.7
88.076,-3.7,68.755,65.977,-0.0135,53.0,46.16,0.0,0.0,0.0,53.25
88.107,-3.9012,68.755,66.876,-0.0053,52.65,46.16,0.0,0.0,0.0,30.97
88.205,-4.0686,68.755,67.484,-0.0092,52.32,46.16,-0.3,0.0,0.3,78.53
88.245,-4.2894,68.755,67.89,-0.007,51.75,46.31,0.0,0.0,0.0,40.0
88.309,-4.4381,68.755,68.166,-0.004,51.37,46.31,0.0,0.0,0.0,54.33
88.387,-4.5623,68.755,68.355,-0.0025,50.95,46.6,0.0,0.0,0.0,77.23
88.439,-4.7716,68.755,68.484,-0.0017,50.33,46.6,0.0,0.0,0.0,52.39
88.461,-4.8743,68.755,68.571,-0.0013,49.92,46.73,0.045,0.045,0.0,21.3
88.513,-5.0002,68.755,68.63,-0.0009,49.5,46.73,0.088,0.088,0.0,23.17
88.561,-5.0648,68.755,68.67,-0.0006,49.08,46.11,0.061,0.061,0.0,21.8
88.608,-5.162,68.755,68.697,-0.0004,48.67,46.11,0.105,0.105,0.0,18.18
88.659,-5.2315,68.755,68.718,0.0,48.23,46.11,0.151,0.151,0.0,18.71
88.709,-5.2736,68.755,68.73,-0.0005,47.8,45.73,0.154,0.154,0.0,18.1
88.761,-5.3169,68.755,68.739,-0.0,47.38,45.73,0.198,0.198,0.0,19.91
88.81,-5.3266,68.755,68.744,-0.0002,46.98,44.95,0.152,0.152,0.0,18.52
88.859,-5.3345,68.755,68.748,0.0,46.56,44.95,0.197,0.197,0.0,17.23
88.908,-5.3189,68.755,68.75,-0.0001,46.13,44.95,0.242,0.242,0.0,16.15
88.959,-5.2796,68.755,68.752,0.0001,45.72,44.3,0.212,0.212,0.0,17.44
89.021,-5.2205,61.374,67.031,-0.2406,45.33,44.3,0.252,0.252,0.0,28.81
89.078,-5.1519,47.996,60.679,-0.7066,44.93,43.79,0.236,0.236,0.0,35.81
89.125,-5.0404,26.663,48.76,-0.9992,44.53,43.79,0.278,0.278,0.0,32.39
89.17,-4.9073,5.205,33.235,-0.9194,44.17,43.79,0.317,0.317,0.0,27.27
89.234,-4.7674,-31.953,11.58,-1.398,43.89,42.38,0.187,0.187,0.0,40.59
89.275,-4.5756,-50.522,-10.349,-0.7941,43.65,42.38,0.212,0.212,0.0,30.76
89.326,-4.3982,-68.755,-30.483,-0.5149,43.48,41.73,0.156,0.156,0.0,31.6
89.375,-4.1451,-68.755,-43.519,0.2884,43.3,41.73,0.175,0.175,0.0,30.65
89.423,-3.9308,-68.755,-51.454,0.2571,43.1,41.15,0.13,0.13,0.0,27.6
89.471,-3.6695,-68.755,-56.877,0.0737,42.87,41.15,0.153,0.153,0.0,25.94
89.519,-3.4499,-68.755,-60.699,0.0343,42.67,43.91,0.487,0.487,0.0,22.92
89.568,-3.1925,-68.755,-63.298,0.0373,42.47,43.91,0.51,0.51,0.0,22.05
89.616,-2.9319,-68.755,-65.046,0.0282,42.25,43.91,0.533,0.533,0.0,19.84
89.668,-2.7055,-68.755,-66.232,0.0174,42.03,47.07,0.914,0.914,0.0,21.29
89.716,-2.447,-68.755,-67.04,0.0113,41.87,47.07,0.932,0.932,0.0,19.99
89.765,-2.2416,-68.755,-67.59,0.008,42.11,49.59,1.0,1.0,0.0,18.0
89.816,-1.9985,-68.755,-67.963,0.0055,42.4,49.59,1.0,1.0,0.0,18.98
89.863,-1.7694,-68.755,-68.216,0.0037,42.62,49.59,1.0,1.0,0.0,15.62
89.916,-1.555,-68.755,-68.389,0.0025,42.79,48.55,1.0,1.0,0.0,18.65
89.966,-1.3138,-68.755,-68.507,0.0016,42.98,48.55,0.984,0.984,0.0,18.85
90.016,-1.1026,-68.755,-68.586,0.0012,43.16,48.55,0.965,0.965,0.0,18.25
90.075,-0.9099,-68.755,-68.64,0.0008,43.33,49.28,1.0,1.0,0.0,27.0
90.115,-0.6995,-68.755,-68.677,0.0005,43.52,49.28,1.0,1.0,0.0,16.47
90.165,-0.5283,-68.755,-68.702,0.0004,43.71,51.42,1.0,1.0,0.0,15.59
90.213,-0.3186,-68.755,-68.721,-0.0,43.9,51.42,1.0,1.0,0.0,14.14
90.267,-0.1136,-68.755,-68.732,0.0004,44.07,51.42,1.0,1.0,0.0,17.28
90.311,0.0632,-68.755,-68.74,0.0,44.26,52.16,1.0,1.0,0.0,11.33
90.363,0.2428,-68.755,-68.744,0.0004,44.36,52.16,1.0,1.0,0.0,13.39
90.412,0.3953,-68.755,-68.749,-0.0003,44.53,54.68,1.0,1.0,0.0,12.42
90.466,0.5981,-68.755,-68.75,0.0004,44.68,54.68,1.0,1.0,0.0,16.02
90.513,0.7811,-68.755,-68.752,-0.0002,44.8,54.68,1.0,1.0,0.0,12.18
90.567,0.9151,-68.755,-68.753,0.0001,44.98,54.33,1.0,1.0,0.0,16.28
90.613,1.0996,-68.755,-68.753,0.0001,45.15,54.33,1.0,1.0,0.0,11.4
90.663,1.2546,-68.755,-68.753,0.0,45.31,54.33,1.0,1.0,0.0,11.04
90.715,1.3846,-68.755,-68.753,-0.0,45.45,57.18,1.0,1.0,0.0,12.48
90.765,1.5515,-68.755,-68.753,-0.0,45.58,57.18,1.0,1.0,0.0,12.53
90.815,1.6452,-68.755,-68.753,-0.0,45.7,57.12,1.0,1.0,0.0,12.35
90.865,1.8166,-68.755,-68.753,0.0,45.76,57.12,1.0,1.0,0.0,12.01
90.914,1.959,-68.755,-68.753,0.0,45.82,57.12,1.0,1.0,0.0,11.01
90.965,2.0643,-68.755,-68.753,0.0,45.88,58.08,1.0,1.0,0.0,11.0
91.016,2.2144,-68.755,-68.753,0.0,45.98,58.08,1.0,1.0,0.0,11.68
91.066,2.2995,-68.755,-68.753,0.0,46.05,58.95,1.0,1.0,0.0,11.58
91.115,2.4429,-68.755,-68.753,0.0,46.14,58.95,1.0,1.0,0.0,10.28
91.168,2.5585,-68.755,-68.754,-0.0002,46.24,58.95,1.0,1.0,0.0,12.76
91.356,2.6338,-68.755,-68.755,-0.0,46.33,61.55,1.0,1.0,0.0,150.78
91.483,2.8929,-68.755,-68.755,0.0001,46.61,63.32,1.0,1.0,0.0,126.13
91.608,3.0472,-68.755,-68.755,0.0,46.87,67.38,1.0,1.0,0.0,125.66
91.641,3.1414,-58.612,-65.256,0.4886,47.01,69.45,1.0,1.0,0.0,32.46
91.68,3.1842,-42.497,-56.95,0.7933,47.1,69.45,1.0,1.0,0.0,21.72
91.736,3.173,-48.183,-52.201,-0.2067,47.24,75.17,1.0,1.0,0.0,26.41
91.782,3.2032,-32.375,-46.153,0.3471,47.44,75.17,1.0,1.0,0.0,22.92
91.837,3.2126,-16.789,-36.27,0.7467,47.65,75.17,1.0,1.0,0.0,26.88
91.886,3.1858,-26.702,-30.671,-0.2533,47.89,75.6,1.0,1.0,0.0,25.88
91.937,3.1862,-13.36,-25.174,0.1814,48.27,75.6,1.0,1.0,0.0,27.43
91.981,3.1406,-21.103,-23.455,-0.3358,48.63,75.6,1.0,1.0,0.0,20.57
92.037,3.1368,-9.969,-19.5,0.3723,49.09,75.6,1.0,1.0,0.0,26.6
92.082,3.1215,-0.012,-12.615,0.5473,49.54,75.6,1.0,1.0,0.0,21.38
92.136,3.0796,-10.579,-10.693,-0.4527,50.06,75.6,1.0,1.0,0.0,25.0
92.183,3.0667,-3.688,-8.965,0.04,50.63,75.6,1.0,1.0,0.0,21.77
92.484,3.0051,-37.961,-14.544,-0.96,53.43,75.6,1.0,1.0,0.0,48.31
92.511,3.0363,-35.004,-22.736,-0.5595,54.1,75.6,1.0,1.0,0.0,25.68
92.557,3.0447,-50.128,-32.534,-0.5101,54.36,75.6,1.0,1.0,0.0,21.11
92.612,3.0933,-45.375,-37.614,0.3167,54.56,75.6,1.0,1.0,0.0,25.65
92.661,3.1089,-54.545,-43.005,-0.2208,54.71,75.6,1.0,1.0,0.0,24.34
92.71,3.1576,-49.158,-45.64,0.1966,54.63,75.6,1.0,1.0,0.0,23.5
92.76,3.1992,-43.159,-44.86,0.385,54.51,75.6,1.0,1.0,0.0,22.51
92.806,3.2235,-50.627,-46.112,-0.2567,54.49,75.6,1.0,1.0,0.0,19.03
92.863,3.256,-41.889,-45.055,0.2789,54.54,75.6,1.0,1.0,0.0,25.51
92.911,3.2697,-44.461,-44.363,-0.0142,54.33,75.6,1.0,1.0,0.0,23.45
92.961,3.2924,-35.02,-41.254,0.3618,54.11,75.6,1.0,1.0,0.0,22.67
93.012,3.2912,-35.241,-38.875,0.0065,53.88,75.6,1.0,1.0,0.0,23.1
93.061,3.297,-26.547,-34.959,0.2977,53.62,75.6,1.0,1.0,0.0,22.59
93.11,3.2784,-28.74,-32.498,-0.0664,53.36,75.6,1.0,1.0,0.0,21.12
93.161,3.2676,-18.578,-28.083,0.3587,53.16,75.6,1.0,1.0,0.0,22.35
93.21,3.2306,-20.786,-25.421,-0.0906,52.97,75.6,1.0,1.0,0.0,20.64
93.264,3.207,-12.303,-21.534,0.2641,52.9,75.6,1.0,1.0,0.0,24.02
93.312,3.1561,-16.593,-19.67,-0.1468,52.95,75.6,1.0,1.0,0.0,21.7
93.363,3.1221,-9.48,-16.72,0.2167,53.04,75.6,1.0,1.0,0.0,22.73
93.413,3.0664,-12.654,-15.14,-0.0884,53.2,75.6,1.0,1.0,0.0,21.98
93.465,3.026,-7.304,-12.792,0.1625,53.4,75.6,1.0,1.0,0.0,23.57
93.512,2.9761,-2.436,-9.28,0.2444,53.65,75.6,1.0,1.0,0.0,19.71
93.563,2.9158,-3.744,-7.123,-0.0666,53.97,75.6,1.0,1.0,0.0,20.93
93.614,2.8668,0.172,-4.853,0.0911,54.3,75.6,1.0,1.0,0.0,21.31
93.663,2.8023,0.225,-3.145,0.0008,54.65,75.6,1.0,1.0,0.0,19.68
93.711,2.7415,3.248,-1.152,0.0994,54.97,75.6,1.0,1.0,0.0,18.11
93.765,2.6806,3.033,0.366,0.0032,55.28,75.6,1.0,1.0,0.0,21.74
93.812,2.616,5.318,1.989,0.0677,55.54,75.6,1.0,1.0,0.0,17.43
93.861,2.549,5.998,3.321,0.0161,55.79,75.6,1.0,1.0,0.0,16.82
93.911,2.4827,7.493,4.628,0.043,55.78,75.6,1.0,1.0,0.0,15.99
93.963,2.4156,7.69,5.945,0.047,55.95,75.6,1.0,1.0,0.0,18.12
94.012,2.3539,7.396,6.748,-0.0258,55.98,75.6,1.0,1.0,0.0,16.64
94.06,2.2869,7.632,7.06,-0.0405,56.03,75.6,1.0,1.0,0.0,14.54
94.112,2.2336,6.916,7.009,-0.0398,56.04,75.6,1.0,1.0,0.0,16.06
94.17,2.1756,6.138,6.661,-0.0431,56.09,75.6,1.0,1.0,0.0,23.98
94.218,2.1172,4.242,5.937,-0.0648,56.15,75.6,1.0,1.0,0.0,21.88
94.263,2.0672,3.033,5.017,-0.0525,56.17,75.6,1.0,1.0,0.0,16.41
94.312,2.0212,2.424,4.332,0.0006,56.33,75.6,1.0,1.0,0.0,15.26
94.363,1.9759,2.503,3.971,0.0213,56.44,75.6,1.0,1.0,0.0,15.79
94.416,1.9301,3.277,3.743,0.006,56.58,75.6,1.0,1.0,0.0,18.45
94.464,1.8868,3.757,3.725,0.0214,56.65,75.6,1.0,1.0,0.0,16.06
94.515,1.8473,2.766,3.465,-0.0344,56.67,75.6,1.0,1.0,0.0,17.02
94.563,1.8069,2.73,3.197,-0.0102,56.74,75.6,1.0,1.0,0.0,14.72
94.619,1.7657,0.663,2.307,-0.0961,56.68,75.6,1.0,1.0,0.0,20.52
94.664,1.7317,-0.329,1.258,-0.0533,56.64,75.6,1.0,1.0,0.0,14.48
94.72,1.697,-3.355,-0.499,-0.1354,56.58,75.6,1.0,1.0,0.0,20.65
94.767,1.6742,-4.462,-2.172,-0.0497,56.61,75.6,1.0,1.0,0.0,17.55
94.822,1.6473,-7.251,-4.062,-0.0885,56.8,75.6,1.0,1.0,0.0,22.67
94.868,1.6274,-7.278,-5.405,0.0103,57.06,75.6,1.0,1.0,0.0,17.97
94.918,1.6081,-8.738,-6.497,-0.0117,57.37,75.6,1.0,1.0,0.0,17.29
94.972,1.5892,-5.857,-6.329,0.1378,57.72,75.6,1.0,1.0,0.0,21.5
95.021,1.5624,-4.147,-5.592,0.0853,58.03,75.6,1.0,1.0,0.0,20.0
95.071,1.5375,-2.615,-4.657,0.0535,58.15,75.6,1.0,1.0,0.0,19.86
95.121,1.5095,-2.969,-4.067,-0.0157,58.51,75.6,1.0,1.0,0.0,19.42
95.172,1.4795,-0.051,-2.83,0.1111,59.09,75.6,1.0,1.0,0.0,19.97
95.222,1.4466,-0.16,-1.83,0.01,59.52,75.6,1.0,1.0,0.0,19.64
95.27,1.4159,0.925,-0.945,0.019,60.07,75.6,1.0,1.0,0.0,17.29
95.323,1.3818,1.61,-0.193,0.0122,60.78,75.6,1.0,1.0,0.0,20.42
95.376,1.3485,2.075,0.578,0.029,61.52,75.6,1.0,1.0,0.0,23.26
95.421,1.3096,3.08,1.447,0.0405,62.22,75.6,1.0,1.0,0.0,18.04
95.473,1.2717,3.91,2.229,0.0182,62.93,75.6,1.0,1.0,0.0,19.39
95.521,1.2351,4.439,2.895,0.0112,63.66,75.6,1.0,1.0,0.0,17.0
95.577,1.1964,4.204,3.34,-0.0076,64.19,75.6,1.0,1.0,0.0,22.9
95.624,1.1586,3.63,3.426,-0.0347,64.82,75.6,1.0,1.0,0.0,20.11
95.677,1.1246,3.471,3.374,-0.0162,65.41,75.6,1.0,1.0,0.0,23.01
95.723,1.0902,3.187,3.274,-0.0085,65.93,75.6,1.0,1.0,0.0,18.31
95.772,1.0584,2.196,2.896,-0.0423,66.43,75.6,1.0,1.0,0.0,16.92
95.826,1.0253,2.276,2.482,-0.0182,67.0,75.6,1.0,1.0,0.0,20.71
95.874,0.994,1.954,2.129,-0.0059,67.55,75.6,1.0,1.0,0.0,17.7
95.929,0.9657,1.496,1.936,0.0099,68.16,75.6,1.0,1.0,0.0,22.7
95.979,0.9365,1.977,1.948,0.022,68.71,75.6,1.0,1.0,0.0,22.34
96.027,0.9063,1.607,1.876,-0.0115,69.25,75.6,1.0,1.0,0.0,20.3
96.081,0.878,2.065,1.913,0.0127,69.69,75.6,1.0,1.0,0.0,23.61
96.135,0.8517,2.704,2.024,0.0118,70.23,75.6,1.0,1.0,0.0,27.33
96.176,0.8213,2.448,2.018,-0.0126,70.82,75.6,1.0,1.0,0.0,17.96
96.231,0.7944,2.419,2.045,0.0045,71.44,75.6,1.0,1.0,0.0,22.66
96.279,0.7641,2.155,2.003,-0.0087,72.05,75.6,0.99,0.99,0.0,20.35
96.334,0.733,2.199,2.021,0.0069,72.74,75.6,0.918,0.918,0.0,25.2
96.383,0.7059,2.909,2.27,0.0329,73.44,75.6,0.844,0.844,0.0,23.97
96.433,0.6773,3.455,2.822,0.051,74.12,75.6,0.772,0.772,0.0,23.12
96.481,0.6463,3.055,3.099,-0.0192,74.83,75.6,0.697,0.697,0.0,21.26
96.53,0.6138,4.139,3.52,0.0298,75.48,75.6,0.625,0.625,0.0,19.4
96.588,0.5833,5.273,4.1,0.0368,76.13,75.6,0.562,0.562,0.0,27.2
96.636,0.5511,4.601,4.289,-0.0343,76.76,75.6,0.494,0.494,0.0,24.65
96.688,0.5219,4.756,4.278,-0.0212,77.09,75.6,0.46,0.46,0.0,27.33
96.739,0.4902,4.199,4.161,-0.0153,76.9,75.6,0.479,0.479,0.0,27.69
96.786,0.4604,3.289,3.793,-0.0391,76.69,75.6,0.502,0.502,0.0,24.04
96.837,0.4353,3.0,3.365,-0.0212,76.47,75.6,0.525,0.525,0.0,25.06
96.888,0.4105,3.001,3.083,0.0054,76.26,75.6,0.547,0.547,0.0,25.86
96.934,0.3862,2.214,2.678,-0.027,76.08,75.6,0.567,0.567,0.0,21.39
96.986,0.3625,2.049,2.441,0.0093,76.1,75.6,0.566,0.566,0.0,23.64
97.037,0.3386,2.481,2.531,0.0374,76.24,75.6,0.55,0.55,0.0,24.21
97.088,0.3189,3.435,2.854,0.0356,76.38,75.6,0.536,0.536,0.0,25.5
97.137,0.2932,2.646,2.823,-0.0382,76.41,75.6,0.531,0.531,0.0,24.09
97.183,0.2711,3.191,2.76,-0.0055,76.23,75.6,0.551,0.551,0.0,19.6
97.237,0.251,3.591,2.71,-0.0004,76.07,75.6,0.569,0.569,0.0,22.48
97.287,0.2256,2.797,2.43,-0.0338,76.1,75.6,0.564,0.564,0.0,22.41
97.339,0.2047,2.598,2.31,0.0125,76.27,75.6,0.547,0.547,0.0,24.33
97.391,0.1807,2.995,2.701,0.0672,76.39,75.6,0.535,0.535,0.0,25.43
97.439,0.1536,2.453,2.878,-0.0163,76.41,75.6,0.531,0.531,0.0,23.79
97.486,0.1282,4.54,3.564,0.0773,76.23,75.6,0.551,0.551,0.0,20.52
97.541,0.1043,6.607,4.914,0.1168,76.09,75.6,0.567,0.567,0.0,25.64
97.592,0.0724,5.761,5.627,-0.0419,76.13,75.6,0.562,0.562,0.0,26.42
97.642,0.045,7.465,6.28,0.0165,76.26,75.6,0.548,0.548,0.0,25.52
97.689,0.0162,8.688,7.032,0.0366,76.37,75.6,0.537,0.537,0.0,22.27
97.74,-0.012,8.565,7.605,0.0013,76.37,75.6,0.537,0.537,0.0,23.78
97.791,-0.0425,7.236,7.513,-0.0729,76.15,75.6,0.559,0.559,0.0,24.25
97.84,-0.0676,7.005,7.327,-0.0163,75.99,75.6,0.577,0.577,0.0,23.32
97.889,-0.0859,6.288,7.176,-0.0016,76.09,75.6,0.565,0.565,0.0,22.38
97.939,-0.1079,4.694,6.58,-0.0674,76.32,75.6,0.542,0.542,0.0,21.75
97.994,-0.1239,5.063,5.829,-0.0425,76.45,75.6,0.527,0.527,0.0,25.98
98.042,-0.1353,3.636,4.995,-0.0378,76.33,75.6,0.54,0.54,0.0,24.63
98.09,-0.1459,1.797,3.844,-0.0734,76.11,75.6,0.565,0.565,0.0,21.57
98.138,-0.1509,0.228,2.555,-0.0593,75.97,75.6,0.579,0.579,0.0,18.92
98.192,-0.1515,-0.116,1.431,-0.0221,76.11,75.6,0.563,0.563,0.0,23.06
98.242,-0.1514,-1.424,0.3,-0.0401,76.43,75.6,0.529,0.529,0.0,22.92
98.291,-0.1489,-1.788,-0.489,0.0083,76.49,75.6,0.523,0.523,0.0,21.39
98.345,-0.1456,-2.143,-0.903,0.0249,76.27,75.6,0.547,0.547,0.0,24.87
98.394,-0.1414,-0.897,-0.968,0.0342,76.11,75.6,0.564,0.564,0.0,23.98
98.444,-0.1409,-1.349,-1.135,-0.0166,76.15,75.6,0.559,0.559,0.0,22.88
98.495,-0.1392,-0.781,-1.021,0.0335,76.29,75.6,0.545,0.545,0.0,23.7
98.548,-0.1391,-0.025,-0.636,0.0417,76.38,75.6,0.536,0.535,0.0,26.16
98.597,-0.1429,-0.165,-0.403,-0.0076,76.39,75.6,0.535,0.535,0.0,25.64
98.65,-0.1469,0.953,-0.068,0.0223,76.21,75.6,0.553,0.553,0.0,28.14
98.696,-0.1525,1.927,0.446,0.0365,76.01,75.6,0.574,0.574,0.0,23.98
98.748,-0.1599,2.386,1.058,0.0318,76.06,75.6,0.569,0.569,0.0,25.75
98.795,-0.1721,2.482,1.5,-0.0025,76.28,75.6,0.546,0.546,0.0,22.02
98.853,-0.1846,3.487,2.171,0.0475,76.42,75.6,0.53,0.53,0.0,29.28
98.901,-0.1984,4.678,3.163,0.0683,76.42,75.6,0.531,0.531,0.0,27.08
98.946,-0.2183,4.54,3.829,-0.011,76.26,75.6,0.547,0.547,0.0,21.93
99.0,-0.237,6.378,4.502,0.0244,76.14,75.6,0.56,0.56,0.0,25.31
99.05,-0.2534,6.761,5.216,0.0291,76.16,75.6,0.558,0.558,0.0,24.8
99.097,-0.2768,5.933,5.44,-0.0434,76.22,75.6,0.552,0.552,0.0,22.22
99.145,-0.2974,6.055,5.558,-0.007,76.28,75.6,0.546,0.546,0.0,19.67
99.198,-0.3165,6.341,5.834,0.0262,76.32,75.6,0.542,0.542,0.0,22.22
99.251,-0.3341,7.178,6.325,0.0397,76.32,75.6,0.542,0.541,0.0,25.38
99.3,-0.3549,5.91,6.273,-0.0588,76.2,75.6,0.554,0.554,0.0,23.42
99.347,-0.3712,6.026,6.249,0.0022,76.08,75.6,0.567,0.567,0.0,20.0
99.402,-0.3857,6.748,6.38,0.0208,76.12,75.6,0.562,0.562,0.0,25.34
99.45,-0.4029,4.935,5.914,-0.0789,76.26,75.6,0.548,0.548,0.0,22.53
99.503,-0.4131,4.891,5.44,-0.0172,76.35,75.6,0.538,0.538,0.0,25.2
99.551,-0.4219,4.49,5.116,0.0043,76.35,75.6,0.539,0.539,0.0,22.41
99.601,-0.4325,2.807,4.389,-0.0676,76.16,75.6,0.558,0.558,0.0,22.8
99.651,-0.4369,2.665,3.793,-0.0071,76.01,75.6,0.575,0.575,0.0,22.1
99.703,-0.4393,2.823,3.471,0.0175,76.11,75.6,0.564,0.564,0.0,23.63
99.755,-0.4436,1.424,2.842,-0.0541,76.33,75.6,0.541,0.54,0.0,25.91
99.805,-0.444,1.639,2.268,-0.0143,76.43,75.6,0.53,0.53,0.0,24.96
99.852,-0.4426,1.35,1.867,0.004,76.23,75.6,0.551,0.55,0.0,22.22
99.903,-0.4435,0.219,1.26,-0.0426,76.08,75.6,0.567,0.567,0.0,22.47
99.952,-0.4415,0.22,0.803,-0.0003,76.13,75.6,0.561,0.561,0.0,21.98
100.006,-0.4388,0.644,0.716,0.0358,76.27,75.6,0.547,0.547,0.0,25.43
100.054,-0.4394,-0.048,0.495,-0.0219,76.38,75.6,0.536,0.536,0.0,22.59
100.11,-0.439,0.728,0.506,0.0248,76.38,75.6,0.535,0.535,0.0,28.56
100.157,-0.4395,1.874,0.902,0.0541,76.18,75.6,0.556,0.556,0.0,24.94
100.202,-0.4443,1.514,1.105,-0.0132,76.02,75.6,0.574,0.574,0.0,20.3
100.256,-0.4497,2.393,1.457,0.028,76.11,75.6,0.564,0.564,0.0,24.23
100.306,-0.4557,3.592,2.105,0.0535,76.34,75.6,0.54,0.54,0.0,23.5
100.357,-0.4632,4.462,2.954,0.0507,76.43,75.6,0.53,0.53,0.0,24.53
100.405,-0.477,4.05,3.398,-0.027,76.25,75.6,0.549,0.549,0.0,21.99
100.457,-0.4901,5.468,3.965,0.0328,76.07,75.6,0.569,0.569,0.0,24.1
100.509,-0.5016,6.437,4.863,0.0659,76.12,75.6,0.563,0.563,0.0,25.52
100.557,-0.5209,5.671,5.278,-0.0362,76.27,75.6,0.547,0.546,0.0,23.3
100.616,-0.5361,6.808,5.781,0.0268,76.38,75.6,0.535,0.535,0.0,31.81
100.658,-0.5533,8.06,6.6,0.0617,76.39,75.6,0.535,0.535,0.0,24.39
100.707,-0.5731,6.835,6.816,-0.0556,76.2,75.6,0.554,0.554,0.0,22.72
100.758,-0.5889,7.523,7.034,0.0079,76.06,75.6,0.57,0.57,0.0,23.39
100.808,-0.6043,8.157,7.403,0.0286,76.12,75.6,0.562,0.562,0.0,23.03
100.858,-0.6231,6.416,7.124,-0.0775,76.3,75.6,0.544,0.544,0.0,23.21
100.912,-0.6353,6.294,6.832,-0.0115,76.39,75.6,0.533,0.533,0.0,26.53
100.957,-0.6457,6.315,6.725,0.0155,76.36,75.6,0.538,0.538,0.0,21.56
101.009,-0.6558,4.516,6.115,-0.0739,76.17,75.6,0.557,0.557,0.0,22.99
101.055,-0.6619,4.609,5.524,-0.0186,76.01,75.6,0.575,0.575,0.0,18.82
101.106,-0.6644,4.148,5.061,-0.0027,76.1,75.6,0.564,0.564,0.0,19.6
101.16,-0.6646,3.695,4.569,-0.0203,76.31,75.6,0.543,0.543,0.0,23.6
101.21,-0.6651,1.893,3.631,-0.0794,76.4,75.6,0.532,0.532,0.0,23.5
101.256,-0.6602,1.379,2.789,-0.0193,76.31,75.6,0.542,0.542,0.0,19.53
101.306,-0.6528,1.119,2.276,0.0165,76.14,75.6,0.56,0.56,0.0,19.44
101.36,-0.6472,-0.169,1.57,-0.0448,76.09,75.6,0.566,0.566,0.0,22.49
101.412,-0.6375,0.065,1.124,0.0116,76.18,75.6,0.556,0.556,0.0,24.44
101.461,-0.6267,0.519,1.034,0.0341,76.31,75.6,0.543,0.542,0.0,23.78
101.51,-0.6187,-0.436,0.704,-0.0365,76.37,75.6,0.537,0.537,0.0,22.74
101.557,-0.6074,0.238,0.504,0.0065,76.26,75.6,0.548,0.548,0.0,19.39
101.611,-0.5966,0.518,0.504,0.021,76.12,75.6,0.563,0.563,0.0,23.33
101.658,-0.5882,-0.08,0.338,-0.0233,76.15,75.6,0.56,0.56,0.0,19.66
101.713,-0.5785,0.246,0.299,0.012,76.24,75.6,0.55,0.55,0.0,25.11
101.759,-0.569,0.535,0.488,0.0305,76.34,75.6,0.54,0.54,0.0,20.08
101.81,-0.5603,1.32,0.83,0.028,76.34,75.6,0.539,0.539,0.0,20.8
101.86,-0.5538,0.982,0.953,-0.0186,76.14,75.6,0.56,0.56,0.0,19.92
101.918,-0.5462,1.361,1.068,0.0032,76.0,75.6,0.575,0.575,0.0,28.3
101.965,-0.5393,1.64,1.21,0.0077,76.1,75.6,0.564,0.564,0.0,24.71
102.011,-0.5332,1.235,1.184,-0.0185,76.34,75.6,0.539,0.539,0.0,20.97
102.07,-0.5271,1.122,1.166,0.0003,76.42,75.6,0.53,0.53,0.0,29.48
102.115,-0.52,1.288,1.241,0.0123,76.22,75.6,0.552,0.552,0.0,24.18
102.161,-0.5142,0.985,1.212,-0.0119,76.06,75.6,0.57,0.57,0.0,19.34
102.211,-0.5077,1.229,1.192,0.0002,76.13,75.6,0.561,0.561,0.0,19.17
102.265,-0.5017,1.351,1.169,-0.001,76.31,75.6,0.543,0.543,0.0,23.23
102.313,-0.4959,0.904,1.008,-0.0202,76.39,75.6,0.533,0.533,0.0,21.32
102.363,-0.4891,0.651,0.851,-0.0051,76.31,75.6,0.543,0.543,0.0,20.65
102.418,-0.4816,0.559,0.774,0.0058,76.15,75.6,0.559,0.559,0.0,24.98
102.468,-0.4741,0.866,0.805,0.0123,76.07,75.6,0.568,0.568,0.0,24.61
102.514,-0.4689,0.545,0.734,-0.0131,76.16,75.6,0.558,0.558,0.0,20.79
102.567,-0.4617,0.723,0.709,0.004,76.31,75.6,0.543,0.543,0.0,23.81
102.617,-0.4551,0.917,0.744,0.0075,76.38,75.6,0.536,0.536,0.0,23.35
102.664,-0.4504,0.591,0.672,-0.0138,76.29,75.6,0.545,0.545,0.0,20.38
102.718,-0.4443,0.715,0.667,0.0069,76.13,75.6,0.561,0.561,0.0,23.33
102.767,-0.4383,0.724,0.739,0.0105,76.13,75.6,0.561,0.561,0.0,22.25
102.814,-0.4334,0.412,0.695,-0.0136,76.24,75.6,0.55,0.55,0.0,19.94
102.871,-0.4281,1.025,0.68,0.0024,76.34,75.6,0.539,0.539,0.0,25.78
102.921,-0.4233,0.888,0.796,0.0178,76.33,75.6,0.54,0.54,0.0,25.28
102.969,-0.4185,1.112,0.994,0.0156,76.16,75.6,0.558,0.558,0.0,23.31
103.018,-0.4152,0.8,1.028,-0.016,76.03,75.6,0.573,0.573,0.0,21.55
103.07,-0.4107,1.382,1.149,0.0133,76.13,75.6,0.561,0.561,0.0,23.75
103.122,-0.4068,1.591,1.269,0.0041,76.33,75.6,0.54,0.54,0.0,25.29
103.172,-0.4042,1.198,1.211,-0.0206,76.41,75.6,0.531,0.531,0.0,25.17
103.22,-0.4006,1.543,1.109,-0.0083,76.21,75.6,0.553,0.553,0.0,22.52
103.271,-0.3969,0.675,1.074,0.0059,76.05,75.6,0.57,0.57,0.0,23.71
103.32,-0.3939,0.306,0.954,-0.0132,76.13,75.6,0.561,0.561,0.0,22.58
103.374,-0.39,0.646,0.877,0.0019,76.33,75.6,0.54,0.54,0.0,25.53
103.423,-0.3853,1.407,1.028,0.0291,76.41,75.6,0.532,0.532,0.0,24.93
103.472,-0.3827,1.073,1.066,-0.0105,76.22,75.6,0.552,0.552,0.0,23.25
103.522,-0.3793,0.961,1.116,0.003,76.07,75.6,0.569,0.569,0.0,22.88
103.579,-0.376,1.502,1.228,0.0104,76.12,75.6,0.562,0.562,0.0,29.66
103.629,-0.3721,1.432,1.322,0.0015,76.29,75.6,0.544,0.544,0.0,29.04
103.672,-0.3698,1.065,1.256,-0.0192,76.41,75.6,0.532,0.532,0.0,22.59
103.725,-0.3662,1.236,1.115,-0.0128,76.38,75.6,0.536,0.536,0.0,25.18
103.778,-0.362,0.714,1.026,0.0024,76.17,75.6,0.557,0.557,0.0,27.82
103.821,-0.3585,0.371,0.877,-0.0116,76.0,75.6,0.576,0.576,0.0,20.03
103.873,-0.3539,0.285,0.696,-0.0096,76.09,75.6,0.565,0.565,0.0,22.45
103.927,-0.3484,0.844,0.597,0.005,76.35,75.6,0.539,0.539,0.0,25.86
103.973,-0.3439,0.442,0.422,-0.014,76.48,75.6,0.524,0.524,0.0,22.29
104.026,-0.3388,-0.155,0.246,-0.0063,76.29,75.6,0.544,0.544,0.0,24.61
104.074,-0.3338,0.198,0.143,0.0041,76.13,75.6,0.561,0.561,0.0,22.11
104.127,-0.3279,0.132,0.212,0.0204,76.11,75.6,0.563,0.563,0.0,24.92
104.173,-0.325,-0.0,0.242,-0.0029,76.21,75.6,0.553,0.553,0.0,20.45
104.228,-0.3211,0.424,0.281,0.0022,76.31,75.6,0.543,0.543,0.0,25.55
104.276,-0.3171,1.141,0.44,0.0183,76.36,75.6,0.538,0.538,0.0,23.41
104.325,-0.3155,0.913,0.5,-0.0084,76.26,75.6,0.548,0.548,0.0,21.97
104.38,-0.3133,0.584,0.659,0.0159,76.12,75.6,0.562,0.562,0.0,26.71
104.427,-0.3117,1.198,0.935,0.022,76.14,75.6,0.56,0.56,0.0,23.04
104.474,-0.3112,0.935,1.049,-0.0129,76.24,75.6,0.55,0.55,0.0,19.85
104.53,-0.3103,1.993,1.279,0.02,76.31,75.6,0.542,0.542,0.0,25.96
104.58,-0.31,1.746,1.528,0.0108,76.34,75.6,0.539,0.539,0.0,25.08
104.63,-0.3101,2.182,1.715,-0.0,76.23,75.6,0.551,0.551,0.0,25.49
104.675,-0.3106,1.783,1.697,-0.0221,76.08,75.6,0.568,0.568,0.0,20.41
104.73,-0.3098,1.645,1.685,0.0001,76.13,75.6,0.561,0.561,0.0,25.21
104.781,-0.3092,1.728,1.638,-0.0052,76.28,75.6,0.545,0.545,0.0,25.61
104.832,-0.3088,1.249,1.442,-0.0225,76.39,75.6,0.533,0.533,0.0,26.0
104.882,-0.307,1.132,1.202,-0.013,76.38,75.6,0.535,0.535,0.0,25.4
104.927,-0.3045,0.478,0.98,-0.0058,76.18,75.6,0.556,0.556,0.0,20.79
104.977,-0.302,-0.027,0.678,-0.019,76.05,75.6,0.571,0.571,0.0,20.65
105.031,-0.2983,-0.035,0.412,-0.0055,76.13,75.6,0.561,0.561,0.0,24.52
105.083,-0.2939,0.371,0.354,0.0197,76.32,75.6,0.542,0.542,0.0,25.99
105.132,-0.2896,0.14,0.419,0.0152,76.41,75.6,0.531,0.531,0.0,24.88
105.181,-0.2876,-0.147,0.369,-0.0139,76.3,75.6,0.544,0.544,0.0,23.34
105.235,-0.2839,0.635,0.322,-0.0014,76.13,75.6,0.561,0.561,0.0,26.6
105.285,-0.2803,0.726,0.448,0.0225,76.1,75.6,0.564,0.564,0.0,26.82
105.333,-0.2792,0.49,0.493,-0.0069,76.18,75.6,0.556,0.556,0.0,23.87
105.39,-0.2773,0.333,0.491,-0.0049,76.31,75.6,0.543,0.543,0.0,30.57
105.434,-0.2754,1.143,0.544,0.0075,76.38,75.6,0.536,0.536,0.0,24.51
105.481,-0.2751,0.928,0.528,-0.0079,76.29,75.6,0.544,0.544,0.0,21.64
105.532,-0.2745,0.909,0.544,0.0039,76.12,75.6,0.564,0.564,0.0,21.92
105.584,-0.2745,0.737,0.669,0.0159,76.12,75.6,0.563,0.563,0.0,24.13
105.655,-0.2745,1.224,0.902,0.0194,76.22,75.6,0.552,0.552,0.0,41.81
105.684,-0.277,1.042,1.01,-0.0093,76.34,75.6,0.54,0.54,0.0,20.26
105.738,-0.2786,2.063,1.242,0.021,76.39,75.6,0.535,0.535,0.0,24.24
105.788,-0.281,2.039,1.566,0.021,76.2,75.6,0.554,0.554,0.0,24.13
105.833,-0.286,1.724,1.687,-0.0171,76.05,75.6,0.571,0.571,0.0,18.72
105.89,-0.2903,2.22,1.803,0.0036,76.12,75.6,0.562,0.562,0.0,24.52
105.934,-0.2936,2.512,2.033,0.0199,76.32,75.6,0.542,0.542,0.0,19.22
105.99,-0.2979,3.074,2.378,0.0241,76.39,75.6,0.534,0.533,0.0,24.83
106.035,-0.3047,2.531,2.446,-0.0266,76.29,75.6,0.545,0.545,0.0,19.12
106.085,-0.3093,2.56,2.487,-0.0015,76.15,75.6,0.56,0.56,0.0,19.36
106.137,-0.3134,3.193,2.631,0.0158,76.15,75.6,0.56,0.56,0.0,20.52
106.188,-0.3194,2.415,2.504,-0.0327,76.24,75.6,0.55,0.55,0.0,21.9
106.239,-0.3233,2.255,2.396,-0.0019,76.33,75.6,0.541,0.541,0.0,22.28
106.289,-0.3265,2.39,2.364,0.0068,76.33,75.6,0.541,0.541,0.0,21.94
106.338,-0.3309,1.647,2.116,-0.0312,76.18,75.6,0.556,0.556,0.0,20.18
106.39,-0.3337,1.909,1.953,0.0032,76.06,75.6,0.57,0.57,0.0,22.62
106.446,-0.3359,1.906,1.89,0.0082,76.16,75.6,0.559,0.559,0.0,28.29
106.491,-0.3373,2.023,1.861,0.0027,76.34,75.6,0.54,0.54,0.0,22.49
106.538,-0.3416,1.338,1.615,-0.0313,76.39,75.6,0.535,0.535,0.0,19.6
106.592,-0.3435,1.419,1.443,0.0018,76.2,75.6,0.554,0.554,0.0,22.31
106.639,-0.3453,1.794,1.492,0.0248,76.06,75.6,0.57,0.57,0.0,19.06
106.69,-0.3497,1.18,1.364,-0.0229,76.14,75.6,0.56,0.56,0.0,19.51
106.74,-0.3529,1.518,1.36,0.0127,76.32,75.6,0.541,0.541,0.0,19.75
106.79,-0.3561,2.302,1.601,0.0342,76.36,75.6,0.538,0.538,0.0,19.48
106.842,-0.3632,1.815,1.643,-0.0194,76.22,75.6,0.552,0.552,0.0,20.97
106.895,-0.3695,2.418,1.829,0.0215,76.08,75.6,0.567,0.567,0.0,24.25
106.946,-0.3767,3.19,2.249,0.0393,76.14,75.6,0.56,0.56,0.0,24.33
106.996,-0.3835,3.972,2.833,0.0374,76.3,75.6,0.544,0.544,0.0,24.32
107.043,-0.3967,3.421,3.051,-0.0305,76.4,75.6,0.533,0.533,0.0,20.79
107.099,-0.4084,4.231,3.347,0.0183,76.34,75.6,0.54,0.54,0.0,26.11
107.149,-0.4197,5.064,3.875,0.0428,76.13,75.6,0.561,0.561,0.0,25.77
107.193,-0.4342,4.257,4.011,-0.0362,75.98,75.6,0.577,0.577,0.0,19.77
107.247,-0.4477,4.812,4.21,0.0134,76.11,75.6,0.563,0.563,0.0,22.98
107.294,-0.46,5.574,4.665,0.0428,76.37,75.6,0.537,0.537,0.0,20.19
107.349,-0.4742,6.386,5.258,0.035,76.45,75.6,0.527,0.527,0.0,25.07
107.398,-0.4915,5.292,5.3,-0.0562,76.27,75.6,0.547,0.547,0.0,22.99
107.446,-0.5057,5.776,5.378,0.0065,76.11,75.6,0.565,0.565,0.0,21.21
107.498,-0.5177,6.268,5.639,0.0283,76.15,75.6,0.559,0.559,0.0,21.99
107.55,-0.5356,4.925,5.415,-0.0586,76.28,75.6,0.546,0.546,0.0,23.77
107.601,-0.5484,5.157,5.222,-0.0035,76.36,75.6,0.538,0.538,0.0,24.52
107.651,-0.5586,5.378,5.242,0.0231,76.35,75.6,0.539,0.539,0.0,24.51
107.699,-0.572,3.812,4.792,-0.065,76.16,75.6,0.558,0.558,0.0,22.44
107.752,-0.5812,4.13,4.506,0.0071,76.03,75.6,0.573,0.573,0.0,24.9
107.799,-0.5893,4.51,4.512,0.0309,76.14,75.6,0.561,0.561,0.0,22.44
107.849,-0.5959,5.011,4.697,0.0251,76.34,75.6,0.54,0.54,0.0,21.46
107.902,-0.6062,3.36,4.287,-0.0766,76.4,75.6,0.533,0.533,0.0,24.11
107.953,-0.6121,3.603,3.985,0.0008,76.22,75.6,0.552,0.552,0.0,24.97
108.001,-0.6168,4.293,3.987,0.0319,76.06,75.6,0.569,0.569,0.0,23.29
108.051,-0.6249,2.803,3.559,-0.0601,76.12,75.6,0.563,0.563,0.0,22.75
108.101,-0.629,2.993,3.294,0.008,76.3,75.6,0.544,0.544,0.0,22.02
108.156,-0.633,3.533,3.409,0.0437,76.4,75.6,0.533,0.533,0.0,26.63
108.201,-0.6357,4.289,3.766,0.0379,76.37,75.6,0.536,0.536,0.0,21.01
108.252,-0.6435,3.076,3.616,-0.0584,76.19,75.6,0.555,0.555,0.0,22.41
108.311,-0.6476,3.86,3.581,0.0109,76.04,75.6,0.571,0.571,0.0,30.1
108.354,-0.6512,4.323,3.827,0.0381,76.12,75.6,0.562,0.562,0.0,23.45
108.41,-0.6591,3.144,3.658,-0.0495,76.3,75.6,0.544,0.544,0.0,29.27
108.457,-0.6639,3.679,3.593,0.0087,76.42,75.6,0.531,0.531,0.0,25.21
108.505,-0.6675,4.312,3.836,0.0408,76.39,75.6,0.535,0.535,0.0,23.41
108.556,-0.6751,3.156,3.68,-0.0473,76.2,75.6,0.554,0.554,0.0,24.22
108.607,-0.6801,3.976,3.681,0.0166,76.05,75.6,0.571,0.571,0.0,24.83
108.658,-0.6849,4.489,3.98,0.0415,76.13,75.6,0.562,0.562,0.0,24.98
108.704,-0.69,5.102,4.385,0.0253,76.31,75.6,0.543,0.543,0.0,21.12
108.759,-0.6984,3.797,4.219,-0.0655,76.4,75.6,0.532,0.532,0.0,25.58
108.808,-0.7029,4.321,4.137,0.0059,76.32,75.6,0.542,0.542,0.0,24.27
108.857,-0.7076,4.725,4.342,0.0372,76.15,75.6,0.559,0.559,0.0,22.89
108.906,-0.7151,3.389,4.101,-0.0552,76.05,75.6,0.57,0.57,0.0,22.02
108.957,-0.7193,3.985,3.932,0.0016,76.15,75.6,0.559,0.559,0.0,22.8
109.008,-0.7222,4.239,4.016,0.0294,76.34,75.6,0.54,0.54,0.0,22.84
109.057,-0.7255,4.847,4.286,0.0289,76.4,75.6,0.532,0.532,0.0,21.62
109.108,-0.7329,3.515,4.045,-0.062,76.21,75.6,0.553,0.553,0.0,22.19
109.16,-0.7355,3.836,3.92,0.0078,76.07,75.6,0.569,0.569,0.0,24.45
109.209,-0.7377,4.497,4.075,0.0348,76.14,75.6,0.561,0.561,0.0,22.92
109.259,-0.7439,3.259,3.825,-0.0511,76.3,75.6,0.544,0.544,0.0,23.0
109.312,-0.7468,3.83,3.697,0.0082,76.41,75.6,0.532,0.532,0.0,25.92
109.357,-0.7498,4.183,3.834,0.0327,76.37,75.6,0.536,0.536,0.0,20.56
109.41,-0.7554,2.921,3.561,-0.0525,76.19,75.6,0.555,0.555,0.0,22.55
109.462,-0.7586,3.574,3.438,0.0115,76.05,75.6,0.571,0.571,0.0,24.54
109.515,-0.7619,4.132,3.655,0.043,76.12,75.6,0.562,0.562,0.0,27.1
109.557,-0.764,4.867,4.087,0.0378,76.32,75.6,0.542,0.542,0.0,19.24
109.612,-0.7723,3.577,3.964,-0.0626,76.39,75.6,0.533,0.533,0.0,24.57
109.667,-0.7765,4.329,4.044,0.0242,76.3,75.6,0.544,0.544,0.0,28.63
109.712,-0.7806,5.321,4.484,0.0531,76.12,75.6,0.564,0.564,0.0,23.19
109.763,-0.7888,4.015,4.411,-0.0564,76.11,75.6,0.563,0.563,0.0,24.45
109.816,-0.7949,4.96,4.435,0.011,76.23,75.6,0.551,0.551,0.0,27.13
109.863,-0.7997,5.297,4.76,0.0429,76.35,75.6,0.539,0.539,0.0,23.97
109.914,-0.8082,4.026,4.621,-0.0534,76.39,75.6,0.533,0.533,0.0,23.57
109.963,-0.8147,4.84,4.639,0.017,76.2,75.6,0.554,0.554,0.0,23.06
110.016,-0.8209,5.671,5.09,0.0611,76.05,75.6,0.57,0.57,0.0,24.99
110.064,-0.8252,6.441,5.742,0.0439,76.14,75.6,0.56,0.56,0.0,22.87
110.114,-0.8344,4.917,5.676,-0.0776,76.31,75.6,0.543,0.543,0.0,23.47
110.166,-0.8397,5.744,5.6,-0.0037,76.41,75.6,0.532,0.532,0.0,24.53
110.213,-0.8425,5.975,5.695,0.0211,76.32,75.6,0.541,0.541,0.0,21.58
110.265,-0.8479,4.38,5.282,-0.0675,76.15,75.6,0.559,0.559,0.0,23.34
110.316,-0.8493,4.231,4.837,-0.0189,76.05,75.6,0.571,0.571,0.0,23.71
110.363,-0.8486,4.032,4.566,0.0087,76.15,75.6,0.559,0.559,0.0,21.48
110.415,-0.8453,4.043,4.4,0.0052,76.35,75.6,0.539,0.539,0.0,23.44
110.466,-0.8449,2.509,3.791,-0.0676,76.39,75.6,0.534,0.533,0.0,23.85
110.515,-0.8397,2.481,3.254,-0.0111,76.21,75.6,0.553,0.553,0.0,22.44
110.562,-0.8328,2.591,2.991,0.0193,76.07,75.6,0.569,0.569,0.0,19.4
110.622,-0.8283,1.158,2.4,-0.0549,76.16,75.6,0.558,0.558,0.0,29.06
110.673,-0.8206,1.206,2.003,0.0065,76.32,75.6,0.542,0.542,0.0,29.27
110.714,-0.8114,1.649,1.957,0.0352,76.41,75.6,0.532,0.532,0.0,19.75
110.768,-0.8047,0.496,1.603,-0.0447,76.3,75.6,0.544,0.544,0.0,24.2
110.824,-0.7955,1.232,1.423,0.012,76.14,75.6,0.56,0.56,0.0,29.65
110.868,-0.7871,1.742,1.473,0.0258,76.1,75.6,0.564,0.564,0.0,23.5
110.92,-0.7784,1.989,1.607,0.0135,76.19,75.6,0.555,0.555,0.0,24.96
110.969,-0.7735,1.176,1.422,-0.0399,76.33,75.6,0.541,0.541,0.0,23.44
111.02,-0.7663,1.316,1.3,0.0024,76.37,75.6,0.536,0.536,0.0,24.14
111.067,-0.7587,1.873,1.438,0.0322,76.19,75.6,0.555,0.555,0.0,20.69
111.115,-0.7553,1.237,1.375,-0.0234,76.06,75.6,0.569,0.569,0.0,18.65
111.172,-0.7502,1.845,1.427,0.0139,76.16,75.6,0.558,0.558,0.0,25.46
111.222,-0.7462,2.623,1.761,0.0412,76.35,75.6,0.539,0.539,0.0,24.96
111.269,-0.7458,2.048,1.846,-0.0232,76.4,75.6,0.533,0.533,0.0,21.59
111.325,-0.7451,2.551,2.122,0.0298,76.2,75.6,0.554,0.554,0.0,27.12
111.374,-0.7452,3.947,2.755,0.0593,76.05,75.6,0.57,0.57,0.0,25.92
111.417,-0.7463,5.003,3.54,0.0434,76.12,75.6,0.562,0.562,0.0,19.19
111.472,-0.7524,4.159,3.782,-0.0483,76.29,75.6,0.545,0.545,0.0,23.84
111.525,-0.756,4.842,4.012,0.0067,76.4,75.6,0.533,0.533,0.0,26.43
111.571,-0.7598,5.183,4.444,0.0362,76.38,75.6,0.536,0.536,0.0,21.13
111.624,-0.7673,4.19,4.46,-0.0429,76.2,75.6,0.554,0.554,0.0,24.89
111.671,-0.7727,4.926,4.517,0.0062,76.05,75.6,0.57,0.57,0.0,21.23
111.726,-0.7765,5.342,4.782,0.0312,76.13,75.6,0.561,0.561,0.0,25.81
111.775,-0.7798,5.606,5.085,0.0144,76.32,75.6,0.542,0.542,0.0,24.49
111.825,-0.7877,4.298,4.848,-0.0647,76.41,75.6,0.532,0.532,0.0,24.25
111.875,-0.7904,4.587,4.648,-0.0032,76.29,75.6,0.545,0.545,0.0,23.78
111.924,-0.7916,4.783,4.662,0.0229,76.13,75.6,0.561,0.561,0.0,22.4
111.975,-0.7963,3.286,4.229,-0.0619,76.14,75.6,0.56,0.56,0.0,23.08
112.028,-0.7967,3.471,3.933,0.004,76.22,75.6,0.552,0.552,0.0,26.36
112.074,-0.7959,3.62,3.877,0.0232,76.34,75.6,0.54,0.54,0.0,22.3
112.127,-0.7969,2.173,3.405,-0.0601,76.34,75.6,0.539,0.539,0.0,24.29
112.173,-0.7954,3.037,3.04,-0.0015,76.15,75.6,0.559,0.559,0.0,20.09
112.225,-0.7927,2.809,2.988,0.031,76.03,75.6,0.572,0.572,0.0,22.63
112.276,-0.7896,3.048,3.084,0.0188,76.15,75.6,0.559,0.559,0.0,23.15
112.327,-0.7895,1.792,2.733,-0.0591,76.37,75.6,0.537,0.537,0.0,24.23
112.38,-0.7863,2.654,2.569,0.014,76.44,75.6,0.529,0.529,0.0,26.2
112.43,-0.7829,3.044,2.721,0.0383,76.25,75.6,0.549,0.549,0.0,25.94
112.475,-0.783,1.983,2.523,-0.0435,76.09,75.6,0.567,0.567,0.0,20.63
112.527,-0.7813,2.469,2.364,-0.0014,76.14,75.6,0.56,0.56,0.0,23.04
112.58,-0.7792,2.994,2.468,0.0311,76.3,75.6,0.544,0.544,0.0,25.09
112.625,-0.777,3.37,2.761,0.03,76.4,75.6,0.532,0.532,0.0,20.32
112.68,-0.7806,2.432,2.662,-0.0445,76.33,75.6,0.541,0.541,0.0,24.09
112.729,-0.7809,3.275,2.719,0.0184,76.13,75.6,0.561,0.561,0.0,23.47
112.78,-0.781,3.991,3.128,0.0512,75.99,75.6,0.577,0.577,0.0,23.66
112.832,-0.7875,3.018,3.144,-0.0407,76.11,75.6,0.563,0.563,0.0,25.21
112.884,-0.7912,4.071,3.347,0.0268,76.36,75.6,0.537,0.537,0.0,27.02
112.933,-0.7959,5.08,3.98,0.0671,76.47,75.6,0.525,0.525,0.0,25.96
112.981,-0.8049,4.103,4.16,-0.0412,76.29,75.6,0.544,0.544,0.0,23.52
113.034,-0.8118,5.508,4.563,0.0373,76.14,75.6,0.56,0.56,0.0,27.03
113.083,-0.8191,6.825,5.401,0.0749,76.13,75.6,0.562,0.561,0.0,24.87
113.134,-0.8316,5.56,5.624,-0.0567,76.23,75.6,0.551,0.551,0.0,26.49
113.186,-0.8414,6.523,6.004,0.0298,76.34,75.6,0.54,0.54,0.0,28.0
113.232,-0.8495,7.635,6.772,0.0674,76.37,75.6,0.536,0.536,0.0,23.69
113.283,-0.8572,8.954,7.6,0.0351,76.19,75.6,0.555,0.555,0.0,24.7
113.333,-0.8704,7.181,7.548,-0.094,76.04,75.6,0.572,0.572,0.0,24.88
113.382,-0.8757,7.218,7.312,-0.0275,76.12,75.6,0.562,0.562,0.0,23.65
113.434,-0.8792,6.657,7.125,-0.0013,76.31,75.6,0.543,0.543,0.0,25.59
113.483,-0.8834,4.519,6.345,-0.0893,76.42,75.6,0.531,0.531,0.0,23.61
113.535,-0.881,3.961,5.495,-0.037,76.32,75.6,0.542,0.542,0.0,25.24
113.58,-0.8747,3.549,4.729,-0.018,76.14,75.6,0.56,0.56,0.0,20.2
113.632,-0.8689,1.667,3.633,-0.0727,76.07,75.6,0.569,0.569,0.0,21.6
113.688,-0.8577,0.939,2.577,-0.0328,76.17,75.6,0.557,0.557,0.0,27.7
113.735,-0.8437,-0.271,1.682,-0.0144,76.36,75.6,0.538,0.538,0.0,24.67
113.784,-0.829,-1.854,0.595,-0.0581,76.4,75.6,0.533,0.533,0.0,22.99
113.832,-0.8271,-1.956,-0.237,-0.0023,76.39,75.6,0.534,0.534,0.0,20.66
113.882,-0.8271,-1.956,-0.718,0.0199,76.39,75.6,0.533,0.533,0.0,20.62
113.932,-0.8271,-1.956,-1.005,0.0104,76.39,75.6,0.534,0.534,0.0,20.36
113.983,-0.8271,-1.956,-1.205,0.002,76.39,75.6,0.533,0.533,0.0,20.6
114.033,-0.8271,-1.956,-1.35,0.0008,76.39,75.6,0.534,0.534,0.0,20.99
114.086,-0.7406,0.049,-1.03,0.0598,75.28,75.6,0.649,0.649,0.0,23.79
114.133,-0.7315,0.713,-0.437,0.0493,75.17,75.6,0.659,0.659,0.0,20.26
114.181,-0.7245,1.707,0.271,0.0368,75.53,75.6,0.621,0.621,0.0,17.7
114.233,-0.7224,1.586,0.697,-0.0146,75.91,75.6,0.584,0.584,0.0,19.88
114.29,-0.7206,2.86,1.315,0.0416,76.35,75.6,0.538,0.538,0.0,26.07
114.341,-0.7211,3.914,2.241,0.0646,76.7,75.6,0.5,0.5,0.0,25.87
114.386,-0.727,3.698,2.838,-0.0136,76.57,75.6,0.515,0.515,0.0,20.53
114.44,-0.7337,5.173,3.507,0.031,76.4,75.6,0.534,0.534,0.0,24.99
114.49,-0.7395,6.246,4.399,0.0545,76.2,75.6,0.554,0.554,0.0,24.23
114.54,-0.7486,7.105,5.373,0.0425,76.04,75.6,0.571,0.571,0.0,24.38
114.587,-0.763,6.138,5.708,-0.0553,76.09,75.6,0.566,0.566,0.0,20.64
114.641,-0.7723,6.942,5.954,-0.0006,76.27,75.6,0.547,0.547,0.0,24.45
114.7,-0.7814,7.455,6.341,0.0281,76.4,75.6,0.533,0.533,0.0,33.6
114.746,-0.7951,6.116,6.213,-0.0584,76.42,75.6,0.531,0.531,0.0,28.44
114.795,-0.8041,5.837,6.055,-0.0086,76.23,75.6,0.551,0.55,0.0,26.82
114.847,-0.8118,6.543,6.092,0.0218,76.06,75.6,0.57,0.57,0.0,28.28
114.892,-0.822,4.833,5.613,-0.0709,76.09,75.6,0.567,0.567,0.0,23.12
114.947,-0.8274,5.039,5.302,0.0068,76.27,75.6,0.546,0.546,0.0,27.89
114.996,-0.8317,5.375,5.442,0.0521,76.43,75.6,0.53,0.53,0.0,26.22
115.045,-0.8398,3.699,5.069,-0.0667,76.43,75.6,0.529,0.529,0.0,25.41
115.095,-0.8429,4.373,4.896,0.0148,76.24,75.6,0.55,0.55,0.0,24.73
115.144,-0.8445,5.706,5.132,0.0513,76.08,75.6,0.568,0.568,0.0,23.44
115.194,-0.8501,4.081,4.83,-0.0669,76.12,75.6,0.562,0.562,0.0,23.9
115.245,-0.8511,4.001,4.495,-0.0152,76.27,75.6,0.547,0.547,0.0,24.05
115.294,-0.851,4.439,4.257,0.0019,76.38,75.6,0.536,0.536,0.0,22.76
115.344,-0.8527,2.761,3.582,-0.0694,76.36,75.6,0.537,0.537,0.0,22.6
115.398,-0.8509,2.5,3.088,0.0016,76.17,75.6,0.557,0.557,0.0,25.93
115.442,-0.848,2.543,2.991,0.0383,76.02,75.6,0.573,0.573,0.0,19.74
115.499,-0.8433,3.528,3.298,0.053,76.12,75.6,0.562,0.562,0.0,26.19
115.546,-0.8446,2.185,3.103,-0.0593,76.35,75.6,0.538,0.538,0.0,23.41
115.601,-0.8411,3.323,3.052,0.0132,76.44,75.6,0.528,0.528,0.0,27.11
115.648,-0.8375,4.012,3.316,0.0421,76.25,75.6,0.549,0.549,0.0,24.48
115.698,-0.8398,2.911,3.186,-0.0456,76.1,75.6,0.566,0.566,0.0,23.75
115.748,-0.8383,3.265,3.106,0.0022,76.13,75.6,0.561,0.561,0.0,23.83
115.8,-0.836,3.933,3.414,0.0515,76.27,75.6,0.547,0.547,0.0,24.79
115.85,-0.8386,2.864,3.354,-0.0406,76.37,75.6,0.537,0.537,0.0,24.16
115.9,-0.8385,3.466,3.493,0.0256,76.35,75.6,0.538,0.538,0.0,24.38
115.951,-0.838,5.191,4.054,0.0638,76.19,75.6,0.555,0.555,0.0,24.94
115.998,-0.842,4.066,4.135,-0.0475,76.04,75.6,0.572,0.572,0.0,21.54
116.054,-0.8435,4.41,4.186,-0.0012,76.12,75.6,0.562,0.562,0.0,26.83
116.106,-0.8448,5.115,4.292,0.0093,76.35,75.6,0.539,0.539,0.0,28.78
116.152,-0.8476,3.849,3.971,-0.0559,76.44,75.6,0.528,0.528,0.0,24.86
116.204,-0.8484,3.529,3.701,-0.004,76.26,75.6,0.548,0.548,0.0,26.33
116.252,-0.8481,3.575,3.657,0.0221,76.09,75.6,0.566,0.566,0.0,24.21
116.303,-0.8461,4.399,3.929,0.0425,76.13,75.6,0.561,0.561,0.0,24.95
116.354,-0.849,3.127,3.738,-0.0551,76.28,75.6,0.546,0.546,0.0,25.08
116.405,-0.8477,3.512,3.79,0.0273,76.38,75.6,0.536,0.536,0.0,25.84
116.453,-0.8463,4.823,4.139,0.0433,76.38,75.6,0.535,0.535,0.0,24.14
116.505,-0.8489,3.498,3.98,-0.0587,76.19,75.6,0.555,0.555,0.0,25.38
116.553,-0.848,4.294,3.797,-0.009,76.05,75.6,0.571,0.571,0.0,23.03
116.607,-0.8464,3.7,3.659,-0.0001,76.13,75.6,0.562,0.562,0.0,26.06
116.65,-0.8475,2.349,3.144,-0.0575,76.33,75.6,0.541,0.541,0.0,19.32
116.706,-0.8455,2.266,2.661,-0.0134,76.39,75.6,0.533,0.533,0.0,24.89
116.756,-0.842,2.756,2.597,0.0416,76.23,75.6,0.551,0.551,0.0,24.34
116.806,-0.8381,3.325,3.024,0.0663,76.09,75.6,0.567,0.567,0.0,23.79
116.855,-0.841,2.322,3.035,-0.0432,76.13,75.6,0.561,0.561,0.0,23.03
116.907,-0.8396,3.577,3.313,0.0378,76.29,75.6,0.545,0.545,0.0,24.96
116.959,-0.8382,5.444,3.954,0.0603,76.4,75.6,0.533,0.533,0.0,26.55
117.007,-0.844,4.314,4.064,-0.0518,76.38,75.6,0.536,0.536,0.0,23.4
117.057,-0.8461,4.898,4.246,0.014,76.19,75.6,0.555,0.555,0.0,23.44
117.108,-0.8485,5.092,4.588,0.0286,76.05,75.6,0.571,0.571,0.0,24.1
117.158,-0.854,3.844,4.442,-0.0562,76.13,75.6,0.561,0.561,0.0,23.62
117.209,-0.8565,4.861,4.379,0.0066,76.32,75.6,0.542,0.542,0.0,24.83
117.258,-0.8582,4.784,4.579,0.0345,76.4,75.6,0.533,0.533,0.0,23.38
117.308,-0.8633,3.499,4.345,-0.0537,76.27,75.6,0.547,0.547,0.0,22.83
117.36,-0.8656,4.29,4.159,-0.0013,76.11,75.6,0.565,0.565,0.0,24.4
117.411,-0.8664,4.704,4.338,0.0444,76.14,75.6,0.56,0.56,0.0,25.52
117.457,-0.8667,4.916,4.749,0.0386,76.27,75.6,0.547,0.547,0.0,20.91
117.508,-0.8715,3.528,4.58,-0.0667,76.37,75.6,0.537,0.537,0.0,22.03
117.563,-0.8715,4.555,4.555,0.0143,76.36,75.6,0.537,0.537,0.0,26.52
117.607,-0.87,5.354,4.765,0.0318,76.17,75.6,0.557,0.557,0.0,19.74
117.664,-0.8733,3.857,4.455,-0.0652,76.03,75.6,0.572,0.572,0.0,25.98
117.717,-0.8718,4.071,4.067,-0.0217,76.12,75.6,0.562,0.562,0.0,29.81
117.758,-0.8686,3.398,3.897,0.0168,76.33,75.6,0.541,0.541,0.0,20.01
117.814,-0.8684,1.89,3.353,-0.0581,76.4,75.6,0.533,0.533,0.0,25.68
117.862,-0.8642,2.304,2.945,-0.0,76.2,75.6,0.554,0.554,0.0,23.29
117.916,-0.8581,3.214,2.974,0.0469,76.04,75.6,0.571,0.571,0.0,26.89
117.966,-0.8563,1.997,2.676,-0.0447,76.11,75.6,0.563,0.563,0.0,26.81
118.016,-0.8513,2.417,2.51,0.008,76.32,75.6,0.542,0.542,0.0,26.36
118.068,-0.8462,2.847,2.594,0.0292,76.43,75.6,0.529,0.529,0.0,27.84
118.114,-0.8442,1.665,2.305,-0.0492,76.3,75.6,0.544,0.544,0.0,23.4
118.164,-0.8404,2.356,2.189,0.0142,76.13,75.6,0.561,0.561,0.0,22.73
118.218,-0.8361,3.085,2.539,0.0609,76.12,75.6,0.562,0.562,0.0,27.0
118.264,-0.8359,2.214,2.569,-0.0324,76.21,75.6,0.553,0.553,0.0,22.38
118.317,-0.8342,3.103,2.87,0.0388,76.33,75.6,0.541,0.541,0.0,25.09
118.365,-0.8328,4.562,3.526,0.0602,76.35,75.6,0.539,0.539,0.0,23.23
118.418,-0.8321,5.827,4.202,0.0256,76.15,75.6,0.559,0.559,0.0,25.29
118.463,-0.8368,4.869,4.305,-0.0563,76.0,75.6,0.575,0.575,0.0,20.64
118.517,-0.838,4.72,4.298,-0.0119,76.12,75.6,0.563,0.563,0.0,24.32
118.567,-0.8388,4.368,4.403,0.0155,76.37,75.6,0.537,0.537,0.0,23.81
118.618,-0.8416,3.187,4.133,-0.0487,76.44,75.6,0.529,0.529,0.0,24.74
118.664,-0.8412,3.994,4.027,0.0135,76.26,75.6,0.547,0.547,0.0,20.32
118.721,-0.8395,4.445,4.261,0.0438,76.12,75.6,0.562,0.562,0.0,26.69
118.767,-0.8407,3.13,4.046,-0.0545,76.15,75.6,0.559,0.559,0.0,22.81
118.82,-0.8392,3.647,3.928,0.0061,76.25,75.6,0.549,0.549,0.0,25.43
118.869,-0.8362,4.047,4.037,0.0276,76.34,75.6,0.54,0.54,0.0,24.56
118.921,-0.8323,4.399,4.112,-0.0009,76.33,75.6,0.541,0.541,0.0,26.85
118.967,-0.8307,3.048,3.688,-0.0671,76.14,75.6,0.561,0.561,0.0,22.18
119.021,-0.825,2.844,3.268,-0.0143,76.01,75.6,0.575,0.575,0.0,25.94
119.07,-0.8181,2.339,3.03,0.0107,76.13,75.6,0.561,0.561,0.0,24.33
119.118,-0.8118,1.005,2.477,-0.0522,76.36,75.6,0.537,0.537,0.0,21.64
119.171,-0.8021,1.02,2.005,-0.0081,76.42,75.6,0.53,0.53,0.0,24.72
119.22,-0.792,1.641,1.662,0.0016,76.22,75.6,0.552,0.552,0.0,23.67
119.269,-0.7836,0.666,1.131,-0.0383,76.09,75.6,0.567,0.567,0.0,22.05
119.323,-0.7729,0.617,0.677,-0.0077,76.15,75.6,0.559,0.559,0.0,25.21
119.372,-0.7621,-0.406,0.447,0.0154,76.3,75.6,0.544,0.544,0.0,24.41
119.423,-0.7513,0.564,0.503,0.032,76.37,75.6,0.537,0.537,0.0,25.0
119.472,-0.744,-0.031,0.38,-0.0231,76.31,75.6,0.542,0.542,0.0,23.32
119.523,-0.735,1.206,0.596,0.043,76.14,75.6,0.561,0.561,0.0,23.77
119.572,-0.7279,1.992,1.091,0.0466,76.08,75.6,0.568,0.568,0.0,23.47
119.625,-0.7258,1.464,1.268,-0.0271,76.17,75.6,0.557,0.557,0.0,25.09
119.673,-0.7229,2.499,1.528,0.0177,76.34,75.6,0.54,0.54,0.0,23.08
119.725,-0.7204,3.103,2.126,0.0562,76.38,75.6,0.535,0.535,0.0,24.47
119.774,-0.7194,4.015,2.916,0.0478,76.18,75.6,0.556,0.556,0.0,23.24
119.823,-0.7235,3.44,3.26,-0.0347,76.03,75.6,0.572,0.572,0.0,21.67
119.879,-0.7247,5.024,3.743,0.0313,76.14,75.6,0.56,0.56,0.0,27.73
119.926,-0.7268,5.397,4.448,0.0478,76.35,75.6,0.538,0.538,0.0,24.41
119.979,-0.7335,4.515,4.669,-0.0429,76.42,75.6,0.531,0.531,0.0,26.22
120.024,-0.7371,5.091,4.78,-0.0078,76.21,75.6,0.553,0.553,0.0,20.84
120.077,-0.7397,5.673,4.955,0.0129,76.08,75.6,0.568,0.568,0.0,23.89
120.128,-0.7417,5.263,5.059,-0.0038,76.15,75.6,0.559,0.559,0.0,25.15
120.177,-0.7453,3.856,4.651,-0.0678,76.31,75.6,0.543,0.543,0.0,23.9
120.244,-0.7449,3.395,4.169,-0.0247,76.37,75.6,0.536,0.536,0.0,40.62
120.277,-0.7417,3.429,3.814,0.001,76.31,75.6,0.543,0.543,0.0,22.86
120.327,-0.7401,2.015,3.155,-0.0549,76.15,75.6,0.559,0.559,0.0,22.5
120.378,-0.7344,1.727,2.61,-0.007,76.1,75.6,0.564,0.564,0.0,23.88
120.429,-0.7273,1.531,2.256,0.0076,76.19,75.6,0.555,0.555,0.0,24.72
120.477,-0.7218,0.305,1.645,-0.0483,76.31,75.6,0.543,0.543,0.0,22.48
120.53,-0.7133,0.767,1.205,0.0026,76.36,75.6,0.538,0.538,0.0,24.69
120.585,-0.704,0.637,1.071,0.0273,76.25,75.6,0.548,0.548,0.0,30.1
120.63,-0.6948,1.206,1.08,0.0154,76.09,75.6,0.567,0.567,0.0,25.12
120.675,-0.6891,0.436,0.826,-0.0364,76.12,75.6,0.562,0.562,0.0,20.08
120.727,-0.6817,0.992,0.734,0.0137,76.25,75.6,0.549,0.549,0.0,20.74
120.782,-0.6736,1.406,1.005,0.0475,76.37,75.6,0.537,0.537,0.0,26.0
120.831,-0.671,0.771,1.039,-0.0237,76.35,75.6,0.539,0.539,0.0,24.12
120.881,-0.6664,1.686,1.299,0.0329,76.16,75.6,0.558,0.558,0.0,24.6
120.932,-0.6625,3.006,1.92,0.0595,76.01,75.6,0.574,0.574,0.0,24.49
120.981,-0.6639,2.425,2.199,-0.0262,76.1,75.6,0.564,0.564,0.0,23.18
121.036,-0.6643,3.462,2.515,0.0151,76.33,75.6,0.541,0.541,0.0,27.9
121.085,-0.6657,4.037,3.009,0.0357,76.46,75.6,0.527,0.527,0.0,27.18
121.131,-0.6669,4.462,3.543,0.023,76.28,75.6,0.546,0.546,0.0,23.37
121.182,-0.6726,3.713,3.647,-0.0414,76.12,75.6,0.562,0.562,0.0,23.84
121.241,-0.6752,4.432,3.783,0.0082,76.14,75.6,0.56,0.56,0.0,32.68
121.293,-0.6771,4.451,4.061,0.0245,76.24,75.6,0.55,0.55,0.0,33.78
121.343,-0.6827,3.488,3.964,-0.0426,76.35,75.6,0.538,0.538,0.0,33.53
121.4,-0.6854,3.921,3.867,-0.0035,76.39,75.6,0.533,0.533,0.0,39.93
121.438,-0.6867,4.452,3.937,0.02,76.23,75.6,0.551,0.551,0.0,27.35
121.497,-0.691,3.221,3.624,-0.0511,76.05,75.6,0.571,0.571,0.0,36.16
121.552,-0.692,3.071,3.324,-0.009,76.08,75.6,0.568,0.568,0.0,40.97
121.596,-0.6923,2.881,3.228,0.018,76.25,75.6,0.549,0.549,0.0,35.04
121.647,-0.6908,3.524,3.333,0.0247,76.43,75.6,0.53,0.53,0.0,35.99
121.685,-0.6935,2.272,3.016,-0.0553,76.48,75.6,0.524,0.524,0.0,23.07
121.736,-0.6921,2.847,2.818,0.0057,76.31,75.6,0.542,0.542,0.0,23.75
121.782,-0.6902,3.126,2.891,0.0308,76.12,75.6,0.564,0.564,0.0,19.75
121.836,-0.6918,2.01,2.622,-0.0453,76.08,75.6,0.568,0.568,0.0,22.56
121.886,-0.6903,2.333,2.465,0.0063,76.2,75.6,0.554,0.554,0.0,22.54
121.939,-0.688,3.058,2.672,0.0454,76.35,75.6,0.538,0.538,0.0,25.06
121.986,-0.6896,1.967,2.523,-0.0425,76.38,75.6,0.535,0.535,0.0,22.33
122.035,-0.6884,2.536,2.543,0.0184,76.18,75.6,0.556,0.556,0.0,21.29
122.087,-0.6869,3.659,2.938,0.0529,76.04,75.6,0.572,0.572,0.0,22.42
122.136,-0.6892,2.67,2.945,-0.0403,76.13,75.6,0.561,0.561,0.0,21.49
122.19,-0.6894,3.286,2.947,-0.0004,76.32,75.6,0.542,0.542,0.0,24.61
122.239,-0.689,3.811,3.138,0.0263,76.38,75.6,0.535,0.535,0.0,23.51
122.29,-0.692,2.854,2.999,-0.0393,76.24,75.6,0.55,0.55,0.0,24.53
122.337,-0.6926,2.9,2.992,0.0134,76.1,75.6,0.565,0.565,0.0,21.14
122.391,-0.6928,3.695,3.276,0.0405,76.15,75.6,0.559,0.559,0.0,24.55
122.44,-0.6959,2.791,3.221,-0.0375,76.28,75.6,0.546,0.546,0.0,22.8
122.491,-0.6972,3.619,3.273,0.013,76.37,75.6,0.537,0.537,0.0,23.78
122.542,-0.6982,4.145,3.553,0.0337,76.34,75.6,0.54,0.54,0.0,24.16
122.592,-0.699,4.436,3.863,0.0141,76.15,75.6,0.559,0.559,0.0,23.05
122.641,-0.7034,3.34,3.695,-0.0561,76.0,75.6,0.575,0.575,0.0,22.2
122.693,-0.7036,3.626,3.598,0.004,76.11,75.6,0.563,0.563,0.0,24.0
122.74,-0.7026,3.67,3.705,0.0252,76.34,75.6,0.54,0.54,0.0,20.47
122.793,-0.7049,2.43,3.411,-0.0521,76.4,75.6,0.533,0.533,0.0,23.65
122.84,-0.7034,3.302,3.271,0.0111,76.22,75.6,0.552,0.552,0.0,19.9
122.894,-0.7007,3.519,3.383,0.0302,76.07,75.6,0.569,0.569,0.0,23.56
122.943,-0.7017,2.356,3.115,-0.049,76.13,75.6,0.561,0.561,0.0,22.5
122.996,-0.6992,2.723,2.892,-0.0033,76.3,75.6,0.544,0.544,0.0,25.11
123.042,-0.6954,2.893,2.927,0.0284,76.4,75.6,0.533,0.533,0.0,21.31
123.094,-0.6945,1.737,2.628,-0.0455,76.33,75.6,0.541,0.541,0.0,22.65
123.146,-0.6907,2.054,2.426,0.0031,76.13,75.6,0.561,0.561,0.0,23.41
123.193,-0.6855,2.511,2.445,0.0238,76.02,75.6,0.574,0.574,0.0,20.2
123.248,-0.6828,1.466,2.155,-0.0424,76.13,75.6,0.561,0.561,0.0,24.87
123.299,-0.6776,2.011,1.972,0.0046,76.35,75.6,0.539,0.539,0.0,25.57
123.349,-0.6721,1.898,2.025,0.0267,76.45,75.6,0.527,0.527,0.0,25.26
123.397,-0.669,1.035,1.818,-0.0345,76.25,75.6,0.549,0.549,0.0,23.05
123.447,-0.6641,1.643,1.75,0.0122,76.09,75.6,0.567,0.567,0.0,22.47
123.499,-0.6582,2.394,1.989,0.0404,76.12,75.6,0.562,0.562,0.0,24.98
123.549,-0.653,2.628,2.225,0.0081,76.25,75.6,0.549,0.549,0.0,24.54
123.596,-0.6511,1.856,2.093,-0.0432,76.38,75.6,0.536,0.536,0.0,21.0
123.65,-0.6463,2.27,1.962,-0.0046,76.37,75.6,0.537,0.537,0.0,24.34
123.701,-0.6411,2.06,1.982,0.0166,76.16,75.6,0.558,0.558,0.0,25.22
123.75,-0.6392,1.475,1.839,-0.022,76.01,75.6,0.574,0.574,0.0,23.95
123.795,-0.6354,1.847,1.785,0.0073,76.11,75.6,0.563,0.563,0.0,19.05
123.851,-0.63,2.302,2.018,0.0383,76.33,75.6,0.541,0.541,0.0,23.74
123.898,-0.6296,1.545,1.982,-0.0296,76.39,75.6,0.533,0.533,0.0,21.23
123.947,-0.6266,2.424,2.024,0.0098,76.21,75.6,0.553,0.553,0.0,19.45
123.999,-0.6235,2.856,2.268,0.0295,76.06,75.6,0.57,0.57,0.0,21.48
124.048,-0.6238,2.13,2.231,-0.0307,76.14,75.6,0.56,0.56,0.0,20.02
124.098,-0.6221,2.312,2.284,0.0113,76.32,75.6,0.542,0.541,0.0,19.64
124.153,-0.6202,3.091,2.58,0.0357,76.36,75.6,0.537,0.537,0.0,24.72
124.202,-0.6214,2.327,2.573,-0.0319,76.21,75.6,0.553,0.553,0.0,22.76
124.256,-0.6207,3.029,2.636,0.0095,76.06,75.6,0.57,0.57,0.0,26.43
124.301,-0.62,3.29,2.819,0.019,76.11,75.6,0.563,0.563,0.0,21.48
124.352,-0.6216,2.423,2.681,-0.0384,76.28,75.6,0.546,0.546,0.0,22.12
124.405,-0.6213,2.547,2.531,-0.0066,76.38,75.6,0.536,0.535,0.0,24.54
124.455,-0.6199,2.833,2.583,0.023,76.36,75.6,0.538,0.538,0.0,23.59
124.501,-0.6209,2.006,2.396,-0.0316,76.17,75.6,0.557,0.557,0.0,19.63
124.555,-0.6202,2.207,2.323,0.0094,76.03,75.6,0.573,0.573,0.0,22.9
124.602,-0.6189,2.948,2.5,0.0324,76.12,75.6,0.562,0.562,0.0,19.58
124.652,-0.6171,3.376,2.827,0.0271,76.31,75.6,0.543,0.543,0.0,19.71
124.707,-0.62,2.425,2.74,-0.0465,76.38,75.6,0.536,0.536,0.0,24.29
124.753,-0.6194,2.876,2.688,0.0019,76.29,75.6,0.545,0.545,0.0,20.59
124.804,-0.6182,3.458,2.839,0.0264,76.13,75.6,0.561,0.561,0.0,20.78
124.862,-0.6212,2.611,2.706,-0.0344,76.14,75.6,0.56,0.56,0.0,27.96
124.908,-0.621,2.682,2.687,0.0113,76.23,75.6,0.551,0.551,0.0,23.48
124.962,-0.6202,3.357,2.947,0.0383,76.32,75.6,0.542,0.542,0.0,27.53
125.009,-0.6237,2.453,2.876,-0.0371,76.34,75.6,0.539,0.539,0.0,23.85
125.061,-0.6239,3.223,2.986,0.0227,76.2,75.6,0.554,0.554,0.0,25.69
125.107,-0.6239,3.983,3.425,0.0498,76.03,75.6,0.572,0.572,0.0,21.6
125.158,-0.6282,2.937,3.43,-0.0452,76.1,75.6,0.565,0.565,0.0,22.7
125.21,-0.6291,3.512,3.39,-0.006,76.29,75.6,0.545,0.545,0.0,24.23
125.261,-0.6288,4.017,3.48,0.0166,76.4,75.6,0.532,0.532,0.0,25.61
125.308,-0.6316,2.954,3.232,-0.044,76.39,75.6,0.534,0.534,0.0,21.99
125.36,-0.631,2.74,3.012,-0.0047,76.2,75.6,0.554,0.554,0.0,23.7
125.441,-0.6292,2.805,3.002,0.0217,76.04,75.6,0.572,0.572,0.0,53.22
125.475,-0.6296,1.67,2.67,-0.0453,76.08,75.6,0.568,0.568,0.0,33.77
125.529,-0.6271,2.127,2.461,0.0056,76.22,75.6,0.552,0.552,0.0,37.77
125.577,-0.6236,2.73,2.519,0.03,76.39,75.6,0.533,0.533,0.0,36.1
125.619,-0.6224,1.67,2.255,-0.0429,76.45,75.6,0.528,0.528,0.0,28.1
125.666,-0.6189,1.664,2.019,-0.0054,76.26,75.6,0.548,0.548,0.0,24.73
125.714,-0.6146,1.909,1.958,0.0162,76.1,75.6,0.566,0.566,0.0,22.47
125.768,-0.6112,1.091,1.688,-0.0313,76.13,75.6,0.562,0.561,0.0,25.4
125.818,-0.6067,1.195,1.472,-0.002,76.26,75.6,0.548,0.548,0.0,25.2
125.868,-0.6017,1.842,1.463,0.0215,76.36,75.6,0.538,0.538,0.0,24.83
125.918,-0.5964,1.783,1.591,0.0187,76.36,75.6,0.537,0.537,0.0,24.18
125.967,-0.5956,1.067,1.446,-0.0336,76.15,75.6,0.559,0.559,0.0,23.31
126.018,-0.5918,1.742,1.442,0.0145,76.01,75.6,0.575,0.575,0.0,24.0
126.067,-0.5878,2.08,1.671,0.0325,76.11,75.6,0.564,0.564,0.0,22.06
126.116,-0.5885,1.557,1.691,-0.0213,76.35,75.6,0.539,0.539,0.0,21.34
126.173,-0.5874,2.335,1.851,0.0204,76.4,75.6,0.532,0.532,0.0,28.32
126.218,-0.5865,2.905,2.339,0.0512,76.19,75.6,0.555,0.555,0.0,22.5
126.268,-0.5894,2.37,2.546,-0.022,76.05,75.6,0.571,0.57,0.0,22.16
126.322,-0.591,3.339,2.823,0.0168,76.13,75.6,0.562,0.562,0.0,25.55
126.37,-0.5926,4.192,3.251,0.031,76.32,75.6,0.542,0.542,0.0,23.46
126.421,-0.5948,4.55,3.673,0.014,76.4,75.6,0.533,0.533,0.0,24.06
126.467,-0.6001,3.643,3.642,-0.0485,76.25,75.6,0.549,0.549,0.0,19.92
126.521,-0.603,3.593,3.548,-0.0098,76.1,75.6,0.566,0.566,0.0,23.15
126.575,-0.6042,3.794,3.561,0.0116,76.13,75.6,0.561,0.561,0.0,25.71
126.62,-0.6071,2.751,3.264,-0.0427,76.27,75.6,0.547,0.547,0.0,21.03
126.671,-0.6078,2.666,2.981,-0.0085,76.36,75.6,0.537,0.537,0.0,21.67
126.72,-0.6074,2.863,2.903,0.0188,76.33,75.6,0.541,0.541,0.0,20.23
126.771,-0.606,3.01,2.993,0.0206,76.13,75.6,0.561,0.561,0.0,20.91
126.821,-0.608,1.908,2.706,-0.0494,75.99,75.6,0.577,0.577,0.0,20.99
126.875,-0.6061,2.466,2.504,0.0018,76.12,75.6,0.563,0.563,0.0,24.03
126.921,-0.6037,2.616,2.537,0.0259,76.37,75.6,0.536,0.536,0.0,19.9
126.976,-0.6046,1.659,2.291,-0.0379,76.43,75.6,0.529,0.529,0.0,25.13
127.023,-0.6029,1.973,2.142,0.005,76.23,75.6,0.551,0.551,0.0,21.88
127.075,-0.6003,2.524,2.274,0.0341,76.07,75.6,0.569,0.569,0.0,23.75
127.125,-0.6008,1.603,2.114,-0.0362,76.12,75.6,0.562,0.562,0.0,23.08
127.176,-0.5994,2.124,2.075,0.0112,76.27,75.6,0.547,0.546,0.0,23.24
127.226,-0.598,2.644,2.31,0.0369,76.37,75.6,0.536,0.536,0.0,23.16
127.28,-0.5966,3.246,2.636,0.021,76.34,75.6,0.539,0.539,0.0,26.68
127.326,-0.5986,2.501,2.599,-0.0394,76.14,75.6,0.56,0.56,0.0,22.72
127.378,-0.5983,2.997,2.645,0.0104,76.0,75.6,0.576,0.576,0.0,24.3
127.431,-0.5977,2.988,2.9,0.0308,76.1,75.6,0.565,0.565,0.0,26.77
127.479,-0.5998,2.157,2.839,-0.0354,76.35,75.6,0.538,0.538,0.0,24.38
127.531,-0.5995,3.021,2.834,0.0058,76.44,75.6,0.528,0.528,0.0,26.38
127.577,-0.5983,3.408,3.026,0.0272,76.23,75.6,0.551,0.551,0.0,22.93
127.629,-0.6001,2.449,2.88,-0.0404,76.07,75.6,0.569,0.569,0.0,24.16
127.675,-0.5994,2.692,2.744,-0.0037,76.12,75.6,0.562,0.562,0.0,19.58
127.728,-0.5976,2.595,2.766,0.0173,76.29,75.6,0.544,0.544,0.0,22.1
127.781,-0.5951,3.088,2.871,0.0123,76.39,75.6,0.535,0.535,0.0,24.88
127.829,-0.595,2.083,2.614,-0.0468,76.32,75.6,0.542,0.542,0.0,22.84
127.882,-0.5913,2.244,2.449,0.0039,76.14,75.6,0.56,0.56,0.0,25.0
127.927,-0.5876,2.262,2.397,0.01,76.01,75.6,0.574,0.574,0.0,19.34
127.98,-0.5848,1.387,2.092,-0.0373,76.12,75.6,0.562,0.562,0.0,22.77
128.031,-0.5803,1.521,1.86,-0.0003,76.34,75.6,0.539,0.539,0.0,22.85
128.081,-0.5746,1.585,1.788,0.0143,76.4,75.6,0.532,0.532,0.0,23.24
128.134,-0.5705,0.825,1.518,-0.0303,76.2,75.6,0.554,0.554,0.0,25.67
128.182,-0.5647,1.138,1.347,0.0046,76.03,75.6,0.573,0.573,0.0,23.44
128.234,-0.5582,1.266,1.379,0.0223,76.09,75.6,0.565,0.565,0.0,24.56
128.28,-0.5517,1.569,1.515,0.0156,76.31,75.6,0.543,0.543,0.0,20.56
128.333,-0.5474,0.898,1.386,-0.0322,76.39,75.6,0.533,0.533,0.0,23.25
128.384,-0.5408,1.265,1.288,-0.0003,76.29,75.6,0.545,0.545,0.0,23.39
128.436,-0.534,1.428,1.329,0.0161,76.11,75.6,0.564,0.564,0.0,25.27
128.481,-0.5283,0.814,1.183,-0.0246,76.12,75.6,0.562,0.562,0.0,19.44
128.536,-0.5217,0.72,1.063,-0.0016,76.24,75.6,0.55,0.55,0.0,24.39
128.587,-0.5148,1.077,1.01,0.0052,76.33,75.6,0.54,0.54,0.0,25.2
128.635,-0.5081,0.606,0.836,-0.0189,76.35,75.6,0.539,0.539,0.0,22.77
128.687,-0.5013,0.634,0.707,0.0003,76.15,75.6,0.559,0.559,0.0,24.06
128.739,-0.4946,0.638,0.688,0.011,75.99,75.6,0.577,0.577,0.0,26.08
128.788,-0.4869,0.816,0.786,0.0155,76.09,75.6,0.566,0.566,0.0,25.3
128.833,-0.4816,0.32,0.703,-0.0218,76.35,75.6,0.539,0.539,0.0,19.83
128.889,-0.4753,1.017,0.727,0.012,76.43,75.6,0.53,0.53,0.0,25.71
128.939,-0.4687,0.97,0.864,0.0167,76.22,75.6,0.552,0.552,0.0,25.41
128.982,-0.4648,0.765,0.899,-0.0095,76.06,75.6,0.569,0.569,0.0,18.19
129.038,-0.4597,1.271,0.938,0.0018,76.11,75.6,0.563,0.563,0.0,23.7
129.089,-0.4549,1.163,0.989,0.0031,76.28,75.6,0.546,0.546,0.0,23.74
129.137,-0.4513,0.921,0.949,-0.0111,76.39,75.6,0.533,0.533,0.0,21.7
129.188,-0.4477,1.214,0.937,0.0027,76.37,75.6,0.537,0.537,0.0,21.88
129.235,-0.4439,1.065,1.036,0.015,76.17,75.6,0.557,0.557,0.0,18.93
129.287,-0.4405,1.593,1.182,0.0101,76.02,75.6,0.573,0.573,0.0,20.59
129.337,-0.4385,1.302,1.182,-0.0153,76.12,75.6,0.563,0.563,0.0,19.88
129.386,-0.4358,1.509,1.242,0.0083,76.31,75.6,0.543,0.542,0.0,19.23
129.439,-0.4331,1.667,1.449,0.0227,76.39,75.6,0.533,0.533,0.0,21.31
129.489,-0.4329,1.187,1.457,-0.0206,76.28,75.6,0.546,0.546,0.0,21.02
129.537,-0.4312,1.727,1.532,0.0096,76.13,75.6,0.562,0.562,0.0,19.5
129.588,-0.429,2.244,1.79,0.0282,76.14,75.6,0.56,0.56,0.0,19.85
129.639,-0.4297,1.746,1.835,-0.0208,76.24,75.6,0.55,0.55,0.0,20.25
129.693,-0.4289,1.951,1.856,-0.0017,76.32,75.6,0.542,0.542,0.0,24.6
129.74,-0.4275,2.202,1.963,0.0126,76.33,75.6,0.541,0.541,0.0,21.48
129.789,-0.4274,1.666,1.884,-0.0221,76.19,75.6,0.555,0.555,0.0,19.86
129.843,-0.4261,1.734,1.798,-0.0038,76.05,75.6,0.571,0.571,0.0,23.47
129.896,-0.4242,1.878,1.783,0.007,76.12,75.6,0.562,0.562,0.0,26.22
129.945,-0.422,1.828,1.79,0.0024,76.3,75.6,0.544,0.544,0.0,25.04
129.991,-0.421,1.198,1.587,-0.029,76.41,75.6,0.532,0.532,0.0,20.26
130.046,-0.4182,1.178,1.42,-0.0021,76.34,75.6,0.54,0.54,0.0,25.57
130.094,-0.4148,1.557,1.449,0.0216,76.15,75.6,0.56,0.56,0.0,23.67
130.144,-0.4132,1.059,1.344,-0.0177,75.99,75.6,0.577,0.577,0.0,23.27
130.196,-0.4103,1.068,1.317,0.0073,76.11,75.6,0.564,0.564,0.0,24.51
130.248,-0.4068,1.66,1.452,0.0215,76.33,75.6,0.541,0.541,0.0,26.37
130.297,-0.405,1.234,1.431,-0.0169,76.43,75.6,0.529,0.529,0.0,25.3
130.344,-0.4024,1.399,1.439,0.0032,76.24,75.6,0.55,0.55,0.0,22.12
130.397,-0.3996,1.838,1.518,0.0104,76.1,75.6,0.566,0.566,0.0,25.29
130.445,-0.3974,1.454,1.46,-0.0166,76.13,75.6,0.561,0.561,0.0,22.23
130.497,-0.395,1.22,1.457,0.0058,76.25,75.6,0.549,0.549,0.0,24.6
130.549,-0.3915,1.305,1.548,0.0131,76.35,75.6,0.538,0.538,0.0,26.04
130.601,-0.3874,2.065,1.66,0.006,76.36,75.6,0.538,0.538,0.0,27.3
130.65,-0.3845,1.592,1.574,-0.0237,76.16,75.6,0.558,0.558,0.0,26.08
130.701,-0.3801,1.168,1.438,-0.01,76.01,75.6,0.575,0.575,0.0,26.74
130.753,-0.375,0.708,1.2,-0.0189,76.1,75.6,0.565,0.565,0.0,28.64
130.798,-0.3696,0.214,0.866,-0.0217,76.32,75.6,0.541,0.541,0.0,23.37
130.852,-0.3625,0.347,0.544,-0.0101,76.44,75.6,0.529,0.529,0.0,26.72
130.903,-0.3547,-0.425,0.266,-0.0049,76.3,75.6,0.544,0.544,0.0,27.87
130.947,-0.3476,-0.836,-0.044,-0.0143,76.12,75.6,0.562,0.562,0.0,21.37
131.0,-0.3394,-0.462,-0.27,0.001,76.1,75.6,0.564,0.564,0.0,23.65
131.05,-0.3308,-0.514,-0.265,0.0243,76.21,75.6,0.553,0.553,0.0,23.52
131.098,-0.3232,-0.675,-0.275,-0.0018,76.32,75.6,0.542,0.542,0.0,21.07
131.152,-0.3156,-0.369,-0.279,0.0004,76.35,75.6,0.539,0.539,0.0,24.78
131.201,-0.3085,0.34,-0.194,0.0123,76.22,75.6,0.552,0.552,0.0,23.27
131.249,-0.3025,-0.23,-0.109,0.003,76.05,75.6,0.57,0.57,0.0,20.35
131.299,-0.2981,-0.296,-0.084,-0.0055,76.12,75.6,0.562,0.562,0.0,19.64
131.355,-0.294,0.181,-0.125,-0.0083,76.3,75.6,0.544,0.544,0.0,26.17
131.406,-0.2886,0.333,-0.059,0.0134,76.39,75.6,0.535,0.535,0.0,26.08
131.452,-0.2856,0.311,0.009,0.0027,76.34,75.6,0.539,0.539,0.0,22.37
131.506,-0.2828,-0.11,0.088,0.0039,76.15,75.6,0.559,0.559,0.0,25.81
131.554,-0.2803,0.95,0.27,0.0171,76.0,75.6,0.576,0.576,0.0,23.52
131.603,-0.2792,0.885,0.392,-0.002,76.1,75.6,0.565,0.565,0.0,21.37
131.656,-0.2783,1.061,0.619,0.0191,76.31,75.6,0.543,0.543,0.0,25.18
131.706,-0.2775,1.147,0.861,0.0099,76.43,75.6,0.529,0.529,0.0,24.5
131.752,-0.2775,1.012,0.968,-0.0103,76.32,75.6,0.542,0.542,0.0,20.1
131.807,-0.2781,1.624,1.071,0.0031,76.13,75.6,0.561,0.561,0.0,24.67
131.856,-0.2777,1.639,1.256,0.015,76.03,75.6,0.572,0.572,0.0,23.59
131.904,-0.2794,1.344,1.302,-0.013,76.13,75.6,0.561,0.561,0.0,21.55
131.957,-0.2815,1.598,1.317,-0.0026,76.33,75.6,0.54,0.54,0.0,24.5
132.006,-0.282,1.692,1.516,0.0261,76.39,75.6,0.535,0.535,0.0,22.74
132.056,-0.2837,2.394,1.84,0.0244,76.19,75.6,0.555,0.555,0.0,22.43
132.105,-0.2866,2.053,1.95,-0.0185,76.04,75.6,0.572,0.572,0.0,20.88
132.158,-0.2884,2.088,2.013,-0.0027,76.12,75.6,0.562,0.562,0.0,24.21
132.209,-0.29,2.559,2.073,0.0017,76.32,75.6,0.542,0.542,0.0,24.36
132.26,-0.2924,2.044,1.954,-0.0228,76.42,75.6,0.531,0.531,0.0,24.98
132.31,-0.2932,1.484,1.877,0.0015,76.29,75.6,0.544,0.544,0.0,24.66
132.361,-0.294,1.926,1.864,0.0065,76.14,75.6,0.56,0.56,0.0,25.64
132.405,-0.2949,1.337,1.674,-0.0253,76.12,75.6,0.563,0.563,0.0,19.78
132.46,-0.2944,1.405,1.493,-0.0053,76.19,75.6,0.555,0.555,0.0,24.64
132.51,-0.2933,1.268,1.432,0.0104,76.29,75.6,0.545,0.545,0.0,24.37
132.558,-0.293,0.76,1.252,-0.0187,76.34,75.6,0.539,0.539,0.0,21.82
132.611,-0.2913,0.745,1.154,0.0051,76.31,75.6,0.543,0.543,0.0,25.11
132.661,-0.2893,1.246,1.174,0.013,76.14,75.6,0.56,0.56,0.0,24.61
132.708,-0.2882,0.865,1.078,-0.0154,76.08,75.6,0.568,0.568,0.0,20.79
132.762,-0.2866,1.224,1.03,0.0033,76.17,75.6,0.557,0.557,0.0,24.88
132.811,-0.2843,0.938,1.116,0.0171,76.33,75.6,0.541,0.541,0.0,23.91
132.859,-0.2835,0.507,1.06,-0.0169,76.38,75.6,0.535,0.535,0.0,21.66
132.91,-0.2813,0.728,0.994,-0.0033,76.2,75.6,0.554,0.554,0.0,22.96
132.96,-0.2784,1.468,1.028,0.0116,76.03,75.6,0.573,0.573,0.0,21.72
133.014,-0.276,0.816,1.005,-0.0068,76.11,75.6,0.563,0.563,0.0,25.28
133.059,-0.2738,0.38,0.823,-0.0229,76.31,75.6,0.543,0.543,0.0,20.28
133.112,-0.2706,0.22,0.6,-0.0122,76.39,75.6,0.535,0.535,0.0,23.28
133.165,-0.2662,0.31,0.448,0.0022,76.29,75.6,0.545,0.545,0.0,25.27
133.212,-0.2622,-0.023,0.261,-0.0103,76.12,75.6,0.562,0.562,0.0,22.41
133.268,-0.258,-0.123,0.14,0.0027,76.12,75.6,0.562,0.562,0.0,27.8
133.319,-0.2545,0.19,0.074,0.0035,76.22,75.6,0.552,0.552,0.0,28.78
133.365,-0.2512,0.081,-0.003,-0.0039,76.33,75.6,0.541,0.541,0.0,24.28
133.42,-0.2475,0.132,0.118,0.025,76.34,75.6,0.54,0.54,0.0,29.6
133.466,-0.2443,0.518,0.364,0.0217,76.14,75.6,0.56,0.56,0.0,25.01
133.515,-0.2414,1.552,0.728,0.025,75.99,75.6,0.577,0.577,0.0,23.38
133.566,-0.241,1.385,0.93,-0.0098,76.1,75.6,0.564,0.564,0.0,24.47
133.616,-0.2404,1.033,1.024,-0.008,76.35,75.6,0.539,0.539,0.0,24.29
133.665,-0.2404,1.824,1.18,0.0119,76.45,75.6,0.528,0.528,0.0,22.42
133.714,-0.2395,1.807,1.309,0.0016,76.26,75.6,0.548,0.548,0.0,21.09
133.768,-0.2389,0.957,1.476,0.01,76.12,75.6,0.562,0.562,0.0,24.89
133.821,-0.2394,1.983,1.558,-0.0062,76.14,75.6,0.561,0.561,0.0,28.18
133.874,-0.238,1.793,1.527,-0.0128,76.25,75.6,0.549,0.549,0.0,30.35
133.922,-0.2369,1.54,1.466,-0.0053,76.35,75.6,0.539,0.539,0.0,28.33
133.968,-0.235,0.734,1.3,-0.0169,76.37,75.6,0.536,0.536,0.0,24.03
134.02,-0.232,0.745,1.158,-0.0024,76.18,75.6,0.556,0.556,0.0,25.21
134.066,-0.2275,0.278,0.933,-0.0166,76.02,75.6,0.574,0.574,0.0,21.37
134.116,-0.2222,0.084,0.74,-0.0033,76.11,75.6,0.563,0.563,0.0,21.24
134.168,-0.2163,0.257,0.493,-0.0144,76.33,75.6,0.541,0.541,0.0,22.72
134.219,-0.2097,-0.077,0.202,-0.0148,76.4,75.6,0.532,0.532,0.0,23.05
134.269,-0.2015,-0.77,-0.12,-0.0144,76.26,75.6,0.548,0.548,0.0,22.8
134.319,-0.1934,-1.63,-0.576,-0.03,76.11,75.6,0.565,0.565,0.0,22.57
134.367,-0.183,-1.7,-0.933,-0.0021,76.14,75.6,0.56,0.56,0.0,20.65
134.424,-0.1713,-1.631,-1.279,-0.011,76.26,75.6,0.548,0.548,0.0,27.14
134.474,-0.1612,-2.161,-1.644,-0.0147,76.35,75.6,0.538,0.538,0.0,26.11
134.521,-0.1509,-2.678,-2.004,-0.0119,76.36,75.6,0.537,0.537,0.0,22.82
134.567,-0.1407,-2.505,-2.187,0.012,76.16,75.6,0.558,0.558,0.0,19.53
134.621,-0.1307,-2.328,-2.111,0.0299,76.04,75.6,0.571,0.571,0.0,22.58
134.674,-0.1212,-1.836,-1.896,0.022,76.15,75.6,0.559,0.559,0.0,25.85
134.723,-0.1135,-1.463,-1.638,0.0136,76.34,75.6,0.539,0.539,0.0,24.07
134.773,-0.1067,-0.334,-1.297,0.0206,76.41,75.6,0.531,0.531,0.0,24.57
134.826,-0.1021,-0.634,-0.96,0.0113,76.23,75.6,0.551,0.551,0.0,27.35
134.87,-0.0978,-0.327,-0.645,0.0087,76.06,75.6,0.57,0.57,0.0,20.45
134.924,-0.0948,0.12,-0.429,-0.0028,76.11,75.6,0.563,0.563,0.0,24.5
134.976,-0.0919,0.219,-0.201,0.0092,76.29,75.6,0.545,0.545,0.0,26.25
135.022,-0.0892,0.464,0.05,0.0111,76.39,75.6,0.533,0.533,0.0,21.88
135.076,-0.0865,0.05,0.212,-0.0035,76.37,75.6,0.537,0.537,0.0,25.23
135.127,-0.084,0.841,0.279,-0.0077,76.17,75.6,0.557,0.557,0.0,26.49
135.176,-0.0811,-0.026,0.212,-0.0163,76.01,75.6,0.575,0.575,0.0,24.04
135.222,-0.0785,-0.045,0.146,-0.0023,76.09,75.6,0.567,0.567,0.0,19.96
135.28,-0.0764,-0.068,0.044,-0.0072,76.31,75.6,0.543,0.543,0.0,27.47
135.334,-0.0729,-0.925,-0.174,-0.0199,76.48,75.6,0.525,0.525,0.0,31.13
135.378,-0.0684,-1.001,-0.368,-0.0043,76.42,75.6,0.531,0.531,0.0,24.72
135.43,-0.0638,-0.395,-0.616,-0.0142,76.22,75.6,0.552,0.552,0.0,26.09
135.476,-0.0589,-1.574,-0.928,-0.0178,76.04,75.6,0.572,0.572,0.0,21.8
135.524,-0.053,-1.42,-1.098,0.0091,76.1,75.6,0.564,0.564,0.0,19.58
135.577,-0.0469,-1.578,-1.224,0.0001,76.27,75.6,0.547,0.547,0.0,21.78
135.631,-0.0415,-1.675,-1.37,-0.0073,76.38,75.6,0.535,0.535,0.0,25.36
135.681,-0.0366,-1.164,-1.441,0.0056,76.38,75.6,0.536,0.536,0.0,25.47
135.728,-0.0311,-0.842,-1.367,0.0177,76.19,75.6,0.555,0.555,0.0,22.13
135.781,-0.0272,-1.547,-1.298,0.0019,76.05,75.6,0.57,0.57,0.0,24.96
135.846,-0.024,-1.133,-1.24,0.0008,76.13,75.6,0.561,0.561,0.0,38.15
135.882,-0.0205,-0.795,-1.093,0.0145,76.32,75.6,0.542,0.542,0.0,23.76
135.935,-0.0184,-0.385,-0.969,0.0021,76.4,75.6,0.532,0.532,0.0,26.6
135.984,-0.017,-0.101,-0.818,0.008,76.28,75.6,0.546,0.546,0.0,25.7
136.034,-0.0169,-1.018,-0.656,0.0068,76.1,75.6,0.566,0.566,0.0,25.53
136.08,-0.0175,-0.841,-0.491,0.0061,76.11,75.6,0.563,0.563,0.0,21.1
136.135,-0.0179,0.44,-0.141,0.0315,76.25,75.6,0.549,0.549,0.0,25.95
136.183,-0.019,1.168,0.343,0.031,76.37,75.6,0.537,0.537,0.0,23.28
136.232,-0.0225,1.272,0.707,0.0001,76.37,75.6,0.537,0.537,0.0,22.33
136.283,-0.0262,1.353,0.93,-0.0071,76.19,75.6,0.555,0.555,0.0,22.77
136.334,-0.0304,1.35,0.945,-0.0211,76.03,75.6,0.573,0.573,0.0,24.05
136.383,-0.0336,1.273,0.906,-0.0071,76.12,75.6,0.562,0.562,0.0,21.83
136.436,-0.0365,1.253,0.857,-0.0028,76.32,75.6,0.542,0.542,0.0,24.83
136.484,-0.0385,0.196,0.834,0.0019,76.38,75.6,0.535,0.535,0.0,22.38
136.536,-0.0404,0.75,0.872,0.0078,76.27,75.6,0.546,0.546,0.0,24.23
136.585,-0.0421,0.381,0.789,-0.0157,76.12,75.6,0.563,0.563,0.0,22.7
136.632,-0.0422,0.956,0.737,0.0015,76.14,75.6,0.56,0.56,0.0,19.74
136.683,-0.0431,0.757,0.61,-0.0124,76.25,75.6,0.549,0.549,0.0,19.94
136.734,-0.0438,0.43,0.399,-0.0161,76.33,75.6,0.541,0.541,0.0,20.92
136.783,-0.0431,-0.39,0.23,-0.0015,76.31,75.6,0.542,0.542,0.0,19.34
136.84,-0.0424,-0.313,0.116,0.0018,76.13,75.6,0.562,0.562,0.0,26.05
136.883,-0.0417,-0.567,-0.036,-0.0093,76.03,75.6,0.573,0.573,0.0,19.01
136.936,-0.0401,0.067,-0.032,0.0165,76.15,75.6,0.559,0.559,0.0,21.24
136.989,-0.0384,0.068,0.059,0.0123,76.35,75.6,0.539,0.539,0.0,23.8
137.04,-0.037,0.106,0.107,-0.0028,76.41,75.6,0.531,0.531,0.0,24.04
137.088,-0.0356,0.018,0.089,-0.0076,76.23,75.6,0.551,0.551,0.0,21.85
137.139,-0.0342,0.0,0.035,-0.0056,76.07,75.6,0.568,0.568,0.0,23.62
137.191,-0.0329,0.016,-0.087,-0.0114,76.12,75.6,0.562,0.562,0.0,24.69
137.238,-0.0316,0.02,-0.177,0.0002,76.27,75.6,0.546,0.546,0.0,21.83
137.291,-0.0302,-0.112,-0.249,-0.0005,76.37,75.6,0.537,0.537,0.0,24.51
137.336,-0.0288,-0.676,-0.267,0.0049,76.36,75.6,0.538,0.538,0.0,19.98
137.386,-0.0273,-0.657,-0.266,0.0021,76.17,75.6,0.557,0.557,0.0,19.1
137.437,-0.0259,-0.139,-0.153,0.0156,76.04,75.6,0.572,0.572,0.0,20.16
137.49,-0.0243,0.429,0.058,0.0177,76.13,75.6,0.561,0.561,0.0,22.28
137.537,-0.024,0.402,0.197,-0.0026,76.33,75.6,0.541,0.541,0.0,19.18
137.599,-0.0236,0.443,0.284,-0.0024,76.38,75.6,0.536,0.536,0.0,31.2
137.642,-0.0235,0.442,0.342,-0.0011,76.19,75.6,0.555,0.555,0.0,23.87
137.688,-0.0234,0.367,0.358,-0.0038,76.04,75.6,0.572,0.572,0.0,19.13
137.74,-0.0234,0.27,0.313,-0.008,76.14,75.6,0.56,0.56,0.0,21.51
137.795,-0.0232,0.027,0.192,-0.0121,76.31,75.6,0.542,0.542,0.0,25.48
137.842,-0.0228,0.01,0.098,-0.0006,76.4,75.6,0.533,0.533,0.0,22.67
137.889,-0.0224,-0.024,-0.035,-0.0087,76.28,75.6,0.546,0.546,0.0,19.49
137.939,-0.022,-0.218,-0.134,0.0002,76.14,75.6,0.56,0.56,0.0,19.11
137.99,-0.0216,-0.147,-0.165,0.006,76.17,75.6,0.557,0.557,0.0,19.95
138.04,-0.0212,-0.245,-0.093,0.0132,76.26,75.6,0.548,0.548,0.0,18.94
138.091,-0.0206,0.232,0.115,0.0216,76.34,75.6,0.54,0.54,0.0,20.66
138.143,-0.0202,0.793,0.367,0.0134,76.31,75.6,0.543,0.543,0.0,21.98
138.191,-0.0205,0.842,0.543,-0.0018,76.14,75.6,0.56,0.56,0.0,19.81
138.242,-0.0209,0.846,0.647,-0.004,76.09,75.6,0.567,0.567,0.0,20.2
138.297,-0.0217,0.589,0.636,-0.0123,76.18,75.6,0.556,0.556,0.0,24.92
138.345,-0.022,0.433,0.564,-0.0089,76.32,75.6,0.542,0.542,0.0,22.38
138.398,-0.0222,0.095,0.397,-0.0158,76.36,75.6,0.537,0.537,0.0,25.67
138.449,-0.0209,-0.092,0.179,-0.0128,76.23,75.6,0.551,0.551,0.0,26.08
138.492,-0.0186,-0.095,0.034,0.0025,76.07,75.6,0.568,0.568,0.0,19.26
138.549,-0.0164,-0.204,-0.117,-0.0059,76.12,75.6,0.562,0.562,0.0,25.15
138.599,-0.0143,-0.597,-0.203,0.0039,76.28,75.6,0.545,0.545,0.0,25.16
138.645,-0.0131,-0.554,-0.232,0.0049,76.39,75.6,0.535,0.535,0.0,20.48
138.698,-0.0119,-0.742,-0.242,0.0018,76.37,75.6,0.537,0.537,0.0,24.1
138.748,-0.0107,0.251,-0.171,0.0108,76.17,75.6,0.557,0.557,0.0,23.26
138.794,-0.0092,0.169,-0.138,-0.0027,76.02,75.6,0.574,0.574,0.0,18.72
138.849,-0.0077,-0.386,-0.215,-0.0143,76.13,75.6,0.561,0.561,0.0,22.83
138.899,-0.0067,-0.456,-0.409,-0.0191,76.35,75.6,0.539,0.539,0.0,22.66
138.952,-0.0045,-1.183,-0.592,-0.0052,76.42,75.6,0.531,0.531,0.0,25.36
138.997,-0.0017,-0.975,-0.629,0.014,76.22,75.6,0.552,0.552,0.0,19.93
139.049,0.0009,-0.599,-0.561,0.0133,76.07,75.6,0.569,0.569,0.0,21.69
139.102,0.0041,-0.353,-0.392,0.0166,76.15,75.6,0.559,0.559,0.0,24.62
139.151,0.0061,-0.389,-0.281,-0.0022,76.31,75.6,0.543,0.543,0.0,22.59
139.205,0.0079,-0.305,-0.335,-0.0192,76.4,75.6,0.533,0.533,0.0,25.58
139.253,0.0104,-0.594,-0.544,-0.0235,76.33,75.6,0.541,0.541,0.0,23.53
139.302,0.0138,-0.549,-0.682,0.0026,76.15,75.6,0.56,0.56,0.0,22.44
139.353,0.0163,-1.246,-0.924,-0.0192,76.03,75.6,0.572,0.572,0.0,23.33
139.408,0.0195,-1.317,-1.122,-0.0024,76.12,75.6,0.563,0.563,0.0,28.35
139.453,0.0233,-1.053,-1.147,0.0174,76.32,75.6,0.541,0.541,0.0,22.5
139.508,0.0259,-1.241,-1.003,0.0226,76.42,75.6,0.531,0.531,0.0,27.86
139.557,0.0276,-0.417,-0.803,0.0129,76.28,75.6,0.546,0.546,0.0,26.13
139.607,0.0289,-0.168,-0.607,0.0064,76.12,75.6,0.562,0.562,0.0,26.11
139.653,0.0297,0.029,-0.418,0.0059,76.13,75.6,0.561,0.561,0.0,21.86
139.704,0.0304,-0.151,-0.208,0.0094,76.23,75.6,0.551,0.551,0.0,22.19
139.756,0.0301,-0.195,-0.148,-0.0134,76.34,75.6,0.54,0.54,0.0,24.64
139.804,0.0303,-0.114,-0.116,-0.0019,76.36,75.6,0.538,0.537,0.0,22.49
139.858,0.0305,0.726,-0.013,0.011,76.18,75.6,0.556,0.556,0.0,25.4
139.905,0.0307,-0.747,-0.031,-0.0132,76.02,75.6,0.574,0.574,0.0,22.21
139.956,0.0314,-0.572,-0.022,0.003,76.12,75.6,0.562,0.562,0.0,22.85
140.007,0.0321,0.195,-0.275,-0.0362,76.32,75.6,0.542,0.542,0.0,24.21
140.059,0.0336,-0.763,-0.642,-0.0246,76.43,75.6,0.53,0.53,0.0,25.71
140.111,0.0339,-2.209,-1.13,-0.0298,76.31,75.6,0.543,0.543,0.0,27.72
140.155,0.0353,-2.136,-1.448,0.0068,76.12,75.6,0.564,0.564,0.0,21.39
140.213,0.0368,-1.388,-1.572,0.0158,76.07,75.6,0.569,0.569,0.0,28.93
140.256,0.0389,-0.972,-1.294,0.0519,76.2,75.6,0.554,0.554,0.0,22.28
140.305,0.0369,-0.713,-0.962,0.0172,76.38,75.6,0.536,0.536,0.0,21.11
140.368,0.0351,-0.219,-0.432,0.0393,76.4,75.6,0.532,0.532,0.0,33.76
140.414,0.0312,1.313,0.215,0.0347,76.21,75.6,0.553,0.553,0.0,29.34
140.468,0.0254,1.418,0.681,-0.0026,76.03,75.6,0.573,0.573,0.0,32.77
140.51,0.0189,2.648,1.147,0.0163,76.09,75.6,0.567,0.567,0.0,25.44
140.562,0.0119,1.536,1.525,0.004,76.29,75.6,0.544,0.544,0.0,26.36
140.613,0.0033,2.132,1.71,-0.0138,76.44,75.6,0.528,0.528,0.0,27.02
140.66,-0.0029,2.102,1.795,-0.0074,76.41,75.6,0.532,0.532,0.0,23.88
140.711,-0.0075,2.839,1.935,0.0107,76.22,75.6,0.552,0.552,0.0,24.37
140.762,-0.0135,1.469,1.964,-0.0107,76.07,75.6,0.569,0.568,0.0,25.52
140.808,-0.0186,1.166,1.854,-0.0185,76.13,75.6,0.561,0.561,0.0,21.47
140.863,-0.0228,0.987,1.563,-0.029,76.29,75.6,0.545,0.545,0.0,26.2
140.912,-0.0241,1.332,1.315,-0.0042,76.39,75.6,0.533,0.533,0.0,24.83
140.96,-0.0254,0.898,1.041,-0.0123,76.38,75.6,0.535,0.535,0.0,21.94
141.014,-0.0255,-0.533,0.654,-0.0253,76.2,75.6,0.554,0.554,0.0,25.25
141.062,-0.0242,-0.145,0.28,-0.0118,76.04,75.6,0.572,0.572,0.0,23.56
141.112,-0.022,-0.569,-0.092,-0.0127,76.11,75.6,0.564,0.564,0.0,23.58
141.162,-0.0179,-1.084,-0.299,0.0102,76.31,75.6,0.543,0.543,0.0,22.91
141.217,-0.0144,-0.695,-0.459,-0.0009,76.41,75.6,0.531,0.531,0.0,28.25
141.264,-0.0099,-0.737,-0.588,-0.0011,76.34,75.6,0.54,0.54,0.0,23.94
141.317,-0.0057,-0.765,-0.682,0.0003,76.17,75.6,0.557,0.557,0.0,26.81
141.365,-0.0021,-1.221,-0.778,-0.0036,76.02,75.6,0.574,0.574,0.0,24.36
141.416,0.002,-0.856,-0.825,0.0035,76.1,75.6,0.564,0.564,0.0,25.5
141.462,0.0057,-0.887,-0.856,0.0006,76.31,75.6,0.543,0.543,0.0,21.44
141.519,0.0088,-1.108,-0.947,-0.0095,76.42,75.6,0.531,0.531,0.0,27.84
141.568,0.0118,-0.981,-1.101,-0.0119,76.33,75.6,0.541,0.541,0.0,26.64
141.614,0.0154,-0.684,-1.114,0.0143,76.15,75.6,0.559,0.559,0.0,21.79
141.666,0.0176,-1.176,-1.182,-0.0081,76.01,75.6,0.574,0.574,0.0,23.65
141.717,0.0194,-0.9,-1.223,0.0013,76.12,75.6,0.562,0.562,0.0,23.86
141.765,0.0206,-0.571,-1.134,0.0169,76.35,75.6,0.539,0.539,0.0,21.75
141.822,0.0213,-0.8,-0.77,0.0413,76.43,75.6,0.529,0.529,0.0,28.19
141.873,0.0197,0.141,-0.26,0.0332,76.23,75.6,0.551,0.551,0.0,28.39
141.919,0.0185,1.292,0.227,0.0146,76.07,75.6,0.568,0.568,0.0,24.9
141.967,0.0155,1.526,0.61,0.0023,76.12,75.6,0.562,0.562,0.0,21.96
142.022,0.0124,1.75,0.788,-0.0151,76.27,75.6,0.547,0.547,0.0,27.12
142.072,0.0083,0.957,0.81,-0.0156,76.41,75.6,0.532,0.532,0.0,27.15
142.118,0.0055,0.97,0.825,-0.0003,76.43,75.6,0.53,0.53,0.0,22.15
142.172,0.003,0.086,0.861,0.0035,76.25,75.6,0.549,0.549,0.0,25.9
142.219,0.001,1.406,0.826,-0.0086,76.08,75.6,0.567,0.567,0.0,22.83
142.269,-0.0012,1.275,0.742,-0.008,76.11,75.6,0.563,0.563,0.0,22.26
142.325,-0.0036,1.397,0.759,0.0111,76.27,75.6,0.547,0.547,0.0,27.75
142.376,-0.0065,-0.636,0.718,-0.0074,76.4,75.6,0.532,0.532,0.0,28.39
142.423,-0.009,0.78,0.648,-0.0056,76.42,75.6,0.53,0.53,0.0,25.72
142.468,-0.0096,0.801,0.606,0.0015,76.24,75.6,0.549,0.549,0.0,19.88
142.524,-0.0096,1.314,0.585,0.0015,76.1,75.6,0.566,0.566,0.0,25.83
142.573,-0.0117,0.215,0.519,-0.007,76.16,75.6,0.558,0.558,0.0,24.89
142.62,-0.013,0.033,0.403,-0.0094,76.3,75.6,0.544,0.544,0.0,21.71
142.67,-0.0141,-0.683,0.332,0.0023,76.39,75.6,0.535,0.535,0.0,21.43
142.723,-0.0141,0.632,0.44,0.0226,76.34,75.6,0.54,0.54,0.0,23.34
142.772,-0.0138,0.638,0.548,0.0037,76.14,75.6,0.56,0.56,0.0,22.52
142.823,-0.0132,0.785,0.462,-0.0233,76.01,75.6,0.575,0.575,0.0,23.71
142.88,-0.0136,0.531,0.087,-0.0433,76.11,75.6,0.563,0.563,0.0,29.55
142.924,-0.0134,-1.453,-0.369,-0.0244,76.37,75.6,0.537,0.537,0.0,23.87
142.972,-0.012,-1.33,-0.613,0.0136,76.47,75.6,0.525,0.525,0.0,22.01
143.026,-0.0121,-1.121,-0.643,0.0215,76.32,75.6,0.542,0.542,0.0,25.33
143.076,-0.0114,-0.054,-0.469,0.0274,76.15,75.6,0.56,0.559,0.0,24.75
143.122,-0.0136,-0.027,-0.327,0.0016,76.06,75.6,0.569,0.569,0.0,20.45
143.176,-0.0158,0.814,-0.015,0.0288,76.17,75.6,0.557,0.557,0.0,24.88
143.226,-0.0186,0.092,0.355,0.0188,76.33,75.6,0.541,0.541,0.0,24.67
143.274,-0.0226,0.099,0.594,-0.0052,76.39,75.6,0.533,0.533,0.0,22.51
143.325,-0.0264,1.749,0.959,0.0257,76.26,75.6,0.548,0.548,0.0,22.74
143.384,-0.0293,1.907,1.399,0.0234,76.11,75.6,0.564,0.564,0.0,31.24
143.43,-0.0335,2.501,1.736,0.0008,76.13,75.6,0.561,0.561,0.0,27.48
143.476,-0.0365,2.294,1.865,-0.0172,76.25,75.6,0.549,0.549,0.0,23.14
143.529,-0.0397,1.171,1.775,-0.0261,76.35,75.6,0.539,0.539,0.0,25.23
143.578,-0.042,1.512,1.41,-0.0416,76.35,75.6,0.539,0.539,0.0,24.73
143.625,-0.042,1.035,0.983,-0.0214,76.18,75.6,0.556,0.556,0.0,21.25
143.681,-0.0403,0.241,0.642,-0.0029,76.04,75.6,0.571,0.571,0.0,25.99
143.73,-0.0388,-1.8,0.213,-0.0241,76.12,75.6,0.562,0.562,0.0,25.4
143.777,-0.034,-1.963,-0.16,-0.0072,76.33,75.6,0.541,0.541,0.0,22.06
143.835,-0.0287,-0.414,-0.491,-0.0072,76.41,75.6,0.532,0.532,0.0,30.08
143.887,-0.0223,-0.86,-0.844,-0.0145,76.22,75.6,0.552,0.552,0.0,31.53
143.932,-0.0182,-2.14,-1.364,-0.0356,76.06,75.6,0.57,0.57,0.0,25.84
143.977,-0.0121,-2.088,-1.73,0.0033,76.1,75.6,0.564,0.564,0.0,20.45
144.035,-0.0074,-2.506,-1.788,0.0303,76.29,75.6,0.545,0.545,0.0,28.18
144.082,-0.0018,-2.182,-1.611,0.0308,76.41,75.6,0.531,0.531,0.0,24.98
144.13,0.0026,-1.879,-1.385,0.0129,76.44,75.6,0.529,0.529,0.0,22.85
144.182,0.0053,0.73,-0.908,0.0429,76.25,75.6,0.549,0.549,0.0,24.49
144.231,0.0073,-0.545,-0.479,0.01,76.1,75.6,0.565,0.565,0.0,22.97
144.279,0.007,-0.387,-0.182,-0.0034,76.13,75.6,0.561,0.561,0.0,21.07
144.335,0.0065,0.894,-0.076,-0.0162,76.26,75.6,0.548,0.548,0.0,26.7
144.387,0.0076,-0.006,0.061,0.0079,76.38,75.6,0.536,0.536,0.0,27.8
144.435,0.0051,0.294,0.079,-0.0117,76.39,75.6,0.533,0.533,0.0,25.64
144.483,0.0054,0.551,0.146,0.0074,76.22,75.6,0.552,0.552,0.0,23.74
144.533,0.0057,0.334,0.286,0.0126,76.08,75.6,0.567,0.567,0.0,23.01
144.585,0.0052,0.311,0.142,-0.0348,76.14,75.6,0.56,0.56,0.0,24.57
144.633,0.0056,0.256,-0.045,-0.011,76.3,75.6,0.544,0.544,0.0,21.65
144.69,0.0058,0.353,-0.206,-0.003,76.39,75.6,0.534,0.534,0.0,28.52
144.738,0.0056,-1.747,-0.371,-0.0062,76.34,75.6,0.54,0.54,0.0,25.7
144.786,0.0065,-1.692,-0.47,0.0035,76.17,75.6,0.557,0.557,0.0,23.89
144.832,0.0071,-0.353,-0.504,0.0056,76.04,75.6,0.572,0.572,0.0,19.3
144.887,0.0076,0.282,-0.396,0.0186,76.13,75.6,0.562,0.562,0.0,24.41
144.938,0.006,-0.341,-0.26,0.0077,76.33,75.6,0.541,0.541,0.0,24.26
144.987,0.0047,-0.373,-0.193,-0.0049,76.4,75.6,0.532,0.532,0.0,23.25
145.044,0.0034,-0.316,-0.047,0.0133,76.24,75.6,0.55,0.55,0.0,29.45
145.088,0.0024,0.804,0.27,0.029,76.08,75.6,0.568,0.568,0.0,23.5
145.136,0.0007,0.873,0.531,0.0033,76.11,75.6,0.563,0.563,0.0,21.06
145.189,-0.0016,1.196,0.838,0.0155,76.27,75.6,0.547,0.546,0.0,23.37
145.24,-0.0042,1.252,1.026,-0.0058,76.39,75.6,0.535,0.535,0.0,24.12
145.292,-0.0062,1.442,1.242,0.0104,76.4,75.6,0.532,0.532,0.0,26.19
145.339,-0.0061,1.495,1.428,0.0033,76.23,75.6,0.551,0.551,0.0,23.06
145.398,-0.0058,0.73,1.727,0.0223,76.07,75.6,0.568,0.568,0.0,31.28
145.44,-0.0053,1.853,2.195,0.0341,76.13,75.6,0.561,0.561,0.0,23.98
145.489,-0.0012,1.566,2.44,-0.0148,76.28,75.6,0.546,0.546,0.0,22.59
145.539,0.0045,1.63,2.468,-0.0218,76.4,75.6,0.532,0.532,0.0,21.87
145.591,0.0111,1.537,2.031,-0.064,76.37,75.6,0.537,0.537,0.0,24.27
145.645,0.0253,0.889,1.458,-0.0341,76.17,75.6,0.557,0.557,0.0,27.92
145.692,0.0417,-2.379,0.48,-0.0767,76.01,75.6,0.575,0.575,0.0,24.1
145.744,0.061,-4.684,-0.956,-0.0981,76.09,75.6,0.565,0.565,0.0,25.72
145.796,0.0869,-6.048,-2.667,-0.0885,76.33,75.6,0.541,0.541,0.0,27.47
145.843,0.1253,-6.36,-3.918,0.0045,76.46,75.6,0.527,0.527,0.0,24.02
145.897,0.1599,-8.794,-5.337,-0.0671,76.29,75.33,0.513,0.513,0.0,27.83
145.949,0.1996,-11.271,-7.142,-0.1034,76.12,72.75,0.239,0.239,0.0,29.51
146.003,0.2501,-10.882,-8.278,0.0304,75.93,72.75,0.257,0.257,0.0,33.06
146.051,0.3002,-13.032,-9.328,-0.0277,75.74,70.34,0.004,0.004,0.0,30.85
146.137,0.3554,-14.287,-10.599,-0.0674,75.56,67.56,-0.3,0.0,0.3,66.56
146.172,0.4289,-15.004,-11.773,-0.031,75.28,64.68,-0.455,0.0,0.455,34.65
146.253,0.4923,-13.379,-11.994,0.0922,75.08,64.68,-0.498,0.0,0.498,66.36
146.315,0.5761,-15.001,-12.351,-0.0267,74.84,61.63,-0.627,0.0,0.627,61.07
146.364,0.6505,-15.711,-13.36,-0.1034,74.59,58.45,-0.772,0.0,0.772,49.34
146.458,0.7082,-18.851,-15.117,-0.1398,74.19,55.89,-0.3,0.0,0.3,93.16
146.527,0.8391,-21.434,-17.036,-0.0839,72.48,53.72,-0.915,0.0,0.915,69.05
146.587,0.9409,-23.177,-18.83,-0.0495,71.82,51.54,-0.89,0.0,0.89,59.65
146.661,1.0166,-25.912,-20.945,-0.1074,70.51,50.44,-0.3,0.0,0.3,74.06
146.704,1.1228,-29.391,-23.519,-0.1381,68.32,50.13,-0.807,0.0,0.807,42.28
146.765,1.213,-24.668,-23.788,0.2321,67.43,50.13,-1.0,0.0,1.0,53.53
146.793,1.2785,-26.217,-23.912,0.0109,66.36,49.49,-1.0,0.0,1.0,27.66
146.839,1.3388,-21.94,-22.906,0.1534,64.88,49.49,-1.0,0.0,1.0,24.12
147.12,1.6548,-21.627,-21.635,0.0721,56.63,53.82,-0.381,0.0,0.381,32.35
147.171,1.6865,-27.208,-23.067,-0.3331,55.14,59.68,0.961,0.961,0.0,32.78
147.22,1.7413,-18.252,-21.767,0.3316,54.77,59.68,1.0,1.0,0.0,31.82
147.27,1.7697,-21.572,-20.921,-0.018,55.0,59.07,0.911,0.911,0.0,31.18
147.323,1.8111,-11.51,-17.167,0.4356,55.33,59.07,0.875,0.875,0.0,34.11
147.371,1.8277,-16.602,-15.894,-0.2155,55.74,61.46,1.0,1.0,0.0,31.42
147.419,1.8742,-8.896,-13.485,0.2031,56.19,61.46,1.0,1.0,0.0,29.15
147.467,1.8919,-18.5,-14.567,-0.4033,56.71,63.41,1.0,1.0,0.0,27.38
147.52,1.947,-12.72,-14.341,0.1448,57.31,63.41,1.0,1.0,0.0,29.13
147.565,1.9768,-27.499,-18.099,-0.5484,57.9,64.38,1.0,1.0,0.0,24.57
147.622,2.0481,-23.672,-20.443,0.0663,58.43,64.38,1.0,1.0,0.0,30.58
147.67,2.1003,-38.629,-26.354,-0.58,59.0,66.99,1.0,1.0,0.0,28.76
147.718,2.2001,-34.49,-29.98,0.1127,59.6,66.99,1.0,1.0,0.0,26.88
147.774,2.277,-50.719,-36.561,-0.5391,60.13,69.68,1.0,1.0,0.0,31.65
147.818,2.3979,-45.57,-40.306,0.1663,60.49,69.68,1.0,1.0,0.0,25.97
147.865,2.4869,-59.909,-47.486,-0.6104,60.86,75.6,1.0,1.0,0.0,21.85
147.92,2.623,-53.117,-51.318,0.2168,61.17,75.6,1.0,1.0,0.0,26.54
147.965,2.733,-68.755,-56.712,-0.3518,61.43,75.6,1.0,1.0,0.0,20.85
148.015,2.8682,-61.943,-60.262,0.0692,61.63,75.6,1.0,1.0,0.0,20.57
148.066,2.9856,-68.755,-62.994,-0.0097,61.79,75.6,1.0,1.0,0.0,21.86
148.113,3.1389,-68.755,-64.887,0.0218,61.92,75.6,1.0,1.0,0.0,18.49
148.161,3.2604,-68.755,-66.128,0.0249,61.97,75.6,1.0,1.0,0.0,15.85
148.213,3.3829,-68.755,-66.963,0.0134,62.01,75.6,1.0,1.0,0.0,18.24
148.26,3.4986,-68.755,-67.537,0.0073,62.06,75.34,1.0,1.0,0.0,14.74
148.309,3.5943,-68.755,-67.928,0.0055,62.05,72.75,1.0,1.0,0.0,13.84
148.359,3.7315,-68.755,-68.193,0.004,62.02,72.75,1.0,1.0,0.0,13.21
148.411,3.8081,-68.755,-68.373,0.0026,62.0,70.1,1.0,1.0,0.0,15.03
148.471,3.9181,-65.693,-67.802,0.0985,61.94,70.1,1.0,1.0,0.0,24.18
148.521,3.9796,-68.755,-67.964,-0.0824,61.91,67.3,1.0,1.0,0.0,24.48
148.577,4.0695,-59.76,-65.665,0.3381,61.84,67.3,1.0,1.0,0.0,30.42
148.632,4.1149,-62.843,-65.163,-0.1708,61.77,64.41,0.803,0.803,0.0,34.14
148.675,4.1875,-52.361,-62.121,0.3723,61.72,64.41,0.807,0.807,0.0,27.31
148.724,4.2166,-58.224,-61.524,-0.2353,61.65,61.35,0.468,0.468,0.0,26.22
148.779,4.2625,-47.504,-58.488,0.3613,61.6,61.35,0.475,0.475,0.0,30.48
148.828,4.2777,-53.076,-57.029,-0.1141,61.37,58.15,0.134,0.134,0.0,29.34
148.882,4.2965,-42.525,-53.344,0.3616,61.05,58.15,0.168,0.168,0.0,32.93
148.955,4.2897,-44.429,-50.735,-0.0215,60.67,54.77,0.0,0.0,0.0,54.96
149.026,4.2804,-32.556,-45.684,0.432,60.26,54.77,0.0,0.0,0.0,71.37
149.092,4.2312,-25.446,-39.652,0.3133,59.7,53.07,0.0,0.0,0.0,65.45
149.19,4.1596,-18.466,-33.057,0.2891,59.21,52.33,-0.3,0.0,0.3,98.5
149.274,3.9844,1.375,-22.331,0.8071,58.51,52.45,0.0,0.0,0.0,83.89
149.387,3.7867,21.778,-8.266,0.8405,57.95,53.34,-0.3,0.0,0.3,112.4
149.413,3.4064,50.57,10.953,1.2107,57.28,57.0,0.437,0.437,0.0,26.02
149.458,3.2092,62.148,28.932,0.4977,57.03,57.0,0.46,0.46,0.0,21.33
149.52,2.9893,68.755,42.576,0.0223,56.82,63.17,1.0,1.0,0.0,32.31
149.563,2.7564,68.755,51.146,-0.2323,56.64,66.14,1.0,1.0,0.0,25.75
149.608,2.502,68.755,56.668,-0.1265,56.88,66.14,1.0,1.0,0.0,20.23
149.659,2.2662,68.755,60.508,-0.042,57.17,66.07,1.0,1.0,0.0,21.31
149.751,2.0281,68.755,63.166,-0.031,57.51,66.07,1.0,1.0,0.0,62.8
149.785,1.7175,68.755,64.962,-0.0276,57.92,68.44,1.0,1.0,0.0,33.78
149.826,1.4486,68.755,66.176,-0.0186,58.15,68.44,1.0,1.0,0.0,23.7
149.871,1.1901,68.755,67.002,-0.0118,58.28,72.09,1.0,1.0,0.0,18.76
149.93,0.9614,68.755,67.563,-0.008,58.35,72.09,1.0,1.0,0.0,28.18
149.972,0.7152,68.755,67.945,-0.0055,58.38,75.6,1.0,1.0,0.0,19.82
150.021,0.4655,68.755,68.204,-0.0038,58.39,75.6,1.0,1.0,0.0,18.08
150.066,0.2416,68.755,68.381,-0.0025,58.39,75.05,1.0,1.0,0.0,11.98
150.115,0.0148,68.755,68.501,-0.0016,58.36,75.05,1.0,1.0,0.0,11.05
150.165,-0.2015,68.755,68.583,-0.0012,58.3,75.6,1.0,1.0,0.0,10.92
150.218,-0.4321,68.755,68.638,-0.0008,58.24,75.6,1.0,1.0,0.0,13.55
150.266,-0.6252,68.755,68.675,-0.0005,58.16,75.6,1.0,1.0,0.0,10.27
150.315,-0.8446,68.755,68.701,-0.0004,58.08,75.6,1.0,1.0,0.0,9.65
150.366,-1.0522,68.755,68.72,0.0,57.97,75.6,1.0,1.0,0.0,9.82
150.418,-1.2147,68.755,68.732,-0.0005,57.84,75.6,1.0,1.0,0.0,11.92
150.466,-1.4235,68.755,68.74,-0.0,57.73,75.6,1.0,1.0,0.0,9.3
150.515,-1.5741,68.755,68.745,-0.0002,57.62,75.6,1.0,1.0,0.0,8.41
150.566,-1.7695,68.755,68.748,0.0,57.49,75.6,1.0,1.0,0.0,8.92
150.616,-1.8992,68.755,68.75,-0.0001,57.38,75.6,1.0,1.0,0.0,8.61
150.666,-2.058,68.755,68.75,-0.0002,57.27,75.6,1.0,1.0,0.0,9.27
150.715,-2.1641,68.755,68.752,0.0003,57.17,75.6,1.0,1.0,0.0,8.06
150.77,-2.2979,68.755,68.753,-0.0001,57.08,75.6,1.0,1.0,0.0,12.56
150.816,-2.3874,68.755,68.753,-0.0001,57.03,75.6,1.0,1.0,0.0,8.08
150.879,-2.4869,66.81,67.735,-0.1422,56.94,75.6,1.0,1.0,0.0,20.52
150.928,-2.5564,63.191,66.254,-0.1001,56.85,75.6,1.0,1.0,0.0,19.91
150.989,-2.6312,50.786,61.299,-0.5368,56.82,75.6,1.0,1.0,0.0,29.32
151.031,-2.6651,48.232,56.199,-0.1933,56.79,75.6,1.0,1.0,0.0,20.68
151.083,-2.7095,35.644,49.147,-0.4505,56.8,75.6,1.0,1.0,0.0,21.92
151.131,-2.7152,32.925,43.275,-0.0814,56.87,75.6,1.0,1.0,0.0,19.05
151.184,-2.7315,20.964,35.973,-0.4047,57.01,75.6,1.0,1.0,0.0,22.07
151.231,-2.714,18.958,29.786,-0.0992,57.21,75.6,1.0,1.0,0.0,18.61
151.286,-2.7061,8.419,22.643,-0.3494,57.46,75.6,1.0,1.0,0.0,22.71
151.335,-2.6668,7.396,17.183,-0.0143,57.84,75.6,1.0,1.0,0.0,21.22
151.389,-2.6395,-1.51,11.113,-0.2759,58.27,75.6,1.0,1.0,0.0,25.02
151.434,-2.5873,-1.151,6.978,0.0584,58.74,75.6,1.0,1.0,0.0,20.27
151.488,-2.5465,-7.777,2.543,-0.1862,59.23,75.6,1.0,1.0,0.0,24.13
151.535,-2.4895,-4.421,0.354,0.1588,59.83,75.6,1.0,1.0,0.0,20.92
151.585,-2.4436,-8.986,-2.077,-0.1101,60.49,75.6,1.0,1.0,0.0,20.15
151.635,-2.3851,-3.643,-2.816,0.1513,61.21,75.6,1.0,1.0,0.0,20.64
151.684,-2.3407,-6.093,-3.708,-0.0473,61.9,75.6,1.0,1.0,0.0,19.22
151.739,-2.2916,-1.922,-3.332,0.146,62.64,75.6,1.0,1.0,0.0,23.47
151.788,-2.2576,-2.984,-3.127,-0.0108,63.4,75.6,1.0,1.0,0.0,22.63
151.84,-2.2213,1.064,-2.026,0.1323,64.07,75.6,1.0,1.0,0.0,24.45
151.886,-2.1896,4.775,0.359,0.2176,64.66,75.6,1.0,1.0,0.0,20.08
151.939,-2.1756,4.67,2.088,-0.0082,65.21,75.6,1.0,1.0,0.0,22.35
151.989,-2.1577,9.597,4.368,0.1372,65.79,75.6,1.0,1.0,0.0,22.02
152.04,-2.1552,8.575,5.79,-0.0402,66.46,75.6,1.0,1.0,0.0,22.9
152.09,-2.1513,12.598,8.003,0.1601,67.03,75.6,1.0,1.0,0.0,22.49
152.14,-2.1506,17.437,11.387,0.2406,67.68,75.6,1.0,1.0,0.0,22.23
152.191,-2.1706,17.306,13.775,-0.0209,67.67,75.6,1.0,1.0,0.0,22.74
152.242,-2.1872,21.813,16.463,0.1253,68.22,75.6,1.0,1.0,0.0,23.63
152.294,-2.2112,19.403,17.709,-0.1077,68.41,75.6,1.0,1.0,0.0,25.21
152.344,-2.2334,23.124,19.308,0.093,68.47,75.6,1.0,1.0,0.0,25.41
152.392,-2.2563,25.072,21.415,0.1267,68.35,75.6,1.0,1.0,0.0,22.42
152.446,-2.2833,20.283,21.359,-0.2285,68.24,75.6,1.0,1.0,0.0,26.71
152.499,-2.2986,21.607,21.397,0.0113,68.05,75.6,1.0,1.0,0.0,28.79
152.546,-2.3057,24.45,23.064,0.2287,67.93,75.6,1.0,1.0,0.0,25.85
152.598,-2.3287,21.153,23.465,-0.1185,67.87,75.6,1.0,1.0,0.0,27.56
152.646,-2.3375,26.283,24.403,0.089,67.8,75.6,1.0,1.0,0.0,25.53
152.693,-2.3552,23.459,24.418,-0.0963,67.53,75.6,1.0,1.0,0.0,22.53
152.745,-2.3654,24.946,24.648,0.0306,67.55,75.6,1.0,1.0,0.0,23.61
152.793,-2.3708,24.014,24.415,-0.0566,67.51,75.6,1.0,1.0,0.0,21.96
152.845,-2.3751,18.764,22.438,-0.2517,67.48,75.6,1.0,1.0,0.0,23.9
152.895,-2.3642,14.297,19.56,-0.1948,67.41,75.6,1.0,1.0,0.0,23.65
152.947,-2.3464,8.236,15.711,-0.2361,67.35,75.6,1.0,1.0,0.0,25.45
153.001,-2.3134,4.385,11.53,-0.1806,67.26,75.6,1.0,1.0,0.0,28.72
153.044,-2.2711,0.17,7.608,-0.11,67.17,75.6,1.0,1.0,0.0,21.66
153.098,-2.2183,-4.567,3.529,-0.1587,66.98,75.6,1.0,1.0,0.0,25.04
153.144,-2.1621,-6.673,0.123,-0.0484,66.95,75.6,1.0,1.0,0.0,21.0
153.197,-2.0925,-7.586,-2.354,0.0107,66.92,75.6,1.0,1.0,0.0,23.08
153.245,-2.0269,-10.006,-4.705,-0.0687,66.96,75.6,1.0,1.0,0.0,20.98
153.295,-1.9614,-9.77,-6.364,0.0145,67.08,75.6,1.0,1.0,0.0,20.27
153.345,-1.8929,-11.489,-7.908,-0.0419,67.22,75.6,1.0,1.0,0.0,20.36
153.397,-1.8271,-10.98,-8.858,0.0291,67.25,75.6,1.0,1.0,0.0,21.85
153.448,-1.759,-10.269,-9.217,0.0493,67.36,75.6,1.0,1.0,0.0,22.78
153.496,-1.6976,-9.758,-9.25,0.033,67.4,75.6,1.0,1.0,0.0,20.94
153.549,-1.6319,-8.56,-9.263,0.0017,67.41,75.6,1.0,1.0,0.0,23.65
153.596,-1.5737,-7.621,-9.009,0.0369,67.37,75.6,1.0,1.0,0.0,20.28
153.647,-1.5225,-7.743,-8.545,0.0381,67.27,75.6,1.0,1.0,0.0,20.63
153.699,-1.4728,-6.349,-7.754,0.0619,67.12,75.6,1.0,1.0,0.0,22.43
153.746,-1.4251,-4.314,-6.523,0.0891,66.9,75.6,1.0,1.0,0.0,18.77
153.803,-1.3901,-1.843,-4.601,0.1393,66.84,75.6,1.0,1.0,0.0,25.25
153.855,-1.355,1.584,-2.41,0.1047,67.07,75.6,1.0,1.0,0.0,26.98
153.897,-1.3264,1.356,-1.039,-0.038,67.37,75.6,1.0,1.0,0.0,19.01
153.948,-1.299,1.292,-0.319,-0.0431,67.8,75.6,1.0,1.0,0.0,19.55
154.002,-1.2718,1.94,0.352,0.0183,68.21,75.6,1.0,1.0,0.0,23.52
154.056,-1.2458,0.081,0.096,-0.1061,68.87,75.6,1.0,1.0,0.0,26.85
154.102,-1.2142,-1.072,-0.077,0.0026,69.28,75.6,1.0,1.0,0.0,22.44
154.151,-1.1844,-1.028,-0.038,0.0237,69.7,75.6,1.0,1.0,0.0,21.69
154.206,-1.1588,0.217,0.484,0.0688,70.03,75.6,1.0,1.0,0.0,25.87
154.252,-1.1276,1.237,1.435,0.0781,70.45,75.6,1.0,1.0,0.0,21.7
154.304,-1.0992,0.892,1.992,-0.0218,71.0,75.6,1.0,1.0,0.0,23.09
154.355,-1.0705,2.566,2.178,-0.0324,71.66,75.6,0.996,0.996,0.0,24.49
154.406,-1.0435,1.67,1.93,-0.0541,72.36,75.6,0.958,0.958,0.0,24.94
154.452,-1.0096,0.929,1.482,-0.0365,72.97,75.6,0.893,0.893,0.0,20.51
154.51,-0.9744,-2.559,0.26,-0.1237,73.54,75.6,0.833,0.833,0.0,27.79
154.556,-0.9374,-4.501,-1.557,-0.1258,74.21,75.6,0.762,0.762,0.0,23.29
154.603,-0.8841,-5.295,-3.062,-0.0198,74.9,75.6,0.689,0.689,0.0,20.35
154.652,-0.8393,-8.407,-4.697,-0.0707,75.54,75.6,0.62,0.62,0.0,18.66
154.709,-0.7817,-9.993,-6.636,-0.0995,76.23,75.6,0.551,0.551,0.0,25.87
154.761,-0.7215,-9.931,-7.975,0.0161,76.84,75.6,0.486,0.486,0.0,27.08
154.813,-0.6587,-12.149,-9.389,-0.0573,77.13,75.6,0.455,0.455,0.0,28.77
154.864,-0.5919,-13.682,-11.159,-0.0989,77.0,75.6,0.469,0.469,0.0,29.15
154.911,-0.5334,-15.433,-12.941,-0.0637,76.8,75.6,0.49,0.49,0.0,26.34
154.963,-0.4668,-13.772,-13.566,0.0995,76.61,75.6,0.511,0.511,0.0,28.49
155.016,-0.4125,-14.164,-13.751,0.0396,76.38,75.6,0.535,0.535,0.0,31.34
155.061,-0.3553,-14.624,-13.786,0.0145,76.15,75.6,0.559,0.559,0.0,25.63
155.112,-0.3063,-11.786,-12.914,0.1254,75.97,75.6,0.578,0.578,0.0,26.59
155.161,-0.2639,-9.144,-11.862,0.0555,76.04,75.6,0.572,0.572,0.0,24.97
155.211,-0.2305,-7.851,-10.896,0.0248,76.28,75.6,0.546,0.546,0.0,24.62
155.261,-0.2004,-4.566,-9.227,0.1319,76.47,75.6,0.525,0.525,0.0,24.67
155.314,-0.1829,-3.834,-7.405,0.0796,76.44,75.6,0.528,0.528,0.0,27.37
155.362,-0.1718,-2.555,-5.487,0.0769,76.26,75.6,0.548,0.548,0.0,24.66
155.41,-0.1673,0.322,-3.264,0.1096,76.09,75.6,0.567,0.567,0.0,22.11
155.465,-0.1713,4.197,-0.674,0.129,76.1,75.6,0.564,0.564,0.0,27.38
155.517,-0.1815,6.353,2.088,0.1143,76.25,75.6,0.549,0.549,0.0,28.53
155.567,-0.1987,9.441,4.685,0.0734,76.38,75.6,0.536,0.536,0.0,28.19
155.613,-0.222,10.558,6.744,0.0155,76.41,75.6,0.531,0.531,0.0,24.16
155.669,-0.2459,11.169,8.297,0.0013,76.24,75.6,0.55,0.55,0.0,29.31
155.712,-0.2698,11.189,9.17,-0.0407,76.05,75.6,0.571,0.571,0.0,22.5
155.76,-0.2929,10.57,9.484,-0.0475,76.1,75.6,0.564,0.564,0.0,19.99
155.814,-0.3107,8.697,9.243,-0.0666,76.29,75.6,0.545,0.545,0.0,23.15
155.867,-0.3255,7.197,8.43,-0.0884,76.44,75.6,0.529,0.529,0.0,26.39
155.917,-0.333,4.838,7.17,-0.0907,76.42,75.6,0.531,0.531,0.0,25.68
155.962,-0.3346,2.885,5.672,-0.0772,76.22,75.6,0.552,0.552,0.0,20.35
156.015,-0.331,0.77,3.882,-0.0931,76.1,75.6,0.566,0.566,0.0,23.63
156.067,-0.3201,-1.757,2.025,-0.0718,76.14,75.6,0.56,0.56,0.0,25.07
156.118,-0.3012,-3.599,0.202,-0.0601,76.3,75.6,0.544,0.544,0.0,25.78
156.172,-0.2783,-5.433,-1.552,-0.0541,76.41,75.6,0.532,0.532,0.0,29.0
156.223,-0.2522,-6.352,-3.189,-0.0448,76.37,75.6,0.536,0.536,0.0,29.84
156.265,-0.2203,-7.432,-4.63,-0.0298,76.2,75.6,0.554,0.554,0.0,21.24
156.316,-0.1885,-8.213,-5.872,-0.0225,76.07,75.6,0.569,0.568,0.0,22.27
156.37,-0.1544,-9.124,-7.006,-0.0283,76.14,75.6,0.56,0.56,0.0,25.85
156.415,-0.1206,-8.795,-7.673,0.0256,76.32,75.6,0.542,0.542,0.0,21.35
156.471,-0.0817,-9.018,-8.031,0.02,76.39,75.6,0.534,0.533,0.0,26.63
156.52,-0.0514,-9.009,-8.251,0.0066,76.29,75.6,0.545,0.545,0.0,25.58
156.571,-0.0233,-8.288,-8.309,0.0151,76.14,75.6,0.56,0.56,0.0,25.56
156.618,0.0059,-6.732,-7.833,0.0726,76.14,75.6,0.56,0.56,0.0,22.35
156.674,0.0296,-6.153,-7.361,0.0159,76.23,75.6,0.551,0.551,0.0,28.06
156.722,0.0488,-5.57,-6.962,0.0063,76.33,75.6,0.54,0.54,0.0,25.33
156.769,0.0654,-3.68,-6.098,0.0788,76.35,75.6,0.539,0.539,0.0,22.7
156.821,0.0777,-3.923,-5.094,0.0498,76.17,75.6,0.557,0.557,0.0,24.13
156.871,0.0843,-2.167,-4.024,0.0442,76.03,75.6,0.573,0.573,0.0,23.44
156.92,0.0888,-0.3,-2.704,0.0724,76.12,75.6,0.562,0.562,0.0,22.3
156.972,0.0882,1.267,-1.477,0.033,76.31,75.6,0.543,0.543,0.0,24.12
157.024,0.0834,1.9,-0.545,0.0017,76.4,75.6,0.532,0.532,0.0,26.23
157.072,0.075,1.782,0.195,0.0057,76.33,75.6,0.541,0.541,0.0,23.98
157.121,0.0659,2.837,1.036,0.04,76.16,75.6,0.558,0.558,0.0,22.12
157.172,0.0549,3.276,2.026,0.0501,76.07,75.6,0.568,0.568,0.0,23.34
157.22,0.0426,3.96,3.093,0.0453,76.16,75.6,0.558,0.558,0.0,21.29
157.271,0.0282,4.095,3.855,-0.0054,76.32,75.6,0.542,0.542,0.0,21.63
157.326,0.0157,5.691,4.441,0.0021,76.39,75.6,0.533,0.533,0.0,26.06
157.383,0.0036,5.256,4.708,-0.0242,76.27,75.6,0.547,0.547,0.0,33.05
157.423,-0.0059,4.672,4.655,-0.0353,76.1,75.6,0.566,0.566,0.0,22.43
157.476,-0.0134,2.881,3.978,-0.0888,76.12,75.6,0.562,0.562,0.0,25.24
157.528,-0.0162,1.075,2.733,-0.1031,76.25,75.6,0.549,0.549,0.0,26.99
157.575,-0.015,-0.79,1.183,-0.086,76.36,75.6,0.537,0.537,0.0,23.96
157.624,-0.009,-1.659,-0.133,-0.0215,76.39,75.6,0.533,0.533,0.0,22.93
157.676,-0.0005,-3.704,-1.264,-0.02,76.22,75.6,0.552,0.552,0.0,23.82
157.728,0.0107,-4.919,-2.266,-0.0215,76.09,75.6,0.567,0.567,0.0,25.98
157.771,0.0238,-5.242,-3.045,-0.0038,76.14,75.6,0.56,0.56,0.0,18.71
157.825,0.0363,-3.735,-3.434,0.0273,76.3,75.6,0.544,0.544,0.0,22.14
157.878,0.0493,-4.504,-3.596,0.018,76.39,75.6,0.533,0.533,0.0,24.96
157.928,0.0607,-3.856,-3.787,-0.0097,76.35,75.6,0.539,0.539,0.0,24.54
157.975,0.0729,-3.488,-3.834,0.0135,76.18,75.6,0.556,0.556,0.0,21.99
158.029,0.0833,-3.808,-3.702,0.0232,76.04,75.6,0.572,0.572,0.0,25.33
158.078,0.0915,-2.954,-3.581,0.0033,76.13,75.6,0.562,0.562,0.0,24.08
158.125,0.0991,-2.051,-3.236,0.0354,76.32,75.6,0.542,0.542,0.0,20.91
158.179,0.1041,-1.884,-2.719,0.0361,76.4,75.6,0.533,0.533,0.0,23.76
158.23,0.1061,-1.808,-2.25,0.0112,76.3,75.6,0.544,0.544,0.0,24.7
158.278,0.1075,-0.89,-1.673,0.0315,76.14,75.6,0.56,0.56,0.0,22.63
158.331,0.1063,0.738,-0.974,0.0373,76.13,75.6,0.561,0.561,0.0,25.35
158.379,0.1032,0.468,-0.308,0.0196,76.22,75.6,0.552,0.552,0.0,23.09
158.433,0.0974,1.445,0.179,-0.0017,76.33,75.6,0.541,0.541,0.0,26.21
158.477,0.0923,1.919,0.625,0.0113,76.38,75.6,0.536,0.536,0.0,20.61
158.533,0.0853,1.924,1.069,0.0152,76.24,75.6,0.55,0.55,0.0,25.42
158.581,0.0777,1.299,1.345,-0.0079,76.08,75.6,0.568,0.567,0.0,23.14
158.633,0.0715,1.375,1.523,-0.004,76.14,75.6,0.56,0.56,0.0,25.55
158.682,0.0653,2.215,1.56,-0.0136,76.3,75.6,0.544,0.544,0.0,23.7
158.732,0.0602,1.785,1.504,-0.0117,76.39,75.6,0.533,0.533,0.0,23.66
158.78,0.0556,1.537,1.383,-0.0109,76.35,75.6,0.539,0.539,0.0,20.6
158.835,0.0513,0.214,1.169,-0.0174,76.18,75.6,0.556,0.556,0.0,24.95
158.883,0.0493,0.145,0.897,-0.0155,76.04,75.6,0.571,0.571,0.0,23.23
158.933,0.0489,-0.189,0.605,-0.0123,76.13,75.6,0.561,0.561,0.0,22.63
158.985,0.0492,0.483,0.368,-0.0024,76.33,75.6,0.541,0.541,0.0,24.4
159.041,0.0501,-0.828,0.117,-0.0104,76.4,75.6,0.532,0.532,0.0,30.63
159.09,0.051,-0.992,-0.146,-0.0103,76.23,75.6,0.551,0.551,0.0,29.27
159.14,0.0541,-1.231,-0.398,-0.0078,76.08,75.6,0.568,0.568,0.0,21.26
159.188,0.0601,-1.045,-0.556,0.0043,76.15,75.6,0.559,0.559,0.0,18.71
159.242,0.0639,-1.292,-0.809,-0.0188,76.3,75.6,0.544,0.544,0.0,23.1
159.291,0.0689,-1.395,-1.047,-0.0067,76.38,75.6,0.535,0.535,0.0,21.85
159.34,0.0742,-1.752,-1.411,-0.0259,76.32,75.6,0.541,0.541,0.0,20.16
159.395,0.0815,-2.634,-1.853,-0.0235,76.16,75.6,0.558,0.558,0.0,25.65
159.444,0.0883,-3.15,-2.243,-0.0082,76.06,75.6,0.569,0.569,0.0,24.44
159.495,0.0964,-2.775,-2.364,0.0238,76.17,75.6,0.557,0.557,0.0,25.29
159.548,0.1033,-2.518,-2.376,0.0111,76.34,75.6,0.539,0.539,0.0,27.66
159.6,0.1098,-2.199,-2.438,-0.0075,76.41,75.6,0.531,0.531,0.0,29.62
159.642,0.116,-1.762,-2.366,0.0166,76.24,75.6,0.55,0.55,0.0,21.55
159.689,0.1201,-1.93,-2.318,-0.0008,76.1,75.6,0.566,0.566,0.0,18.03
159.741,0.1233,-2.245,-2.294,-0.0017,76.17,75.6,0.557,0.557,0.0,19.91
159.803,0.1263,-1.933,-2.081,0.0272,76.31,75.6,0.543,0.543,0.0,31.46
159.843,0.1284,-1.369,-1.712,0.0292,76.39,75.6,0.533,0.533,0.0,20.47
159.897,0.1283,-0.71,-1.263,0.024,76.31,75.6,0.543,0.543,0.0,24.43
159.946,0.1274,0.319,-0.798,0.018,76.16,75.6,0.558,0.558,0.0,23.48
159.994,0.1245,0.702,-0.367,0.0115,76.11,75.6,0.563,0.563,0.0,20.32
160.047,0.1212,0.712,-0.081,-0.0053,76.19,75.6,0.555,0.555,0.0,23.63
160.099,0.1162,0.536,0.074,-0.0082,76.3,75.6,0.544,0.544,0.0,25.27
160.144,0.111,0.169,0.158,-0.0045,76.36,75.6,0.538,0.538,0.0,19.32
160.196,0.1063,0.345,0.274,0.0073,76.3,75.6,0.543,0.543,0.0,21.63
160.248,0.1012,0.873,0.373,0.0018,76.16,75.6,0.558,0.558,0.0,22.93
160.301,0.0967,0.739,0.383,-0.009,76.14,75.6,0.56,0.56,0.0,25.67
160.347,0.0905,0.784,0.389,-0.0003,76.21,75.6,0.553,0.553,0.0,21.23
160.404,0.0852,0.401,0.386,-0.0009,76.32,75.6,0.542,0.542,0.0,28.34
160.451,0.0806,0.597,0.477,0.0129,76.37,75.6,0.536,0.536,0.0,24.72
160.498,0.0746,0.625,0.569,0.0034,76.28,75.6,0.545,0.545,0.0,21.34
160.547,0.0684,1.022,0.846,0.029,76.13,75.6,0.561,0.561,0.0,20.21
160.599,0.0628,1.486,1.174,0.0168,76.15,75.6,0.559,0.559,0.0,22.13
160.652,0.0559,1.35,1.337,-0.0116,76.27,75.6,0.547,0.547,0.0,24.76
160.704,0.0495,2.393,1.535,0.0106,76.36,75.6,0.537,0.537,0.0,26.79
160.752,0.0435,1.238,1.694,0.0014,76.38,75.6,0.536,0.536,0.0,23.77
160.804,0.0377,1.741,1.649,-0.0229,76.19,75.6,0.555,0.555,0.0,26.19
160.849,0.0341,1.261,1.426,-0.0264,76.03,75.6,0.572,0.572,0.0,20.59
160.904,0.0315,0.897,1.168,-0.0126,76.11,75.6,0.563,0.563,0.0,25.2
160.957,0.0293,0.101,0.806,-0.0236,76.33,75.6,0.54,0.54,0.0,28.38
161.004,0.03,-0.26,0.428,-0.0147,76.46,75.6,0.527,0.527,0.0,24.47
161.057,0.031,-0.692,0.125,-0.0028,76.29,75.6,0.544,0.544,0.0,27.34
161.104,0.0333,-1.113,-0.171,-0.0096,76.14,75.6,0.56,0.56,0.0,24.0
161.152,0.036,-1.316,-0.444,-0.0071,76.14,75.6,0.56,0.56,0.0,21.78
161.205,0.04,-0.752,-0.782,-0.0187,76.24,75.6,0.55,0.55,0.0,24.57
161.255,0.0441,-1.888,-1.273,-0.033,76.34,75.6,0.539,0.539,0.0,24.2
161.307,0.0474,-2.887,-1.929,-0.0404,76.36,75.6,0.537,0.537,0.0,26.27
161.352,0.0535,-2.662,-2.315,0.0149,76.2,75.6,0.554,0.554,0.0,21.09
161.408,0.0587,-2.364,-2.419,0.0258,76.06,75.6,0.57,0.57,0.0,26.98
161.461,0.063,-2.712,-2.339,0.0221,76.13,75.6,0.561,0.561,0.0,29.0
161.509,0.0652,-2.156,-2.105,0.0243,76.33,75.6,0.541,0.541,0.0,27.24
161.56,0.0658,-0.896,-1.648,0.0393,76.43,75.6,0.53,0.53,0.0,28.25
161.61,0.0657,0.019,-1.139,0.0231,76.31,75.6,0.543,0.543,0.0,27.56
161.655,0.0616,0.391,-0.697,0.0085,76.13,75.6,0.561,0.561,0.0,22.32
161.71,0.0565,1.406,-0.099,0.0371,76.11,75.6,0.563,0.563,0.0,27.26
161.758,0.0502,0.086,0.601,0.0352,76.22,75.6,0.552,0.552,0.0,24.77
161.806,0.0422,3.555,1.262,0.019,76.33,75.6,0.541,0.54,0.0,22.32
161.856,0.0351,3.602,1.703,-0.0078,76.36,75.6,0.537,0.537,0.0,21.71
161.907,0.0285,2.885,2.097,0.009,76.17,75.6,0.557,0.557,0.0,23.07
161.954,0.0175,1.874,2.097,-0.0413,76.05,75.6,0.571,0.571,0.0,20.04
162.004,0.0102,1.518,1.902,-0.0272,76.15,75.6,0.559,0.559,0.0,19.4
162.058,0.0042,1.88,1.675,-0.0112,76.35,75.6,0.539,0.539,0.0,23.26
162.11,-0.0007,1.172,1.44,-0.0092,76.44,75.6,0.529,0.529,0.0,24.95
162.154,-0.0054,0.833,1.176,-0.0122,76.25,75.6,0.549,0.549,0.0,18.55
162.205,-0.0096,0.386,0.862,-0.0162,76.14,75.6,0.56,0.56,0.0,19.63
162.261,-0.0121,0.218,0.585,-0.0058,76.18,75.6,0.556,0.556,0.0,25.12
162.305,-0.0142,-0.053,0.326,-0.0073,76.29,75.6,0.545,0.545,0.0,19.1
162.365,-0.0161,-0.117,0.141,0.0014,76.34,75.6,0.539,0.539,0.0,28.73
162.412,-0.0184,-0.056,0.042,0.0054,76.35,75.6,0.539,0.539,0.0,25.65
162.46,-0.0198,-0.085,0.068,0.014,76.16,75.6,0.558,0.558,0.0,23.72
162.509,-0.0226,-0.339,0.02,-0.0094,76.01,75.6,0.574,0.574,0.0,21.7
162.568,-0.0249,0.224,0.026,0.0058,76.13,75.6,0.561,0.561,0.0,30.38
162.616,-0.0276,0.812,0.246,0.0302,76.37,75.6,0.536,0.536,0.0,28.22
162.663,-0.0316,0.794,0.428,0.0022,76.5,75.6,0.523,0.523,0.0,24.95
162.713,-0.0361,0.566,0.665,0.014,76.32,75.6,0.541,0.541,0.0,24.47
162.763,-0.0411,2.271,1.188,0.0483,76.16,75.6,0.558,0.558,0.0,24.33
162.81,-0.0474,2.149,1.555,-0.0036,76.06,75.6,0.57,0.57,0.0,20.59
162.864,-0.0543,2.115,2.08,0.0348,76.15,75.6,0.559,0.559,0.0,24.31
162.918,-0.0621,3.106,2.581,0.015,76.33,75.6,0.541,0.541,0.0,27.84
162.966,-0.0672,3.854,2.887,-0.0098,76.41,75.6,0.532,0.532,0.0,26.29
163.013,-0.0736,3.356,2.894,-0.031,76.23,75.6,0.551,0.551,0.0,22.61
163.065,-0.0781,2.311,2.539,-0.0504,76.1,75.6,0.566,0.566,0.0,24.87
163.115,-0.0805,0.594,2.027,-0.0341,76.15,75.6,0.559,0.559,0.0,24.4
163.163,-0.0794,-0.033,1.495,-0.0209,76.3,75.6,0.544,0.544,0.0,22.42
163.221,-0.0764,-0.743,0.836,-0.0362,76.39,75.6,0.535,0.535,0.0,29.35
163.265,-0.0709,-0.061,0.117,-0.0314,76.35,75.6,0.539,0.539,0.0,23.82
163.312,-0.0643,-0.526,-0.516,-0.013,76.17,75.6,0.558,0.557,0.0,20.68
163.365,-0.0564,-2.718,-1.211,-0.0309,76.04,75.6,0.572,0.572,0.0,22.9
163.417,-0.0487,-3.134,-1.893,-0.0224,76.15,75.6,0.559,0.559,0.0,24.65
163.464,-0.0386,-3.361,-2.417,-0.0016,76.34,75.6,0.54,0.54,0.0,21.35
163.519,-0.0282,-3.697,-2.725,0.0117,76.39,75.6,0.535,0.535,0.0,25.8
163.571,-0.0182,-2.726,-2.971,-0.002,76.21,75.6,0.553,0.553,0.0,27.7
163.618,-0.0097,-3.298,-3.271,-0.0161,76.06,75.6,0.57,0.57,0.0,24.2
163.665,-0.0029,-2.766,-3.323,0.0242,76.12,75.6,0.562,0.562,0.0,20.91
163.717,0.0024,-2.883,-3.241,0.0168,76.3,75.6,0.544,0.544,0.0,22.92
163.771,0.0064,-2.721,-3.018,0.0226,76.42,75.6,0.531,0.531,0.0,26.51
163.817,0.0072,-2.015,-2.628,0.031,76.37,75.6,0.537,0.537,0.0,22.37
163.865,0.0056,-0.214,-2.126,0.0294,76.17,75.6,0.557,0.557,0.0,19.49
163.919,0.0013,-0.113,-1.603,0.0203,76.06,75.6,0.57,0.57,0.0,23.29
163.968,-0.0083,0.683,-1.004,0.029,76.15,75.6,0.559,0.559,0.0,21.95
164.021,-0.0192,1.38,-0.518,0.0051,76.33,75.6,0.54,0.54,0.0,24.65
164.072,-0.0354,2.513,0.136,0.0405,76.4,75.6,0.533,0.533,0.0,24.97
164.122,-0.0522,3.102,1.017,0.0544,76.23,75.6,0.551,0.551,0.0,24.51
164.167,-0.0789,3.626,1.807,0.0182,76.06,75.6,0.569,0.569,0.0,19.44
164.225,-0.1059,5.386,2.869,0.0655,76.12,75.6,0.562,0.562,0.0,26.65
164.275,-0.1327,7.434,4.361,0.0971,76.32,75.6,0.542,0.542,0.0,26.28
164.321,-0.1725,7.314,5.386,-0.0132,76.44,75.6,0.529,0.529,0.0,22.5
164.375,-0.2081,9.512,6.571,0.0581,76.33,75.6,0.541,0.541,0.0,25.99
164.427,-0.2482,11.334,8.015,0.0776,76.15,75.6,0.559,0.559,0.0,27.3
164.473,-0.2971,10.355,8.71,-0.0542,76.03,75.6,0.573,0.573,0.0,23.23
164.527,-0.3408,11.864,9.448,0.0303,76.13,75.6,0.561,0.561,0.0,26.86
164.575,-0.3908,12.487,10.543,0.0756,76.34,75.6,0.54,0.54,0.0,24.45
164.631,-0.437,15.065,12.018,0.0913,76.43,75.6,0.529,0.529,0.0,29.71
164.678,-0.4908,12.959,12.37,-0.1053,76.26,75.6,0.548,0.548,0.0,26.86
164.725,-0.535,14.23,12.801,0.0232,76.09,75.6,0.567,0.567,0.0,22.76
164.774,-0.5847,15.811,13.696,0.0799,76.1,75.6,0.566,0.566,0.0,22.39
164.827,-0.6402,12.941,13.466,-0.1258,76.23,75.6,0.551,0.551,0.0,25.03
164.878,-0.682,13.478,13.337,0.0061,76.37,75.6,0.536,0.536,0.0,25.87
164.928,-0.7271,14.547,13.747,0.0707,76.42,75.6,0.531,0.531,0.0,24.78
164.98,-0.773,11.225,13.055,-0.1395,76.23,75.6,0.551,0.551,0.0,27.1
165.029,-0.8118,12.422,12.497,-0.0055,76.06,75.6,0.57,0.57,0.0,25.56
165.088,-0.8465,12.746,12.395,0.0443,76.08,75.6,0.567,0.567,0.0,33.36
165.133,-0.8849,8.997,11.198,-0.1565,76.25,75.6,0.549,0.549,0.0,28.59
165.182,-0.9176,8.986,10.094,-0.0288,76.43,75.6,0.53,0.53,0.0,27.31
165.229,-0.9392,8.928,9.535,0.0377,76.47,75.6,0.526,0.526,0.0,24.52
165.278,-0.9729,5.81,8.257,-0.12,76.29,75.6,0.545,0.545,0.0,23.38
165.331,-0.9971,6.973,7.416,0.0164,76.11,75.6,0.564,0.564,0.0,25.46
165.38,-1.0143,7.689,7.327,0.0756,76.12,75.6,0.562,0.562,0.0,24.39
165.431,-1.0355,9.197,7.809,0.0768,76.26,75.6,0.548,0.548,0.0,25.21
165.483,-1.0698,6.295,7.22,-0.1328,76.36,75.6,0.538,0.537,0.0,26.79
165.534,-1.0925,7.856,7.166,0.0541,76.38,75.6,0.535,0.535,0.0,26.89
165.589,-1.1123,10.465,8.297,0.1635,76.2,75.6,0.554,0.554,0.0,31.25
165.634,-1.1518,7.937,8.426,-0.1002,76.03,75.6,0.573,0.573,0.0,26.28
165.694,-1.1789,11.103,9.184,0.0922,76.09,75.6,0.565,0.565,0.0,36.39
165.741,-1.2092,14.808,11.154,0.1957,76.3,75.6,0.544,0.544,0.0,33.49
165.79,-1.2614,12.223,11.826,-0.1124,76.48,75.6,0.525,0.525,0.0,31.54
165.839,-1.2991,15.217,12.821,0.0686,76.48,75.6,0.524,0.524,0.0,29.97
165.891,-1.34,18.813,14.733,0.1626,76.32,75.6,0.542,0.542,0.0,31.85
165.94,-1.3961,16.041,15.286,-0.1229,76.13,75.6,0.561,0.561,0.0,30.65
165.996,-1.4397,17.787,15.982,0.0393,76.01,75.6,0.575,0.575,0.0,36.72
166.037,-1.4845,20.214,17.313,0.113,76.06,75.6,0.569,0.569,0.0,26.44
166.088,-1.5431,16.172,17.028,-0.1792,76.27,75.6,0.547,0.547,0.0,26.96
166.142,-1.5823,17.335,16.894,0.0112,76.43,75.6,0.53,0.53,0.0,31.52
166.188,-1.6238,19.137,17.615,0.1147,76.45,75.6,0.528,0.528,0.0,27.19
166.24,-1.6736,14.855,16.885,-0.1774,76.28,75.6,0.546,0.546,0.0,28.98
166.288,-1.7131,16.198,16.344,0.0008,76.07,75.6,0.568,0.568,0.0,27.02
166.338,-1.7481,17.56,16.517,0.0809,76.07,75.6,0.569,0.569,0.0,25.99
166.387,-1.778,18.19,17.033,0.0539,76.19,75.6,0.555,0.555,0.0,25.3
166.442,-1.8222,13.481,15.839,-0.2207,76.35,75.6,0.539,0.539,0.0,29.68
166.495,-1.8449,14.217,14.808,-0.0189,76.41,75.6,0.532,0.532,0.0,32.49
166.537,-1.8684,14.614,14.754,0.1003,76.21,75.6,0.553,0.553,0.0,24.64
166.588,-1.9032,10.277,13.506,-0.1685,76.04,75.6,0.572,0.572,0.0,24.7
166.635,-1.9224,11.971,12.713,0.02,76.07,75.6,0.569,0.568,0.0,21.93
166.689,-1.9362,13.293,12.922,0.1121,76.24,75.6,0.55,0.55,0.0,25.85
166.743,-1.9616,8.555,11.687,-0.1942,76.41,75.6,0.532,0.532,0.0,28.95
166.792,-1.976,10.88,10.98,0.0305,76.42,75.6,0.53,0.53,0.0,27.98
166.841,-1.9867,12.144,11.404,0.1333,76.24,75.6,0.55,0.55,0.0,27.31
166.89,-2.0122,8.092,10.555,-0.163,76.07,75.6,0.569,0.569,0.0,26.0
166.941,-2.0263,10.446,10.198,0.0389,76.09,75.6,0.566,0.566,0.0,26.34
166.991,-2.0361,13.1,11.148,0.1702,76.25,75.6,0.549,0.549,0.0,26.63
167.044,-2.063,9.372,10.802,-0.1479,76.4,75.6,0.533,0.533,0.0,29.12
167.094,-2.0811,11.611,10.941,0.0557,76.44,75.6,0.529,0.529,0.0,29.18
167.141,-2.0985,14.971,12.268,0.1707,76.25,75.6,0.548,0.548,0.0,25.85
167.191,-2.1286,11.738,12.313,-0.1328,76.09,75.6,0.567,0.567,0.0,24.75
167.244,-2.1507,14.109,12.71,0.0509,76.12,75.6,0.563,0.563,0.0,28.04
167.29,-2.1737,16.836,13.864,0.1195,76.25,75.6,0.549,0.549,0.0,23.75
167.346,-2.1951,18.51,15.401,0.0938,76.35,75.6,0.539,0.539,0.0,28.87
167.396,-2.2353,14.625,15.168,-0.1936,76.36,75.6,0.537,0.537,0.0,28.6
167.446,-2.2611,16.259,15.233,0.0336,76.18,75.6,0.556,0.556,0.0,28.45
167.491,-2.2813,18.95,16.342,0.1479,75.99,75.6,0.577,0.576,0.0,22.79
167.544,-2.3208,14.844,15.944,-0.1716,76.05,75.6,0.571,0.57,0.0,25.81
167.598,-2.3469,16.851,16.022,0.0525,76.28,75.6,0.546,0.546,0.0,29.92
167.645,-2.3711,19.003,17.021,0.1313,76.48,75.6,0.524,0.524,0.0,25.98
167.697,-2.4078,14.539,16.39,-0.1928,76.49,75.6,0.523,0.523,0.0,28.13
167.748,-2.4342,17.178,16.248,0.0463,76.28,75.6,0.545,0.545,0.0,28.11
167.793,-2.4547,18.616,17.121,0.1367,76.09,75.6,0.567,0.567,0.0,23.54
167.848,-2.4936,14.202,16.439,-0.1866,76.07,75.6,0.568,0.568,0.0,27.44
167.899,-2.5184,16.667,16.093,0.0232,76.18,75.6,0.556,0.556,0.0,28.21
167.947,-2.5392,18.029,16.734,0.1257,76.34,75.6,0.54,0.54,0.0,25.67
167.998,-2.5692,13.184,15.771,-0.2016,76.38,75.6,0.535,0.535,0.0,26.71
168.049,-2.5912,15.441,15.447,0.0556,76.2,75.6,0.554,0.554,0.0,27.91
168.096,-2.607,17.598,16.302,0.1533,76.0,75.6,0.576,0.576,0.0,24.35
168.146,-2.6211,20.207,17.702,0.1059,76.04,75.6,0.572,0.572,0.0,24.11
168.2,-2.6539,15.14,16.969,-0.2488,76.25,75.6,0.549,0.549,0.0,27.71
168.253,-2.6685,16.146,16.303,-0.0164,76.44,75.6,0.528,0.528,0.0,30.02
168.3,-2.6793,18.026,16.676,0.1218,76.48,75.6,0.525,0.525,0.0,26.82
168.353,-2.7046,13.168,15.576,-0.1926,76.29,75.6,0.545,0.545,0.0,29.53
168.399,-2.7146,14.024,14.801,0.007,76.08,75.6,0.567,0.567,0.0,26.02
168.448,-2.7191,16.262,15.049,0.1157,76.04,75.6,0.571,0.571,0.0,23.97
168.501,-2.7388,11.633,13.898,-0.1866,76.16,75.6,0.558,0.558,0.0,26.82
168.551,-2.7439,12.438,13.159,0.0173,76.35,75.6,0.538,0.538,0.0,27.11
168.604,-2.7483,14.768,13.568,0.1345,76.42,75.6,0.531,0.531,0.0,29.4
168.655,-2.7629,10.237,12.572,-0.1818,76.21,75.6,0.553,0.553,0.0,30.58
168.701,-2.7682,11.922,12.402,0.0805,76.02,75.6,0.574,0.574,0.0,26.06
168.75,-2.7705,15.455,13.45,0.1641,76.03,75.6,0.572,0.572,0.0,24.72
168.804,-2.7856,10.924,12.845,-0.1941,76.26,75.6,0.548,0.548,0.0,28.92
168.854,-2.7915,13.668,12.745,0.0493,76.46,75.6,0.527,0.527,0.0,27.87
168.904,-2.7965,15.461,13.706,0.1447,76.48,75.6,0.524,0.524,0.0,28.39
168.961,-2.8135,11.376,13.197,-0.1717,76.3,75.6,0.544,0.544,0.0,34.49
169.008,-2.8213,14.176,13.167,0.0491,76.08,75.6,0.568,0.568,0.0,31.59
169.055,-2.8272,15.92,14.178,0.1444,76.01,75.6,0.575,0.575,0.0,27.55
169.105,-2.8317,18.987,15.872,0.1305,76.12,75.6,0.562,0.562,0.0,27.71
169.156,-2.8544,14.573,15.597,-0.2157,76.35,75.6,0.539,0.539,0.0,28.41
169.209,-2.8612,16.06,15.56,0.0235,76.45,75.6,0.527,0.527,0.0,31.23
169.255,-2.866,18.91,16.681,0.1604,76.26,75.6,0.548,0.548,0.0,26.23
169.305,-2.8873,14.505,16.235,-0.1797,76.07,75.6,0.569,0.569,0.0,26.72
169.355,-2.8928,16.216,16.183,0.0395,76.05,75.6,0.571,0.571,0.0,26.02
169.403,-2.8956,18.826,16.944,0.1118,76.2,75.6,0.554,0.554,0.0,24.12
169.463,-2.9145,14.046,16.039,-0.2062,76.37,75.6,0.537,0.537,0.0,33.1
169.508,-2.9168,14.626,15.224,-0.019,76.42,75.6,0.531,0.531,0.0,28.69
169.558,-2.9148,16.482,15.296,0.0954,76.23,75.6,0.55,0.55,0.0,27.71
169.61,-2.9249,11.858,14.033,-0.1839,76.03,75.6,0.573,0.573,0.0,29.47
169.654,-2.9218,11.686,13.172,0.012,76.03,75.6,0.573,0.573,0.0,23.87
169.706,-2.913,13.387,13.322,0.1112,76.21,75.6,0.553,0.553,0.0,25.42
169.762,-2.9181,8.991,12.168,-0.1768,76.41,75.6,0.532,0.532,0.0,30.78
169.808,-2.9097,11.155,11.568,0.0371,76.47,75.6,0.526,0.526,0.0,26.48
169.855,-2.8984,12.917,12.005,0.1238,76.27,75.6,0.547,0.547,0.0,23.95
169.907,-2.8996,8.691,11.085,-0.1743,76.1,75.6,0.566,0.566,0.0,25.1
169.959,-2.8904,10.168,10.488,0.0131,76.08,75.6,0.567,0.567,0.0,26.21
170.009,-2.8781,12.079,10.978,0.1309,76.2,75.6,0.554,0.554,0.0,26.0
170.06,-2.8777,8.033,10.194,-0.1608,76.36,75.6,0.537,0.537,0.0,27.16
170.113,-2.8688,9.675,9.868,0.0365,76.4,75.6,0.532,0.532,0.0,29.35
170.156,-2.8575,12.14,10.553,0.1298,76.2,75.6,0.554,0.554,0.0,22.79
170.208,-2.8579,8.755,10.078,-0.1381,76.04,75.6,0.571,0.571,0.0,24.44
170.263,-2.8512,10.862,10.014,0.0407,76.1,75.6,0.565,0.565,0.0,28.15
170.308,-2.8431,12.027,10.792,0.1154,76.29,75.6,0.545,0.545,0.0,23.49
170.362,-2.846,8.374,10.265,-0.155,76.42,75.6,0.531,0.531,0.0,26.69
170.412,-2.8423,11.251,10.254,0.0536,76.37,75.6,0.536,0.536,0.0,27.3
170.462,-2.8373,13.602,11.401,0.1614,76.18,75.6,0.556,0.556,0.0,26.81
170.512,-2.8325,15.776,13.15,0.1241,76.01,75.6,0.575,0.575,0.0,26.45
170.563,-2.8439,12.206,13.152,-0.183,76.08,75.6,0.568,0.568,0.0,27.24
170.618,-2.843,14.684,13.386,0.0325,76.3,75.6,0.544,0.544,0.0,30.99
170.666,-2.8402,16.973,14.614,0.147,76.44,75.6,0.528,0.528,0.0,28.94
170.714,-2.855,13.291,14.44,-0.1528,76.43,75.6,0.529,0.529,0.0,26.96
170.763,-2.8565,15.103,14.484,0.0243,76.23,75.6,0.551,0.551,0.0,25.61
170.813,-2.8556,17.324,15.396,0.1227,76.05,75.6,0.571,0.571,0.0,25.28
170.863,-2.8682,13.503,14.939,-0.1592,76.07,75.6,0.569,0.569,0.0,25.33
170.916,-2.868,14.362,14.667,0.0097,76.22,75.6,0.552,0.552,0.0,27.79
170.963,-2.8646,15.991,15.124,0.0925,76.37,75.6,0.537,0.536,0.0,24.47
171.016,-2.8707,11.546,14.132,-0.1864,76.37,75.6,0.536,0.536,0.0,26.93
171.062,-2.8649,12.986,13.547,0.0221,76.18,75.6,0.556,0.556,0.0,22.97
171.115,-2.8553,13.874,13.693,0.0817,76.0,75.6,0.576,0.576,0.0,25.85
171.167,-2.8541,9.337,12.431,-0.1915,76.03,75.6,0.572,0.572,0.0,27.01
171.216,-2.841,9.762,11.268,-0.0302,76.26,75.6,0.548,0.548,0.0,26.27
171.268,-2.823,10.474,10.844,0.0627,76.46,75.6,0.526,0.526,0.0,27.9
171.318,-2.8117,6.153,9.31,-0.1698,76.48,75.6,0.525,0.525,0.0,27.42
171.367,-2.7911,6.527,8.078,-0.0114,76.28,75.6,0.545,0.545,0.0,26.3
171.414,-2.7688,7.445,7.71,0.0777,76.06,75.6,0.569,0.569,0.0,22.71
171.467,-2.753,3.847,6.447,-0.1379,76.08,75.6,0.567,0.567,0.0,25.46
171.519,-2.7302,5.114,5.799,0.0418,76.25,75.6,0.549,0.549,0.0,26.82
171.57,-2.7063,6.962,6.3,0.1377,76.4,75.6,0.533,0.533,0.0,28.33
171.62,-2.6818,9.142,7.621,0.1321,76.42,75.6,0.53,0.53,0.0,27.52
171.669,-2.6745,6.565,7.702,-0.1271,76.24,75.6,0.549,0.549,0.0,26.56
171.72,-2.6577,10.059,8.364,0.084,76.1,75.6,0.566,0.566,0.0,27.35
171.768,-2.6418,12.761,9.929,0.1492,76.1,75.6,0.564,0.564,0.0,25.04
171.819,-2.6417,10.162,10.263,-0.1172,76.19,75.6,0.556,0.556,0.0,25.72
171.872,-2.6332,12.236,10.81,0.0413,76.23,75.6,0.551,0.551,0.0,28.37
171.919,-2.6247,14.187,12.009,0.1102,76.28,75.6,0.545,0.545,0.0,24.4
171.97,-2.6274,11.032,11.915,-0.1387,76.28,75.6,0.546,0.546,0.0,25.83
172.02,-2.6212,12.516,11.933,0.0124,76.26,75.6,0.548,0.548,0.0,25.24
172.069,-2.6131,13.289,12.558,0.0853,76.28,75.6,0.546,0.546,0.0,23.97
172.128,-2.6127,10.634,12.24,-0.1098,76.31,75.6,0.543,0.543,0.0,33.4
172.176,-2.605,12.003,12.165,0.0229,76.29,75.6,0.545,0.545,0.0,30.44
172.222,-2.594,13.026,12.619,0.0712,76.2,75.6,0.554,0.554,0.0,26.74
172.277,-2.5887,9.358,11.826,-0.1583,76.18,75.6,0.556,0.556,0.0,30.98
172.321,-2.5755,10.362,11.048,-0.0256,76.2,75.6,0.554,0.554,0.0,24.67
172.377,-2.5566,9.459,10.633,0.0235,76.23,75.6,0.551,0.551,0.0,30.62
172.424,-2.5329,8.912,10.303,-0.0027,76.25,75.6,0.549,0.549,0.0,27.18
172.473,-2.512,4.867,8.744,-0.1831,76.27,75.6,0.547,0.547,0.0,25.86
172.528,-2.4792,4.515,7.427,-0.0207,76.26,75.6,0.548,0.548,0.0,30.34
172.576,-2.4419,5.312,6.51,0.0098,76.25,75.6,0.549,0.549,0.0,28.08
172.624,-2.4095,1.697,4.775,-0.1461,76.22,75.6,0.552,0.552,0.0,26.58
172.673,-2.3659,0.861,3.117,-0.0499,76.2,75.6,0.554,0.554,0.0,24.87
172.72,-2.319,-1.052,1.762,-0.0156,76.24,75.6,0.55,0.55,0.0,21.49
172.775,-2.2727,-3.909,-0.021,-0.107,76.29,75.6,0.545,0.545,0.0,26.88
172.821,-2.2207,-3.185,-1.121,0.033,76.29,75.6,0.545,0.545,0.0,22.7
172.876,-2.166,-4.136,-1.288,0.0919,76.26,75.6,0.548,0.548,0.0,26.41
172.924,-2.1216,-5.967,-1.885,-0.0659,76.24,75.6,0.55,0.55,0.0,24.56
172.976,-2.0688,-1.665,-2.121,0.0297,76.21,75.6,0.553,0.553,0.0,25.83
173.024,-2.0155,-1.653,-1.88,0.0583,76.23,75.6,0.551,0.551,0.0,23.67
173.078,-1.9674,-1.902,-1.892,-0.0269,76.31,75.6,0.543,0.543,0.0,27.21
173.123,-1.9207,-2.731,-2.287,-0.0539,76.31,75.6,0.543,0.543,0.0,21.86
173.177,-1.8751,-2.185,-2.524,0.0082,76.21,75.6,0.553,0.553,0.0,25.79
173.224,-1.8287,-2.552,-2.562,0.0195,76.14,75.6,0.56,0.56,0.0,21.7
173.275,-1.7874,-2.663,-2.602,-0.0016,76.16,75.6,0.558,0.558,0.0,22.69
173.327,-1.7476,-1.321,-2.356,0.0386,76.22,75.6,0.552,0.552,0.0,24.42
173.376,-1.7104,-0.803,-1.695,0.0664,76.3,75.6,0.544,0.544,0.0,23.19
173.426,-1.6801,-0.394,-1.067,0.0185,76.32,75.6,0.542,0.542,0.0,22.69
173.481,-1.6523,1.833,-0.164,0.0604,76.21,75.6,0.553,0.553,0.0,26.99
173.53,-1.6295,3.232,1.084,0.0796,76.1,75.6,0.566,0.566,0.0,25.32
173.579,-1.6094,4.898,2.399,0.053,76.16,75.6,0.558,0.558,0.0,24.82
173.628,-1.5961,4.711,3.194,-0.0267,76.26,75.6,0.548,0.548,0.0,23.04
173.684,-1.5826,6.055,3.908,0.0163,76.34,75.6,0.539,0.539,0.0,28.21
173.732,-1.5705,6.348,4.86,0.0582,76.35,75.6,0.539,0.539,0.0,26.11
173.781,-1.5633,5.617,5.33,-0.0341,76.15,75.6,0.559,0.559,0.0,25.49
173.83,-1.5541,5.85,5.709,0.0037,75.99,75.6,0.577,0.577,0.0,23.44
173.883,-1.5443,8.162,6.169,0.0246,76.06,75.6,0.569,0.569,0.0,26.67
173.934,-1.5338,7.665,6.668,0.0215,76.32,75.6,0.542,0.542,0.0,27.44
173.985,-1.5291,6.046,6.481,-0.0784,76.47,75.6,0.525,0.525,0.0,28.4
174.033,-1.5191,5.068,6.394,0.0076,76.38,75.6,0.536,0.536,0.0,25.98
174.082,-1.5054,6.03,6.747,0.0583,76.2,75.6,0.554,0.554,0.0,24.18
174.135,-1.4936,4.239,6.487,-0.0732,76.04,75.6,0.571,0.571,0.0,27.1
174.183,-1.4775,6.074,6.022,-0.0378,76.06,75.6,0.569,0.569,0.0,24.74
174.233,-1.4588,5.249,5.369,-0.0424,76.27,75.6,0.547,0.547,0.0,24.86
174.284,-1.4411,3.213,4.262,-0.0863,76.45,75.6,0.527,0.527,0.0,25.09
174.334,-1.4171,0.01,2.984,-0.0625,76.45,75.6,0.528,0.528,0.0,25.16
174.384,-1.3893,-0.407,1.894,-0.0183,76.28,75.6,0.546,0.546,0.0,24.44
174.438,-1.3563,-0.033,1.32,0.0339,76.12,75.6,0.562,0.562,0.0,28.11
174.485,-1.3257,-1.314,0.602,-0.0401,76.12,75.6,0.562,0.562,0.0,25.34
174.543,-1.2921,-1.655,-0.052,-0.0161,76.25,75.6,0.549,0.549,0.0,33.28
174.586,-1.2596,-1.212,-0.417,0.0175,76.37,75.6,0.537,0.537,0.0,25.61
174.634,-1.225,-2.148,-0.914,-0.0311,76.39,75.6,0.533,0.533,0.0,23.47
174.685,-1.1902,-2.482,-1.221,0.0091,76.21,75.6,0.553,0.553,0.0,24.25
174.734,-1.1573,-1.093,-1.098,0.0494,76.02,75.6,0.573,0.573,0.0,23.47
174.782,-1.1222,-1.274,-1.007,-0.0003,76.08,75.6,0.567,0.567,0.0,20.9
174.837,-1.0889,-2.116,-0.889,0.007,76.25,75.6,0.549,0.549,0.0,25.67
174.888,-1.0565,-0.188,-0.873,-0.01,76.38,75.6,0.536,0.536,0.0,26.49
174.937,-1.0246,-2.16,-1.176,-0.0441,76.37,75.6,0.537,0.537,0.0,24.2
174.983,-0.9879,-2.431,-1.523,-0.0166,76.14,75.6,0.56,0.56,0.0,20.15
175.039,-0.9554,-2.871,-2.241,-0.0639,75.99,75.6,0.577,0.577,0.0,25.96
175.09,-0.9176,-4.713,-3.033,-0.0353,76.12,75.6,0.562,0.562,0.0,26.82
175.136,-0.8754,-4.829,-3.571,0.0077,76.37,75.6,0.537,0.536,0.0,21.62
175.194,-0.8406,-5.792,-4.154,-0.0249,76.44,75.6,0.528,0.528,0.0,29.75
175.238,-0.7981,-5.024,-4.66,-0.0097,76.29,75.6,0.545,0.545,0.0,23.99
175.285,-0.7621,-6.011,-5.211,-0.024,76.12,75.6,0.564,0.564,0.0,19.89
175.341,-0.7235,-4.926,-5.255,0.0516,76.13,75.6,0.561,0.561,0.0,25.49
175.392,-0.6915,-5.015,-5.156,0.0184,76.25,75.6,0.548,0.548,0.0,26.22
175.449,-0.6572,-5.428,-5.154,-0.0102,76.38,75.6,0.536,0.536,0.0,33.48
175.492,-0.6278,-4.176,-4.791,0.0506,76.44,75.6,0.529,0.528,0.0,25.81
175.541,-0.6008,-2.645,-4.41,0.0152,76.23,75.6,0.551,0.551,0.0,24.55
175.585,-0.578,-3.496,-4.19,-0.0092,76.07,75.6,0.569,0.569,0.0,19.05
175.639,-0.5552,-2.305,-3.693,0.0464,76.12,75.6,0.563,0.562,0.0,22.46
175.699,-0.5373,-1.929,-3.083,0.0331,76.3,75.6,0.544,0.544,0.0,31.84
175.747,-0.5224,-1.094,-2.068,0.0778,76.43,75.6,0.529,0.529,0.0,29.11
175.793,-0.5105,1.174,-0.608,0.0976,76.42,75.6,0.53,0.53,0.0,25.12
175.839,-0.5027,2.096,0.716,0.032,76.26,75.6,0.548,0.548,0.0,20.81
175.891,-0.497,4.175,2.083,0.0523,76.1,75.6,0.566,0.566,0.0,23.16
175.945,-0.4942,4.749,3.189,0.0112,76.13,75.6,0.562,0.562,0.0,26.48
175.991,-0.4913,4.823,3.897,-0.0169,76.27,75.6,0.547,0.547,0.0,22.32
176.039,-0.4881,4.608,4.052,-0.0525,76.4,75.6,0.533,0.533,0.0,20.14
176.095,-0.4826,2.878,3.655,-0.0717,76.37,75.6,0.536,0.536,0.0,25.33
176.141,-0.4721,2.282,3.154,-0.0284,76.19,75.6,0.555,0.555,0.0,21.26
176.196,-0.4601,0.384,2.181,-0.0833,76.06,75.6,0.57,0.57,0.0,25.95
176.244,-0.4432,-1.066,0.806,-0.0902,76.11,75.6,0.563,0.563,0.0,24.2
176.296,-0.423,-3.835,-0.765,-0.0753,76.31,75.6,0.543,0.543,0.0,25.71
176.344,-0.3942,-4.373,-1.987,-0.0061,76.42,75.6,0.53,0.53,0.0,22.99
176.397,-0.3666,-5.727,-3.205,-0.0421,76.34,75.6,0.54,0.54,0.0,25.7
176.448,-0.3385,-6.602,-4.475,-0.0497,76.15,75.6,0.559,0.559,0.0,26.37
176.492,-0.3055,-6.597,-5.345,0.0115,76.01,75.6,0.575,0.575,0.0,20.11
176.547,-0.2753,-7.43,-6.051,-0.0076,76.1,75.6,0.564,0.564,0.0,25.09
176.599,-0.2437,-8.133,-6.779,-0.0276,76.36,75.6,0.538,0.538,0.0,26.58
176.646,-0.2107,-7.319,-7.035,0.0404,76.45,75.6,0.527,0.527,0.0,23.11
176.698,-0.1826,-6.887,-7.066,0.0225,76.29,75.6,0.545,0.545,0.0,25.79
176.745,-0.1554,-7.156,-6.983,0.0149,76.12,75.6,0.562,0.562,0.0,21.96
176.801,-0.1317,-5.957,-6.659,0.0365,76.14,75.6,0.56,0.56,0.0,27.7
176.848,-0.1107,-4.328,-5.879,0.0751,76.21,75.6,0.553,0.553,0.0,24.29
176.901,-0.0935,-3.564,-4.988,0.0427,76.32,75.6,0.542,0.542,0.0,26.42
176.949,-0.0808,-2.107,-4.156,0.0228,76.38,75.6,0.535,0.535,0.0,24.76
176.997,-0.0714,-0.572,-3.126,0.0567,76.24,75.6,0.55,0.55,0.0,22.42
177.048,-0.0665,-0.318,-2.151,0.0284,76.09,75.6,0.566,0.566,0.0,22.9
177.098,-0.0656,0.435,-1.371,0.0067,76.13,75.6,0.561,0.561,0.0,23.28
177.152,-0.0665,1.19,-0.523,0.0368,76.25,75.6,0.549,0.549,0.0,26.71
177.199,-0.0703,2.402,0.484,0.0518,76.38,75.6,0.536,0.536,0.0,22.82
177.248,-0.0769,2.783,1.398,0.0222,76.4,75.6,0.533,0.533,0.0,21.82
177.301,-0.0853,3.925,2.174,0.0127,76.21,75.6,0.553,0.553,0.0,24.82
177.347,-0.0941,4.317,2.81,0.0074,76.03,75.6,0.573,0.573,0.0,20.0
177.401,-0.1024,3.995,3.324,0.0053,76.13,75.6,0.561,0.561,0.0,23.86
177.452,-0.1115,4.078,3.682,-0.0039,76.33,75.6,0.541,0.541,0.0,24.75
177.5,-0.1188,3.504,3.725,-0.0316,76.41,75.6,0.532,0.532,0.0,21.91
177.554,-0.1252,3.382,3.7,-0.0079,76.29,75.6,0.545,0.545,0.0,26.11
177.603,-0.1291,2.966,3.6,-0.0113,76.11,75.6,0.564,0.564,0.0,24.37
177.655,-0.1306,2.256,3.185,-0.0476,76.11,75.6,0.563,0.563,0.0,26.9
177.699,-0.1283,1.236,2.518,-0.0495,76.23,75.6,0.551,0.551,0.0,20.68
177.754,-0.1231,0.09,1.642,-0.0526,76.35,75.6,0.538,0.538,0.0,25.32
177.809,-0.1153,-1.819,0.282,-0.0981,76.39,75.6,0.533,0.533,0.0,29.31
177.853,-0.1017,-2.651,-0.98,-0.0338,76.21,75.6,0.553,0.553,0.0,23.07
177.905,-0.0872,-3.673,-2.259,-0.0463,76.05,75.6,0.57,0.57,0.0,24.66
177.957,-0.0695,-6.744,-3.621,-0.0564,76.11,75.6,0.563,0.563,0.0,26.6
178.002,-0.0489,-6.97,-4.632,0.0016,76.29,75.6,0.545,0.545,0.0,21.4
178.056,-0.027,-6.424,-5.328,0.0085,76.42,75.6,0.531,0.531,0.0,24.79
178.105,-0.006,-6.545,-5.714,0.019,76.39,75.6,0.535,0.535,0.0,23.1
178.153,0.0108,-5.661,-5.835,0.0235,76.18,75.6,0.556,0.556,0.0,20.97
178.207,0.0273,-4.924,-5.667,0.0362,76.03,75.6,0.573,0.573,0.0,24.77
178.256,0.041,-4.859,-5.215,0.0454,76.1,75.6,0.564,0.564,0.0,22.93
178.306,0.0503,-3.064,-4.492,0.0535,76.33,75.6,0.541,0.541,0.0,22.92
178.355,0.0565,-1.803,-3.579,0.0519,76.4,75.6,0.532,0.532,0.0,21.5
178.408,0.059,-0.522,-2.469,0.0593,76.23,75.6,0.551,0.551,0.0,24.52
178.459,0.0569,0.668,-1.318,0.0446,76.07,75.6,0.569,0.569,0.0,25.08
178.516,0.0519,1.948,-0.213,0.0337,76.11,75.6,0.563,0.563,0.0,31.6
178.562,0.044,2.88,0.821,0.0286,76.28,75.6,0.546,0.546,0.0,27.18
178.613,0.0333,3.578,1.659,0.0089,76.4,75.6,0.532,0.532,0.0,28.41
178.665,0.021,3.809,2.274,-0.002,76.41,75.6,0.533,0.533,0.0,29.71
178.708,0.0072,4.013,2.737,0.0001,76.24,75.6,0.55,0.55,0.0,22.62
178.761,-0.0057,3.771,3.122,0.0054,76.09,75.6,0.566,0.566,0.0,24.9
178.808,-0.0169,3.472,3.448,0.0051,76.1,75.6,0.564,0.564,0.0,22.55
178.861,-0.0281,4.212,3.608,-0.0118,76.24,75.6,0.55,0.55,0.0,24.69
178.906,-0.039,3.631,3.501,-0.0316,76.37,75.6,0.536,0.536,0.0,19.55
178.962,-0.0476,3.087,3.087,-0.0467,76.38,75.6,0.536,0.536,0.0,25.37
179.007,-0.0546,1.649,2.391,-0.0538,76.19,75.6,0.555,0.555,0.0,20.12
179.063,-0.0599,0.871,1.651,-0.0304,76.08,75.6,0.568,0.568,0.0,25.0
179.112,-0.0628,-0.335,0.955,-0.0196,76.14,75.6,0.56,0.56,0.0,24.48
179.178,-0.0632,-0.553,0.605,0.0238,76.3,75.6,0.544,0.544,0.0,39.89
179.214,-0.0637,-1.131,0.248,-0.0131,76.42,75.6,0.53,0.53,0.0,25.84
179.267,-0.0631,-0.648,0.196,0.0301,76.36,75.6,0.537,0.537,0.0,27.96
179.314,-0.0622,0.816,0.455,0.0417,76.2,75.6,0.554,0.554,0.0,24.88
179.363,-0.0612,0.92,0.801,0.0212,76.06,75.6,0.57,0.57,0.0,23.85
179.413,-0.0617,0.529,0.885,-0.0246,76.1,75.6,0.564,0.564,0.0,23.32
179.465,-0.0607,0.349,0.686,-0.0365,76.3,75.6,0.544,0.544,0.0,24.68
179.521,-0.0595,0.864,0.486,-0.0071,76.41,75.6,0.532,0.532,0.0,30.88
179.565,-0.057,0.768,0.359,0.0033,76.39,75.6,0.535,0.535,0.0,24.12
179.615,-0.0536,-1.253,0.18,-0.0117,76.21,75.6,0.553,0.553,0.0,24.06
179.669,-0.0507,-0.444,-0.101,-0.0206,76.04,75.6,0.572,0.572,0.0,27.66
179.712,-0.0456,-0.702,-0.391,-0.011,76.1,75.6,0.564,0.564,0.0,20.36
179.767,-0.0404,-0.62,-0.741,-0.0185,76.28,75.6,0.546,0.546,0.0,24.87
179.818,-0.0358,-1.664,-1.173,-0.0237,76.39,75.6,0.533,0.533,0.0,25.57
179.868,-0.0302,-3.479,-1.669,-0.024,76.4,75.6,0.534,0.534,0.0,25.38
179.916,-0.0227,-3.399,-1.978,0.0087,76.22,75.6,0.552,0.552,0.0,22.44
179.97,-0.0165,-1.531,-2.116,0.0133,76.06,75.6,0.57,0.57,0.0,26.4
180.018,-0.0086,-1.959,-2.012,0.0289,76.13,75.6,0.561,0.561,0.0,24.27
180.069,-0.0045,-1.735,-1.841,0.013,76.3,75.6,0.544,0.544,0.0,24.02
180.124,-0.001,-1.719,-1.686,0.0036,76.39,75.6,0.535,0.535,0.0,28.33
180.169,0.0025,-0.496,-1.272,0.0418,76.36,75.6,0.538,0.538,0.0,23.47
180.218,0.0042,-0.158,-0.822,0.0194,76.19,75.6,0.555,0.555,0.0,21.83
180.269,0.0042,-0.048,-0.255,0.0319,76.05,75.6,0.57,0.57,0.0,23.31
180.321,0.0029,1.358,0.086,-0.0117,76.11,75.6,0.563,0.563,0.0,24.65
180.369,0.0012,1.47,0.289,-0.0074,76.29,75.6,0.545,0.545,0.0,21.79
180.423,-0.0006,1.733,0.554,0.0158,76.4,75.6,0.532,0.532,0.0,26.15
180.471,-0.0034,-0.454,0.55,-0.0284,76.4,75.6,0.534,0.534,0.0,24.07
180.523,-0.0055,1.52,0.561,0.0021,76.23,75.6,0.551,0.551,0.0,25.42
180.569,-0.0062,1.575,0.629,0.0081,76.07,75.6,0.569,0.569,0.0,21.89
180.623,-0.0068,0.042,0.77,0.0127,76.13,75.6,0.561,0.561,0.0,25.54
180.677,-0.0103,1.001,0.606,-0.0376,76.28,75.6,0.546,0.546,0.0,29.4
180.72,-0.0102,0.878,0.381,-0.0143,76.38,75.6,0.535,0.535,0.0,21.69
180.774,-0.0096,0.462,0.13,-0.0115,76.36,75.6,0.538,0.538,0.0,25.37
180.827,-0.0109,-1.472,-0.449,-0.0545,76.17,75.6,0.557,0.557,0.0,27.79
180.868,-0.0096,-1.482,-0.909,-0.0038,76.03,75.6,0.572,0.572,0.0,18.52
180.924,-0.0085,-1.281,-1.122,0.0186,76.13,75.6,0.561,0.561,0.0,24.2
180.975,-0.0075,-1.858,-1.213,0.0096,76.33,75.6,0.541,0.541,0.0,24.98
181.022,-0.0086,-1.729,-1.242,0.0054,76.38,75.6,0.536,0.536,0.0,21.11
181.073,-0.0101,0.047,-1.268,-0.0007,76.16,75.6,0.558,0.558,0.0,22.27
181.127,-0.0119,-1.404,-1.499,-0.0294,76.01,75.6,0.575,0.575,0.0,25.94
181.179,-0.0172,-0.959,-1.928,-0.0359,76.12,75.6,0.562,0.562,0.0,27.81
181.224,-0.0233,-0.657,-2.136,0.016,76.38,75.6,0.536,0.536,0.0,22.25
181.275,-0.0291,-1.104,-1.993,0.0417,76.44,75.6,0.528,0.528,0.0,23.65
181.327,-0.04,-0.009,-1.313,0.08,76.27,75.6,0.546,0.546,0.0,25.23
181.375,-0.0578,0.599,-0.593,0.0293,76.12,75.6,0.562,0.562,0.0,22.76
181.429,-0.0789,3.298,0.564,0.0861,76.13,75.6,0.562,0.562,0.0,25.76
181.48,-0.1015,6.33,2.087,0.0917,76.22,75.6,0.552,0.552,0.0,26.25
181.525,-0.1403,6.668,3.244,0.0019,76.33,75.6,0.541,0.541,0.0,20.92
181.583,-0.173,7.608,4.295,0.0255,76.35,75.6,0.539,0.539,0.0,28.32
181.631,-0.2165,9.5,5.537,0.0634,76.2,75.6,0.554,0.554,0.0,25.96
181.685,-0.2645,9.087,6.299,-0.0235,76.06,75.6,0.57,0.57,0.0,29.86
181.734,-0.3185,10.645,7.401,0.0739,76.09,75.6,0.567,0.567,0.0,28.06
181.785,-0.3653,12.869,9.195,0.1352,76.27,75.6,0.547,0.547,0.0,29.44
181.833,-0.4205,16.56,11.774,0.1721,76.43,75.6,0.53,0.53,0.0,26.52
181.891,-0.4997,14.951,13.074,-0.0886,76.42,75.6,0.53,0.53,0.0,34.49
181.935,-0.5575,18.496,14.703,0.0915,76.21,75.6,0.553,0.553,0.0,28.58
181.999,-0.6351,22.069,17.264,0.1869,76.04,75.6,0.572,0.572,0.0,42.69
182.034,-0.7133,19.501,18.324,-0.1202,76.03,75.6,0.572,0.572,0.0,26.73
182.083,-0.778,21.743,19.475,0.0497,76.17,75.6,0.557,0.557,0.0,26.21
182.138,-0.8565,25.119,21.302,0.1346,76.38,74.79,0.443,0.443,0.0,30.19
182.19,-0.9405,21.356,21.458,-0.1696,76.44,74.79,0.436,0.436,0.0,31.91
182.239,-1.015,23.211,21.788,0.0298,76.27,74.8,0.455,0.455,0.0,31.14
182.29,-1.0807,24.195,22.63,0.083,76.04,72.88,0.262,0.262,0.0,30.86
182.339,-1.145,25.111,23.376,0.0159,75.79,73.1,0.311,0.311,0.0,30.15
182.393,-1.2195,20.247,22.221,-0.2393,75.54,73.1,0.338,0.338,0.0,34.03
182.442,-1.2716,19.975,20.813,-0.0757,75.27,73.22,0.379,0.379,0.0,32.29
182.488,-1.3233,19.24,19.808,0.0071,75.04,72.34,0.306,0.306,0.0,27.39
182.539,-1.3772,13.751,17.482,-0.2196,74.77,72.34,0.333,0.333,0.0,28.88
182.587,-1.4114,12.671,15.169,-0.0793,74.53,72.14,0.337,0.336,0.0,26.44
182.642,-1.4394,11.629,13.62,0.026,74.27,71.1,0.246,0.246,0.0,30.79
182.692,-1.4738,5.884,10.883,-0.22,74.02,71.1,0.272,0.272,0.0,30.4
182.743,-1.494,6.441,8.838,0.0012,73.79,70.61,0.241,0.241,0.0,31.32
182.78,-1.5083,7.003,8.066,0.1064,73.56,72.57,0.487,0.487,0.0,18.13
182.841,-1.5322,1.643,5.994,-0.2085,73.34,72.57,0.51,0.51,0.0,28.92
182.888,-1.5442,4.044,4.809,0.0515,73.13,72.02,0.47,0.47,0.0,25.24
182.941,-1.55,6.76,5.483,0.2182,72.94,71.98,0.487,0.487,0.0,28.76
182.991,-1.5784,2.41,4.812,-0.1642,72.74,71.98,0.508,0.508,0.0,28.22
183.044,-1.5925,6.388,5.044,0.1027,72.54,70.98,0.413,0.413,0.0,30.41
183.09,-1.6041,11.442,7.129,0.2669,72.37,73.95,0.767,0.767,0.0,26.57
183.142,-1.6424,7.934,7.682,-0.1413,72.24,73.95,0.782,0.782,0.0,27.77
183.193,-1.6696,12.357,8.894,0.1115,72.56,75.21,0.891,0.891,0.0,28.47
183.249,-1.6986,17.301,11.584,0.2486,72.95,75.6,0.894,0.894,0.0,34.37
183.292,-1.7541,14.235,12.64,-0.1342,73.4,75.6,0.848,0.848,0.0,27.51
183.341,-1.8002,19.246,14.631,0.1674,73.84,75.6,0.801,0.801,0.0,26.05
183.391,-1.8448,24.29,18.2,0.2899,74.36,75.6,0.746,0.746,0.0,25.29
183.442,-1.9265,21.164,19.817,-0.148,74.88,75.6,0.691,0.691,0.0,26.03
183.489,-1.9836,27.281,21.947,0.1281,75.43,75.6,0.632,0.632,0.0,22.9
183.542,-2.0578,31.853,25.219,0.2339,76.0,75.6,0.576,0.576,0.0,24.79
183.596,-2.1484,28.037,26.377,-0.181,76.52,75.6,0.52,0.52,0.0,28.81
183.645,-2.2314,31.753,27.845,0.0837,76.88,75.6,0.482,0.482,0.0,27.43
183.698,-2.3061,34.869,30.57,0.2268,76.77,75.6,0.493,0.493,0.0,30.68
183.745,-2.4137,30.036,31.082,-0.2139,76.53,75.6,0.52,0.52,0.0,27.61
183.794,-2.498,34.982,32.163,0.0973,76.25,75.6,0.549,0.549,0.0,25.34
183.844,-2.5694,38.208,34.37,0.195,75.97,75.6,0.579,0.579,0.0,24.92
183.897,-2.6674,31.595,33.896,-0.2974,75.87,75.6,0.59,0.589,0.0,27.25
183.946,-2.735,33.063,33.36,-0.0252,76.0,75.6,0.575,0.575,0.0,26.46
183.996,-2.798,34.04,33.55,0.0827,76.28,75.6,0.546,0.546,0.0,26.23
184.05,-2.8672,27.066,31.595,-0.2928,76.44,75.6,0.528,0.528,0.0,29.49
184.098,-2.9222,27.733,29.648,-0.0672,76.39,75.6,0.534,0.534,0.0,27.17
184.147,-2.9551,27.098,28.575,0.0541,76.14,75.6,0.56,0.56,0.0,26.55
184.196,-3.0059,19.6,25.623,-0.2998,75.84,75.6,0.594,0.594,0.0,24.9
184.242,-3.0309,18.168,22.847,-0.0784,75.79,75.6,0.603,0.603,0.0,20.32
184.296,-3.0414,19.095,21.357,0.0825,76.04,75.6,0.571,0.571,0.0,24.36
184.352,-3.0625,11.36,18.107,-0.2976,76.34,75.6,0.539,0.539,0.0,29.78
184.4,-3.0625,11.015,15.414,-0.0358,76.52,75.6,0.52,0.52,0.0,27.76
184.447,-3.053,11.61,14.194,0.1117,76.34,75.6,0.54,0.54,0.0,24.24
184.501,-3.0531,5.386,11.601,-0.2343,76.08,75.6,0.567,0.567,0.0,27.98
184.546,-3.0359,6.657,9.914,0.036,75.82,75.6,0.596,0.596,0.0,22.97
184.597,-3.0121,8.886,9.679,0.1439,75.91,75.6,0.584,0.584,0.0,24.12
184.651,-3.0018,3.008,7.81,-0.2364,76.28,75.6,0.546,0.546,0.0,27.38
184.706,-2.9765,5.212,6.688,0.0391,76.6,75.6,0.512,0.512,0.0,32.01
184.748,-2.9473,6.522,6.749,0.126,76.63,75.6,0.508,0.508,0.0,23.91
184.803,-2.9301,2.118,5.521,-0.1779,76.42,75.6,0.532,0.532,0.0,27.75
184.853,-2.9049,4.992,5.002,0.0561,76.19,75.6,0.555,0.554,0.0,27.43
184.904,-2.8802,7.341,5.836,0.1709,75.99,75.6,0.576,0.576,0.0,27.59
184.955,-2.8684,4.548,5.684,-0.1086,76.03,75.6,0.573,0.573,0.0,28.6
185.004,-2.8517,7.605,6.186,0.0859,76.25,75.6,0.549,0.549,0.0,27.77
185.055,-2.8369,10.952,8.032,0.2053,76.46,75.6,0.526,0.526,0.0,28.19
185.104,-2.8248,14.804,10.827,0.1969,76.48,75.6,0.524,0.524,0.0,27.01
185.154,-2.8341,12.584,12.019,-0.1263,76.31,75.6,0.543,0.543,0.0,26.89
185.207,-2.8325,16.552,13.543,0.088,76.11,75.6,0.565,0.565,0.0,29.37
185.254,-2.8333,20.585,16.019,0.1862,76.03,75.6,0.573,0.573,0.0,26.21
185.305,-2.8523,17.729,16.933,-0.1318,76.12,75.6,0.562,0.562,0.0,27.01
185.359,-2.8608,20.204,17.89,0.038,76.29,75.6,0.545,0.545,0.0,30.77
185.407,-2.8704,21.927,19.248,0.0894,76.35,75.6,0.539,0.539,0.0,28.76
185.458,-2.8895,17.799,18.918,-0.1883,76.27,75.6,0.547,0.547,0.0,28.77
185.504,-2.8971,18.669,18.348,-0.045,76.04,75.6,0.572,0.572,0.0,24.21
185.553,-2.8999,17.864,18.071,0.021,76.01,75.6,0.574,0.574,0.0,23.12
185.607,-2.9075,14.14,16.782,-0.151,76.17,75.6,0.557,0.557,0.0,27.2
185.657,-2.9054,13.895,15.657,-0.0221,76.35,75.6,0.539,0.539,0.0,27.14
185.711,-2.8977,14.566,15.326,0.0716,76.43,75.6,0.529,0.529,0.0,30.09
185.768,-2.8953,10.507,13.941,-0.1588,76.28,75.6,0.546,0.546,0.0,36.62
185.818,-2.8839,10.681,12.835,-0.0094,76.01,75.6,0.575,0.575,0.0,36.6
185.862,-2.8666,11.913,12.281,0.0384,75.88,75.6,0.589,0.589,0.0,30.55
185.919,-2.8431,10.496,11.722,-0.02,76.0,75.6,0.575,0.575,0.0,37.14
185.963,-2.8279,5.699,9.72,-0.2209,76.34,75.6,0.539,0.539,0.0,31.23
186.007,-2.798,4.68,7.878,-0.0476,76.62,75.6,0.509,0.509,0.0,24.19
186.062,-2.7611,5.783,7.399,0.1261,76.44,75.6,0.529,0.528,0.0,29.31
186.123,-2.7326,1.614,6.003,-0.1449,76.23,75.6,0.551,0.551,0.0,40.6
186.172,-2.6922,2.12,5.346,0.0546,76.02,75.6,0.573,0.573,0.0,38.24
186.223,-2.6482,5.226,5.647,0.1108,75.96,75.6,0.579,0.579,0.0,39.82
186.279,-2.6116,1.535,4.763,-0.155,76.11,75.6,0.564,0.564,0.0,45.34
186.324,-2.5618,2.622,3.862,-0.0334,76.38,75.6,0.536,0.536,0.0,39.78
186.376,-2.5152,1.413,2.835,-0.0489,76.58,75.6,0.514,0.514,0.0,40.95
186.42,-2.4691,-1.491,1.18,-0.1235,76.46,75.6,0.526,0.526,0.0,34.58
186.481,-2.411,-2.62,-0.519,-0.064,76.28,75.6,0.546,0.546,0.0,45.38
186.528,-2.3532,-4.585,-2.007,-0.0297,76.08,75.6,0.568,0.568,0.0,42.83
186.575,-2.2964,-4.693,-2.982,0.0195,76.01,75.6,0.574,0.574,0.0,38.78
186.627,-2.244,-5.963,-3.971,-0.036,76.13,75.6,0.561,0.561,0.0,40.46
186.672,-2.183,-5.281,-4.408,0.0426,76.36,75.6,0.538,0.538,0.0,35.85
186.714,-2.1305,-2.865,-3.866,0.1215,76.53,75.6,0.519,0.519,0.0,27.95
186.763,-2.0839,-3.077,-3.435,0.0033,76.4,75.6,0.533,0.533,0.0,25.99
186.812,-2.0389,-2.213,-2.616,0.0694,76.27,75.6,0.547,0.547,0.0,25.0
186.859,-1.9983,1.956,-1.229,0.1078,76.07,75.6,0.569,0.569,0.0,22.45
186.913,-1.9603,3.056,0.547,0.1027,76.06,75.6,0.569,0.569,0.0,25.78
186.964,-1.9361,2.658,1.624,-0.0355,76.17,75.6,0.557,0.557,0.0,26.97
187.018,-1.9093,4.492,2.605,0.0241,76.32,75.6,0.542,0.542,0.0,30.44
187.067,-1.884,6.766,4.058,0.1002,76.39,75.6,0.533,0.533,0.0,29.1
187.112,-1.8681,6.615,5.107,-0.0058,76.22,75.6,0.552,0.552,0.0,23.34
187.164,-1.8506,7.441,6.108,0.0301,76.08,75.6,0.568,0.568,0.0,25.16
187.215,-1.834,8.512,7.083,0.0312,76.12,75.6,0.562,0.562,0.0,26.02
187.263,-1.8198,7.407,7.388,-0.0596,76.23,75.6,0.551,0.551,0.0,23.89
187.316,-1.8029,8.037,7.545,-0.0099,76.31,75.6,0.543,0.543,0.0,25.98
187.368,-1.7854,7.032,7.426,-0.0332,76.36,75.6,0.537,0.537,0.0,27.76
187.418,-1.7632,6.304,6.9,-0.061,76.23,75.6,0.551,0.551,0.0,27.32
187.466,-1.7409,4.427,5.892,-0.0856,76.03,75.6,0.572,0.572,0.0,24.53
187.515,-1.7137,2.645,4.781,-0.0497,76.07,75.6,0.568,0.568,0.0,23.34
187.568,-1.6792,1.23,3.826,-0.017,76.26,75.6,0.548,0.548,0.0,26.1
187.616,-1.6448,-0.9,2.54,-0.0794,76.4,75.6,0.533,0.533,0.0,23.57
187.667,-1.6033,-2.017,1.303,-0.0381,76.41,75.6,0.532,0.532,0.0,24.16
187.721,-1.558,-1.728,-0.093,-0.0655,76.21,75.6,0.553,0.553,0.0,28.13
187.766,-1.5102,-3.321,-1.592,-0.063,76.05,75.6,0.571,0.571,0.0,22.92
187.818,-1.4625,-4.835,-3.181,-0.0649,76.11,75.6,0.564,0.564,0.0,24.39
187.873,-1.4136,-8.352,-4.878,-0.0706,76.32,75.6,0.542,0.542,0.0,28.58
187.923,-1.3557,-8.913,-6.12,0.0044,76.46,75.6,0.526,0.526,0.0,28.8
187.966,-1.3001,-9.056,-6.894,0.0218,76.38,75.6,0.536,0.536,0.0,21.83
188.022,-1.2487,-8.007,-7.08,0.0552,76.21,75.6,0.553,0.553,0.0,27.34
188.075,-1.198,-5.806,-6.708,0.0714,76.02,75.6,0.574,0.574,0.0,29.69
188.12,-1.1522,-4.906,-6.129,0.0418,76.07,75.6,0.568,0.568,0.0,24.24
188.175,-1.1128,-4.377,-5.471,0.0313,76.28,75.6,0.546,0.546,0.0,29.57
188.228,-1.0761,-2.68,-4.436,0.0755,76.48,75.6,0.524,0.524,0.0,32.07
188.27,-1.0432,-1.413,-3.257,0.0562,76.51,75.6,0.522,0.522,0.0,23.29
188.325,-1.0133,-1.206,-2.145,0.0319,76.29,75.6,0.545,0.545,0.0,27.5
188.372,-0.991,2.564,-0.927,0.0536,76.09,75.6,0.567,0.567,0.0,24.64
188.422,-0.9699,1.441,0.068,0.0113,76.04,75.6,0.572,0.572,0.0,23.62
188.471,-0.9532,2.092,0.89,0.0106,76.14,75.6,0.56,0.56,0.0,22.9
188.524,-0.9393,3.595,1.606,0.0138,76.29,75.6,0.545,0.545,0.0,25.64
188.576,-0.9252,1.973,2.269,0.0177,76.41,75.6,0.532,0.532,0.0,27.73
188.62,-0.9123,2.244,2.811,0.0062,76.37,75.6,0.537,0.536,0.0,21.5
188.681,-0.9009,4.659,3.063,-0.0216,76.16,75.6,0.558,0.558,0.0,32.0
188.725,-0.8858,3.387,3.165,-0.0122,75.97,75.6,0.579,0.579,0.0,25.78
188.773,-0.8716,2.492,2.962,-0.039,76.02,75.6,0.574,0.574,0.0,23.01
188.824,-0.8551,0.504,2.264,-0.0763,76.3,75.6,0.544,0.544,0.0,23.82
188.876,-0.8363,0.722,1.54,-0.0279,76.53,75.6,0.519,0.519,0.0,25.48
188.927,-0.8133,-1.25,0.834,-0.0228,76.52,75.6,0.52,0.52,0.0,25.71
188.97,-0.7887,-1.811,0.183,-0.017,76.33,75.6,0.541,0.541,0.0,19.07
189.026,-0.7651,-1.339,-0.538,-0.0325,76.15,75.6,0.559,0.559,0.0,23.79
189.076,-0.7375,-2.653,-1.277,-0.0276,76.05,75.6,0.571,0.571,0.0,23.9
189.126,-0.7091,-3.022,-1.888,-0.008,76.14,75.6,0.56,0.56,0.0,23.22
189.179,-0.6822,-4.073,-2.582,-0.033,76.32,75.6,0.542,0.542,0.0,26.0
189.232,-0.6522,-4.127,-3.267,-0.0229,76.42,75.6,0.531,0.531,0.0,29.24
189.277,-0.6201,-4.743,-3.74,0.0057,76.29,75.6,0.545,0.545,0.0,23.86
189.325,-0.5934,-4.384,-3.901,0.027,76.13,75.6,0.562,0.562,0.0,21.56
189.377,-0.5636,-4.873,-4.003,0.0027,76.14,75.6,0.561,0.561,0.0,22.69
189.43,-0.538,-3.49,-4.083,-0.0006,76.25,75.6,0.549,0.549,0.0,25.13
189.476,-0.5116,-2.807,-3.922,0.0308,76.35,75.6,0.538,0.538,0.0,21.05
189.529,-0.4877,-3.236,-3.712,0.0125,76.35,75.6,0.539,0.539,0.0,23.79
189.58,-0.4671,-3.445,-3.559,-0.0006,76.16,75.6,0.558,0.558,0.0,24.34
189.626,-0.447,-2.595,-3.203,0.0337,76.02,75.6,0.574,0.574,0.0,19.74
189.681,-0.4298,-1.666,-2.696,0.0334,76.13,75.6,0.561,0.561,0.0,24.61
189.733,-0.4158,-1.015,-2.103,0.0296,76.35,75.6,0.539,0.539,0.0,26.41
189.782,-0.4042,-0.142,-1.508,0.0211,76.44,75.6,0.528,0.528,0.0,25.45
189.828,-0.3947,0.58,-0.885,0.0245,76.29,75.6,0.545,0.545,0.0,21.0
189.881,-0.3876,0.826,-0.255,0.0228,76.14,75.6,0.56,0.56,0.0,24.55
189.931,-0.3827,1.232,0.292,0.0104,76.17,75.6,0.557,0.557,0.0,23.54
189.978,-0.3787,1.642,0.775,0.0102,76.27,75.6,0.547,0.547,0.0,20.94
190.033,-0.3759,2.51,1.243,0.0148,76.34,75.6,0.539,0.539,0.0,24.81
190.083,-0.3739,1.856,1.636,0.0058,76.33,75.6,0.541,0.541,0.0,25.16
190.131,-0.3725,1.897,1.904,-0.0038,76.14,75.6,0.56,0.56,0.0,22.11
190.182,-0.3711,2.579,2.068,-0.005,76.02,75.6,0.574,0.574,0.0,22.75
190.235,-0.3685,2.244,2.208,0.0023,76.13,75.6,0.562,0.562,0.0,26.18
190.282,-0.3662,1.907,2.203,-0.0154,76.36,75.6,0.537,0.537,0.0,22.32
190.336,-0.3625,1.422,1.97,-0.0319,76.45,75.6,0.527,0.527,0.0,26.17
190.391,-0.357,1.447,1.551,-0.0342,76.27,75.6,0.547,0.547,0.0,30.96
190.434,-0.3509,0.245,1.075,-0.0224,76.1,75.6,0.566,0.566,0.0,23.72
190.482,-0.3428,-0.123,0.649,-0.0097,76.11,75.6,0.563,0.563,0.0,21.17
190.534,-0.3349,-1.075,0.22,-0.0153,76.28,75.6,0.546,0.546,0.0,22.51
190.585,-0.3252,-0.383,-0.069,0.0045,76.4,75.6,0.533,0.533,0.0,23.41
190.632,-0.3147,-0.564,-0.292,-0.001,76.4,75.6,0.533,0.533,0.0,21.04
190.686,-0.3049,-0.768,-0.418,0.0059,76.21,75.6,0.553,0.553,0.0,24.99
190.736,-0.2945,-1.09,-0.491,0.003,76.05,75.6,0.571,0.571,0.0,24.1
190.784,-0.2846,-1.271,-0.6,-0.0076,76.12,75.6,0.562,0.562,0.0,22.01
190.837,-0.2737,-0.799,-0.618,0.0089,76.31,75.6,0.543,0.543,0.0,24.9
190.89,-0.2632,-0.871,-0.578,0.0074,76.4,75.6,0.533,0.533,0.0,27.63
190.938,-0.2519,-0.769,-0.655,-0.0148,76.31,75.6,0.543,0.543,0.0,24.71
190.985,-0.2405,-0.803,-0.751,-0.0054,76.14,75.6,0.56,0.56,0.0,22.16
191.039,-0.2287,-1.09,-0.97,-0.0204,76.09,75.6,0.566,0.566,0.0,25.44
191.089,-0.2182,-1.852,-1.305,-0.024,76.2,75.6,0.554,0.554,0.0,25.85
191.133,-0.2051,-1.591,-1.457,0.0139,76.34,75.6,0.54,0.54,0.0,19.3
191.193,-0.1923,-2.023,-1.528,0.0061,76.35,75.6,0.539,0.539,0.0,28.61
191.247,-0.1811,-1.886,-1.505,0.0105,76.17,75.6,0.557,0.557,0.0,32.71
191.295,-0.1687,-1.542,-1.393,0.0132,75.98,75.6,0.578,0.578,0.0,30.88
191.341,-0.1582,-1.063,-1.323,-0.0018,76.04,75.6,0.572,0.572,0.0,26.84
191.392,-0.1475,-1.46,-1.389,-0.0166,76.31,75.6,0.543,0.543,0.0,27.79
191.439,-0.136,-1.22,-1.381,0.008,76.51,75.6,0.521,0.521,0.0,23.95
191.492,-0.1258,-2.258,-1.725,-0.0489,76.43,75.6,0.529,0.529,0.0,26.87
191.539,-0.1151,-1.812,-2.358,-0.0524,76.24,75.6,0.55,0.55,0.0,23.2
191.589,-0.105,-4.192,-2.978,-0.0204,76.08,75.6,0.568,0.568,0.0,23.05
191.639,-0.0935,-3.583,-3.16,0.0397,76.13,75.6,0.561,0.561,0.0,22.86
191.692,-0.0855,-3.561,-3.244,0.0071,76.26,75.6,0.548,0.548,0.0,25.3
191.742,-0.0762,-2.102,-3.09,0.0304,76.37,75.6,0.537,0.537,0.0,24.6
191.791,-0.0713,-1.312,-2.694,0.0392,76.35,75.6,0.538,0.538,0.0,23.69
191.843,-0.0691,-1.005,-2.182,0.03,76.16,75.6,0.558,0.558,0.0,24.82
191.893,-0.0698,0.098,-1.426,0.0519,76.02,75.6,0.574,0.574,0.0,25.07
191.938,-0.0743,0.867,-0.634,0.0315,76.11,75.6,0.564,0.564,0.0,20.29
191.994,-0.0809,1.59,0.48,0.0725,76.34,75.6,0.54,0.54,0.0,25.62
192.044,-0.0898,4.25,1.827,0.0714,76.41,75.6,0.532,0.532,0.0,25.34
192.1,-0.1033,4.428,2.801,-0.005,76.21,75.6,0.553,0.553,0.0,30.79
192.147,-0.1173,5.847,3.749,0.0304,76.02,75.6,0.574,0.573,0.0,27.27
192.206,-0.1336,5.421,4.517,0.0079,76.07,75.6,0.568,0.568,0.0,36.2
192.252,-0.1477,6.236,5.088,-0.0006,76.32,75.6,0.542,0.542,0.0,31.35
192.299,-0.1625,5.664,5.273,-0.0341,76.5,75.6,0.522,0.522,0.0,28.09
192.361,-0.1741,5.235,5.286,-0.0174,76.41,75.6,0.533,0.533,0.0,39.7
192.404,-0.1859,5.185,5.16,-0.019,76.21,75.6,0.553,0.553,0.0,32.28
192.455,-0.1955,4.186,4.747,-0.0445,76.03,75.6,0.573,0.573,0.0,33.86
192.504,-0.2013,2.69,4.081,-0.0496,76.05,75.6,0.57,0.57,0.0,32.18
192.548,-0.2042,2.274,3.415,-0.0232,76.24,75.6,0.55,0.55,0.0,25.79
192.598,-0.2037,1.011,2.595,-0.0449,76.41,75.6,0.532,0.532,0.0,25.84
192.663,-0.1994,-0.638,1.743,-0.033,76.43,75.6,0.529,0.529,0.0,40.88
192.701,-0.1931,-0.344,0.842,-0.0365,76.25,75.6,0.549,0.549,0.0,27.87
192.751,-0.1838,-1.418,-0.119,-0.04,76.07,75.6,0.568,0.568,0.0,27.39
192.81,-0.1714,-2.519,-0.987,-0.0204,76.09,75.6,0.566,0.566,0.0,36.82
192.854,-0.1589,-3.941,-1.882,-0.0341,76.24,75.6,0.55,0.55,0.0,30.08
192.907,-0.142,-4.248,-2.731,-0.0249,76.4,75.6,0.533,0.533,0.0,32.71
192.948,-0.1243,-4.377,-3.333,0.005,76.47,75.6,0.526,0.526,0.0,23.41
192.998,-0.1078,-4.421,-3.807,-0.0031,76.31,75.6,0.543,0.543,0.0,23.48
193.051,-0.0905,-4.472,-4.135,0.0038,76.13,75.6,0.561,0.561,0.0,26.37
193.097,-0.0758,-3.966,-4.18,0.0281,76.04,75.6,0.572,0.572,0.0,22.07
193.147,-0.063,-4.371,-4.039,0.0244,76.15,75.6,0.56,0.56,0.0,21.93
193.206,-0.0512,-3.05,-3.761,0.0241,76.34,75.6,0.54,0.54,0.0,30.41
193.256,-0.041,-2.114,-3.378,0.0244,76.44,75.6,0.528,0.528,0.0,29.99
193.301,-0.0348,-1.225,-2.829,0.0364,76.25,75.6,0.549,0.549,0.0,25.01
193.353,-0.0314,-1.088,-2.319,0.0137,76.08,75.6,0.568,0.568,0.0,26.15
193.399,-0.0305,-0.764,-1.759,0.0248,76.09,75.6,0.566,0.566,0.0,22.72
193.449,-0.0321,0.152,-1.069,0.0378,76.27,75.6,0.547,0.547,0.0,22.76
193.499,-0.0358,1.25,-0.255,0.0413,76.43,75.6,0.53,0.53,0.0,21.94
193.556,-0.0425,2.531,0.741,0.0538,76.42,75.6,0.531,0.531,0.0,29.02
193.597,-0.0516,3.06,1.607,0.0167,76.22,75.6,0.552,0.552,0.0,19.69
193.653,-0.0627,3.547,2.394,0.0191,76.09,75.6,0.567,0.567,0.0,25.08
193.703,-0.075,4.791,3.139,0.0216,76.14,75.6,0.56,0.56,0.0,24.59
193.755,-0.0868,4.969,3.745,0.0065,76.32,75.6,0.541,0.541,0.0,25.93
193.802,-0.1016,4.753,4.06,-0.0194,76.4,75.6,0.533,0.533,0.0,23.48
193.855,-0.1138,4.36,4.144,-0.0213,76.23,75.6,0.551,0.551,0.0,25.97
193.903,-0.1248,3.88,4.109,-0.0135,76.06,75.6,0.57,0.57,0.0,23.92
193.953,-0.1345,3.144,3.858,-0.0315,76.13,75.6,0.561,0.561,0.0,23.08
194.0,-0.1426,3.116,3.45,-0.0307,76.3,75.6,0.544,0.544,0.0,19.39
194.055,-0.1473,2.479,3.124,-0.0028,76.37,75.6,0.536,0.536,0.0,24.67
194.104,-0.1516,1.408,2.596,-0.0395,76.29,75.6,0.545,0.545,0.0,23.0
194.156,-0.1525,0.084,2.028,-0.0241,76.12,75.6,0.562,0.562,0.0,24.33
194.212,-0.1512,1.261,1.581,-0.0029,76.15,75.6,0.559,0.559,0.0,30.0
194.273,-0.1473,0.235,1.167,-0.011,76.28,75.6,0.546,0.546,0.0,40.7
194.303,-0.1441,-0.44,0.66,-0.0275,76.37,75.6,0.536,0.536,0.0,21.39
194.36,-0.1396,-1.164,0.015,-0.0369,76.35,75.6,0.538,0.538,0.0,27.09
194.412,-0.1316,-1.678,-0.547,-0.011,76.15,75.6,0.56,0.56,0.0,29.76
194.459,-0.1237,-2.026,-1.005,-0.0049,76.01,75.6,0.575,0.575,0.0,25.93
194.51,-0.1146,-2.353,-1.489,-0.0198,76.11,75.6,0.564,0.564,0.0,26.91
194.56,-0.1045,-1.825,-1.785,0.0095,76.35,75.6,0.539,0.539,0.0,26.74
194.606,-0.0957,-1.836,-1.945,0.0086,76.42,75.6,0.53,0.53,0.0,22.08
194.661,-0.0871,-3.137,-2.013,0.0072,76.26,75.6,0.548,0.548,0.0,26.9
194.703,-0.079,-1.427,-1.935,0.0181,76.12,75.6,0.562,0.562,0.0,19.16
194.756,-0.0711,-1.171,-1.782,0.0132,76.15,75.6,0.559,0.559,0.0,20.76
194.812,-0.0645,-0.985,-1.504,0.0227,76.25,75.6,0.549,0.549,0.0,26.58
194.861,-0.0605,-0.856,-1.287,0.0012,76.33,75.6,0.541,0.541,0.0,25.81
194.908,-0.0568,-0.462,-1.044,0.0112,76.34,75.6,0.54,0.54,0.0,23.13
194.962,-0.0539,-0.442,-0.761,0.0141,76.22,75.6,0.552,0.552,0.0,26.87
195.009,-0.0522,0.215,-0.525,0.0033,76.06,75.6,0.57,0.57,0.0,23.08
195.057,-0.0511,0.24,-0.215,0.0186,76.12,75.6,0.562,0.562,0.0,21.29
195.11,-0.0511,0.521,0.109,0.0129,76.26,75.6,0.548,0.548,0.0,23.57
195.164,-0.0517,0.323,0.319,-0.0047,76.37,75.6,0.537,0.537,0.0,27.12
195.213,-0.0526,1.503,0.516,0.0055,76.4,75.6,0.532,0.532,0.0,25.41
195.263,-0.0535,1.635,0.705,0.0057,76.23,75.6,0.551,0.551,0.0,25.28
195.313,-0.0549,0.781,0.847,0.0001,76.06,75.6,0.57,0.57,0.0,25.46
195.365,-0.0568,0.926,0.883,-0.0098,76.08,75.6,0.567,0.567,0.0,26.91
195.414,-0.0572,0.94,0.935,0.0035,76.26,75.6,0.548,0.548,0.0,25.27
195.46,-0.0579,0.888,0.972,-0.0003,76.44,75.6,0.528,0.528,0.0,21.66
195.513,-0.0582,0.624,0.886,-0.016,76.45,75.6,0.528,0.528,0.0,24.02
195.565,-0.0577,0.76,0.715,-0.0147,76.26,75.6,0.548,0.548,0.0,25.84
195.61,-0.0565,0.57,0.537,-0.0071,76.07,75.6,0.569,0.569,0.0,20.38
195.66,-0.0543,-0.42,0.255,-0.0207,76.12,75.6,0.563,0.563,0.0,20.23
195.726,-0.0519,-0.465,-0.135,-0.0249,76.28,75.6,0.546,0.546,0.0,35.25
195.766,-0.0481,-0.607,-0.455,-0.0039,76.44,75.6,0.529,0.529,0.0,25.28
195.817,-0.044,-1.048,-0.614,0.0113,76.42,75.6,0.53,0.53,0.0,25.59
195.866,-0.0398,-1.348,-0.675,0.0081,76.22,75.6,0.552,0.552,0.0,24.26
195.917,-0.0357,-0.637,-0.577,0.0201,76.08,75.6,0.567,0.567,0.0,24.86
195.962,-0.0313,-0.624,-0.485,0.0026,76.13,75.6,0.561,0.561,0.0,19.89
196.018,-0.0272,-0.406,-0.489,-0.0102,76.29,75.6,0.545,0.545,0.0,25.34
196.066,-0.024,-0.189,-0.574,-0.0114,76.39,75.6,0.535,0.535,0.0,23.75
196.114,-0.0197,-0.091,-0.604,0.0047,76.37,75.6,0.537,0.537,0.0,21.27
196.169,-0.016,-1.4,-0.757,-0.0184,76.18,75.6,0.556,0.556,0.0,25.26
196.218,-0.0126,-0.92,-0.933,-0.0084,76.04,75.6,0.572,0.572,0.0,24.52
196.266,-0.0076,-0.749,-0.984,0.0112,76.13,75.6,0.561,0.561,0.0,22.16
196.32,-0.0041,-1.103,-0.887,0.019,76.32,75.6,0.542,0.542,0.0,25.99
196.373,-0.0012,-0.656,-0.777,0.0052,76.39,75.6,0.535,0.535,0.0,29.05
196.417,0.0024,-0.55,-0.672,0.0032,76.29,75.6,0.545,0.545,0.0,22.96
196.466,0.0053,-0.388,-0.553,0.0056,76.14,75.6,0.56,0.56,0.0,21.1
196.519,0.0076,-0.331,-0.497,-0.0046,76.15,75.6,0.559,0.559,0.0,23.91
196.57,0.0101,-0.632,-0.413,0.0058,76.25,75.6,0.549,0.549,0.0,24.79
196.618,0.0132,-0.507,-0.301,0.0069,76.34,75.6,0.54,0.54,0.0,22.86
196.669,0.0158,-0.43,-0.169,0.0067,76.35,75.6,0.539,0.539,0.0,23.15
196.721,0.0187,0.215,-0.107,-0.0052,76.16,75.6,0.558,0.558,0.0,25.42
196.767,0.0224,0.304,-0.055,0.0008,76.0,75.6,0.575,0.575,0.0,20.33
196.822,0.0258,-0.154,-0.122,-0.0147,76.11,75.6,0.563,0.563,0.0,25.4
196.871,0.0286,-1.221,-0.465,-0.0409,76.35,75.6,0.539,0.539,0.0,24.28
196.92,0.0343,-1.105,-0.704,0.0025,76.44,75.6,0.528,0.528,0.0,22.35
196.972,0.04,-1.22,-1.009,-0.0177,76.27,75.6,0.546,0.546,0.0,24.42
197.021,0.0461,-2.142,-1.422,-0.0256,76.11,75.6,0.565,0.565,0.0,22.75
197.071,0.0522,-2.735,-1.848,-0.0162,76.12,75.6,0.562,0.562,0.0,23.38
197.118,0.0604,-2.484,-2.045,0.0169,76.24,75.6,0.55,0.55,0.0,19.88
197.173,0.0666,-2.209,-2.126,0.0095,76.35,75.6,0.539,0.539,0.0,24.33
197.224,0.073,-2.415,-2.247,-0.0085,76.39,75.6,0.535,0.535,0.0,24.96
197.274,0.0801,-1.931,-2.2,0.0193,76.2,75.6,0.554,0.554,0.0,24.01
197.324,0.0849,-1.772,-2.117,0.0066,76.04,75.6,0.572,0.572,0.0,24.21
197.376,0.0887,-2.001,-2.028,0.0038,76.11,75.6,0.563,0.563,0.0,25.7
197.421,0.0919,-1.363,-1.766,0.0272,76.3,75.6,0.544,0.544,0.0,19.97
197.477,0.0937,-0.933,-1.379,0.0267,76.42,75.6,0.531,0.531,0.0,25.84
197.53,0.0946,-0.545,-0.983,0.0147,76.35,75.6,0.538,0.538,0.0,28.06
197.574,0.0943,-0.039,-0.569,0.0164,76.15,75.6,0.559,0.559,0.0,21.95
197.624,0.0931,0.973,-0.176,0.0115,76.02,75.6,0.573,0.573,0.0,21.61
197.677,0.0908,0.185,0.083,-0.0051,76.14,75.6,0.561,0.561,0.0,24.83
197.724,0.0886,0.493,0.33,0.0074,76.35,75.6,0.539,0.539,0.0,20.8
197.776,0.0859,0.89,0.471,-0.0061,76.42,75.6,0.531,0.531,0.0,23.02
197.827,0.0838,0.557,0.522,-0.0077,76.22,75.6,0.552,0.552,0.0,23.69
197.877,0.0811,0.374,0.413,-0.0206,76.07,75.6,0.569,0.569,0.0,23.56
197.923,0.0801,0.357,0.311,-0.003,76.14,75.6,0.561,0.561,0.0,18.52
197.979,0.0793,-0.061,0.15,-0.0117,76.3,75.6,0.544,0.544,0.0,24.03
198.029,0.0788,-0.525,-0.1,-0.018,76.38,75.6,0.535,0.535,0.0,23.59
198.077,0.0796,-0.5,-0.275,0.0018,76.32,75.6,0.542,0.541,0.0,22.0
198.128,0.0804,-0.701,-0.437,-0.0043,76.14,75.6,0.56,0.56,0.0,22.74
198.179,0.0814,-0.909,-0.62,-0.0086,76.06,75.6,0.57,0.57,0.0,22.83
198.229,0.0824,-0.913,-0.74,0.0024,76.16,75.6,0.558,0.558,0.0,22.98
198.277,0.0839,-0.774,-0.762,0.0094,76.34,75.6,0.54,0.54,0.0,20.95
198.33,0.085,-0.956,-0.691,0.0123,76.37,75.6,0.536,0.536,0.0,23.24
198.383,0.0858,-0.418,-0.541,0.0135,76.18,75.6,0.556,0.556,0.0,26.93
198.426,0.0864,-0.272,-0.388,0.0057,76.02,75.6,0.574,0.574,0.0,19.09
198.481,0.0868,-0.058,-0.257,0.0023,76.13,75.6,0.561,0.561,0.0,24.4
198.532,0.0866,-0.121,-0.212,-0.0074,76.36,75.6,0.538,0.538,0.0,24.33
198.579,0.0873,-0.013,-0.162,0.0022,76.45,75.6,0.527,0.527,0.0,21.59
198.631,0.0879,-0.377,-0.233,-0.0151,76.27,75.6,0.547,0.547,0.0,23.32
198.682,0.0888,-0.584,-0.39,-0.0146,76.11,75.6,0.564,0.564,0.0,23.41
198.732,0.0899,-1.096,-0.58,-0.0099,76.15,75.6,0.559,0.559,0.0,23.19
198.781,0.0922,-0.858,-0.629,0.013,76.26,75.6,0.548,0.548,0.0,21.41
198.832,0.0939,-0.652,-0.674,-0.0012,76.36,75.6,0.538,0.538,0.0,22.32
198.885,0.0956,-0.972,-0.791,-0.0116,76.36,75.6,0.538,0.537,0.0,25.05
198.93,0.0979,-0.721,-0.804,0.0104,76.17,75.6,0.557,0.557,0.0,20.02
198.986,0.0997,-0.887,-0.811,0.0004,76.03,75.6,0.572,0.572,0.0,25.43
199.037,0.1014,-1.057,-0.795,0.0029,76.11,75.6,0.564,0.564,0.0,25.91
199.084,0.1029,-0.794,-0.744,0.0055,76.32,75.6,0.542,0.542,0.0,22.59
199.132,0.1053,-0.624,-0.65,0.0078,76.43,75.6,0.53,0.53,0.0,20.63
199.184,0.1072,-0.553,-0.599,-0.0027,76.31,75.6,0.543,0.543,0.0,22.13
199.238,0.1087,-0.69,-0.66,-0.0138,76.14,75.6,0.561,0.561,0.0,25.08
199.283,0.1117,-0.552,-0.674,0.0044,76.08,75.6,0.568,0.568,0.0,20.85
199.336,0.1139,-1.087,-0.759,-0.0103,76.17,75.6,0.557,0.557,0.0,22.91
199.384,0.1162,-1.052,-0.925,-0.0143,76.34,75.6,0.54,0.54,0.0,20.64
199.437,0.1199,-0.774,-0.954,0.0132,76.37,75.6,0.537,0.537,0.0,22.49
199.487,0.123,-1.126,-0.944,0.0045,76.2,75.6,0.554,0.554,0.0,22.23
199.533,0.1257,-1.412,-1.057,-0.0167,76.05,75.6,0.571,0.571,0.0,18.45
199.587,0.1284,-1.156,-1.259,-0.0165,76.14,75.6,0.56,0.56,0.0,22.3
199.637,0.1325,-0.853,-1.3,0.0155,76.33,75.6,0.541,0.541,0.0,21.34
199.691,0.1354,-1.637,-1.371,-0.0057,76.39,75.6,0.533,0.533,0.0,25.12
199.741,0.1377,-1.92,-1.547,-0.0172,76.2,75.6,0.554,0.554,0.0,24.77
199.787,0.1418,-1.499,-1.551,0.018,76.04,75.6,0.571,0.571,0.0,20.97
199.839,0.1442,-1.268,-1.48,0.0102,76.12,75.6,0.562,0.562,0.0,22.1
199.89,0.1462,-1.321,-1.434,-0.0008,76.31,75.6,0.543,0.543,0.0,22.63
199.94,0.1479,-0.892,-1.279,0.0166,76.41,75.6,0.532,0.532,0.0,22.51
199.992,0.1483,-0.87,-1.121,0.0059,76.3,75.6,0.543,0.543,0.0,24.26
200.047,0.1484,-0.919,-0.939,0.0089,76.13,75.6,0.561,0.561,0.0,28.57
200.093,0.1477,-0.396,-0.717,0.0119,76.08,75.6,0.568,0.568,0.0,24.1
200.139,0.1475,-0.054,-0.45,0.0141,76.17,75.6,0.557,0.557,0.0,20.16
200.194,0.1464,0.144,-0.238,0.0015,76.32,75.6,0.542,0.542,0.0,24.85
200.241,0.1443,0.009,-0.247,-0.0232,76.37,75.6,0.537,0.536,0.0,21.45
200.294,0.1435,0.32,-0.191,0.0086,76.25,75.6,0.549,0.549,0.0,24.33
200.34,0.1417,-0.154,-0.289,-0.0194,76.08,75.6,0.567,0.567,0.0,20.01
200.395,0.1402,-0.841,-0.462,-0.0139,76.14,75.6,0.56,0.56,0.0,24.43
200.443,0.139,-1.011,-0.58,0.0016,76.29,75.6,0.545,0.545,0.0,21.95
200.492,0.1389,-0.691,-0.533,0.0189,76.38,75.6,0.536,0.536,0.0,21.48
200.546,0.1376,-0.137,-0.429,0.0096,76.34,75.6,0.54,0.54,0.0,24.97
200.597,0.1362,-0.161,-0.33,0.0031,76.14,75.6,0.56,0.56,0.0,25.85
200.641,0.1346,0.057,-0.2,0.0077,76.0,75.6,0.576,0.576,0.0,18.62
200.697,0.1323,-0.097,-0.111,-0.0013,76.11,75.6,0.563,0.563,0.0,23.99
200.748,0.1302,-0.098,-0.011,0.0047,76.36,75.6,0.538,0.538,0.0,25.37
200.798,0.129,0.042,0.11,0.0064,76.44,75.6,0.528,0.528,0.0,24.57
200.849,0.1274,0.125,0.152,-0.0069,76.24,75.6,0.55,0.55,0.0,25.31
200.899,0.1261,0.351,0.091,-0.0129,76.08,75.6,0.567,0.567,0.0,25.21
200.955,0.125,-0.634,-0.014,-0.0083,76.11,75.6,0.563,0.563,0.0,30.1
200.998,0.1256,-0.591,-0.067,0.0035,76.27,75.6,0.547,0.547,0.0,23.3
201.051,0.1257,-0.71,-0.166,-0.0081,76.39,75.6,0.534,0.533,0.0,25.95
201.095,0.1267,-0.292,-0.264,-0.0034,76.39,75.6,0.534,0.534,0.0,19.17
201.147,0.1292,-0.19,-0.292,0.0064,76.18,75.6,0.556,0.556,0.0,21.27
201.199,0.131,-0.835,-0.453,-0.0197,76.04,75.6,0.572,0.572,0.0,23.62
201.25,0.133,-1.235,-0.765,-0.0265,76.12,75.6,0.562,0.562,0.0,23.31
201.298,0.1376,-1.188,-0.973,0.0035,76.32,75.6,0.542,0.542,0.0,21.51
201.353,0.1419,-1.888,-1.185,-0.0077,76.41,75.6,0.532,0.532,0.0,25.67
201.402,0.1461,-1.89,-1.459,-0.0161,76.28,75.6,0.545,0.545,0.0,24.15
201.449,0.1522,-1.671,-1.586,0.0109,76.13,75.6,0.562,0.562,0.0,21.16
201.501,0.1581,-1.937,-1.727,-0.0063,76.13,75.6,0.561,0.561,0.0,22.6
201.552,0.1624,-2.334,-1.991,-0.022,76.22,75.6,0.552,0.552,0.0,24.2
201.605,0.1675,-2.789,-2.257,-0.0096,76.32,75.6,0.542,0.542,0.0,26.12
201.651,0.1742,-2.324,-2.272,0.0258,76.36,75.6,0.537,0.537,0.0,21.45
201.705,0.179,-2.464,-2.244,0.0054,76.24,75.6,0.55,0.55,0.0,26.09
201.752,0.1835,-2.147,-2.162,0.0086,76.09,75.6,0.567,0.567,0.0,22.05
201.803,0.1879,-1.554,-1.908,0.0268,76.13,75.6,0.561,0.561,0.0,23.77
201.853,0.1908,-1.312,-1.688,0.0042,76.27,75.6,0.546,0.546,0.0,23.07
201.901,0.1926,-0.872,-1.536,-0.0019,76.36,75.6,0.537,0.537,0.0,20.54
201.955,0.1944,-0.209,-1.231,0.0268,76.34,75.6,0.539,0.539,0.0,23.47
202.002,0.1945,-1.073,-1.024,-0.0032,76.15,75.6,0.559,0.559,0.0,20.94
202.052,0.1942,-0.639,-0.934,-0.0091,76.01,75.6,0.575,0.575,0.0,20.28
202.106,0.1941,-0.739,-0.856,0.0015,76.13,75.6,0.562,0.562,0.0,23.98
202.154,0.1941,-0.288,-0.644,0.0213,76.36,75.6,0.538,0.538,0.0,21.86
202.206,0.1929,-0.35,-0.55,-0.0091,76.43,75.6,0.529,0.529,0.0,23.91
202.257,0.1919,-0.605,-0.571,-0.0127,76.26,75.6,0.548,0.548,0.0,24.66
202.305,0.1922,-0.275,-0.486,0.0141,76.1,75.6,0.566,0.566,0.0,21.4
202.356,0.1914,-0.65,-0.445,-0.0032,76.13,75.6,0.561,0.561,0.0,23.2
202.408,0.1909,-0.631,-0.525,-0.0156,76.27,75.6,0.547,0.547,0.0,24.38
202.455,0.1916,-0.376,-0.519,0.0093,76.37,75.6,0.536,0.536,0.0,20.68
202.507,0.1917,-0.485,-0.585,-0.01,76.34,75.6,0.539,0.539,0.0,22.77
202.558,0.1921,-1.296,-0.775,-0.0195,76.15,75.6,0.559,0.559,0.0,23.66
202.603,0.1938,-1.076,-0.85,0.0093,76.0,75.6,0.575,0.575,0.0,18.14
202.658,0.1955,-1.345,-0.908,-0.0002,76.13,75.6,0.561,0.561,0.0,22.27
202.709,0.1975,-1.182,-0.975,-0.0032,76.37,75.6,0.537,0.537,0.0,22.57
202.756,0.1995,-1.231,-1.047,-0.0031,76.44,75.6,0.528,0.528,0.0,20.06
202.806,0.2025,-1.007,-1.026,0.0105,76.26,75.6,0.548,0.548,0.0,18.82
202.862,0.2051,-1.408,-1.081,-0.0098,76.14,75.6,0.561,0.561,0.0,25.32
202.907,0.2074,-1.504,-1.228,-0.0148,76.17,75.6,0.557,0.557,0.0,19.87
202.958,0.2117,-1.179,-1.232,0.0148,76.24,75.6,0.55,0.55,0.0,20.09
203.012,0.2155,-1.645,-1.262,-0.0038,76.32,75.6,0.542,0.542,0.0,23.4
203.063,0.2192,-1.723,-1.426,-0.0197,76.33,75.6,0.54,0.54,0.0,24.94
203.115,0.2234,-2.155,-1.708,-0.0221,76.2,75.6,0.554,0.554,0.0,26.76
203.16,0.23,-1.784,-1.786,0.0186,76.05,75.6,0.571,0.571,0.0,20.59
203.215,0.2349,-2.397,-1.95,-0.0148,76.11,75.6,0.563,0.563,0.0,25.81
203.265,0.2398,-2.785,-2.293,-0.0306,76.32,75.6,0.542,0.542,0.0,24.95
203.313,0.2474,-2.283,-2.389,0.0224,76.41,75.6,0.531,0.531,0.0,22.61
203.365,0.2528,-2.645,-2.457,0.0006,76.29,75.6,0.544,0.544,0.0,23.89
203.418,0.2577,-3.209,-2.646,-0.0193,76.14,75.6,0.561,0.561,0.0,26.46
203.461,0.2646,-2.558,-2.596,0.0267,76.11,75.6,0.563,0.563,0.0,19.78
203.519,0.2696,-2.166,-2.476,0.0116,76.2,75.6,0.554,0.554,0.0,26.87
203.569,0.2739,-2.709,-2.413,-0.0038,76.32,75.6,0.542,0.542,0.0,27.32
203.615,0.2786,-2.047,-2.179,0.0261,76.38,75.6,0.535,0.535,0.0,23.05
203.663,0.2818,-1.625,-2.062,-0.0082,76.25,75.6,0.549,0.549,0.0,20.04
203.713,0.2848,-1.941,-2.086,-0.0155,76.1,75.6,0.566,0.566,0.0,20.37
203.766,0.2857,-2.387,-2.159,-0.0077,76.15,75.6,0.559,0.559,0.0,23.03
203.818,0.2894,-1.667,-1.967,0.0345,76.3,75.6,0.544,0.544,0.0,24.01
203.869,0.2906,-1.769,-1.75,0.0101,76.38,75.6,0.535,0.535,0.0,25.17
203.919,0.2913,-1.239,-1.596,-0.0011,76.34,75.6,0.54,0.54,0.0,24.49
203.966,0.293,-0.592,-1.301,0.0249,76.15,75.6,0.559,0.559,0.0,21.92
204.023,0.2928,-0.856,-1.108,-0.0038,76.01,75.6,0.574,0.574,0.0,28.49
204.072,0.2919,-1.248,-1.173,-0.0294,76.11,75.6,0.564,0.564,0.0,27.14
204.118,0.2933,-0.738,-1.096,0.0176,76.34,75.6,0.539,0.539,0.0,23.34
204.173,0.2934,-0.999,-1.079,-0.0058,76.43,75.6,0.529,0.529,0.0,27.63
204.219,0.2932,-1.761,-1.255,-0.0263,76.26,75.6,0.548,0.548,0.0,23.38
204.268,0.2954,-1.298,-1.261,0.0177,76.12,75.6,0.562,0.562,0.0,21.84
204.321,0.296,-1.363,-1.385,-0.0167,76.15,75.6,0.559,0.559,0.0,24.83
204.373,0.297,-1.872,-1.595,-0.0165,76.27,75.6,0.547,0.547,0.0,26.25
204.42,0.2993,-1.33,-1.566,0.0262,76.35,75.6,0.538,0.538,0.0,22.45
204.468,0.3003,-2.112,-1.591,-0.0066,76.35,75.6,0.539,0.539,0.0,20.21
204.518,0.3013,-1.667,-1.704,-0.0132,76.16,75.6,0.558,0.558,0.0,20.64
204.571,0.3026,-1.964,-1.789,0.0001,76.03,75.6,0.572,0.572,0.0,23.29
204.619,0.3047,-1.455,-1.662,0.0265,76.14,75.6,0.56,0.56,0.0,20.39
204.674,0.3051,-1.94,-1.592,-0.0035,76.35,75.6,0.539,0.539,0.0,24.9
204.726,0.3056,-1.592,-1.645,-0.0146,76.43,75.6,0.529,0.529,0.0,26.87
204.771,0.3077,-1.132,-1.55,0.0187,76.26,75.6,0.547,0.547,0.0,21.89
204.82,0.3082,-1.412,-1.504,-0.0034,76.13,75.6,0.562,0.562,0.0,20.36
204.87,0.3081,-1.756,-1.662,-0.027,76.17,75.6,0.557,0.557,0.0,19.6
204.922,0.3097,-1.247,-1.644,0.0191,76.27,75.6,0.546,0.546,0.0,21.18
204.975,0.3098,-1.42,-1.615,0.0021,76.36,75.6,0.537,0.537,0.0,23.9
205.026,0.3096,-2.048,-1.617,-0.0034,76.36,75.6,0.538,0.538,0.0,24.57
205.076,0.3088,-1.544,-1.62,-0.0001,76.16,75.6,0.558,0.558,0.0,24.38
205.123,0.3094,-1.014,-1.448,0.0244,76.03,75.6,0.573,0.573,0.0,21.52
205.178,0.3085,-0.973,-1.23,0.0124,76.13,75.6,0.561,0.561,0.0,26.28
205.226,0.3064,-1.045,-1.136,-0.0098,76.35,75.6,0.539,0.539,0.0,23.7
205.274,0.3056,-0.582,-0.957,0.0153,76.44,75.6,0.529,0.529,0.0,21.17
205.326,0.3041,-0.608,-0.82,0.0003,76.26,75.6,0.548,0.548,0.0,22.69
205.374,0.302,-1.085,-0.877,-0.0221,76.12,75.6,0.563,0.563,0.0,20.36
205.425,0.2999,-1.041,-1.023,-0.0145,76.17,75.6,0.557,0.557,0.0,21.26
205.474,0.3001,-0.618,-0.979,0.0214,76.29,75.6,0.545,0.545,0.0,19.92
205.527,0.299,-1.274,-1.007,-0.0085,76.38,75.6,0.535,0.535,0.0,23.08
205.576,0.2977,-1.314,-1.19,-0.0225,76.38,75.6,0.535,0.535,0.0,21.83
205.624,0.2984,-0.894,-1.201,0.0175,76.2,75.6,0.554,0.554,0.0,20.09
205.677,0.2979,-1.403,-1.247,-0.0052,76.07,75.6,0.569,0.569,0.0,22.33
205.729,0.2969,-1.605,-1.383,-0.0142,76.16,75.6,0.558,0.558,0.0,24.08
205.774,0.2974,-1.173,-1.351,0.0187,76.33,75.6,0.541,0.541,0.0,19.24
205.831,0.297,-1.24,-1.285,0.0058,76.38,75.6,0.535,0.535,0.0,25.27
205.88,0.2962,-1.423,-1.265,-0.0041,76.24,75.6,0.55,0.55,0.0,23.98
205.929,0.2949,-1.411,-1.316,-0.0093,76.1,75.6,0.566,0.566,0.0,22.78
205.976,0.295,-1.013,-1.231,0.0172,76.15,75.6,0.559,0.559,0.0,20.02
206.026,0.2937,-0.896,-1.179,-0.0015,76.29,75.6,0.545,0.545,0.0,19.47
206.081,0.292,-1.329,-1.242,-0.0143,76.39,75.6,0.533,0.533,0.0,23.61
206.127,0.2914,-0.927,-1.176,0.0158,76.39,75.6,0.535,0.535,0.0,19.67
206.18,0.2899,-1.183,-1.1,0.0037,76.22,75.6,0.552,0.552,0.0,22.8
206.231,0.2881,-1.077,-1.069,-0.0036,76.09,75.6,0.567,0.567,0.0,23.07
206.278,0.2869,-0.645,-0.918,0.0178,76.17,75.6,0.558,0.558,0.0,20.12
206.33,0.2848,-0.557,-0.78,0.0034,76.33,75.6,0.541,0.541,0.0,22.09
206.386,0.2824,-0.698,-0.779,-0.0142,76.38,75.6,0.535,0.535,0.0,27.32
206.43,0.2796,-0.993,-0.886,-0.015,76.26,75.6,0.548,0.548,0.0,21.79
206.48,0.2785,-0.63,-0.845,0.0169,76.15,75.6,0.559,0.559,0.0,21.05
206.533,0.2762,-0.968,-0.839,-0.0035,76.19,75.6,0.555,0.555,0.0,24.46
206.585,0.2739,-0.964,-0.931,-0.0135,76.29,75.6,0.545,0.545,0.0,25.13
206.63,0.2726,-0.569,-0.883,0.0164,76.37,75.6,0.536,0.536,0.0,20.03
206.689,0.2702,-0.836,-0.844,0.0003,76.33,75.6,0.541,0.541,0.0,28.91
206.74,0.2676,-0.926,-0.87,-0.0078,76.17,75.6,0.557,0.557,0.0,29.21
206.786,0.266,-0.658,-0.813,0.0107,76.05,75.6,0.571,0.571,0.0,24.67
206.838,0.2635,-0.703,-0.771,-0.0,76.13,75.6,0.562,0.562,0.0,26.26
206.888,0.2608,-0.71,-0.78,-0.0057,76.34,75.6,0.539,0.539,0.0,26.3
206.937,0.2588,-0.424,-0.705,0.0115,76.46,75.6,0.527,0.527,0.0,24.86
206.99,0.2563,-0.743,-0.663,-0.0022,76.31,75.6,0.543,0.543,0.0,28.25
207.036,0.2533,-0.516,-0.649,-0.0023,76.16,75.6,0.558,0.558,0.0,23.77
207.088,0.2506,-0.887,-0.593,0.0064,76.12,75.6,0.562,0.562,0.0,25.54
207.135,0.2485,-0.585,-0.444,0.015,76.22,75.6,0.552,0.552,0.0,22.23
207.198,0.2457,-0.322,-0.376,-0.0062,76.35,75.6,0.539,0.539,0.0,34.59
207.253,0.2432,-0.167,-0.415,-0.0126,76.42,75.6,0.53,0.53,0.0,39.74
207.285,0.2413,-0.001,-0.4,0.0062,76.28,75.6,0.546,0.546,0.0,21.56
207.338,0.2389,-0.783,-0.529,-0.0195,76.16,75.6,0.558,0.558,0.0,24.58
207.389,0.2367,-0.936,-0.739,-0.0158,76.2,75.6,0.554,0.554,0.0,24.99
207.439,0.2357,-0.666,-0.791,0.0147,76.3,75.6,0.544,0.544,0.0,23.64
207.491,0.2341,-1.087,-0.846,-0.0022,76.36,75.6,0.538,0.538,0.0,26.21
207.537,0.2319,-0.714,-0.925,-0.0053,76.32,75.6,0.541,0.541,0.0,21.89
207.592,0.2299,-1.22,-0.953,0.0044,76.18,75.6,0.556,0.556,0.0,26.34
207.636,0.2282,-0.922,-0.862,0.0156,76.11,75.6,0.563,0.563,0.0,19.75
207.69,0.2252,-0.769,-0.809,-0.0021,76.19,75.6,0.555,0.555,0.0,23.27
207.742,0.2228,-0.406,-0.739,0.0042,76.32,75.6,0.542,0.542,0.0,25.92
207.789,0.2199,-0.169,-0.607,0.0112,76.41,75.6,0.531,0.531,0.0,22.74
207.845,0.2167,-0.433,-0.469,0.0054,76.31,75.6,0.543,0.543,0.0,28.19
207.889,0.2129,-0.301,-0.384,-0.0027,76.17,75.6,0.557,0.557,0.0,22.35
207.937,0.2092,-0.124,-0.283,0.0053,76.14,75.6,0.56,0.56,0.0,19.3
207.989,0.2054,0.311,-0.185,0.0029,76.22,75.6,0.552,0.552,0.0,21.12
208.04,0.2007,-0.058,-0.15,-0.0052,76.33,75.6,0.541,0.541,0.0,22.47
208.088,0.1968,0.203,-0.055,0.0096,76.36,75.6,0.537,0.537,0.0,19.91
208.145,0.1917,0.004,0.039,0.0031,76.21,75.6,0.553,0.553,0.0,27.14
208.197,0.1872,0.313,0.124,0.002,76.08,75.6,0.568,0.568,0.0,28.9
208.245,0.1819,0.461,0.216,0.004,76.16,75.6,0.558,0.558,0.0,25.63
208.292,0.1774,0.474,0.286,0.0001,76.34,75.6,0.54,0.54,0.0,22.37
208.36,0.172,0.305,0.245,-0.013,76.41,75.6,0.531,0.531,0.0,39.48
208.395,0.1677,0.267,0.186,-0.004,76.26,75.6,0.548,0.548,0.0,24.55
208.441,0.1633,0.255,0.15,0.0012,76.14,75.6,0.56,0.56,0.0,20.2
208.493,0.1593,-0.292,0.135,0.0017,76.19,75.6,0.555,0.555,0.0,21.47
208.549,0.1555,0.297,0.166,0.0058,76.31,75.6,0.543,0.543,0.0,27.06
208.596,0.1517,0.343,0.208,0.0026,76.39,75.6,0.533,0.533,0.0,23.76
208.649,0.1483,0.29,0.249,0.0014,76.33,75.6,0.541,0.541,0.0,26.64
208.7,0.1442,0.308,0.205,-0.0105,76.18,75.6,0.556,0.556,0.0,27.16
208.744,0.1408,-0.032,0.132,-0.0056,76.05,75.6,0.571,0.571,0.0,21.71
208.795,0.1375,-0.05,0.083,0.0008,76.15,75.6,0.559,0.559,0.0,21.86
208.848,0.1343,-0.159,0.02,-0.0036,76.35,75.6,0.539,0.539,0.0,24.4
208.897,0.1318,0.196,0.065,0.0128,76.45,75.6,0.528,0.528,0.0,23.26
208.944,0.1293,0.191,0.123,0.0034,76.3,75.6,0.544,0.544,0.0,20.29
208.994,0.1263,-0.14,0.227,0.0086,76.19,75.6,0.555,0.555,0.0,19.65
209.053,0.1236,0.573,0.367,0.0086,76.21,75.6,0.553,0.553,0.0,28.18
209.105,0.121,0.661,0.456,-0.0023,76.28,75.6,0.545,0.545,0.0,29.47
209.147,0.1189,0.624,0.49,-0.0046,76.35,75.6,0.539,0.538,0.0,21.62
209.2,0.1164,0.104,0.341,-0.0243,76.36,75.6,0.538,0.538,0.0,24.01
209.251,0.1148,-0.343,0.0,-0.032,76.21,75.6,0.553,0.553,0.0,24.8
209.296,0.1152,-0.43,-0.275,-0.0027,76.09,75.6,0.567,0.567,0.0,20.18
209.351,0.1156,-0.991,-0.54,-0.0082,76.17,75.6,0.557,0.557,0.0,24.14
209.401,0.1167,-1.562,-0.85,-0.0156,76.34,75.6,0.54,0.54,0.0,23.59
209.45,0.1188,-1.426,-1.027,0.0078,76.43,75.6,0.53,0.53,0.0,22.53
209.502,0.1205,-1.067,-1.096,0.009,76.28,75.6,0.546,0.546,0.0,24.59
209.552,0.122,-1.333,-1.092,0.0076,76.15,75.6,0.559,0.559,0.0,24.29
209.605,0.1227,-1.054,-1.105,-0.0021,76.21,75.6,0.553,0.553,0.0,27.27
209.65,0.1237,-0.935,-1.089,0.0035,76.31,75.6,0.543,0.543,0.0,21.29
209.706,0.1243,-0.714,-0.985,0.0129,76.37,75.6,0.537,0.537,0.0,27.13
209.754,0.124,-1.08,-0.924,-0.0025,76.31,75.6,0.543,0.543,0.0,24.99
209.8,0.1241,-0.874,-0.839,0.0056,76.19,75.6,0.555,0.555,0.0,20.92
209.854,0.1234,-0.243,-0.683,0.0128,76.18,75.6,0.556,0.556,0.0,24.56
209.906,0.1225,-0.465,-0.547,0.0027,76.25,75.6,0.549,0.549,0.0,25.5
209.95,0.121,-0.129,-0.361,0.0116,76.35,75.6,0.539,0.539,0.0,19.87
210.008,0.1185,0.346,-0.18,0.0059,76.36,75.6,0.538,0.538,0.0,26.62
210.056,0.1163,-0.039,-0.043,0.0,76.2,75.6,0.554,0.554,0.0,25.09
210.104,0.1132,0.215,0.121,0.0086,76.09,75.6,0.567,0.567,0.0,21.96
210.152,0.11,0.608,0.199,-0.0062,76.18,75.6,0.556,0.556,0.0,19.61
210.206,0.107,0.257,0.166,-0.0129,76.33,75.6,0.541,0.541,0.0,23.93
210.258,0.103,0.153,0.046,-0.0132,76.39,75.6,0.533,0.533,0.0,25.26
210.304,0.1004,0.216,-0.018,0.0037,76.25,75.6,0.549,0.549,0.0,21.28
210.358,0.0977,-0.358,-0.079,-0.0019,76.15,75.6,0.559,0.559,0.0,24.52
210.406,0.0949,0.016,-0.128,-0.0005,76.22,75.6,0.552,0.552,0.0,22.24
210.463,0.0924,0.023,-0.156,0.0012,76.32,75.6,0.542,0.542,0.0,29.45
210.511,0.0895,-0.029,-0.055,0.017,76.39,75.6,0.535,0.535,0.0,26.96
210.562,0.0867,-0.012,0.158,0.0193,76.3,75.6,0.544,0.544,0.0,27.13
210.606,0.083,0.017,0.32,0.0003,76.18,75.6,0.556,0.556,0.0,21.36
210.657,0.0796,0.927,0.472,0.0041,76.2,75.6,0.554,0.554,0.0,22.29
210.709,0.0764,1.043,0.558,-0.0037,76.29,75.6,0.545,0.545,0.0,23.12
210.759,0.072,1.024,0.598,-0.0035,76.35,75.6,0.538,0.538,0.0,23.61
210.809,0.0685,0.547,0.547,-0.0113,76.35,75.6,0.538,0.538,0.0,23.16
210.86,0.0648,0.111,0.485,-0.0032,76.2,75.6,0.554,0.554,0.0,23.94
210.906,0.062,0.012,0.422,-0.0025,76.1,75.6,0.566,0.566,0.0,19.5
210.959,0.059,0.456,0.411,0.0052,76.2,75.6,0.555,0.554,0.0,22.17
211.011,0.0566,0.663,0.503,0.0139,76.33,75.6,0.541,0.541,0.0,24.5
211.061,0.0535,0.348,0.559,-0.0017,76.38,75.6,0.535,0.535,0.0,24.82
211.108,0.0513,0.209,0.531,-0.0099,76.25,75.6,0.549,0.549,0.0,20.39
211.158,0.0494,0.398,0.45,-0.0083,76.15,75.6,0.56,0.56,0.0,19.91
211.213,0.0479,0.246,0.332,-0.0081,76.2,75.6,0.554,0.554,0.0,25.35
211.258,0.047,0.125,0.211,-0.0044,76.32,75.6,0.541,0.541,0.0,19.73
211.313,0.0466,-0.336,0.035,-0.0118,76.35,75.6,0.539,0.539,0.0,25.04
211.367,0.0466,-0.491,-0.155,-0.0082,76.25,75.6,0.548,0.548,0.0,28.8
211.412,0.0472,-0.519,-0.287,0.0015,76.13,75.6,0.562,0.562,0.0,23.26
211.464,0.048,-0.484,-0.43,-0.0061,76.19,75.6,0.556,0.555,0.0,25.53
211.516,0.0485,-0.718,-0.532,0.0007,76.3,75.6,0.544,0.544,0.0,26.81
211.565,0.049,-0.982,-0.618,-0.0014,76.39,75.6,0.535,0.535,0.0,25.51
211.609,0.0494,-0.988,-0.679,0.0005,76.38,75.6,0.536,0.536,0.0,19.7
211.663,0.0502,-0.377,-0.59,0.0189,76.24,75.6,0.55,0.55,0.0,23.22
211.714,0.0504,-0.566,-0.496,0.0039,76.12,75.6,0.563,0.563,0.0,24.34
211.765,0.0499,-0.407,-0.401,0.0034,76.18,75.6,0.556,0.556,0.0,24.42
211.822,0.0492,0.351,-0.305,0.0035,76.3,75.6,0.544,0.544,0.0,31.18
211.863,0.0483,-0.38,-0.2,0.0044,76.4,75.6,0.533,0.533,0.0,22.23
211.915,0.0462,0.339,-0.116,0.0009,76.38,75.6,0.536,0.536,0.0,23.94
211.964,0.0446,0.443,-0.031,0.003,76.23,75.6,0.551,0.551,0.0,22.26
212.016,0.0426,0.504,0.164,0.0183,76.11,75.6,0.563,0.563,0.0,24.43
212.067,0.0398,0.252,0.34,0.0042,76.15,75.6,0.559,0.559,0.0,25.85
212.114,0.037,0.304,0.458,-0.002,76.31,75.6,0.543,0.543,0.0,22.23
212.165,0.0342,0.977,0.544,-0.0002,76.41,75.6,0.532,0.532,0.0,22.83
212.219,0.0312,0.805,0.608,-0.0001,76.36,75.6,0.538,0.538,0.0,26.82
212.268,0.0284,0.77,0.639,-0.0025,76.2,75.6,0.554,0.554,0.0,25.31
212.321,0.026,0.326,0.599,-0.0087,76.08,75.6,0.568,0.568,0.0,28.07
212.378,0.0239,0.476,0.568,-0.0002,76.16,75.6,0.559,0.559,0.0,34.6
212.422,0.0226,0.628,0.534,-0.0015,76.35,75.6,0.538,0.538,0.0,28.31
212.465,0.0211,0.471,0.458,-0.0071,76.46,75.6,0.526,0.526,0.0,21.13
212.521,0.0199,0.097,0.367,-0.0049,76.31,75.6,0.543,0.543,0.0,26.83
212.57,0.0192,-0.161,0.18,-0.0165,76.16,75.6,0.559,0.559,0.0,25.41
212.618,0.0195,-0.241,0.008,-0.0044,76.13,75.6,0.561,0.561,0.0,22.97
212.669,0.0199,-0.053,-0.125,-0.0007,76.24,75.6,0.55,0.55,0.0,23.81
212.719,0.0206,-0.837,-0.257,-0.0045,76.36,75.6,0.538,0.538,0.0,23.73
212.768,0.0218,-0.834,-0.35,0.0009,76.39,75.6,0.535,0.535,0.0,21.93
212.821,0.0228,-0.483,-0.371,0.0067,76.23,75.6,0.551,0.551,0.0,24.11
212.867,0.0243,-0.504,-0.29,0.0135,76.12,75.6,0.562,0.562,0.0,20.75
212.917,0.025,-0.447,-0.206,0.0033,76.2,75.6,0.554,0.554,0.0,20.15
212.968,0.0258,0.048,-0.227,-0.0117,76.32,75.6,0.541,0.541,0.0,20.44
213.017,0.0268,-0.099,-0.276,-0.0047,76.39,75.6,0.535,0.535,0.0,19.63
213.068,0.0274,-0.091,-0.299,0.002,76.26,75.6,0.547,0.547,0.0,19.92
213.122,0.0283,-0.822,-0.355,-0.0055,76.14,75.6,0.56,0.56,0.0,23.62
213.178,0.0291,-0.291,-0.382,0.0022,76.19,75.6,0.555,0.555,0.0,29.38
213.223,0.0303,-0.215,-0.331,0.0099,76.31,75.6,0.542,0.542,0.0,24.34
213.271,0.0307,-0.11,-0.249,0.0061,76.39,75.6,0.535,0.535,0.0,21.78
213.325,0.0309,-0.298,-0.248,-0.0084,76.3,75.6,0.543,0.543,0.0,25.61
213.375,0.0313,-0.39,-0.259,-0.0017,76.17,75.6,0.557,0.557,0.0,26.23
213.42,0.0321,-0.365,-0.251,0.0023,76.16,75.6,0.558,0.558,0.0,20.25
213.473,0.0329,-0.441,-0.305,-0.0083,76.24,75.6,0.55,0.55,0.0,23.84
213.524,0.0337,0.037,-0.348,-0.0004,76.34,75.6,0.54,0.54,0.0,23.69
213.57,0.0345,0.08,-0.354,0.0036,76.35,75.6,0.539,0.539,0.0,19.88
213.625,0.0353,-0.915,-0.352,0.001,76.21,75.6,0.553,0.553,0.0,24.25
213.673,0.0356,-0.343,-0.397,-0.0066,76.08,75.6,0.568,0.568,0.0,22.49
213.73,0.0371,-0.012,-0.398,0.0047,76.18,75.6,0.556,0.556,0.0,28.76
213.773,0.0375,0.143,-0.331,0.0093,76.35,75.6,0.538,0.538,0.0,21.9
213.829,0.0374,-0.662,-0.361,-0.0112,76.41,75.6,0.532,0.532,0.0,26.76
213.881,0.0373,-0.384,-0.433,-0.0069,76.26,75.6,0.548,0.548,0.0,28.37
213.925,0.0379,-0.298,-0.449,0.0052,76.13,75.6,0.561,0.561,0.0,22.47
213.979,0.0381,-0.307,-0.37,0.0129,76.17,75.6,0.557,0.557,0.0,26.1
214.028,0.0376,-0.161,-0.207,0.0144,76.3,75.6,0.543,0.543,0.0,25.23
214.074,0.0372,-0.084,-0.067,0.0025,76.39,75.6,0.535,0.535,0.0,19.98
214.129,0.0364,0.109,0.06,0.0031,76.32,75.6,0.541,0.541,0.0,24.91
214.178,0.0356,0.581,0.139,-0.0023,76.19,75.6,0.555,0.555,0.0,24.35
214.223,0.0346,0.547,0.173,-0.0035,76.12,75.6,0.562,0.562,0.0,19.1
214.277,0.034,0.105,0.138,-0.0086,76.21,75.6,0.553,0.553,0.0,22.57
214.328,0.0332,-0.273,-0.017,-0.0178,76.33,75.6,0.541,0.541,0.0,23.29
214.379,0.0332,-0.048,-0.145,-0.0017,76.38,75.6,0.536,0.536,0.0,24.28
214.428,0.0334,0.008,-0.191,0.007,76.25,75.6,0.549,0.549,0.0,23.21
214.482,0.0334,-0.576,-0.179,0.0065,76.14,75.6,0.56,0.56,0.0,26.96
214.529,0.0328,0.015,-0.139,0.0042,76.19,75.6,0.555,0.555,0.0,23.36
214.577,0.0329,0.036,-0.109,0.0001,76.3,75.6,0.543,0.543,0.0,21.34
214.627,0.0328,-0.117,-0.018,0.0095,76.38,75.6,0.536,0.536,0.0,20.92
214.682,0.0325,-0.128,-0.051,-0.0141,76.32,75.6,0.541,0.541,0.0,25.75
214.729,0.0328,-0.165,-0.12,-0.0061,76.19,75.6,0.555,0.555,0.0,21.59
214.784,0.0333,0.266,-0.213,-0.0058,76.11,75.6,0.563,0.563,0.0,26.57
214.832,0.0336,-0.923,-0.354,-0.0101,76.19,75.6,0.555,0.555,0.0,24.6
214.888,0.0334,-0.672,-0.465,-0.0006,76.31,75.6,0.543,0.543,0.0,30.18
214.928,0.0344,-0.543,-0.483,0.0091,76.39,75.6,0.535,0.535,0.0,20.03
214.982,0.0351,-0.153,-0.387,0.0152,76.33,75.6,0.54,0.54,0.0,23.85
215.03,0.0346,-0.067,-0.264,0.0071,76.17,75.6,0.557,0.557,0.0,21.7
215.08,0.034,-0.023,-0.177,-0.0007,76.07,75.6,0.569,0.569,0.0,20.62
215.131,0.0332,-0.204,-0.151,-0.0055,76.17,75.6,0.557,0.557,0.0,21.24
215.183,0.0326,0.19,-0.107,0.0035,76.36,75.6,0.538,0.538,0.0,23.7
215.23,0.0319,0.2,-0.062,0.0017,76.43,75.6,0.529,0.529,0.0,20.93
215.281,0.0311,-0.17,0.0,0.0039,76.26,75.6,0.548,0.548,0.0,21.59
215.333,0.0299,0.204,0.044,-0.0004,76.14,75.6,0.56,0.56,0.0,23.38
215.384,0.0291,0.24,0.068,-0.0013,76.18,75.6,0.556,0.556,0.0,23.37
215.43,0.028,0.257,0.087,0.0002,76.29,75.6,0.545,0.544,0.0,19.42
215.481,0.0269,-0.006,0.06,-0.0056,76.37,75.6,0.537,0.537,0.0,20.39
215.525,0.026,-0.089,0.034,-0.0009,76.33,75.6,0.541,0.541,0.0,13.72
215.582,0.0255,-0.104,0.018,0.0005,76.17,75.6,0.557,0.557,0.0,20.16
215.631,0.025,0.099,0.056,0.007,76.1,75.6,0.566,0.566,0.0,19.75
215.684,0.0243,0.068,0.108,0.0033,76.19,75.6,0.555,0.555,0.0,22.08
215.733,0.0238,0.073,0.14,-0.001,76.34,75.6,0.54,0.54,0.0,20.94
215.782,0.023,0.168,0.117,-0.0065,76.37,75.6,0.537,0.537,0.0,19.39
215.833,0.0227,0.019,0.059,-0.0058,76.21,75.6,0.553,0.553,0.0,21.05
215.881,0.0224,-0.04,-0.0,-0.0021,76.07,75.6,0.568,0.568,0.0,18.88
215.934,0.0224,-0.191,-0.098,-0.0074,76.16,75.6,0.558,0.558,0.0,21.22
215.987,0.0224,-0.311,-0.211,-0.0056,76.32,75.6,0.542,0.542,0.0,24.13
216.035,0.0226,-0.483,-0.291,0.0006,76.39,75.6,0.535,0.535,0.0,21.71
216.083,0.0229,-0.415,-0.316,0.0048,76.3,75.6,0.544,0.544,0.0,20.09
216.136,0.0229,-0.282,-0.284,0.0072,76.16,75.6,0.558,0.558,0.0,22.73
216.188,0.0229,-0.179,-0.189,0.0099,76.14,75.6,0.56,0.56,0.0,24.12
216.233,0.0227,-0.15,-0.111,0.001,76.24,75.6,0.549,0.549,0.0,18.82
216.289,0.0225,-0.121,-0.047,0.0007,76.34,75.6,0.54,0.54,0.0,25.08
216.338,0.0225,0.239,-0.009,-0.0013,76.36,75.6,0.537,0.537,0.0,22.8
216.387,0.0223,0.043,-0.051,-0.01,76.18,75.6,0.556,0.556,0.0,22.14
216.435,0.0222,0.086,-0.081,0.0003,76.05,75.6,0.571,0.571,0.0,19.49
216.491,0.0218,-0.256,-0.117,-0.002,76.15,75.6,0.56,0.56,0.0,25.34
216.542,0.0215,-0.252,-0.156,-0.0016,76.35,75.6,0.539,0.539,0.0,26.31
216.589,0.0212,-0.145,-0.147,0.0052,76.44,75.6,0.529,0.529,0.0,22.74
216.641,0.0207,0.216,-0.089,0.0073,76.27,75.6,0.547,0.547,0.0,24.36
216.689,0.0201,-0.009,-0.034,0.0015,76.13,75.6,0.561,0.561,0.0,22.91
216.735,0.0191,0.037,0.009,0.0004,76.15,75.6,0.559,0.559,0.0,18.4
216.789,0.0179,0.063,0.06,0.0025,76.25,75.6,0.549,0.549,0.0,22.47
216.843,0.017,0.137,0.129,0.0043,76.35,75.6,0.538,0.538,0.0,25.2
216.892,0.016,0.12,0.171,-0.0012,76.36,75.6,0.537,0.537,0.0,24.8
216.945,0.015,0.44,0.214,0.0015,76.19,75.6,0.555,0.555,0.0,26.8
216.988,0.0141,0.131,0.248,0.0003,76.04,75.6,0.571,0.571,0.0,19.51
217.046,0.0132,0.167,0.239,-0.0048,76.13,75.6,0.561,0.561,0.0,26.95
217.089,0.0129,0.112,0.207,-0.0035,76.33,75.6,0.54,0.54,0.0,20.32
217.146,0.0128,0.109,0.178,-0.0008,76.38,75.6,0.536,0.536,0.0,26.45
217.194,0.0127,0.105,0.125,-0.0043,76.2,75.6,0.554,0.554,0.0,24.4
217.241,0.013,0.042,0.061,-0.0033,76.06,75.6,0.57,0.57,0.0,20.87
217.297,0.0133,-0.184,0.01,-0.0006,76.14,75.6,0.56,0.56,0.0,27.07
217.347,0.0137,-0.308,-0.133,-0.0146,76.32,75.6,0.541,0.541,0.0,27.26
217.394,0.0147,-0.359,-0.268,-0.0039,76.41,75.6,0.532,0.532,0.0,23.35
217.446,0.0159,-0.214,-0.329,0.0056,76.28,75.6,0.546,0.546,0.0,24.73
217.498,0.0169,-0.834,-0.426,-0.0071,76.13,75.6,0.562,0.562,0.0,26.11
217.544,0.018,-0.773,-0.49,0.0011,76.13,75.6,0.561,0.561,0.0,21.91
217.596,0.0188,-0.268,-0.495,0.006,76.24,75.6,0.55,0.55,0.0,22.97
217.651,0.0198,-0.7,-0.477,0.003,76.34,75.6,0.54,0.54,0.0,28.29
217.694,0.0203,-0.637,-0.451,0.0019,76.38,75.6,0.536,0.536,0.0,20.57
217.749,0.0207,-0.068,-0.37,0.0085,76.2,75.6,0.554,0.554,0.0,24.97
217.798,0.0212,-0.429,-0.222,0.0122,76.06,75.6,0.57,0.57,0.0,24.41
217.849,0.0208,0.269,-0.117,-0.0009,76.12,75.6,0.562,0.562,0.0,24.45
217.9,0.0208,0.266,-0.066,-0.0038,76.3,75.6,0.544,0.544,0.0,25.36
217.951,0.0209,0.114,-0.062,-0.0048,76.42,75.6,0.531,0.531,0.0,26.4
217.998,0.0201,-0.089,-0.15,-0.0127,76.35,75.6,0.538,0.538,0.0,23.35
218.046,0.0203,-0.012,-0.197,0.0026,76.18,75.6,0.556,0.556,0.0,21.45
218.1,0.0202,-0.38,-0.144,0.0124,76.02,75.6,0.573,0.573,0.0,24.49
218.153,0.0201,-0.251,-0.062,0.006,76.11,75.6,0.563,0.563,0.0,27.15
218.198,0.02,-0.213,-0.0,-0.0,76.33,75.6,0.541,0.541,0.0,22.35
218.252,0.0198,0.638,0.091,0.0063,76.41,75.6,0.532,0.532,0.0,26.13
218.302,0.0197,-0.017,0.111,-0.0068,76.26,75.6,0.547,0.547,0.0,25.1
218.353,0.019,-0.112,0.059,-0.0094,76.09,75.6,0.566,0.566,0.0,25.71
218.398,0.0199,-0.171,-0.002,-0.003,76.12,75.6,0.563,0.563,0.0,21.13
218.452,0.0207,-0.297,-0.11,-0.0088,76.25,75.6,0.549,0.549,0.0,24.3
218.501,0.0215,0.099,-0.16,0.0043,76.37,75.6,0.537,0.537,0.0,22.86
218.548,0.0227,0.148,-0.159,0.0054,76.37,75.6,0.537,0.537,0.0,19.97
218.603,0.0237,-0.966,-0.208,-0.0071,76.17,75.6,0.557,0.557,0.0,24.79
218.653,0.0245,0.18,-0.267,-0.003,76.03,75.6,0.573,0.573,0.0,24.13
218.702,0.0264,-0.665,-0.307,0.0006,76.11,75.6,0.564,0.564,0.0,22.8
218.751,0.0275,-0.527,-0.283,0.0075,76.32,75.6,0.541,0.541,0.0,21.41
218.805,0.0281,-0.575,-0.346,-0.0114,76.4,75.6,0.533,0.533,0.0,25.07
218.855,0.0301,-0.523,-0.448,-0.0075,76.25,75.6,0.549,0.549,0.0,24.87
218.902,0.0322,-0.404,-0.476,0.0067,76.09,75.6,0.567,0.567,0.0,21.62
218.954,0.0337,-0.531,-0.533,-0.0051,76.11,75.6,0.563,0.563,0.0,23.44
219.001,0.0355,-0.844,-0.65,-0.0103,76.26,75.6,0.548,0.548,0.0,19.93
219.052,0.0373,-0.71,-0.693,0.0061,76.37,75.6,0.537,0.537,0.0,20.28
219.102,0.0387,-0.677,-0.695,0.0044,76.34,75.6,0.539,0.539,0.0,20.69
219.153,0.0402,-0.787,-0.673,0.0032,76.16,75.6,0.558,0.558,0.0,20.91
219.206,0.0412,-0.414,-0.636,0.0028,76.02,75.6,0.574,0.574,0.0,23.67
219.252,0.0421,-0.274,-0.566,0.0059,76.12,75.6,0.563,0.563,0.0,19.28
219.308,0.0425,-0.348,-0.477,0.0052,76.32,75.6,0.542,0.542,0.0,24.97
219.354,0.0424,-0.277,-0.412,-0.0004,76.41,75.6,0.531,0.531,0.0,20.84
219.402,0.0424,-0.128,-0.329,0.005,76.28,75.6,0.546,0.546,0.0,18.51
219.456,0.042,-0.004,-0.201,0.0091,76.13,75.6,0.561,0.561,0.0,21.95
219.51,0.0409,0.056,-0.11,-0.0007,76.15,75.6,0.559,0.559,0.0,25.48
219.561,0.0397,0.304,-0.029,0.0018,76.23,75.6,0.551,0.551,0.0,26.88
219.606,0.0382,0.378,0.053,0.003,76.32,75.6,0.542,0.542,0.0,21.65
219.658,0.0369,-0.027,0.123,0.0012,76.31,75.6,0.542,0.542,0.0,22.9
219.71,0.0356,0.192,0.208,0.0045,76.19,75.6,0.555,0.555,0.0,24.66
219.756,0.0345,0.15,0.257,-0.0021,76.1,75.6,0.565,0.565,0.0,20.02
219.81,0.0335,0.319,0.236,-0.008,76.15,75.6,0.559,0.559,0.0,24.66
219.859,0.0327,0.414,0.152,-0.0095,76.27,75.6,0.547,0.546,0.0,22.97
219.909,0.0318,-0.481,0.02,-0.0097,76.35,75.6,0.539,0.539,0.0,22.6
219.959,0.0318,-0.441,-0.06,0.0027,76.33,75.6,0.541,0.541,0.0,22.58
220.008,0.0315,-0.353,-0.152,-0.0045,76.12,75.6,0.564,0.564,0.0,21.5
220.058,0.032,0.098,-0.167,0.0076,75.97,75.6,0.578,0.578,0.0,21.6
220.112,0.0318,0.124,-0.149,0.0041,76.12,75.6,0.563,0.563,0.0,24.65
220.162,0.0315,-0.439,-0.145,-0.0013,76.38,75.6,0.536,0.536,0.0,24.04
220.209,0.031,-0.135,-0.157,-0.0021,76.45,75.6,0.527,0.527,0.0,21.16
220.258,0.0311,-0.164,-0.175,-0.0013,76.25,75.6,0.548,0.548,0.0,19.23
220.306,0.0309,-0.024,-0.185,0.0005,76.09,75.6,0.566,0.566,0.0,17.19
220.363,0.0304,-0.251,-0.246,-0.0073,76.13,75.6,0.561,0.561,0.0,23.33
220.414,0.03,-0.382,-0.318,-0.0038,76.26,75.6,0.548,0.548,0.0,24.09
220.46,0.0297,-0.333,-0.347,0.0035,76.35,75.6,0.539,0.539,0.0,20.14
220.509,0.0292,-0.371,-0.335,0.0047,76.32,75.6,0.542,0.542,0.0,18.46
220.564,0.0286,-0.144,-0.252,0.0104,76.12,75.6,0.564,0.564,0.0,23.09
220.612,0.0275,-0.055,-0.157,0.0045,76.01,75.6,0.574,0.574,0.0,21.04
220.667,0.0262,0.157,-0.059,0.0038,76.14,75.6,0.56,0.56,0.0,25.01
220.715,0.0246,0.393,0.047,0.0044,76.35,75.6,0.539,0.539,0.0,23.15
220.767,0.0221,0.425,0.13,0.0006,76.41,75.6,0.531,0.531,0.0,25.08
220.812,0.0199,0.343,0.217,0.0034,76.2,75.6,0.554,0.554,0.0,19.99
220.865,0.0174,0.499,0.345,0.0088,76.05,75.6,0.57,0.57,0.0,22.76
220.915,0.0144,0.532,0.451,0.0015,76.1,75.6,0.564,0.564,0.0,22.72
220.962,0.0111,0.777,0.557,0.0037,76.28,75.6,0.546,0.546,0.0,19.13
221.012,0.008,1.068,0.643,0.0009,76.37,75.6,0.536,0.536,0.0,19.7
221.063,0.0041,0.991,0.672,-0.005,76.33,75.6,0.541,0.541,0.0,20.26
221.115,0.0007,0.697,0.661,-0.0046,76.12,75.6,0.564,0.564,0.0,21.79
221.166,-0.0027,0.641,0.634,-0.0026,76.0,75.6,0.576,0.576,0.0,22.72
221.218,-0.0058,0.759,0.675,0.0086,76.13,75.6,0.561,0.561,0.0,23.93
221.264,-0.0095,0.619,0.673,-0.0045,76.36,75.6,0.538,0.538,0.0,19.6
221.327,-0.0124,0.731,0.72,0.0067,76.4,75.6,0.532,0.532,0.0,32.32
221.369,-0.0156,0.95,0.833,0.0109,76.19,75.6,0.555,0.555,0.0,23.83
221.414,-0.0193,0.722,0.843,-0.0104,76.01,75.6,0.574,0.574,0.0,18.63
221.472,-0.022,0.964,0.898,0.0066,76.1,75.6,0.564,0.564,0.0,26.06
221.52,-0.0245,0.975,0.986,0.0066,76.32,75.6,0.542,0.542,0.0,23.86
221.566,-0.0276,0.749,0.972,-0.0111,76.41,75.6,0.532,0.532,0.0,20.28
221.619,-0.0299,1.049,0.933,-0.0041,76.27,75.6,0.547,0.547,0.0,23.04
221.667,-0.032,0.731,0.866,-0.0052,76.09,75.6,0.566,0.566,0.0,20.71
221.719,-0.034,0.532,0.756,-0.0083,76.11,75.6,0.564,0.564,0.0,21.91
221.768,-0.0352,0.435,0.628,-0.0065,76.23,75.6,0.551,0.551,0.0,20.65
221.817,-0.0358,0.134,0.492,-0.0054,76.33,75.6,0.541,0.541,0.0,19.65
221.87,-0.036,0.387,0.353,-0.0052,76.32,75.6,0.542,0.542,0.0,21.8
221.919,-0.0362,0.213,0.203,-0.0064,76.12,75.6,0.564,0.564,0.0,20.66
221.972,-0.0357,-0.193,0.073,-0.0025,76.04,75.6,0.572,0.572,0.0,23.3
222.018,-0.0355,-0.301,-0.049,-0.0035,76.16,75.6,0.559,0.559,0.0,18.94
222.067,-0.035,-0.407,-0.168,-0.0037,76.34,75.6,0.54,0.54,0.0,17.89
222.122,-0.0342,-0.177,-0.221,0.005,76.35,75.6,0.538,0.538,0.0,22.95
222.171,-0.0336,-0.145,-0.186,0.0104,76.14,75.6,0.56,0.56,0.0,21.06
222.219,-0.034,-0.189,-0.163,-0.0005,75.99,75.6,0.577,0.577,0.0,18.95
222.273,-0.0342,-0.079,-0.095,0.0072,76.12,75.6,0.563,0.563,0.0,22.78
222.32,-0.0346,0.372,0.055,0.0139,76.34,75.6,0.539,0.539,0.0,19.77
222.37,-0.0359,0.329,0.155,-0.0019,76.4,75.6,0.532,0.532,0.0,19.16
222.423,-0.0372,0.504,0.281,0.0072,76.19,75.6,0.555,0.555,0.0,22.56
222.475,-0.0388,0.627,0.411,0.005,76.03,75.6,0.573,0.573,0.0,24.25
222.518,-0.0408,0.591,0.487,-0.0031,76.09,75.6,0.567,0.567,0.0,16.93
222.576,-0.0431,0.854,0.567,0.0031,76.28,75.6,0.546,0.546,0.0,24.68
222.625,-0.0452,0.802,0.669,0.0059,76.41,75.6,0.532,0.532,0.0,23.13
222.677,-0.0476,0.955,0.776,0.0043,76.38,75.6,0.536,0.536,0.0,25.92
222.722,-0.0506,0.897,0.829,-0.0038,76.17,75.6,0.557,0.557,0.0,19.7
222.773,-0.0529,1.114,0.901,0.0045,76.0,75.6,0.575,0.575,0.0,20.48
222.825,-0.0553,0.979,0.984,0.0042,76.1,75.6,0.564,0.564,0.0,22.37
222.873,-0.058,0.794,0.982,-0.0091,76.32,75.6,0.541,0.541,0.0,19.63
222.936,-0.0602,0.959,0.939,-0.0058,76.39,75.6,0.535,0.535,0.0,32.89
222.98,-0.0617,1.011,0.914,0.001,76.22,75.6,0.552,0.551,0.0,26.08
223.025,-0.0635,0.809,0.841,-0.0075,76.04,75.6,0.572,0.572,0.0,20.46
223.077,-0.0648,0.382,0.749,-0.0053,76.09,75.6,0.566,0.566,0.0,22.19
223.128,-0.0656,0.625,0.659,-0.0029,76.27,75.6,0.547,0.547,0.0,22.67
223.18,-0.0658,0.6,0.636,0.0063,76.39,75.6,0.535,0.535,0.0,25.06
223.227,-0.0663,0.407,0.573,-0.0065,76.36,75.6,0.537,0.537,0.0,22.09
223.278,-0.0663,0.016,0.482,-0.0061,76.15,75.6,0.559,0.559,0.0,21.79
223.331,-0.0657,0.498,0.43,0.0023,76.0,75.6,0.576,0.576,0.0,24.85
223.379,-0.0651,0.284,0.338,-0.0075,76.09,75.6,0.565,0.565,0.0,22.38
223.434,-0.0639,0.045,0.253,-0.0022,76.3,75.6,0.544,0.544,0.0,27.07
223.483,-0.063,0.031,0.134,-0.0076,76.41,75.6,0.531,0.531,0.0,26.0
223.527,-0.0615,-0.077,0.011,-0.0047,76.33,75.6,0.54,0.54,0.0,19.29
223.582,-0.0601,-0.107,-0.093,-0.0017,76.11,75.6,0.564,0.564,0.0,23.69
223.632,-0.0588,-0.275,-0.11,0.0087,75.94,75.6,0.581,0.581,0.0,24.08
223.68,-0.0574,-0.354,-0.078,0.0061,76.06,75.6,0.57,0.57,0.0,21.3
223.727,-0.0563,-0.359,-0.058,-0.0004,76.35,75.6,0.539,0.539,0.0,18.61
223.783,-0.0553,0.517,0.016,0.0082,76.44,75.6,0.528,0.528,0.0,23.85
223.836,-0.0542,-0.033,0.076,0.0006,76.24,75.6,0.55,0.55,0.0,26.91
223.879,-0.0539,-0.041,0.105,-0.0022,76.05,75.6,0.571,0.571,0.0,19.13
223.934,-0.0535,0.145,0.056,-0.0098,76.08,75.6,0.568,0.568,0.0,24.04
223.984,-0.0525,0.046,0.038,0.0026,76.25,75.6,0.549,0.549,0.0,24.05
224.033,-0.0522,0.086,0.057,0.0045,76.4,75.6,0.532,0.532,0.0,22.35
224.087,-0.0519,0.137,0.082,0.0014,76.37,75.6,0.537,0.537,0.0,25.16
224.136,-0.0518,0.337,0.224,0.0173,76.16,75.6,0.559,0.558,0.0,24.21
224.186,-0.0518,0.315,0.425,0.0131,75.98,75.6,0.578,0.578,0.0,23.56
224.235,-0.0522,0.273,0.537,-0.0054,76.07,75.6,0.568,0.568,0.0,22.47
224.287,-0.0525,1.087,0.65,0.004,76.32,75.6,0.542,0.542,0.0,24.51
224.337,-0.0525,0.711,0.69,-0.0062,76.46,75.6,0.527,0.527,0.0,24.41
224.394,-0.0528,0.637,0.676,-0.0061,76.3,75.6,0.544,0.544,0.0,30.76
224.442,-0.0528,0.534,0.571,-0.0133,76.09,75.6,0.566,0.566,0.0,28.18
224.487,-0.0518,-0.181,0.37,-0.017,76.03,75.6,0.572,0.572,0.0,23.25
224.534,-0.0502,-0.276,0.197,-0.0032,76.15,75.6,0.559,0.559,0.0,19.7
224.596,-0.0483,0.013,-0.027,-0.0131,76.33,75.6,0.541,0.541,0.0,31.85
224.64,-0.0457,-0.693,-0.166,0.004,76.41,75.6,0.532,0.532,0.0,25.21
224.691,-0.0432,-0.999,-0.271,-0.0001,76.21,75.6,0.553,0.553,0.0,25.91
224.733,-0.0398,-1.039,-0.36,-0.0015,76.03,75.6,0.573,0.573,0.0,17.69
224.791,-0.0365,0.167,-0.324,0.0145,76.09,75.6,0.565,0.565,0.0,25.23
224.838,-0.0335,-0.493,-0.324,-0.0039,76.3,75.6,0.544,0.544,0.0,21.93
224.888,-0.031,-0.405,-0.322,0.0003,76.4,75.6,0.533,0.533,0.0,21.42
224.944,-0.0291,-0.425,-0.426,-0.0147,76.33,75.6,0.541,0.541,0.0,27.49
224.99,-0.0258,-0.838,-0.583,-0.011,76.12,75.6,0.564,0.564,0.0,22.81
225.041,-0.0228,-0.703,-0.645,0.0078,75.96,75.6,0.58,0.58,0.0,23.8
225.092,-0.02,-0.705,-0.653,0.0053,76.08,75.6,0.566,0.566,0.0,24.4
225.143,-0.0173,-0.67,-0.507,0.0213,76.35,75.6,0.539,0.539,0.0,25.49
225.19,-0.015,-0.551,-0.344,0.0073,76.45,75.6,0.528,0.528,0.0,21.59
225.241,-0.013,-0.062,-0.175,0.0066,76.25,75.6,0.549,0.549,0.0,22.97
225.29,-0.0114,0.507,-0.005,0.0061,76.08,75.6,0.568,0.568,0.0,21.71
225.338,-0.0105,-0.093,-0.022,-0.0203,76.11,75.6,0.563,0.563,0.0,19.48
225.389,-0.0086,-0.058,-0.066,-0.0043,76.24,75.6,0.55,0.55,0.0,19.45
225.442,-0.007,-0.179,-0.206,-0.015,76.33,75.6,0.541,0.541,0.0,22.2
225.495,-0.0046,-0.859,-0.424,-0.0158,76.31,75.6,0.542,0.542,0.0,24.75
225.541,-0.0016,-0.724,-0.532,0.0077,76.12,75.6,0.564,0.564,0.0,20.98
225.595,0.0007,-0.673,-0.616,-0.0004,76.04,75.6,0.572,0.572,0.0,24.32
225.645,0.0036,-0.905,-0.688,-0.0012,76.15,75.6,0.559,0.559,0.0,24.12
225.692,0.0061,-0.771,-0.694,0.0068,76.35,75.6,0.539,0.539,0.0,20.94
225.751,0.0086,-0.83,-0.656,0.0059,76.39,75.6,0.533,0.533,0.0,29.77
225.796,0.0111,-0.571,-0.639,-0.0017,76.18,75.6,0.556,0.556,0.0,24.33
225.844,0.0133,-0.273,-0.607,0.0028,76.01,75.6,0.575,0.575,0.0,21.94
225.893,0.0153,-0.078,-0.517,0.0092,76.09,75.6,0.565,0.565,0.0,20.89
225.95,0.0167,-0.716,-0.453,-0.0005,76.31,75.6,0.543,0.543,0.0,27.79
225.997,0.0175,-0.157,-0.38,0.0034,76.42,75.6,0.531,0.531,0.0,24.28
226.043,0.0191,-0.025,-0.283,0.006,76.33,75.6,0.541,0.541,0.0,19.63
226.097,0.0202,-0.099,-0.15,0.0085,76.11,75.6,0.565,0.565,0.0,23.88
226.149,0.0203,0.077,-0.153,-0.0144,75.95,75.6,0.581,0.581,0.0,25.39
226.195,0.0212,0.224,-0.149,0.0008,76.06,75.6,0.569,0.569,0.0,21.86
226.247,0.0215,0.083,-0.174,-0.0039,76.36,75.6,0.537,0.537,0.0,23.97
226.299,0.0214,-0.512,-0.288,-0.0134,76.49,75.6,0.523,0.523,0.0,25.68
226.352,0.0219,-0.372,-0.338,0.0051,76.29,75.6,0.544,0.544,0.0,28.29
226.399,0.0221,-0.276,-0.269,0.0148,76.11,75.6,0.565,0.565,0.0,24.48
226.458,0.0225,-0.322,-0.09,0.0178,76.08,75.6,0.568,0.568,0.0,32.77
226.504,0.0223,0.557,0.135,0.0126,76.18,75.6,0.556,0.556,0.0,28.18
226.549,0.0222,0.576,0.289,-0.002,76.34,75.6,0.54,0.54,0.0,22.93
226.605,0.0221,0.404,0.261,-0.0201,76.37,75.6,0.536,0.536,0.0,29.27
226.651,0.0213,0.243,0.075,-0.023,76.18,75.6,0.556,0.556,0.0,24.26
226.7,0.022,0.24,-0.063,0.0004,76.0,75.6,0.576,0.576,0.0,23.11
226.753,0.0224,-0.756,-0.269,-0.0144,76.07,75.6,0.568,0.568,0.0,25.57
226.804,0.023,-0.522,-0.322,0.0141,76.32,75.6,0.542,0.542,0.0,26.8
226.85,0.0244,-0.374,-0.268,0.0132,76.46,75.6,0.526,0.526,0.0,22.75
226.903,0.0251,-0.764,-0.249,-0.003,76.33,75.6,0.541,0.541,0.0,24.64
226.959,0.0253,0.897,-0.187,0.0067,76.13,75.6,0.562,0.562,0.0,30.89
227.005,0.0261,-1.088,-0.26,-0.0168,75.94,75.6,0.582,0.582,0.0,26.41
227.052,0.0258,-0.974,-0.315,0.0,76.03,75.6,0.572,0.572,0.0,23.65
227.106,0.0251,0.064,-0.456,-0.0139,76.31,75.6,0.543,0.543,0.0,26.48
227.155,0.0268,-0.947,-0.596,-0.0048,76.51,75.6,0.521,0.521,0.0,25.67
227.202,0.0261,-0.679,-0.59,0.0154,76.41,75.6,0.532,0.532,0.0,22.31
227.255,0.0248,-0.175,-0.526,0.0083,76.2,75.6,0.554,0.554,0.0,24.58
227.306,0.0243,-0.386,-0.353,0.0176,76.03,75.6,0.573,0.573,0.0,25.67
227.351,0.0214,-0.172,-0.15,0.0102,76.08,75.6,0.568,0.568,0.0,19.95
227.411,0.0182,0.857,0.198,0.0273,76.27,75.6,0.547,0.547,0.0,29.98
227.464,0.0156,0.724,0.617,0.0222,76.43,75.6,0.53,0.53,0.0,31.91
227.507,0.0105,2.175,0.945,0.0019,76.44,75.6,0.528,0.528,0.0,25.35
227.554,0.0055,2.094,1.112,-0.0112,76.27,75.6,0.547,0.547,0.0,21.88
227.607,0.0015,1.415,1.231,-0.0008,76.1,75.6,0.566,0.566,0.0,24.13
227.654,-0.0042,0.986,1.251,-0.0097,76.11,75.6,0.563,0.563,0.0,21.14
227.705,-0.008,0.848,1.205,-0.0086,76.23,75.6,0.551,0.551,0.0,21.89
227.757,-0.0118,1.503,1.218,0.0067,76.33,75.6,0.541,0.541,0.0,23.53
227.807,-0.015,1.14,1.237,0.0012,76.34,75.6,0.539,0.539,0.0,23.61
227.854,-0.0183,0.949,1.181,-0.0097,76.18,75.6,0.557,0.557,0.0,20.07
227.912,-0.021,0.858,1.019,-0.0168,76.03,75.6,0.573,0.573,0.0,27.29
227.961,-0.0225,0.538,0.933,0.005,76.1,75.6,0.564,0.564,0.0,26.37
228.007,-0.0235,0.269,0.817,-0.0071,76.29,75.6,0.545,0.545,0.0,21.93
228.057,-0.0238,0.113,0.74,0.0013,76.41,75.6,0.532,0.532,0.0,21.02
228.109,-0.0231,0.593,0.789,0.015,76.36,75.6,0.537,0.537,0.0,23.52
228.16,-0.0217,0.282,0.676,-0.0208,76.15,75.6,0.559,0.559,0.0,24.4
228.212,-0.0197,0.055,0.469,-0.0171,75.99,75.6,0.577,0.577,0.0,25.02
228.26,-0.0172,0.322,0.073,-0.0337,76.07,75.6,0.568,0.568,0.0,23.61
228.312,-0.0135,-1.765,-0.506,-0.0394,76.33,75.6,0.541,0.541,0.0,25.27
228.36,-0.0083,-1.753,-0.909,0.0044,76.46,75.6,0.527,0.527,0.0,22.24
228.412,-0.0031,-2.135,-1.363,-0.0212,76.26,75.6,0.548,0.548,0.0,24.43
228.46,0.0033,-1.973,-1.707,-0.0004,76.09,75.6,0.567,0.567,0.0,22.22
228.51,0.0092,-1.797,-1.853,0.0155,76.12,75.6,0.562,0.562,0.0,21.92
228.561,0.0143,-2.278,-1.906,0.0079,76.25,75.6,0.549,0.549,0.0,22.94
228.612,0.0191,-1.795,-1.935,0.0016,76.35,75.6,0.539,0.539,0.0,23.32
228.662,0.0232,-1.226,-1.785,0.0239,76.34,75.6,0.54,0.54,0.0,23.53
228.708,0.0249,-0.751,-1.496,0.0247,76.12,75.6,0.563,0.563,0.0,19.26
228.761,0.0254,-0.868,-1.111,0.0235,76.0,75.6,0.575,0.575,0.0,22.39
228.812,0.0243,0.373,-0.608,0.0298,76.13,75.6,0.561,0.561,0.0,23.23
228.859,0.0215,0.788,-0.122,0.0153,76.37,75.6,0.537,0.537,0.0,19.31
228.914,0.0174,1.438,0.392,0.0208,76.43,75.6,0.53,0.53,0.0,24.58
228.965,0.012,1.682,0.829,0.0073,76.23,75.6,0.551,0.551,0.0,24.81
229.011,0.0054,1.797,1.141,-0.0022,76.06,75.6,0.57,0.57,0.0,20.51
229.066,-0.001,2.063,1.363,-0.0017,76.12,75.6,0.563,0.563,0.0,25.65
229.115,-0.008,2.002,1.576,0.0064,76.3,75.6,0.544,0.544,0.0,24.3
229.164,-0.0158,1.998,1.796,0.0086,76.4,75.6,0.532,0.532,0.0,22.63
229.214,-0.0225,1.871,1.909,-0.0074,76.36,75.6,0.538,0.538,0.0,22.64
229.265,-0.0297,2.251,1.979,-0.0019,76.15,75.6,0.559,0.559,0.0,22.7
229.314,-0.0359,2.335,2.092,0.0084,76.0,75.6,0.576,0.576,0.0,21.89
229.364,-0.0415,1.925,2.051,-0.0176,76.11,75.6,0.564,0.564,0.0,21.32
229.415,-0.0469,1.289,1.962,-0.0081,76.34,75.6,0.54,0.54,0.0,22.48
229.468,-0.0508,1.886,1.893,-0.0003,76.4,75.6,0.533,0.532,0.0,25.65
229.515,-0.0536,1.363,1.689,-0.0213,76.2,75.6,0.554,0.554,0.0,22.33
229.57,-0.0554,1.148,1.494,-0.0058,76.06,75.6,0.57,0.57,0.0,26.92
229.622,-0.0566,0.523,1.224,-0.0173,76.12,75.6,0.562,0.562,0.0,28.35
229.665,-0.0562,0.421,0.904,-0.0163,76.3,75.6,0.544,0.544,0.0,20.86
229.718,-0.0545,0.039,0.565,-0.0139,76.4,75.6,0.532,0.532,0.0,23.91
229.767,-0.0517,-0.533,0.215,-0.0134,76.34,75.6,0.539,0.539,0.0,23.17
229.819,-0.0483,-0.997,-0.288,-0.0335,76.14,75.6,0.56,0.56,0.0,24.58
229.865,-0.0434,-1.213,-0.729,-0.009,75.99,75.6,0.577,0.577,0.0,20.23
229.92,-0.0382,-1.252,-1.15,-0.0126,76.11,75.6,0.564,0.564,0.0,24.65
229.969,-0.0328,-2.44,-1.5,-0.0047,76.35,75.6,0.538,0.538,0.0,23.33
230.017,-0.0281,-2.281,-1.673,0.0124,76.43,75.6,0.53,0.53,0.0,20.3
230.071,-0.0234,-1.893,-1.695,0.0151,76.23,75.6,0.551,0.551,0.0,24.12
230.118,-0.0184,-1.029,-1.377,0.0466,76.08,75.6,0.568,0.568,0.0,21.38
230.17,-0.0161,-0.685,-1.0,0.0194,76.12,75.6,0.562,0.562,0.0,22.39
230.222,-0.0148,-0.164,-0.505,0.0297,76.27,75.6,0.547,0.547,0.0,24.31
230.274,-0.015,1.155,0.101,0.0327,76.37,75.6,0.536,0.536,0.0,25.48
230.322,-0.0163,1.385,0.605,0.0069,76.36,75.6,0.537,0.537,0.0,23.9
230.371,-0.0185,1.565,0.967,-0.0022,76.19,75.6,0.555,0.555,0.0,22.12
230.421,-0.0209,1.502,1.042,-0.0274,76.03,75.6,0.573,0.573,0.0,21.82
230.475,-0.0227,0.929,0.841,-0.0359,76.11,75.6,0.563,0.563,0.0,25.2
230.523,-0.0233,0.868,0.664,-0.0036,76.32,75.6,0.542,0.542,0.0,22.51
230.575,-0.0236,0.019,0.431,-0.0141,76.41,75.6,0.532,0.532,0.0,24.32
230.623,-0.023,-0.501,0.216,-0.0055,76.3,75.6,0.544,0.544,0.0,22.64
230.672,-0.0215,-0.562,0.063,0.001,76.13,75.6,0.561,0.561,0.0,20.39
230.727,-0.0197,-0.217,-0.041,0.0015,76.12,75.6,0.563,0.563,0.0,25.14
230.786,-0.0176,-0.097,-0.05,0.0098,76.21,75.6,0.553,0.553,0.0,34.18
230.829,-0.0159,-0.388,-0.051,0.0007,76.32,75.6,0.542,0.542,0.0,27.5
230.876,-0.0139,-0.457,-0.085,-0.0047,76.37,75.6,0.536,0.536,0.0,23.65
230.926,-0.0112,-0.365,-0.049,0.0086,76.23,75.6,0.551,0.551,0.0,24.22
230.978,-0.0079,-0.275,-0.08,-0.008,76.08,75.6,0.568,0.568,0.0,25.19
231.024,-0.0043,-0.287,-0.128,-0.0034,76.11,75.6,0.563,0.563,0.0,21.66
231.077,-0.001,0.082,-0.208,-0.0061,76.26,75.6,0.548,0.548,0.0,24.22
231.129,0.0032,-1.497,-0.553,-0.0398,76.36,75.6,0.538,0.538,0.0,25.43
231.178,0.0069,-0.816,-1.014,-0.0283,76.37,75.6,0.537,0.537,0.0,24.88
231.225,0.0129,-0.677,-1.269,0.0126,76.17,75.6,0.557,0.557,0.0,21.03
231.279,0.0187,-2.451,-1.448,0.0018,76.03,75.6,0.573,0.573,0.0,24.45
231.329,0.0232,-1.908,-1.63,-0.0067,76.12,75.6,0.562,0.562,0.0,24.58
231.376,0.0288,-1.683,-1.691,0.0106,76.34,75.6,0.54,0.54,0.0,21.12
231.43,0.0343,-1.404,-1.637,0.014,76.41,75.6,0.532,0.532,0.0,24.78
231.482,0.0379,-1.326,-1.639,-0.006,76.22,75.6,0.552,0.552,0.0,25.97
231.527,0.0414,-1.008,-1.565,0.0105,76.06,75.6,0.57,0.57,0.0,21.04
231.582,0.0438,-1.348,-1.495,0.0021,76.13,75.6,0.561,0.561,0.0,25.74
231.632,0.0453,-0.922,-1.339,0.0143,76.31,75.6,0.543,0.543,0.0,26.12
231.681,0.046,-0.464,-1.067,0.0217,76.41,75.6,0.532,0.532,0.0,24.66
231.733,0.0453,-0.188,-0.542,0.0448,76.31,75.6,0.542,0.542,0.0,26.26
231.786,0.0428,1.007,0.141,0.0403,76.13,75.6,0.562,0.562,0.0,28.8
231.831,0.0394,2.24,0.95,0.0415,76.04,75.6,0.572,0.572,0.0,23.32
231.881,0.0347,2.465,1.576,0.0027,76.15,75.6,0.559,0.559,0.0,23.01
231.935,0.0294,2.334,2.09,0.0063,76.34,75.6,0.54,0.54,0.0,26.61
231.986,0.024,2.977,2.581,0.0147,76.41,75.6,0.531,0.531,0.0,27.64
232.029,0.0211,2.725,2.846,-0.0146,76.23,75.6,0.551,0.551,0.0,20.78
232.082,0.0195,2.23,2.985,-0.0082,76.1,75.6,0.566,0.566,0.0,23.23
232.138,0.0192,2.343,2.825,-0.0369,76.16,75.6,0.558,0.558,0.0,29.05
232.181,0.0243,1.668,2.455,-0.035,76.29,75.6,0.545,0.545,0.0,21.04
232.236,0.0314,0.333,1.829,-0.0486,76.37,75.6,0.536,0.536,0.0,26.04
232.288,0.0421,-1.902,0.831,-0.0738,76.36,75.6,0.538,0.538,0.0,28.07
232.345,0.0574,-3.158,-0.337,-0.0587,76.16,75.6,0.558,0.558,0.0,35.16
232.392,0.0814,-3.749,-1.299,-0.0119,75.97,75.6,0.579,0.579,0.0,31.37
232.433,0.1071,-5.51,-2.308,-0.0402,76.03,75.6,0.573,0.573,0.0,22.22
232.489,0.1358,-6.681,-3.522,-0.0638,76.29,75.6,0.545,0.545,0.0,28.33
232.534,0.1757,-6.753,-4.402,0.0042,76.52,75.6,0.52,0.52,0.0,23.01
232.589,0.2156,-8.516,-5.472,-0.0572,76.52,75.6,0.521,0.521,0.0,26.92
232.638,0.2545,-10.521,-7.043,-0.1073,76.34,75.6,0.54,0.54,0.0,25.27
232.684,0.308,-10.039,-8.03,0.0266,76.16,75.6,0.558,0.558,0.0,21.27
232.742,0.3603,-12.505,-9.183,-0.0574,76.0,75.6,0.576,0.576,0.0,29.26
232.791,0.4146,-14.755,-10.781,-0.1025,76.07,75.6,0.568,0.568,0.0,28.86
232.839,0.4704,-16.766,-12.662,-0.0953,76.3,75.6,0.544,0.544,0.0,26.3
232.892,0.5382,-14.912,-13.337,0.1029,76.45,75.6,0.528,0.528,0.0,28.51
232.941,0.6056,-16.998,-14.309,-0.0651,76.38,75.6,0.536,0.536,0.0,27.44
232.991,0.6628,-19.548,-16.26,-0.1707,76.18,75.6,0.556,0.556,0.0,27.48
233.038,0.7396,-16.765,-16.856,0.1212,75.99,75.6,0.577,0.577,0.0,23.57
233.093,0.8063,-19.698,-17.75,-0.0624,76.03,75.6,0.572,0.572,0.0,28.43
233.144,0.8663,-22.971,-19.481,-0.148,76.24,74.38,0.411,0.411,0.0,29.16
233.195,0.9437,-19.202,-19.575,0.1681,76.42,74.38,0.392,0.392,0.0,29.69
233.248,1.0103,-20.967,-19.796,-0.0211,76.25,71.73,0.11,0.11,0.0,32.87
233.293,1.0686,-22.163,-20.664,-0.0981,76.01,73.28,0.309,0.309,0.0,27.22
233.353,1.1384,-18.193,-20.09,0.1711,75.79,73.28,0.333,0.332,0.0,36.62
233.397,1.1967,-19.242,-19.563,0.0135,75.54,72.69,0.292,0.291,0.0,31.12
233.446,1.2481,-20.083,-19.513,-0.0482,75.28,70.02,0.016,0.016,0.0,29.04
233.501,1.293,-20.107,-19.464,0.0015,75.02,70.65,0.113,0.113,0.0,33.96
233.547,1.347,-15.38,-17.843,0.2213,74.78,70.65,0.14,0.14,0.0,30.34
233.6,1.3826,-14.011,-16.04,0.082,74.52,70.0,0.092,0.092,0.0,32.86
233.638,1.4096,-13.452,-14.474,0.0297,74.26,74.34,0.606,0.606,0.0,20.8
233.691,1.4415,-8.056,-11.753,0.216,74.11,74.34,0.628,0.628,0.0,22.69
233.741,1.4596,-7.13,-9.233,0.0669,74.36,74.91,0.668,0.668,0.0,22.54
233.794,1.4724,-6.016,-7.726,-0.0533,74.7,74.36,0.571,0.571,0.0,25.48
233.845,1.4971,-1.055,-5.295,0.1814,75.08,74.36,0.532,0.532,0.0,25.74
233.901,1.5074,-1.563,-3.99,-0.0722,75.27,71.75,0.215,0.215,0.0,31.04
233.953,1.51,-6.386,-4.657,-0.23,75.11,70.56,0.095,0.095,0.0,32.24
234.004,1.5416,-3.196,-4.347,0.1132,74.92,70.56,0.115,0.115,0.0,33.65
234.049,1.5638,-9.405,-5.372,-0.1755,74.74,75.6,0.705,0.705,0.0,27.69
234.099,1.5899,-13.28,-8.132,-0.2781,74.59,75.6,0.722,0.722,0.0,26.45
234.147,1.6408,-10.747,-9.368,0.1164,74.95,75.6,0.684,0.684,0.0,24.75
234.195,1.6869,-16.572,-11.633,-0.1868,75.37,75.6,0.638,0.638,0.0,22.51
234.252,1.7323,-22.34,-15.923,-0.3618,75.83,75.6,0.593,0.593,0.0,29.14
234.298,1.8174,-19.905,-18.339,0.1119,76.29,75.6,0.545,0.545,0.0,25.25
234.351,1.8908,-27.952,-21.502,-0.1886,76.74,75.6,0.496,0.496,0.0,27.35
234.402,1.9617,-33.865,-25.694,-0.2541,76.8,75.6,0.49,0.49,0.0,28.2
234.451,2.064,-30.517,-27.568,0.1772,76.61,75.6,0.511,0.511,0.0,27.49
234.509,2.1555,-35.622,-29.179,-0.0285,76.38,75.6,0.535,0.535,0.0,35.35
234.551,2.2381,-36.583,-31.637,-0.1746,76.12,75.6,0.564,0.564,0.0,27.18
234.601,2.3424,-31.83,-31.95,0.2137,75.87,75.6,0.591,0.591,0.0,26.21
234.649,2.4263,-33.062,-32.864,-0.0948,75.86,75.6,0.59,0.59,0.0,24.07
234.704,2.5081,-39.027,-35.924,-0.3315,76.1,75.6,0.564,0.564,0.0,28.93
234.755,2.6047,-32.846,-36.378,0.257,76.39,75.6,0.533,0.533,0.0,29.68
234.802,2.691,-37.27,-36.816,-0.0136,76.48,75.6,0.524,0.524,0.0,26.5
234.851,2.7654,-42.146,-37.693,-0.0765,76.27,75.6,0.547,0.547,0.0,24.3
234.903,2.8351,-35.289,-36.183,0.3026,75.98,75.6,0.578,0.578,0.0,26.51
234.951,2.8968,-30.738,-34.071,0.1367,75.82,75.6,0.597,0.597,0.0,23.9
235.0,2.9467,-28.755,-32.01,0.0666,75.88,75.6,0.589,0.589,0.0,22.96
235.051,2.977,-26.921,-30.501,-0.0051,76.06,75.6,0.569,0.569,0.0,23.04
235.106,3.0157,-19.452,-27.185,0.305,76.19,75.6,0.555,0.555,0.0,28.21
235.153,3.0293,-18.679,-24.174,0.0733,76.24,75.6,0.549,0.549,0.0,24.74
235.205,3.0289,-18.892,-22.308,-0.0549,76.24,75.6,0.55,0.55,0.0,25.84
235.258,3.0355,-11.483,-18.861,0.2859,76.2,75.6,0.554,0.554,0.0,28.61
235.306,3.0201,-10.385,-15.553,0.1009,76.15,75.6,0.559,0.559,0.0,25.91
235.357,2.9946,-7.98,-13.051,0.0031,76.13,75.6,0.561,0.561,0.0,26.82
235.407,2.9725,-1.49,-9.42,0.2448,76.17,75.6,0.558,0.558,0.0,26.33
235.456,2.9307,-0.35,-6.165,0.0743,76.23,75.6,0.551,0.551,0.0,25.49
235.507,2.8789,-0.362,-3.981,-0.0358,76.29,75.6,0.544,0.544,0.0,26.24
235.558,2.8365,5.286,-0.86,0.207,76.34,75.6,0.54,0.54,0.0,26.83
235.611,2.7769,5.867,1.443,-0.0053,76.31,75.6,0.543,0.543,0.0,29.74
235.656,2.711,4.997,2.521,-0.0906,76.11,75.6,0.565,0.565,0.0,23.92
235.707,2.6558,8.665,4.284,0.1332,76.06,75.6,0.57,0.57,0.0,24.9
235.758,2.5977,6.155,5.165,-0.0615,76.2,75.6,0.554,0.554,0.0,25.79
235.812,2.5377,4.383,4.797,-0.1437,76.38,75.6,0.536,0.536,0.0,29.76
235.872,2.4903,5.942,4.905,0.0536,76.44,75.6,0.528,0.528,0.0,39.18
235.925,2.4451,2.632,4.187,-0.1117,76.27,75.6,0.546,0.546,0.0,41.61
235.962,2.403,-1.38,2.087,-0.2179,76.1,75.6,0.566,0.566,0.0,28.56
236.011,2.3781,-1.446,0.463,-0.0068,76.1,75.6,0.566,0.566,0.0,27.59
236.062,2.3552,-6.077,-1.788,-0.1443,76.24,75.6,0.55,0.55,0.0,28.07
236.114,2.3417,-10.862,-4.955,-0.2065,76.4,75.6,0.533,0.533,0.0,29.68
236.164,2.3344,-14.512,-8.568,-0.1728,76.44,75.6,0.528,0.528,0.0,29.46
236.209,2.3453,-14.15,-10.864,0.0578,76.28,75.6,0.546,0.545,0.0,24.09
236.26,2.3516,-17.139,-13.206,-0.0867,76.13,75.6,0.562,0.562,0.0,25.26
236.313,2.3612,-20.13,-16.069,-0.1544,76.13,75.6,0.561,0.561,0.0,27.7
236.362,2.3775,-17.848,-17.377,0.1172,76.23,75.6,0.551,0.551,0.0,26.45
236.414,2.3881,-19.866,-18.579,-0.0309,76.32,75.6,0.542,0.542,0.0,28.36
236.462,2.3949,-21.303,-19.978,-0.0695,76.38,75.6,0.536,0.536,0.0,26.13
236.535,2.403,-17.646,-19.804,0.1709,76.25,75.6,0.549,0.549,0.0,48.43
236.568,2.3999,-17.349,-19.013,0.0921,76.03,75.6,0.573,0.573,0.0,30.32
236.612,2.3891,-14.747,-17.776,0.09,75.94,75.6,0.582,0.582,0.0,24.31
236.665,2.3659,-10.889,-15.732,0.1557,76.12,75.6,0.563,0.562,0.0,27.12
236.714,2.3302,-6.078,-12.69,0.2108,76.38,75.6,0.535,0.535,0.0,25.93
236.767,2.2838,-2.147,-9.224,0.1653,76.51,75.6,0.521,0.521,0.0,29.18
236.815,2.2213,2.271,-5.677,0.1323,76.32,75.6,0.542,0.542,0.0,26.86
236.862,2.1451,6.114,-2.081,0.1307,76.1,75.6,0.566,0.566,0.0,22.88
236.918,2.0579,10.224,1.631,0.1417,75.99,75.6,0.577,0.576,0.0,28.37
236.963,1.9585,13.987,5.475,0.1479,76.12,75.6,0.562,0.562,0.0,23.8
237.02,1.856,17.946,9.364,0.1405,76.39,75.6,0.535,0.535,0.0,30.45
237.069,1.7236,22.189,13.437,0.1614,76.49,75.6,0.523,0.523,0.0,29.42
237.118,1.5894,26.308,17.858,0.1908,76.33,75.6,0.54,0.54,0.0,27.78
237.167,1.4493,31.02,22.416,0.1734,76.16,75.6,0.558,0.558,0.0,25.97
237.217,1.2939,30.599,25.346,-0.0681,76.0,75.6,0.576,0.576,0.0,25.85
237.265,1.1455,33.547,27.853,0.0431,76.05,75.6,0.571,0.571,0.0,24.37
237.318,1.0181,35.372,30.391,0.0919,76.22,75.6,0.552,0.552,0.0,27.08
237.369,0.8628,31.627,30.969,-0.1851,76.39,75.6,0.533,0.533,0.0,27.68
237.417,0.7226,31.763,31.019,-0.0535,76.4,75.6,0.533,0.533,0.0,24.64
237.465,0.5915,32.104,31.32,0.0368,76.16,75.6,0.558,0.558,0.0,22.6
237.517,0.4597,27.055,30.031,-0.2115,75.95,75.6,0.58,0.58,0.0,24.29
237.568,0.3433,26.493,28.594,-0.0657,75.94,75.6,0.581,0.581,0.0,24.83
237.618,0.2509,26.322,27.474,-0.0059,76.14,75.6,0.561,0.561,0.0,24.51
237.67,0.1554,23.843,26.434,-0.0279,76.38,75.6,0.536,0.536,0.0,26.43
237.722,0.0565,17.747,23.739,-0.2673,76.42,75.6,0.53,0.53,0.0,27.95
237.77,-0.021,17.135,21.261,-0.0638,76.22,75.6,0.552,0.552,0.0,26.01
237.817,-0.089,16.438,19.588,0.0258,75.97,75.6,0.579,0.579,0.0,22.86
237.87,-0.1532,10.289,16.616,-0.2397,75.91,75.6,0.586,0.586,0.0,25.45
237.92,-0.1966,8.312,13.618,-0.1072,76.1,75.6,0.564,0.564,0.0,24.59
237.97,-0.2324,7.704,11.086,-0.0397,76.37,75.6,0.537,0.537,0.0,24.44
238.024,-0.2656,1.721,7.55,-0.2286,76.5,75.6,0.522,0.522,0.0,28.08
238.071,-0.2856,-0.268,4.149,-0.1045,76.32,75.6,0.542,0.542,0.0,24.58
238.121,-0.2972,-2.787,1.681,0.0116,76.07,75.6,0.569,0.569,0.0,24.63
238.178,-0.3096,-7.107,-1.208,-0.145,75.94,75.6,0.582,0.582,0.0,31.33
238.223,-0.3143,-6.938,-2.914,0.0645,76.08,75.6,0.568,0.568,0.0,25.88
238.275,-0.3151,-3.076,-2.805,0.1938,76.39,75.6,0.535,0.535,0.0,27.44
238.326,-0.3159,-0.105,-1.565,0.1619,76.57,75.6,0.514,0.514,0.0,28.19
238.374,-0.336,-1.997,-1.343,-0.099,76.4,75.6,0.533,0.533,0.0,26.92
238.423,-0.3503,2.09,-0.712,0.065,76.23,75.6,0.551,0.551,0.0,25.8
238.474,-0.3661,4.467,0.772,0.1411,76.09,75.6,0.567,0.567,0.0,26.13
238.527,-0.3984,3.763,1.675,-0.0294,76.15,75.6,0.559,0.559,0.0,28.65
238.577,-0.4335,6.485,3.209,0.1198,76.29,75.6,0.545,0.545,0.0,29.23
238.626,-0.4677,10.173,5.988,0.2272,76.38,75.6,0.535,0.535,0.0,28.03
238.676,-0.5215,9.836,7.936,-0.0188,76.38,75.6,0.536,0.536,0.0,27.84
238.725,-0.5796,15.648,10.402,0.1402,76.21,75.6,0.553,0.553,0.0,26.24
238.778,-0.6346,19.962,13.566,0.1834,76.06,75.6,0.57,0.57,0.0,28.0
238.825,-0.6929,22.091,16.519,0.0811,76.1,75.6,0.564,0.564,0.0,24.54
238.877,-0.7721,19.945,17.686,-0.1463,76.25,75.6,0.549,0.549,0.0,26.21
238.93,-0.8462,22.456,18.513,-0.0066,76.38,75.6,0.536,0.536,0.0,28.64
238.982,-0.9088,22.661,19.833,0.0976,76.4,75.6,0.532,0.532,0.0,30.18
239.031,-0.9833,19.472,19.852,-0.1356,76.22,75.6,0.552,0.552,0.0,29.64
239.083,-1.0505,20.076,20.215,0.0487,76.02,75.6,0.574,0.574,0.0,31.65
239.128,-1.1075,23.613,21.358,0.1216,76.01,75.6,0.575,0.575,0.0,25.96
239.182,-1.1871,19.181,20.823,-0.1944,76.18,75.6,0.556,0.556,0.0,29.69
239.238,-1.2425,21.247,20.33,-0.0128,76.39,75.6,0.533,0.533,0.0,34.82
239.279,-1.2972,20.278,20.287,0.0456,76.46,75.6,0.527,0.527,0.0,26.42
239.329,-1.3523,15.42,18.782,-0.2055,76.27,75.6,0.547,0.547,0.0,25.79
239.38,-1.3988,15.259,17.444,-0.0294,76.05,75.6,0.571,0.571,0.0,26.04
239.427,-1.4333,16.137,16.983,0.0758,76.01,75.6,0.575,0.575,0.0,23.21
239.48,-1.4671,17.481,17.2,0.0786,76.14,75.6,0.56,0.56,0.0,25.6
239.533,-1.5094,12.375,15.724,-0.2287,76.34,75.6,0.539,0.539,0.0,28.53
239.58,-1.5323,11.977,14.214,-0.0563,76.42,75.6,0.53,0.53,0.0,25.34
239.629,-1.5511,12.832,13.389,0.0429,76.23,75.6,0.551,0.551,0.0,24.14
239.682,-1.5766,8.008,11.427,-0.1875,76.03,75.6,0.573,0.573,0.0,26.3
239.732,-1.5897,7.519,9.887,-0.0097,76.03,75.6,0.572,0.572,0.0,25.55
239.779,-1.5967,7.993,9.204,0.066,76.22,75.6,0.552,0.551,0.0,23.29
239.832,-1.6104,3.614,7.456,-0.1726,76.42,75.6,0.53,0.53,0.0,25.92
239.884,-1.6141,5.009,6.398,0.0354,76.46,75.6,0.526,0.526,0.0,26.95
239.933,-1.6141,6.78,6.614,0.1408,76.28,75.6,0.546,0.546,0.0,25.63
239.983,-1.6267,3.45,5.863,-0.1273,76.1,75.6,0.566,0.566,0.0,25.22
240.037,-1.6321,6.042,5.677,0.0526,76.09,75.6,0.566,0.566,0.0,28.54
240.084,-1.636,7.994,6.546,0.1408,76.23,75.6,0.551,0.551,0.0,25.28
240.135,-1.6416,10.604,8.048,0.1187,76.38,75.6,0.535,0.535,0.0,26.73
240.186,-1.6622,8.098,8.246,-0.1295,76.41,75.6,0.532,0.532,0.0,27.16
240.238,-1.6724,10.497,8.857,0.0644,76.22,75.6,0.552,0.552,0.0,29.08
240.285,-1.6879,13.409,10.443,0.1576,76.04,75.6,0.572,0.572,0.0,25.53
240.336,-1.7135,10.765,10.818,-0.1139,76.09,75.6,0.567,0.567,0.0,25.68
240.395,-1.7308,13.099,11.529,0.0602,76.27,75.6,0.547,0.547,0.0,35.02
240.438,-1.7498,15.618,13.074,0.1412,76.45,75.6,0.528,0.528,0.0,27.29
240.488,-1.7823,12.735,13.322,-0.1271,76.48,75.6,0.525,0.525,0.0,27.21
240.541,-1.8037,14.926,13.81,0.0421,76.29,75.6,0.545,0.545,0.0,29.4
240.587,-1.8229,17.481,15.062,0.1237,76.11,75.6,0.565,0.565,0.0,25.43
240.637,-1.8524,14.09,14.947,-0.1471,76.07,75.6,0.569,0.568,0.0,25.26
240.689,-1.8743,14.666,14.897,0.0051,76.17,75.6,0.557,0.557,0.0,26.47
240.738,-1.8897,15.642,15.35,0.0684,76.33,75.6,0.541,0.541,0.0,25.89
240.79,-1.9083,11.676,14.476,-0.1693,76.37,75.6,0.536,0.536,0.0,27.15
240.838,-1.92,12.994,13.964,0.02,76.23,75.6,0.551,0.551,0.0,25.32
240.886,-1.9254,12.962,14.139,0.0779,76.05,75.6,0.571,0.571,0.0,23.29
240.939,-1.9247,13.698,14.283,0.0019,76.07,75.6,0.568,0.568,0.0,25.07
240.991,-1.9267,9.381,12.889,-0.2097,76.24,75.6,0.55,0.55,0.0,27.29
241.04,-1.916,9.425,11.474,-0.0517,76.4,75.6,0.533,0.533,0.0,25.76
241.091,-1.898,6.735,10.242,-0.0238,76.42,75.6,0.53,0.53,0.0,26.54
241.141,-1.8785,2.653,8.136,-0.165,76.23,75.6,0.551,0.551,0.0,25.6
241.188,-1.847,1.653,6.033,-0.0731,76.04,75.6,0.572,0.572,0.0,23.31
241.239,-1.8091,0.349,4.258,-0.0276,76.08,75.6,0.568,0.568,0.0,23.07
241.29,-1.7629,-3.018,2.042,-0.1235,76.26,75.6,0.548,0.548,0.0,24.17
241.341,-1.7139,-4.518,-0.212,-0.0826,76.42,75.6,0.531,0.531,0.0,25.01
241.392,-1.6561,-6.317,-2.292,-0.0545,76.42,75.6,0.531,0.531,0.0,25.45
241.439,-1.5978,-8.385,-4.324,-0.0659,76.23,75.6,0.551,0.551,0.0,22.14
241.492,-1.5283,-9.877,-6.066,-0.0306,76.09,75.6,0.566,0.566,0.0,25.38
241.544,-1.4607,-10.177,-7.432,-0.0082,76.15,75.6,0.559,0.559,0.0,26.29
241.596,-1.3965,-10.392,-8.359,0.0135,76.29,75.6,0.544,0.544,0.0,28.43
241.641,-1.3327,-10.147,-8.867,0.0262,76.4,75.6,0.533,0.533,0.0,23.35
241.694,-1.2637,-10.002,-8.977,0.0379,76.36,75.6,0.537,0.537,0.0,25.9
241.742,-1.2021,-8.966,-8.705,0.0494,76.18,75.6,0.556,0.556,0.0,23.96
241.789,-1.1463,-7.546,-8.038,0.0646,76.03,75.6,0.573,0.573,0.0,20.01
241.843,-1.0954,-5.662,-7.127,0.0574,76.11,75.6,0.563,0.563,0.0,24.34
241.894,-1.0431,-5.041,-6.223,0.0308,76.31,75.6,0.543,0.542,0.0,24.84
241.945,-1.0019,-4.45,-5.326,0.0307,76.43,75.6,0.53,0.53,0.0,25.75
241.989,-0.9539,-2.756,-4.173,0.0669,76.35,75.6,0.539,0.539,0.0,19.34
242.048,-0.9175,-1.887,-3.116,0.0271,76.16,75.6,0.559,0.558,0.0,27.46
242.095,-0.8817,-1.065,-2.332,-0.0014,75.99,75.6,0.577,0.577,0.0,23.89
242.144,-0.8459,0.305,-1.411,0.0466,76.08,75.6,0.568,0.568,0.0,23.39
242.197,-0.8145,-0.476,-0.912,-0.0269,76.33,75.6,0.541,0.541,0.0,26.17
242.248,-0.7797,-1.325,-0.985,-0.0624,76.48,75.6,0.525,0.525,0.0,26.39
242.3,-0.7428,-0.532,-0.843,0.0275,76.34,75.6,0.54,0.54,0.0,27.74
242.353,-0.703,-2.389,-1.088,-0.0491,76.17,75.6,0.557,0.557,0.0,30.22
242.404,-0.6669,-3.867,-1.875,-0.0842,76.0,75.6,0.576,0.576,0.0,30.78
242.45,-0.6255,-5.788,-3.148,-0.0953,76.06,75.6,0.569,0.569,0.0,26.56
242.498,-0.5725,-5.427,-3.922,0.0252,76.3,75.6,0.544,0.544,0.0,24.4
242.553,-0.526,-7.175,-4.96,-0.0638,76.46,75.6,0.526,0.526,0.0,29.69
242.604,-0.474,-10.244,-6.618,-0.1229,76.42,75.6,0.53,0.53,0.0,30.61
242.65,-0.4061,-9.621,-7.635,0.0316,76.24,75.6,0.55,0.55,0.0,25.79
242.705,-0.3496,-11.337,-8.307,0.0127,76.07,75.6,0.568,0.568,0.0,30.43
242.752,-0.2878,-13.048,-9.038,-0.0318,76.1,75.6,0.566,0.566,0.0,27.83
242.805,-0.2202,-11.685,-9.156,0.0601,76.24,75.6,0.55,0.55,0.0,30.57
242.849,-0.148,-11.266,-9.317,-0.0101,76.37,75.6,0.537,0.537,0.0,24.15
242.903,-0.0841,-13.938,-11.549,-0.2947,76.38,75.6,0.536,0.536,0.0,28.04
242.952,-0.0175,-15.115,-15.433,-0.3086,76.21,75.6,0.553,0.553,0.0,26.54
243.004,0.0641,-12.973,-17.437,0.1269,76.04,75.6,0.571,0.571,0.0,28.67
243.061,0.1441,-29.02,-19.822,-0.1231,76.04,75.6,0.571,0.571,0.0,35.04
243.104,0.2111,-26.056,-21.742,-0.0184,76.2,75.6,0.554,0.554,0.0,28.03
243.155,0.2978,-21.985,-21.579,0.2238,76.4,75.6,0.532,0.532,0.0,28.48
243.21,0.3816,-20.01,-19.434,0.2825,76.43,75.6,0.53,0.53,0.0,32.66
243.255,0.4402,-15.566,-17.095,0.1018,76.21,75.6,0.553,0.553,0.0,28.11
243.305,0.5017,-11.209,-14.344,0.1392,76.0,75.6,0.576,0.576,0.0,27.43
243.357,0.5571,-8.818,-13.462,-0.1649,76.02,75.6,0.574,0.574,0.0,28.74
243.407,0.5966,-10.69,-15.809,-0.42,76.27,75.6,0.547,0.547,0.0,28.98
243.457,0.6509,-6.792,-16.573,0.1391,76.4,75.6,0.532,0.532,0.0,27.65
243.507,0.6938,-19.027,-17.388,-0.034,76.41,75.6,0.532,0.532,0.0,27.77
243.555,0.7296,-26.926,-17.653,0.0485,76.24,75.6,0.55,0.55,0.0,25.52
243.607,0.7754,-23.273,-16.53,0.1845,76.06,75.6,0.57,0.57,0.0,27.79
243.654,0.8124,-8.908,-13.718,0.275,76.01,75.6,0.574,0.574,0.0,24.23
243.706,0.8393,0.121,-9.832,0.2482,76.14,75.6,0.56,0.56,0.0,26.43
243.753,0.8403,-5.16,-7.244,-0.0456,76.37,75.6,0.537,0.537,0.0,22.27
243.808,0.8469,-1.105,-4.612,0.0964,76.43,75.6,0.529,0.529,0.0,27.42
243.857,0.8425,0.005,-2.944,-0.0426,76.24,75.6,0.55,0.55,0.0,26.32
243.905,0.8398,0.919,-1.862,-0.0237,76.05,75.6,0.571,0.571,0.0,23.01
243.957,0.838,3.94,-0.149,0.1259,76.08,75.6,0.567,0.567,0.0,24.78
244.01,0.8297,2.133,0.763,-0.052,76.28,75.6,0.546,0.546,0.0,27.46
244.058,0.8204,0.336,0.551,-0.1251,76.43,75.6,0.529,0.529,0.0,25.31
244.108,0.8128,-1.728,-0.283,-0.0942,76.44,75.6,0.529,0.529,0.0,25.27
244.16,0.8182,-0.404,-0.398,0.0712,76.24,75.6,0.55,0.55,0.0,27.11
244.207,0.8186,-2.463,-0.985,-0.0698,76.08,75.6,0.568,0.568,0.0,23.78
244.259,0.8213,-5.064,-2.47,-0.1459,76.12,75.6,0.563,0.563,0.0,25.79
244.312,0.8393,-4.432,-3.399,0.0258,76.28,75.6,0.546,0.546,0.0,28.35
244.359,0.8527,-7.395,-4.731,-0.0887,76.42,75.6,0.531,0.531,0.0,24.46
244.407,0.8724,-10.374,-6.745,-0.1417,76.42,75.6,0.531,0.531,0.0,22.96
244.462,0.9003,-9.485,-7.91,0.0481,76.23,75.6,0.551,0.551,0.0,27.69
244.51,0.9252,-11.857,-9.211,-0.0595,76.06,75.6,0.57,0.57,0.0,25.37
244.56,0.955,-13.952,-10.902,-0.1,76.09,75.6,0.566,0.566,0.0,24.8
244.612,0.9879,-12.096,-11.515,0.0917,76.26,75.6,0.548,0.548,0.0,26.6
244.664,1.0181,-13.256,-12.097,-0.0172,76.4,75.6,0.533,0.533,0.0,27.85
244.713,1.0441,-14.35,-13.003,-0.0657,76.4,75.6,0.534,0.534,0.0,25.91
244.762,1.0719,-15.271,-13.969,-0.0398,76.21,75.6,0.553,0.553,0.0,25.18
244.814,1.1012,-12.431,-13.674,0.1423,76.04,75.6,0.572,0.572,0.0,26.76
244.861,1.1217,-12.39,-13.013,0.0614,76.07,75.6,0.568,0.568,0.0,23.33
244.913,1.1371,-11.495,-12.297,0.0307,76.25,75.6,0.549,0.549,0.0,24.98
244.965,1.1534,-8.093,-10.756,0.1402,76.41,75.6,0.532,0.532,0.0,26.4
245.017,1.1589,-6.484,-9.054,0.0762,76.42,75.6,0.531,0.531,0.0,28.33
245.068,1.1588,-5.225,-7.552,0.0315,76.22,75.6,0.552,0.552,0.0,28.71
245.113,1.1576,-1.979,-5.556,0.1214,76.03,75.6,0.573,0.573,0.0,23.65
245.164,1.1485,-0.671,-3.815,0.0341,76.08,75.6,0.568,0.568,0.0,23.85
245.215,1.1338,-0.68,-2.661,-0.0213,76.28,75.6,0.546,0.546,0.0,24.87
245.266,1.1225,1.883,-1.145,0.0909,76.45,75.6,0.527,0.527,0.0,25.85
245.316,1.1048,1.765,-0.012,-0.0007,76.45,75.6,0.528,0.528,0.0,25.52
245.368,1.0855,1.138,0.556,-0.0392,76.25,75.6,0.549,0.549,0.0,26.67
245.415,1.067,0.569,0.592,-0.0546,76.08,75.6,0.568,0.567,0.0,23.98
245.47,1.0576,1.747,0.959,0.0476,76.12,75.6,0.562,0.562,0.0,27.96
245.522,1.0435,0.637,0.912,-0.0451,76.28,75.6,0.546,0.546,0.0,30.04
245.578,1.0314,-1.871,0.07,-0.1126,76.41,75.6,0.531,0.531,0.0,35.77
245.621,1.0311,-1.478,-0.484,0.0107,76.44,75.6,0.528,0.528,0.0,28.26
245.672,1.0297,-3.564,-1.449,-0.0767,76.29,75.6,0.545,0.545,0.0,29.02
245.714,1.0318,-6.655,-3.085,-0.1274,76.11,75.6,0.565,0.565,0.0,20.69
245.77,1.0454,-6.221,-4.138,0.0244,76.13,75.6,0.562,0.562,0.0,26.93
245.821,1.0595,-8.13,-5.623,-0.0971,76.25,75.6,0.549,0.549,0.0,27.21
245.871,1.0749,-11.182,-7.788,-0.1467,76.37,75.6,0.537,0.537,0.0,27.48
245.921,1.1033,-10.189,-9.019,0.0548,76.4,75.6,0.533,0.533,0.0,26.77
245.969,1.1258,-13.383,-10.401,-0.0641,76.19,75.6,0.555,0.555,0.0,23.71
246.02,1.1489,-14.869,-12.069,-0.0881,76.03,75.6,0.573,0.573,0.0,25.07
246.072,1.1766,-16.198,-13.619,-0.0417,76.12,75.6,0.563,0.563,0.0,26.44
246.123,1.2086,-13.879,-13.856,0.1291,76.29,75.6,0.545,0.545,0.0,26.69
246.173,1.2319,-14.159,-13.9,0.0187,76.4,75.6,0.532,0.532,0.0,27.08
246.221,1.2503,-14.383,-14.219,-0.0398,76.35,75.6,0.539,0.539,0.0,24.94
246.271,1.273,-11.758,-13.674,0.1094,76.15,75.6,0.559,0.559,0.0,24.14
246.32,1.2858,-11.767,-13.061,0.0285,75.89,75.6,0.588,0.588,0.0,23.13
246.379,1.2948,-10.877,-12.323,0.039,75.96,75.6,0.579,0.579,0.0,31.36
246.425,1.3003,-7.382,-10.67,0.1535,76.27,75.6,0.547,0.546,0.0,27.28
246.476,1.2963,-5.85,-8.789,0.0895,76.58,75.6,0.514,0.514,0.0,27.84
246.525,1.2854,-3.818,-7.197,0.0252,76.65,75.6,0.506,0.506,0.0,26.48
246.58,1.2713,-1.037,-5.319,0.0956,76.49,75.6,0.523,0.523,0.0,30.87
246.623,1.251,0.349,-3.81,0.0141,76.29,75.6,0.545,0.545,0.0,23.81
246.675,1.2223,0.13,-2.647,0.0043,76.11,75.6,0.565,0.565,0.0,25.27
246.721,1.1962,2.932,-0.981,0.1108,76.09,75.6,0.566,0.566,0.0,21.63
246.773,1.1584,3.023,0.786,0.0723,76.19,75.6,0.555,0.555,0.0,22.7
246.828,1.1209,5.679,2.724,0.0856,76.31,75.6,0.542,0.542,0.0,27.25
246.875,1.0778,8.407,4.685,0.0708,76.38,75.6,0.536,0.536,0.0,24.12
246.922,1.0341,9.609,6.38,0.0313,76.26,75.6,0.547,0.547,0.0,21.44
246.979,0.9831,10.1,7.56,-0.0126,76.12,75.6,0.562,0.562,0.0,27.84
247.026,0.938,8.489,8.087,-0.0501,76.14,75.6,0.56,0.56,0.0,24.58
247.074,0.8954,8.002,8.22,-0.0366,76.24,75.6,0.55,0.55,0.0,22.46
247.13,0.858,6.971,7.817,-0.0702,76.34,75.6,0.54,0.54,0.0,27.56
247.177,0.8226,5.68,6.885,-0.0879,76.36,75.6,0.538,0.538,0.0,24.84
247.227,0.7975,4.289,5.769,-0.0583,76.18,75.6,0.556,0.556,0.0,24.71
247.281,0.7762,1.648,4.333,-0.0837,76.04,75.6,0.572,0.572,0.0,27.79
247.331,0.7617,-1.645,2.523,-0.1023,76.11,75.6,0.563,0.563,0.0,27.77
247.381,0.7528,-1.826,0.848,-0.0443,76.31,75.6,0.543,0.543,0.0,27.8
247.429,0.753,-2.998,-0.582,-0.0243,76.45,75.6,0.527,0.527,0.0,25.27
247.482,0.7565,-5.501,-1.511,0.02,76.38,75.6,0.536,0.536,0.0,28.4
247.531,0.7613,-6.791,-2.516,-0.043,76.19,75.6,0.555,0.555,0.0,27.07
247.581,0.7754,-7.294,-3.442,-0.0241,76.04,75.6,0.572,0.572,0.0,26.18
247.635,0.7894,-5.153,-5.051,-0.1278,76.1,75.6,0.565,0.565,0.0,29.86
247.679,0.807,-8.792,-7.668,-0.1968,76.29,75.6,0.545,0.545,0.0,23.5
247.733,0.828,-8.196,-9.367,0.0368,76.42,75.6,0.531,0.531,0.0,27.32
247.783,0.8493,-16.208,-11.145,-0.0703,76.42,75.6,0.531,0.531,0.0,27.24
247.833,0.871,-16.724,-12.531,-0.0073,76.2,75.6,0.554,0.554,0.0,26.99
247.882,0.9009,-12.666,-12.713,0.1197,76.03,75.6,0.573,0.573,0.0,25.78
247.926,0.9222,-10.829,-12.046,0.1122,76.09,75.6,0.567,0.567,0.0,19.81
247.982,0.938,-9.193,-11.041,0.0704,76.32,75.6,0.542,0.542,0.0,25.46
248.031,0.9446,-8.477,-10.237,0.007,76.43,75.6,0.53,0.53,0.0,24.59
248.085,0.9502,-5.593,-8.855,0.1089,76.29,75.6,0.545,0.545,0.0,28.44
248.14,0.9466,-4.313,-7.255,0.0786,76.11,75.6,0.565,0.565,0.0,33.21
248.182,0.9357,-2.399,-5.72,0.0468,76.1,75.6,0.566,0.566,0.0,24.46
248.231,0.921,0.597,-3.762,0.1128,76.21,75.6,0.553,0.553,0.0,23.13
248.284,0.8999,1.742,-1.817,0.0664,76.35,75.6,0.539,0.539,0.0,26.31
248.332,0.872,3.191,-0.077,0.0394,76.4,75.6,0.533,0.533,0.0,24.26
248.38,0.8414,5.113,1.679,0.0628,76.22,75.6,0.552,0.552,0.0,21.92
248.436,0.8085,6.348,3.321,0.0454,76.07,75.6,0.568,0.568,0.0,26.98
248.484,0.7713,6.934,4.705,0.0213,76.13,75.6,0.561,0.561,0.0,25.12
248.529,0.7327,7.791,5.727,-0.0023,76.3,75.6,0.543,0.543,0.0,19.84
248.583,0.6954,7.943,6.424,-0.0096,76.39,75.6,0.535,0.535,0.0,23.07
248.635,0.6611,7.369,6.65,-0.0415,76.32,75.6,0.541,0.541,0.0,24.7
248.69,0.6268,6.063,6.373,-0.0624,76.14,75.6,0.56,0.56,0.0,29.64
248.737,0.5979,5.157,5.852,-0.0437,76.02,75.6,0.573,0.573,0.0,26.43
248.792,0.5738,3.262,4.999,-0.0646,76.12,75.6,0.563,0.563,0.0,31.24
248.836,0.553,2.046,3.907,-0.063,76.33,75.6,0.541,0.541,0.0,25.23
248.883,0.538,0.783,2.758,-0.0462,76.44,75.6,0.529,0.528,0.0,21.88
248.937,0.5271,-0.865,1.415,-0.0672,76.3,75.6,0.544,0.544,0.0,25.22
248.987,0.5203,-2.35,-0.097,-0.0705,76.14,75.6,0.56,0.56,0.0,25.15
249.035,0.5178,-3.225,-1.411,-0.0251,76.12,75.6,0.562,0.562,0.0,22.92
249.088,0.5178,-4.951,-2.584,-0.0262,76.22,75.6,0.552,0.552,0.0,24.85
249.138,0.5196,-5.284,-3.563,-0.0139,76.34,75.6,0.539,0.539,0.0,24.84
249.186,0.5226,-5.244,-4.193,0.0146,76.37,75.6,0.537,0.537,0.0,22.41
249.238,0.525,-4.861,-4.401,0.037,76.18,75.6,0.556,0.556,0.0,24.46
249.285,0.5256,-4.519,-4.304,0.0353,76.04,75.6,0.571,0.571,0.0,20.56
249.334,0.5246,-3.857,-4.019,0.0297,76.14,75.6,0.56,0.56,0.0,19.2
249.39,0.5214,-2.563,-3.507,0.0415,76.33,75.6,0.54,0.54,0.0,24.92
249.441,0.5154,-1.637,-2.801,0.045,76.4,75.6,0.532,0.532,0.0,25.42
249.486,0.5078,-0.65,-2.026,0.0344,76.22,75.6,0.551,0.551,0.0,20.03
249.534,0.4972,0.21,-1.239,0.0286,76.11,75.6,0.565,0.565,0.0,18.23
249.591,0.4833,1.001,-0.414,0.0329,76.18,75.6,0.556,0.556,0.0,24.59
249.639,0.4679,1.864,0.352,0.0205,76.32,75.6,0.542,0.542,0.0,22.6
249.686,0.4529,2.527,1.068,0.0198,76.37,75.6,0.536,0.536,0.0,19.47
249.741,0.4348,3.152,1.662,0.0079,76.25,75.6,0.549,0.549,0.0,23.96
249.79,0.4158,2.776,2.147,0.0056,76.1,75.6,0.566,0.566,0.0,22.98
249.84,0.3952,3.149,2.555,0.0061,76.15,75.6,0.559,0.559,0.0,21.88
249.888,0.3789,3.156,2.833,-0.0039,76.29,75.6,0.545,0.545,0.0,19.82
249.945,0.36,3.47,3.047,0.0008,76.38,75.6,0.536,0.536,0.0,26.34
249.991,0.3428,3.153,3.109,-0.0137,76.36,75.6,0.538,0.538,0.0,22.67
250.042,0.329,2.72,2.988,-0.0233,76.18,75.6,0.556,0.556,0.0,23.19
250.108,0.315,2.042,2.666,-0.0323,76.03,75.6,0.572,0.572,0.0,38.64
250.143,0.3027,1.444,2.159,-0.0372,76.09,75.6,0.565,0.565,0.0,23.55
250.191,0.2937,0.905,1.628,-0.0209,76.27,75.6,0.547,0.547,0.0,21.84
250.241,0.2866,0.153,1.045,-0.0259,76.4,75.6,0.532,0.532,0.0,20.49
250.294,0.2817,-0.888,0.448,-0.0224,76.39,75.6,0.535,0.535,0.0,23.86
250.341,0.2785,-1.315,-0.09,-0.0125,76.2,75.6,0.554,0.554,0.0,20.22
250.394,0.2767,-1.671,-0.557,-0.0088,76.08,75.6,0.567,0.567,0.0,23.0
250.441,0.2763,-1.602,-0.925,-0.0026,76.16,75.6,0.558,0.558,0.0,19.46
250.497,0.2767,-2.147,-1.26,-0.0081,76.33,75.6,0.541,0.541,0.0,25.0
250.544,0.2785,-2.286,-1.538,-0.0038,76.4,75.6,0.532,0.532,0.0,22.16
250.599,0.2803,-2.435,-1.826,-0.0111,76.26,75.6,0.548,0.548,0.0,26.73
250.646,0.2826,-2.454,-2.124,-0.0115,76.09,75.6,0.566,0.566,0.0,23.33
250.694,0.2853,-2.166,-2.233,0.016,76.12,75.6,0.562,0.562,0.0,21.15
250.748,0.2871,-2.375,-2.32,-0.0007,76.27,75.6,0.547,0.547,0.0,24.64
250.801,0.2879,-2.401,-2.395,-0.0013,76.39,75.6,0.535,0.535,0.0,27.0
250.847,0.2888,-1.8,-2.253,0.0277,76.41,75.6,0.531,0.531,0.0,22.55
250.899,0.288,-1.666,-1.944,0.0282,76.24,75.6,0.55,0.55,0.0,24.57
250.947,0.2857,-1.102,-1.523,0.0264,76.09,75.6,0.567,0.567,0.0,22.66
250.996,0.2825,-0.52,-1.048,0.0222,76.15,75.6,0.559,0.559,0.0,20.7
251.051,0.2783,0.179,-0.629,0.0088,76.29,75.6,0.545,0.545,0.0,25.39
251.101,0.2727,0.507,-0.362,-0.0067,76.39,75.6,0.533,0.533,0.0,25.34
251.149,0.2658,0.109,-0.257,-0.0133,76.4,75.6,0.534,0.534,0.0,23.05
251.197,0.2602,0.515,-0.071,0.0151,76.22,75.6,0.551,0.551,0.0,20.93
251.244,0.2531,0.275,0.126,0.0079,76.09,75.6,0.567,0.567,0.0,17.06
251.296,0.246,0.552,0.311,0.0052,76.16,75.6,0.558,0.558,0.0,18.82
251.347,0.2394,0.843,0.525,0.0105,76.3,75.6,0.544,0.544,0.0,19.43
251.392,0.2315,1.134,0.681,-0.0007,76.36,75.6,0.537,0.537,0.0,14.42
251.45,0.2249,0.736,0.705,-0.0128,76.3,75.6,0.543,0.543,0.0,21.31
251.498,0.2179,0.701,0.69,-0.0047,76.17,75.6,0.557,0.557,0.0,19.65
251.549,0.2118,0.377,0.589,-0.0126,76.15,75.6,0.559,0.559,0.0,20.77
251.599,0.2068,0.247,0.459,-0.0074,76.23,75.6,0.551,0.551,0.0,19.77
251.652,0.2022,0.199,0.365,0.0005,76.32,75.6,0.542,0.542,0.0,23.22
251.701,0.1981,0.012,0.266,-0.0039,76.33,75.6,0.54,0.54,0.0,21.46
251.755,0.1942,-0.198,0.107,-0.0119,76.19,75.6,0.555,0.555,0.0,25.61
251.798,0.1913,-0.386,-0.11,-0.0137,76.02,75.6,0.573,0.573,0.0,18.94
251.854,0.1891,-0.438,-0.278,-0.0008,76.12,75.6,0.563,0.563,0.0,24.81
251.901,0.1872,-0.738,-0.456,-0.0071,76.32,75.6,0.542,0.542,0.0,21.03
251.95,0.1851,-0.872,-0.615,-0.0037,76.41,75.6,0.532,0.532,0.0,19.8
252.002,0.1837,-0.715,-0.667,0.0095,76.3,75.6,0.543,0.543,0.0,21.17
252.053,0.1817,-0.731,-0.643,0.0089,76.16,75.6,0.558,0.558,0.0,22.0
252.103,0.1794,-0.444,-0.568,0.0078,76.13,75.6,0.561,0.561,0.0,21.52
252.15,0.1769,-0.257,-0.455,0.008,76.22,75.6,0.552,0.552,0.0,17.74
252.207,0.1741,-0.138,-0.33,0.0055,76.31,75.6,0.542,0.542,0.0,24.85
252.254,0.1709,-0.087,-0.231,0.0008,76.35,75.6,0.539,0.539,0.0,21.25
252.304,0.1672,-0.01,-0.177,-0.0028,76.24,75.6,0.55,0.55,0.0,21.22
252.35,0.164,0.103,-0.111,0.0035,76.11,75.6,0.565,0.565,0.0,17.07
252.4,0.1602,0.099,-0.069,-0.001,76.17,75.6,0.557,0.557,0.0,16.02
252.458,0.1566,-0.032,-0.051,-0.0018,76.29,75.6,0.544,0.544,0.0,23.61
252.503,0.1528,0.095,0.002,0.0054,76.38,75.6,0.536,0.536,0.0,18.6
252.553,0.1492,0.084,0.051,0.0014,76.33,75.6,0.541,0.541,0.0,18.67
252.605,0.1456,0.228,0.081,-0.0011,76.15,75.6,0.559,0.559,0.0,19.98
252.654,0.1417,0.324,0.127,0.0034,76.03,75.6,0.573,0.573,0.0,18.73
252.71,0.1377,0.29,0.129,-0.0046,76.16,75.6,0.558,0.558,0.0,24.36
252.755,0.1335,0.128,0.068,-0.0086,76.38,75.6,0.536,0.536,0.0,19.95
252.805,0.1294,0.175,0.037,0.0018,76.42,75.6,0.53,0.53,0.0,18.77
252.862,0.1256,-0.007,0.012,-0.0001,76.24,75.6,0.55,0.55,0.0,25.95
252.911,0.1215,0.025,0.008,0.002,76.09,75.6,0.567,0.567,0.0,24.2
252.962,0.1174,0.182,0.012,0.001,76.14,75.6,0.56,0.56,0.0,25.46
253.008,0.1125,0.238,0.03,0.002,76.29,75.6,0.545,0.545,0.0,21.07
253.061,0.1079,0.361,0.005,-0.0054,76.39,75.6,0.535,0.535,0.0,24.02
253.111,0.1026,0.259,-0.054,-0.0055,76.38,75.6,0.536,0.536,0.0,23.71
253.16,0.0962,0.314,-0.077,0.0029,76.2,75.6,0.554,0.554,0.0,22.41
253.207,0.0898,0.168,-0.004,0.0127,76.07,75.6,0.568,0.568,0.0,18.92
253.258,0.0834,0.603,0.263,0.0295,76.16,75.6,0.559,0.558,0.0,19.21
253.309,0.0746,0.646,0.486,0.0032,76.31,75.6,0.542,0.542,0.0,19.89
253.36,0.0662,1.661,0.912,0.0361,76.38,75.6,0.536,0.536,0.0,20.67
253.409,0.0556,2.388,1.567,0.0469,76.28,75.6,0.545,0.545,0.0,19.79
253.462,0.0453,3.391,2.28,0.031,76.15,75.6,0.559,0.559,0.0,22.86
253.511,0.0315,3.143,2.665,-0.021,76.18,75.6,0.556,0.556,0.0,21.28
253.565,0.0204,3.558,3.0,0.0064,76.27,75.6,0.547,0.547,0.0,25.28
253.609,0.0094,3.749,3.32,0.0096,76.35,75.6,0.539,0.539,0.0,18.69
253.661,-0.0031,3.201,3.363,-0.0275,76.33,75.6,0.541,0.541,0.0,20.57
253.71,-0.0123,3.153,3.292,-0.0143,76.15,75.6,0.559,0.559,0.0,19.2
253.765,-0.0205,2.763,3.128,-0.0155,76.04,75.6,0.571,0.571,0.0,23.97
253.812,-0.0273,2.029,2.776,-0.0321,76.14,75.6,0.56,0.56,0.0,20.96
253.866,-0.0314,1.481,2.298,-0.0298,76.33,75.6,0.54,0.54,0.0,24.96
253.917,-0.0336,0.68,1.735,-0.0286,76.4,75.6,0.532,0.532,0.0,25.52
253.965,-0.0337,-0.077,1.11,-0.0283,76.22,75.6,0.552,0.552,0.0,23.79
254.015,-0.0318,-0.673,0.465,-0.0245,76.08,75.6,0.567,0.567,0.0,23.21
254.067,-0.0277,-1.311,-0.159,-0.0198,76.15,75.6,0.559,0.559,0.0,24.69
254.119,-0.0228,-1.863,-0.777,-0.0209,76.31,75.6,0.543,0.543,0.0,26.41
254.166,-0.0164,-2.163,-1.293,-0.0072,76.4,75.6,0.533,0.533,0.0,23.1
254.216,-0.0099,-2.271,-1.701,-0.003,76.32,75.6,0.542,0.542,0.0,22.93
254.265,-0.0025,-2.647,-1.993,0.0019,76.15,75.6,0.559,0.559,0.0,22.15
254.314,0.0037,-2.498,-2.135,0.0109,76.08,75.6,0.568,0.568,0.0,20.11
254.366,0.0093,-2.113,-2.114,0.0177,76.18,75.6,0.556,0.556,0.0,21.86
254.415,0.0147,-1.725,-1.923,0.0245,76.34,75.6,0.54,0.54,0.0,20.6
254.465,0.0179,-1.352,-1.66,0.0167,76.37,75.6,0.537,0.537,0.0,20.46
254.52,0.0202,-0.721,-1.341,0.0169,76.19,75.6,0.555,0.555,0.0,24.84
254.57,0.021,-0.172,-0.958,0.0202,76.05,75.6,0.571,0.571,0.0,24.09
254.616,0.0201,0.262,-0.553,0.0164,76.14,75.6,0.561,0.561,0.0,19.9
254.665,0.0179,0.509,-0.167,0.0115,76.3,75.6,0.543,0.543,0.0,19.29
254.717,0.0145,0.998,0.176,0.0075,76.39,75.6,0.535,0.535,0.0,19.66
254.766,0.0107,1.283,0.472,0.0054,76.31,75.6,0.542,0.542,0.0,18.72
254.818,0.0055,1.507,0.741,0.0066,76.16,75.6,0.559,0.559,0.0,19.67
254.87,-0.0006,1.453,0.948,0.0006,76.1,75.6,0.566,0.566,0.0,21.52
254.921,-0.0061,1.485,1.132,0.0041,76.2,75.6,0.554,0.554,0.0,22.79
254.967,-0.0132,1.458,1.253,-0.0024,76.33,75.6,0.541,0.541,0.0,18.18
255.028,-0.0194,1.669,1.388,0.0062,76.35,75.6,0.538,0.538,0.0,28.39
255.075,-0.025,1.935,1.57,0.0113,76.17,75.6,0.557,0.557,0.0,25.43
255.124,-0.0316,1.685,1.622,-0.0119,76.03,75.6,0.573,0.573,0.0,24.58
255.177,-0.038,1.822,1.704,0.0061,76.11,75.6,0.563,0.563,0.0,27.43
255.224,-0.0432,1.911,1.889,0.0172,76.34,75.6,0.54,0.54,0.0,23.58
255.273,-0.0496,1.551,1.915,-0.0157,76.43,75.6,0.529,0.529,0.0,22.49
255.325,-0.0541,1.749,1.929,-0.0009,76.25,75.6,0.549,0.549,0.0,24.31
255.371,-0.0579,2.085,1.908,-0.0044,76.1,75.6,0.565,0.565,0.0,20.35
255.422,-0.0621,1.597,1.731,-0.0224,76.15,75.6,0.559,0.559,0.0,20.76
255.471,-0.0644,1.12,1.424,-0.0244,76.29,75.6,0.545,0.545,0.0,19.1
255.526,-0.0659,0.289,1.031,-0.0226,76.38,75.6,0.536,0.536,0.0,24.35
255.574,-0.0657,-0.061,0.656,-0.0113,76.37,75.6,0.536,0.536,0.0,21.09
255.623,-0.0648,-0.433,0.298,-0.0107,76.19,75.6,0.555,0.555,0.0,20.41
255.67,-0.0629,-0.383,0.042,0.0017,76.06,75.6,0.57,0.57,0.0,17.43
255.725,-0.0605,-0.513,-0.107,0.006,76.16,75.6,0.558,0.558,0.0,22.17
255.773,-0.0584,-0.67,-0.251,-0.0044,76.34,75.6,0.54,0.54,0.0,19.64
255.826,-0.0562,-0.552,-0.341,0.0024,76.38,75.6,0.535,0.535,0.0,21.91
255.875,-0.0537,-0.352,-0.36,0.0067,76.2,75.6,0.554,0.554,0.0,20.89
255.923,-0.052,-0.381,-0.375,0.0001,76.07,75.6,0.569,0.569,0.0,18.48
255.979,-0.0503,-0.326,-0.37,0.0022,76.16,75.6,0.558,0.558,0.0,24.32
256.029,-0.0488,-0.26,-0.323,0.006,76.33,75.6,0.541,0.541,0.0,23.6
256.079,-0.0476,-0.111,-0.222,0.0092,76.39,75.6,0.533,0.533,0.0,23.32
256.126,-0.047,-0.051,-0.129,0.0025,76.22,75.6,0.552,0.552,0.0,20.08
256.18,-0.0466,0.216,0.005,0.0091,76.09,75.6,0.567,0.567,0.0,23.61
256.231,-0.0466,0.384,0.15,0.0061,76.16,75.6,0.558,0.558,0.0,25.08
256.276,-0.0472,0.418,0.255,-0.0006,76.31,75.6,0.543,0.543,0.0,19.72
256.332,-0.0477,0.648,0.337,0.0005,76.39,75.6,0.535,0.535,0.0,24.61
256.379,-0.0485,0.462,0.421,0.0031,76.29,75.6,0.545,0.545,0.0,21.6
256.428,-0.0494,0.446,0.476,-0.001,76.14,75.6,0.56,0.56,0.0,20.09
256.479,-0.0502,0.449,0.501,-0.0023,76.16,75.6,0.558,0.558,0.0,21.59
256.529,-0.0508,0.705,0.484,-0.005,76.27,75.6,0.547,0.547,0.0,21.42
256.581,-0.0513,0.533,0.436,-0.005,76.35,75.6,0.539,0.538,0.0,22.92
256.63,-0.052,0.458,0.377,-0.0032,76.34,75.6,0.539,0.539,0.0,21.65
256.681,-0.0525,0.052,0.315,-0.0025,76.16,75.6,0.559,0.558,0.0,21.91
256.731,-0.0528,0.294,0.305,0.0051,76.02,75.6,0.574,0.574,0.0,22.14
256.778,-0.0533,0.243,0.292,-0.0008,76.14,75.6,0.56,0.56,0.0,18.44
256.83,-0.0536,0.413,0.316,0.0048,76.35,75.6,0.538,0.538,0.0,20.35
256.883,-0.0541,0.399,0.342,0.0011,76.4,75.6,0.532,0.532,0.0,23.45
256.931,-0.0548,0.27,0.315,-0.0066,76.23,75.6,0.551,0.551,0.0,20.19
256.984,-0.0551,0.184,0.263,-0.0043,76.1,75.6,0.566,0.566,0.0,22.94
257.032,-0.0552,0.309,0.233,0.0013,76.16,75.6,0.558,0.558,0.0,20.24
257.081,-0.0556,0.224,0.194,-0.0024,76.29,75.6,0.545,0.545,0.0,19.16
257.135,-0.056,0.206,0.205,0.0057,76.37,75.6,0.536,0.536,0.0,22.85
257.183,-0.0565,0.335,0.297,0.0116,76.35,75.6,0.539,0.539,0.0,19.97
257.235,-0.0571,0.626,0.453,0.0122,76.17,75.6,0.557,0.557,0.0,21.75
257.28,-0.0585,0.58,0.547,-0.0032,76.04,75.6,0.571,0.571,0.0,16.73
257.335,-0.0598,0.881,0.627,0.0013,76.17,75.6,0.557,0.557,0.0,21.49
257.393,-0.061,0.852,0.712,0.0036,76.35,75.6,0.538,0.538,0.0,29.22
257.435,-0.0625,0.717,0.732,-0.0063,76.44,75.6,0.529,0.529,0.0,21.09
257.488,-0.0636,0.648,0.714,-0.0045,76.27,75.6,0.547,0.547,0.0,23.24
257.538,-0.0644,0.714,0.72,0.0028,76.13,75.6,0.561,0.561,0.0,23.28
257.584,-0.065,0.544,0.68,-0.0064,76.16,75.6,0.559,0.559,0.0,18.98
257.638,-0.0653,0.463,0.619,-0.0041,76.27,75.6,0.547,0.547,0.0,22.28
257.688,-0.0652,0.46,0.545,-0.004,76.36,75.6,0.538,0.538,0.0,22.31
257.734,-0.0648,0.278,0.437,-0.0075,76.34,75.6,0.539,0.539,0.0,18.54
257.788,-0.0638,0.037,0.306,-0.0068,76.17,75.6,0.557,0.557,0.0,22.19
257.838,-0.0625,-0.001,0.162,-0.0063,76.03,75.6,0.573,0.572,0.0,22.17
257.888,-0.0609,-0.252,0.033,-0.0031,76.13,75.6,0.561,0.561,0.0,21.42
257.935,-0.0591,-0.343,-0.08,-0.0022,76.34,75.6,0.54,0.54,0.0,18.9
257.99,-0.0571,-0.295,-0.159,0.0009,76.39,75.6,0.533,0.533,0.0,23.37
258.038,-0.0548,-0.341,-0.19,0.0038,76.21,75.6,0.553,0.553,0.0,20.8
258.084,-0.053,-0.343,-0.206,0.0012,76.08,75.6,0.568,0.567,0.0,16.92
258.14,-0.0513,-0.209,-0.213,0.0006,76.17,75.6,0.558,0.558,0.0,22.42
258.184,-0.0494,-0.156,-0.23,-0.0016,76.33,75.6,0.54,0.54,0.0,16.28
258.244,-0.0479,-0.131,-0.237,0.0007,76.37,75.6,0.537,0.537,0.0,25.45
258.289,-0.0466,-0.167,-0.238,0.0008,76.18,75.6,0.556,0.556,0.0,20.49
258.339,-0.0453,-0.271,-0.202,0.0049,76.06,75.6,0.57,0.57,0.0,19.58
258.389,-0.0444,-0.189,-0.146,0.0042,76.15,75.6,0.559,0.559,0.0,20.2
258.439,-0.0437,0.101,-0.047,0.0079,76.34,75.6,0.54,0.54,0.0,19.58
258.491,-0.0432,0.33,0.081,0.0075,76.38,75.6,0.535,0.535,0.0,21.25
258.54,-0.0433,0.347,0.173,-0.0005,76.2,75.6,0.554,0.554,0.0,19.36
258.594,-0.0434,0.36,0.227,-0.002,76.08,75.6,0.567,0.567,0.0,23.08
258.646,-0.0436,0.329,0.252,-0.0022,76.16,75.6,0.558,0.558,0.0,24.83
258.693,-0.0437,0.282,0.27,-0.0001,76.33,75.6,0.541,0.541,0.0,20.84
258.741,-0.0438,0.258,0.275,-0.0011,76.38,75.6,0.536,0.536,0.0,19.36
258.795,-0.0439,0.297,0.279,-0.0001,76.2,75.6,0.554,0.554,0.0,23.02
258.84,-0.0439,0.352,0.288,0.001,76.07,75.6,0.569,0.569,0.0,17.67
258.893,-0.044,0.308,0.282,-0.0019,76.16,75.6,0.558,0.558,0.0,20.32
258.945,-0.044,0.178,0.262,-0.0022,76.34,75.6,0.54,0.54,0.0,22.06
258.999,-0.0439,0.256,0.207,-0.0056,76.39,75.6,0.535,0.535,0.0,26.04
259.045,-0.0439,0.206,0.148,-0.0025,76.2,75.6,0.554,0.554,0.0,21.93
259.093,-0.0437,0.164,0.09,-0.0019,76.07,75.6,0.568,0.568,0.0,19.48
259.148,-0.0437,-0.05,0.046,0.0,76.16,75.6,0.558,0.558,0.0,24.09
259.194,-0.0438,-0.076,0.01,-0.0005,76.33,75.6,0.541,0.541,0.0,20.12
259.244,-0.0439,0.04,0.066,0.0116,76.38,75.6,0.535,0.535,0.0,19.67
259.294,-0.0438,0.286,0.245,0.0191,76.23,75.6,0.551,0.551,0.0,19.86
259.344,-0.0447,0.258,0.371,-0.0011,76.1,75.6,0.566,0.566,0.0,18.61
259.395,-0.0453,0.803,0.514,0.0066,76.17,75.6,0.557,0.557,0.0,19.76
259.445,-0.0461,0.9,0.66,0.0056,76.3,75.6,0.544,0.544,0.0,20.11
259.494,-0.0473,0.804,0.727,-0.006,76.38,75.6,0.536,0.536,0.0,18.17
259.547,-0.0482,0.649,0.707,-0.0098,76.31,75.6,0.543,0.543,0.0,20.49
259.595,-0.0486,0.572,0.629,-0.0088,76.15,75.6,0.559,0.559,0.0,18.69
259.645,-0.0485,0.437,0.535,-0.0049,76.13,75.6,0.561,0.561,0.0,17.9
259.698,-0.048,0.191,0.406,-0.0082,76.22,75.6,0.552,0.552,0.0,21.03
259.747,-0.0471,-0.016,0.234,-0.0105,76.33,75.6,0.541,0.541,0.0,19.87
259.794,-0.0458,-0.136,0.076,-0.004,76.34,75.6,0.54,0.54,0.0,16.45
259.85,-0.044,-0.366,-0.079,-0.0052,76.14,75.6,0.56,0.56,0.0,22.49
259.896,-0.042,-0.444,-0.222,-0.0037,76.02,75.6,0.574,0.574,0.0,18.27
259.952,-0.0395,-0.53,-0.325,0.0005,76.15,75.6,0.559,0.559,0.0,23.72
259.997,-0.0375,-0.544,-0.394,0.0013,76.39,75.6,0.534,0.534,0.0,19.2
260.046,-0.0353,-0.544,-0.415,0.0042,76.44,75.6,0.529,0.529,0.0,17.78
260.103,-0.0332,-0.377,-0.398,0.0045,76.25,75.6,0.549,0.549,0.0,24.2
260.148,-0.0314,-0.311,-0.364,0.0031,76.1,75.6,0.565,0.565,0.0,19.65
260.2,-0.0298,-0.18,-0.32,0.0024,76.15,75.6,0.559,0.559,0.0,21.02
260.253,-0.0287,-0.14,-0.268,0.0028,76.29,75.6,0.545,0.545,0.0,23.58
260.299,-0.0279,-0.067,-0.206,0.0031,76.38,75.6,0.536,0.536,0.0,19.69
260.356,-0.0273,-0.06,-0.132,0.004,76.35,75.6,0.538,0.538,0.0,25.3
260.4,-0.027,0.105,-0.044,0.0045,76.17,75.6,0.557,0.557,0.0,19.24
260.448,-0.0269,0.174,0.04,0.0024,76.06,75.6,0.57,0.57,0.0,17.62
260.504,-0.027,0.32,0.103,0.0001,76.16,75.6,0.558,0.558,0.0,22.5
260.555,-0.0273,0.299,0.161,0.0015,76.35,75.6,0.539,0.539,0.0,23.24
260.602,-0.0278,0.3,0.201,-0.0005,76.41,75.6,0.531,0.531,0.0,20.12
260.65,-0.0282,0.159,0.238,0.001,76.23,75.6,0.55,0.55,0.0,18.08
260.704,-0.0286,0.467,0.291,0.0035,76.12,75.6,0.563,0.563,0.0,21.57
260.753,-0.0291,0.43,0.319,-0.0017,76.17,75.6,0.557,0.557,0.0,19.85
260.808,-0.0294,0.403,0.364,0.0033,76.28,75.6,0.546,0.546,0.0,25.45
260.857,-0.0299,0.327,0.387,-0.0014,76.36,75.6,0.537,0.537,0.0,24.06
260.903,-0.0301,0.257,0.374,-0.0044,76.35,75.6,0.538,0.538,0.0,19.13
260.948,-0.0301,0.354,0.354,-0.0013,76.18,75.6,0.556,0.556,0.0,14.44
261.004,-0.03,0.251,0.304,-0.0048,76.09,75.6,0.567,0.567,0.0,20.14
261.055,-0.0296,0.186,0.243,-0.0033,76.18,75.6,0.556,0.556,0.0,20.66
261.106,-0.0291,0.066,0.152,-0.0063,76.33,75.6,0.541,0.541,0.0,21.69
261.157,-0.0283,-0.192,0.049,-0.005,76.37,75.6,0.536,0.536,0.0,22.35
261.204,-0.0273,-0.228,-0.03,-0.0001,76.2,75.6,0.554,0.554,0.0,19.05
261.257,-0.0261,-0.202,-0.093,-0.0005,76.09,75.6,0.567,0.567,0.0,21.71
261.309,-0.0248,-0.204,-0.126,0.0019,76.17,75.6,0.557,0.557,0.0,23.13
261.355,-0.0237,-0.201,-0.143,0.0012,76.32,75.6,0.542,0.542,0.0,19.42
261.412,-0.0225,-0.204,-0.169,-0.002,76.37,75.6,0.536,0.536,0.0,26.11
261.455,-0.0214,-0.192,-0.193,-0.0005,76.27,75.6,0.547,0.547,0.0,18.77
261.507,-0.0203,-0.179,-0.203,0.001,76.14,75.6,0.56,0.56,0.0,20.35
261.562,-0.0191,-0.287,-0.213,-0.0003,76.18,75.6,0.556,0.556,0.0,24.64
261.609,-0.0181,-0.106,-0.206,0.0021,76.28,75.6,0.546,0.546,0.0,21.92
261.659,-0.0172,-0.21,-0.174,0.0036,76.35,75.6,0.539,0.539,0.0,20.97
261.707,-0.0167,-0.15,-0.132,0.0026,76.33,75.6,0.541,0.541,0.0,19.78
261.761,-0.0164,0.013,-0.104,-0.0006,76.15,75.6,0.559,0.559,0.0,22.88
261.812,-0.0159,0.047,-0.068,0.0021,76.02,75.6,0.574,0.574,0.0,23.79
261.859,-0.0158,0.099,-0.024,0.0025,76.13,75.6,0.562,0.562,0.0,20.93
261.91,-0.0159,0.008,0.011,0.0002,76.34,75.6,0.54,0.54,0.0,21.8
261.958,-0.016,0.178,0.059,0.003,76.42,75.6,0.53,0.53,0.0,19.55
262.01,-0.0163,0.221,0.109,0.0019,76.25,75.6,0.549,0.549,0.0,21.3
262.059,-0.0167,0.237,0.159,0.0019,76.11,75.6,0.565,0.565,0.0,20.12
262.108,-0.0172,0.348,0.209,0.0015,76.17,75.6,0.557,0.557,0.0,18.14
262.161,-0.0179,0.346,0.24,-0.0008,76.29,75.6,0.545,0.545,0.0,20.58
262.209,-0.0185,0.245,0.268,0.0007,76.37,75.6,0.537,0.537,0.0,18.92
262.265,-0.0192,0.358,0.276,-0.0018,76.33,75.6,0.54,0.54,0.0,24.41
262.314,-0.0196,0.339,0.281,-0.0002,76.14,75.6,0.56,0.56,0.0,23.39
262.361,-0.0202,0.302,0.273,-0.0016,76.02,75.6,0.574,0.574,0.0,20.34
262.414,-0.0207,0.151,0.258,-0.0012,76.14,75.6,0.56,0.56,0.0,22.42
262.466,-0.021,0.233,0.257,0.0013,76.37,75.6,0.536,0.536,0.0,24.58
262.514,-0.0212,0.186,0.241,-0.002,76.45,75.6,0.528,0.528,0.0,21.53
262.567,-0.0214,0.232,0.234,0.0006,76.27,75.6,0.547,0.547,0.0,24.84
262.616,-0.0215,0.23,0.236,0.0011,76.12,75.6,0.562,0.562,0.0,23.69
262.668,-0.0215,0.102,0.232,-0.0008,76.15,75.6,0.56,0.559,0.0,24.85
262.711,-0.0213,0.027,0.203,-0.0036,76.26,75.6,0.548,0.548,0.0,18.36
262.763,-0.0209,0.097,0.155,-0.0036,76.36,75.6,0.538,0.538,0.0,20.1
262.815,-0.0202,0.084,0.085,-0.0048,76.35,75.6,0.538,0.538,0.0,21.59
262.862,-0.0195,0.043,0.02,-0.0016,76.16,75.6,0.558,0.558,0.0,18.12
262.915,-0.0188,-0.165,-0.037,-0.0013,76.05,75.6,0.571,0.571,0.0,20.47
262.967,-0.018,-0.258,-0.084,-0.0005,76.15,75.6,0.559,0.559,0.0,22.79
263.014,-0.017,-0.199,-0.093,0.0035,76.35,75.6,0.539,0.539,0.0,19.34
263.069,-0.0162,-0.023,-0.058,0.006,76.41,75.6,0.532,0.532,0.0,24.29
263.117,-0.0155,0.0,0.0,0.0044,76.22,75.6,0.552,0.552,0.0,22.24
263.166,-0.015,0.084,0.024,-0.0028,76.09,75.6,0.566,0.566,0.0,19.87
263.214,-0.0143,0.034,0.014,-0.0038,76.16,75.6,0.558,0.558,0.0,18.04
263.267,-0.0134,-0.019,-0.012,-0.0026,76.3,75.6,0.544,0.544,0.0,21.15
263.316,-0.0125,-0.269,-0.06,-0.004,76.38,75.6,0.536,0.536,0.0,19.4
263.364,-0.0111,-0.28,-0.101,-0.0005,76.3,75.6,0.544,0.544,0.0,17.49
263.416,-0.0098,-0.15,-0.137,-0.0009,76.17,75.6,0.557,0.557,0.0,18.46
263.468,-0.0083,-0.268,-0.168,-0.0005,76.17,75.6,0.557,0.557,0.0,20.78
263.517,-0.0068,-0.239,-0.178,0.0017,76.25,75.6,0.549,0.549,0.0,19.36
263.57,-0.0056,-0.289,-0.214,-0.0039,76.33,75.6,0.541,0.541,0.0,21.96
263.621,-0.004,-0.316,-0.26,-0.0026,76.33,75.6,0.54,0.54,0.0,22.63
263.669,-0.0024,-0.244,-0.267,0.0037,76.18,75.6,0.556,0.556,0.0,19.9
263.717,-0.0008,-0.329,-0.276,-0.0004,76.05,75.6,0.57,0.57,0.0,17.77
263.771,0.0006,-0.332,-0.3,-0.0025,76.15,75.6,0.559,0.559,0.0,21.85
263.822,0.0018,-0.341,-0.316,0.0003,76.34,75.6,0.54,0.54,0.0,22.92
263.87,0.0034,-0.268,-0.301,0.0038,76.39,75.6,0.533,0.533,0.0,20.52
263.921,0.0047,-0.382,-0.292,-0.0004,76.21,75.6,0.553,0.553,0.0,21.14
263.975,0.0059,-0.25,-0.304,-0.0025,76.08,75.6,0.568,0.568,0.0,24.03
264.019,0.0074,-0.195,-0.298,0.002,76.15,75.6,0.559,0.559,0.0,18.09
264.075,0.0087,-0.291,-0.281,0.0018,76.3,75.6,0.544,0.544,0.0,23.16
264.125,0.0098,-0.386,-0.289,-0.003,76.38,75.6,0.535,0.535,0.0,22.89
264.17,0.0111,-0.305,-0.277,0.0027,76.33,75.6,0.54,0.54,0.0,18.4
264.221,0.0123,-0.166,-0.253,0.002,76.15,75.6,0.559,0.559,0.0,18.29
264.274,0.0134,-0.328,-0.259,-0.0034,76.04,75.6,0.572,0.572,0.0,21.44
264.322,0.0145,-0.243,-0.244,0.0028,76.15,75.6,0.559,0.559,0.0,19.62
264.377,0.0155,-0.196,-0.254,-0.003,76.35,75.6,0.539,0.539,0.0,24.16
264.429,0.0166,-0.393,-0.291,-0.0042,76.42,75.6,0.53,0.53,0.0,25.56
264.474,0.0175,-0.351,-0.355,-0.0051,76.24,75.6,0.55,0.55,0.0,20.38
264.522,0.0188,-0.266,-0.375,0.004,76.12,75.6,0.563,0.563,0.0,18.39
264.576,0.0197,-0.352,-0.368,0.003,76.18,75.6,0.556,0.556,0.0,22.29
264.629,0.0203,-0.468,-0.357,0.0008,76.29,75.6,0.545,0.545,0.0,24.07
264.676,0.0213,-0.369,-0.319,0.0041,76.37,75.6,0.537,0.537,0.0,21.55
264.729,0.0219,-0.198,-0.273,0.0024,76.34,75.6,0.54,0.54,0.0,23.67
264.779,0.0224,-0.111,-0.234,0.0006,76.15,75.6,0.559,0.559,0.0,23.84
264.824,0.0228,-0.05,-0.19,0.0021,76.02,75.6,0.574,0.574,0.0,18.52
264.878,0.0231,-0.127,-0.174,-0.0024,76.14,75.6,0.56,0.56,0.0,21.96
264.925,0.0232,-0.209,-0.175,-0.0019,76.35,75.6,0.538,0.538,0.0,18.66
264.978,0.0236,-0.124,-0.148,0.004,76.42,75.6,0.531,0.531,0.0,21.36
265.026,0.0237,-0.101,-0.122,0.0008,76.23,75.6,0.551,0.551,0.0,19.5
265.081,0.0237,-0.0,-0.102,0.0,76.12,75.6,0.563,0.563,0.0,23.53
265.129,0.0238,0.065,-0.068,0.0027,76.17,75.6,0.558,0.557,0.0,22.09
265.191,0.0238,-0.104,-0.049,-0.0009,76.28,75.6,0.546,0.546,0.0,32.99
265.23,0.0237,-0.063,-0.074,-0.0054,76.38,75.6,0.536,0.536,0.0,22.28
265.278,0.0239,-0.019,-0.083,0.0013,76.37,75.6,0.537,0.537,0.0,19.86
265.327,0.024,-0.073,-0.111,-0.0031,76.19,75.6,0.555,0.555,0.0,18.55
265.376,0.0241,-0.245,-0.172,-0.0055,76.06,75.6,0.569,0.569,0.0,16.92
265.427,0.0242,-0.39,-0.237,-0.0026,76.16,75.6,0.559,0.559,0.0,18.55
265.478,0.0245,-0.351,-0.263,0.003,76.33,75.6,0.541,0.541,0.0,19.03
265.53,0.0247,-0.21,-0.272,0.0017,76.38,75.6,0.536,0.536,0.0,20.26
265.583,0.0248,-0.25,-0.26,0.0025,76.23,75.6,0.551,0.551,0.0,23.72
265.627,0.0246,-0.179,-0.227,0.0033,76.08,75.6,0.568,0.568,0.0,17.2
265.684,0.0242,-0.123,-0.187,0.0022,76.15,75.6,0.559,0.559,0.0,23.12
265.734,0.0237,0.015,-0.116,0.0057,76.31,75.6,0.542,0.542,0.0,23.04
265.786,0.0228,0.087,-0.039,0.0033,76.39,75.6,0.533,0.533,0.0,25.16
265.839,0.0217,0.197,0.049,0.0042,76.3,75.6,0.544,0.544,0.0,27.42
265.885,0.0205,0.315,0.153,0.0055,76.13,75.6,0.561,0.561,0.0,23.32
265.93,0.019,0.349,0.235,0.0005,76.11,75.6,0.563,0.563,0.0,18.42
265.984,0.0175,0.348,0.32,0.0032,76.21,75.6,0.553,0.553,0.0,22.07
266.035,0.0158,0.548,0.388,0.0007,76.33,75.6,0.541,0.541,0.0,23.11
266.081,0.0143,0.521,0.422,-0.0025,76.36,75.6,0.538,0.538,0.0,18.93
266.138,0.0131,0.543,0.437,-0.0014,76.17,75.6,0.557,0.557,0.0,24.98
266.186,0.0116,0.249,0.405,-0.006,76.03,75.6,0.573,0.573,0.0,23.68
266.232,0.0108,0.166,0.349,-0.0046,76.13,75.6,0.561,0.561,0.0,19.16
266.282,0.0102,0.144,0.274,-0.0046,76.33,75.6,0.54,0.54,0.0,18.84
266.334,0.0101,0.013,0.177,-0.0057,76.38,75.6,0.536,0.536,0.0,20.14
266.382,0.0102,-0.062,0.086,-0.0025,76.21,75.6,0.553,0.553,0.0,17.9
266.437,0.0106,-0.131,-0.022,-0.0056,76.09,75.6,0.567,0.567,0.0,23.01
266.486,0.0113,-0.431,-0.134,-0.0044,76.16,75.6,0.558,0.558,0.0,21.87
266.535,0.0122,-0.448,-0.216,0.0004,76.31,75.6,0.542,0.542,0.0,20.41
266.588,0.0131,-0.365,-0.29,-0.0018,76.38,75.6,0.536,0.536,0.0,23.02
266.638,0.0142,-0.427,-0.342,0.0005,76.27,75.6,0.547,0.547,0.0,22.62
266.686,0.015,-0.488,-0.401,-0.0028,76.12,75.6,0.562,0.562,0.0,20.55
266.737,0.0159,-0.448,-0.433,0.0017,76.15,75.6,0.559,0.559,0.0,20.86
266.785,0.0166,-0.361,-0.453,0.0005,76.26,75.6,0.548,0.548,0.0,18.92
266.834,0.0172,-0.468,-0.471,-0.0003,76.36,75.6,0.538,0.538,0.0,17.92
266.888,0.0173,-0.355,-0.448,0.005,76.34,75.6,0.54,0.54,0.0,20.72
266.941,0.0171,-0.236,-0.397,0.0048,76.15,75.6,0.559,0.559,0.0,23.69
266.993,0.0167,-0.095,-0.286,0.0101,76.01,75.6,0.575,0.575,0.0,25.29
267.038,0.0154,0.036,-0.16,0.0059,76.11,75.6,0.563,0.563,0.0,19.93
267.091,0.0137,0.283,0.011,0.0107,76.34,75.6,0.54,0.54,0.0,22.52
267.142,0.0115,0.554,0.252,0.0159,76.42,75.6,0.53,0.53,0.0,23.55
267.195,0.009,0.879,0.489,0.0078,76.24,75.6,0.55,0.55,0.0,25.64
267.237,0.006,0.872,0.637,-0.0042,76.1,75.6,0.566,0.566,0.0,17.95
267.29,0.0028,1.119,0.752,0.0005,76.16,75.6,0.558,0.558,0.0,20.29
267.34,-0.0001,0.815,0.815,-0.0033,76.31,75.6,0.543,0.543,0.0,20.42
267.389,-0.0031,0.714,0.817,-0.0062,76.39,75.6,0.535,0.535,0.0,18.49
267.443,-0.0056,0.855,0.797,-0.003,76.31,75.6,0.543,0.543,0.0,22.2
267.496,-0.0077,0.693,0.792,0.0013,76.14,75.6,0.56,0.56,0.0,25.24
267.545,-0.0099,0.726,0.765,-0.0031,76.1,75.6,0.566,0.566,0.0,23.96
267.59,-0.0116,0.563,0.689,-0.0079,76.2,75.6,0.554,0.554,0.0,18.77
267.639,-0.0127,0.446,0.601,-0.0044,76.32,75.6,0.542,0.542,0.0,17.95
267.692,-0.0136,0.287,0.473,-0.0085,76.35,75.6,0.539,0.539,0.0,20.93
267.742,-0.0139,0.087,0.315,-0.0087,76.21,75.6,0.553,0.553,0.0,20.29
267.795,-0.0136,-0.049,0.159,-0.0054,76.08,75.6,0.568,0.568,0.0,22.51
267.845,-0.013,-0.384,0.002,-0.0054,76.14,75.6,0.56,0.56,0.0,22.62
267.891,-0.0122,-0.489,-0.138,-0.0033,76.3,75.6,0.544,0.544,0.0,18.22
267.942,-0.0111,-0.317,-0.26,-0.0022,76.38,75.6,0.536,0.536,0.0,19.15
267.992,-0.0098,-0.43,-0.343,0.0011,76.3,75.6,0.544,0.544,0.0,18.77
268.047,-0.0091,-0.496,-0.388,0.0025,76.15,75.6,0.559,0.559,0.0,23.92
268.094,-0.0085,-0.461,-0.405,0.0022,76.13,75.6,0.561,0.561,0.0,20.63
268.145,-0.008,-0.271,-0.348,0.0098,76.23,75.6,0.551,0.551,0.0,21.02
268.205,-0.0078,0.021,-0.19,0.0161,76.33,75.6,0.541,0.541,0.0,31.21
268.244,-0.0085,0.087,-0.048,0.0031,76.37,75.6,0.537,0.537,0.0,18.96
268.295,-0.0093,0.344,0.141,0.0117,76.23,75.6,0.55,0.55,0.0,19.77
268.347,-0.0105,0.655,0.372,0.0124,76.1,75.6,0.566,0.566,0.0,21.65
268.396,-0.0123,0.679,0.537,-0.0011,76.16,75.6,0.559,0.558,0.0,20.21
268.451,-0.0141,0.927,0.644,-0.0024,76.3,75.6,0.544,0.544,0.0,25.29
268.496,-0.0159,0.897,0.682,-0.0058,76.39,75.6,0.535,0.535,0.0,19.46
268.549,-0.0179,0.565,0.637,-0.0103,76.33,75.6,0.54,0.54,0.0,22.22
268.597,-0.0193,0.488,0.576,-0.0038,76.15,75.6,0.559,0.559,0.0,19.71
268.65,-0.0203,0.404,0.512,-0.0024,76.03,75.6,0.573,0.573,0.0,22.12
268.699,-0.0209,0.213,0.446,-0.0026,76.14,75.6,0.56,0.56,0.0,21.38
268.747,-0.0213,0.132,0.375,-0.003,76.34,75.6,0.539,0.539,0.0,19.65
268.802,-0.0214,0.235,0.279,-0.0059,76.39,75.6,0.533,0.533,0.0,23.44
268.851,-0.021,0.001,0.174,-0.0047,76.21,75.6,0.553,0.553,0.0,22.66
268.898,-0.0205,-0.099,0.072,-0.0032,76.08,75.6,0.568,0.568,0.0,18.63
268.951,-0.0198,-0.358,-0.051,-0.0065,76.17,75.6,0.557,0.557,0.0,21.41
268.998,-0.0186,-0.207,-0.159,-0.0021,76.33,75.6,0.541,0.541,0.0,17.93
269.049,-0.0175,-0.231,-0.233,0.0009,76.36,75.6,0.538,0.538,0.0,19.05
269.102,-0.0166,-0.288,-0.252,0.0051,76.21,75.6,0.553,0.553,0.0,21.53
269.153,-0.0158,-0.359,-0.245,0.0029,76.08,75.6,0.568,0.568,0.0,22.43
269.206,-0.0151,-0.029,-0.199,0.0058,76.15,75.6,0.559,0.559,0.0,25.13
269.249,-0.0148,0.019,-0.148,0.0022,76.31,75.6,0.542,0.542,0.0,17.97
269.301,-0.0147,0.056,-0.064,0.0065,76.38,75.6,0.536,0.536,0.0,19.66
269.354,-0.0151,0.157,0.012,0.0017,76.26,75.6,0.548,0.548,0.0,22.4
269.403,-0.0157,0.212,0.073,0.0006,76.12,75.6,0.562,0.562,0.0,20.93
269.455,-0.0163,0.388,0.171,0.0072,76.16,75.6,0.558,0.558,0.0,22.64
269.503,-0.0172,0.296,0.275,0.0043,76.27,75.6,0.546,0.546,0.0,20.35
269.551,-0.0184,0.302,0.344,-0.0013,76.36,75.6,0.538,0.537,0.0,17.98
269.604,-0.0196,0.623,0.369,-0.0037,76.34,75.6,0.539,0.539,0.0,21.36
269.656,-0.0207,0.507,0.38,-0.0012,76.15,75.6,0.559,0.559,0.0,22.69
269.7,-0.0221,0.465,0.377,-0.0015,76.02,75.6,0.574,0.574,0.0,17.33
269.754,-0.0232,0.174,0.334,-0.0057,76.14,75.6,0.561,0.561,0.0,21.02
269.804,-0.0241,0.339,0.309,0.001,76.36,75.6,0.537,0.537,0.0,21.02
269.855,-0.0251,0.302,0.29,-0.0001,76.42,75.6,0.53,0.53,0.0,21.58
269.908,-0.026,0.323,0.295,0.0028,76.24,75.6,0.55,0.55,0.0,24.39
269.955,-0.0271,0.371,0.318,0.0025,76.09,75.6,0.566,0.566,0.0,21.19
270.008,-0.028,0.378,0.363,0.004,76.15,75.6,0.559,0.559,0.0,23.75
270.054,-0.0293,0.306,0.372,-0.0035,76.29,75.6,0.544,0.544,0.0,19.48
270.107,-0.0303,0.437,0.384,0.0007,76.38,75.6,0.536,0.536,0.0,22.13
270.159,-0.0313,0.535,0.427,0.0048,76.34,75.6,0.54,0.54,0.0,23.33
270.205,-0.0326,0.442,0.432,-0.0038,76.15,75.6,0.559,0.559,0.0,19.21
270.257,-0.0337,0.389,0.431,-0.0006,76.02,75.6,0.573,0.573,0.0,20.84
270.31,-0.0346,0.503,0.446,0.0022,76.14,75.6,0.56,0.56,0.0,24.16
270.357,-0.0357,0.422,0.435,-0.0032,76.36,75.6,0.537,0.537,0.0,20.14
270.412,-0.0365,0.427,0.444,0.0024,76.42,75.6,0.531,0.531,0.0,24.93
270.459,-0.0374,0.553,0.474,0.0033,76.24,75.6,0.55,0.55,0.0,21.39
270.506,-0.0384,0.483,0.475,-0.003,76.11,75.6,0.565,0.565,0.0,18.39
270.557,-0.0393,0.459,0.519,0.0061,76.17,75.6,0.557,0.557,0.0,19.52
270.608,-0.04,0.54,0.566,0.002,76.29,75.6,0.545,0.545,0.0,19.76
270.663,-0.0407,0.455,0.567,-0.0049,76.37,75.6,0.537,0.537,0.0,24.46
270.705,-0.0412,0.686,0.57,0.0003,76.34,75.6,0.539,0.539,0.0,16.66
270.759,-0.0414,0.374,0.57,-0.0003,76.16,75.6,0.558,0.558,0.0,20.09
270.808,-0.0415,0.232,0.525,-0.0063,76.06,75.6,0.57,0.57,0.0,18.6
270.859,-0.0409,0.267,0.431,-0.0084,76.16,75.6,0.558,0.558,0.0,19.09
270.906,-0.0398,0.16,0.317,-0.0061,76.33,75.6,0.54,0.54,0.0,16.27
270.962,-0.0385,-0.169,0.136,-0.0134,76.35,75.6,0.539,0.539,0.0,22.13
271.01,-0.0366,-0.3,-0.043,-0.006,76.16,75.6,0.558,0.558,0.0,18.73
271.066,-0.0342,-0.5,-0.235,-0.0081,76.05,75.6,0.571,0.571,0.0,24.58
271.116,-0.0315,-0.81,-0.443,-0.0088,76.15,75.6,0.559,0.559,0.0,24.81
271.16,-0.0282,-0.799,-0.579,0.0026,76.35,75.6,0.539,0.539,0.0,18.59
271.215,-0.0252,-0.847,-0.681,0.0002,76.39,75.6,0.535,0.535,0.0,22.52
271.263,-0.0221,-0.847,-0.725,0.0044,76.21,75.6,0.553,0.553,0.0,20.81
271.311,-0.0194,-0.738,-0.714,0.0062,76.08,75.6,0.568,0.568,0.0,17.75
271.369,-0.017,-0.63,-0.656,0.007,76.17,75.6,0.557,0.557,0.0,25.67
271.418,-0.0151,-0.349,-0.55,0.0086,76.34,75.6,0.54,0.54,0.0,25.21
271.465,-0.0138,-0.231,-0.437,0.0046,76.39,75.6,0.533,0.533,0.0,21.37
271.516,-0.0128,-0.062,-0.299,0.0076,76.22,75.6,0.552,0.552,0.0,22.11
271.565,-0.0123,-0.023,-0.153,0.0059,76.07,75.6,0.568,0.568,0.0,21.14
271.618,-0.0121,0.224,-0.054,-0.0015,76.15,75.6,0.559,0.559,0.0,24.43
271.665,-0.0121,0.318,0.032,0.0017,76.31,75.6,0.542,0.542,0.0,20.31
271.715,-0.0123,0.443,0.098,0.0003,76.39,75.6,0.535,0.535,0.0,20.03
271.762,-0.0128,-0.017,0.143,-0.0008,76.29,75.6,0.545,0.545,0.0,17.47
271.815,-0.0132,0.04,0.187,0.0015,76.16,75.6,0.559,0.559,0.0,20.08
271.868,-0.0137,0.282,0.202,-0.0026,76.18,75.6,0.556,0.556,0.0,22.8
271.919,-0.0138,0.431,0.232,0.0028,76.27,75.6,0.547,0.547,0.0,23.47
271.962,-0.0144,0.423,0.259,0.0005,76.35,75.6,0.539,0.539,0.0,16.27
272.021,-0.0149,0.091,0.236,-0.006,76.31,75.6,0.543,0.543,0.0,25.49
272.073,-0.0151,0.148,0.201,-0.0025,76.15,75.6,0.56,0.56,0.0,27.27
272.115,-0.015,0.115,0.171,-0.0005,76.08,75.6,0.568,0.568,0.0,18.05
272.168,-0.0148,0.124,0.168,0.0028,76.18,75.6,0.556,0.556,0.0,21.06
272.22,-0.0147,0.144,0.171,0.0007,76.33,75.6,0.54,0.54,0.0,22.25
272.271,-0.0144,0.047,0.146,-0.0039,76.37,75.6,0.537,0.537,0.0,22.79
272.318,-0.014,0.008,0.109,-0.0024,76.19,75.6,0.555,0.554,0.0,20.16
272.372,-0.0134,0.028,0.037,-0.0062,76.07,75.6,0.569,0.569,0.0,23.67
272.42,-0.0125,-0.215,-0.055,-0.0054,76.15,75.6,0.559,0.559,0.0,22.11
272.467,-0.0116,-0.198,-0.112,0.0017,76.31,75.6,0.542,0.542,0.0,18.11
272.52,-0.0107,-0.297,-0.175,-0.0028,76.38,75.6,0.536,0.536,0.0,21.56
272.574,-0.0096,-0.235,-0.193,0.004,76.28,75.6,0.546,0.546,0.0,24.96
272.62,-0.0086,-0.183,-0.179,0.004,76.13,75.6,0.561,0.561,0.0,20.54
272.673,-0.0078,-0.335,-0.171,-0.0005,76.16,75.6,0.558,0.558,0.0,23.48
272.72,-0.007,0.053,-0.192,-0.0038,76.26,75.6,0.548,0.548,0.0,20.09
272.772,-0.006,-0.27,-0.191,0.0023,76.35,75.6,0.539,0.539,0.0,21.68
272.818,-0.0054,-0.227,-0.168,0.0032,76.33,75.6,0.54,0.54,0.0,17.82
272.872,-0.005,-0.352,-0.161,-0.0015,76.15,75.6,0.559,0.559,0.0,21.14
272.922,-0.0042,0.118,-0.113,0.006,76.02,75.6,0.574,0.574,0.0,21.25
272.969,-0.0038,0.181,-0.047,0.0042,76.14,75.6,0.56,0.56,0.0,18.11
273.023,-0.0036,0.07,0.003,0.0,76.35,75.6,0.539,0.538,0.0,21.96
273.076,-0.0038,0.01,-0.018,-0.0081,76.41,75.6,0.532,0.532,0.0,24.17
273.121,-0.0035,0.034,-0.036,-0.0005,76.24,75.6,0.55,0.55,0.0,18.41
273.176,-0.0033,-0.031,-0.043,0.001,76.1,75.6,0.565,0.565,0.0,23.3
273.227,-0.0032,-0.108,-0.057,-0.0012,76.16,75.6,0.558,0.558,0.0,24.4
273.277,-0.0031,0.002,-0.068,-0.0001,76.29,75.6,0.545,0.545,0.0,24.05
273.326,-0.0031,0.046,-0.059,0.0024,76.38,75.6,0.535,0.535,0.0,22.11
273.377,-0.0032,-0.017,-0.055,-0.0003,76.36,75.6,0.537,0.537,0.0,23.46
273.428,-0.0036,0.053,-0.064,-0.0018,76.18,75.6,0.556,0.556,0.0,24.34
273.475,-0.004,0.084,-0.061,0.0014,76.04,75.6,0.572,0.572,0.0,20.53
273.528,-0.0045,0.022,0.005,0.0088,76.12,75.6,0.562,0.562,0.0,23.55
273.577,-0.0053,0.072,0.093,0.0054,76.33,75.6,0.54,0.54,0.0,21.75
273.627,-0.0064,0.075,0.149,-0.0013,76.42,75.6,0.531,0.531,0.0,22.02
273.678,-0.0074,0.599,0.21,0.0026,76.23,75.6,0.551,0.551,0.0,22.94
273.727,-0.0085,0.334,0.283,0.0037,76.1,75.6,0.566,0.566,0.0,22.22
273.778,-0.0102,0.318,0.333,-0.0006,76.16,75.6,0.558,0.558,0.0,22.15
273.827,-0.0115,0.286,0.349,-0.0029,76.3,75.6,0.544,0.544,0.0,20.63
273.879,-0.0127,0.598,0.412,0.0071,76.37,75.6,0.536,0.536,0.0,23.04
273.924,-0.014,0.585,0.505,0.0064,76.33,75.6,0.541,0.541,0.0,17.52
273.976,-0.0157,0.524,0.549,-0.0036,76.14,75.6,0.56,0.56,0.0,19.54
274.023,-0.0171,0.505,0.561,-0.003,76.02,75.6,0.574,0.574,0.0,15.87
274.081,-0.0181,0.59,0.55,-0.0027,76.16,75.6,0.558,0.558,0.0,23.25
274.129,-0.019,0.494,0.511,-0.0043,76.39,75.6,0.533,0.533,0.0,21.49
274.179,-0.0196,0.394,0.457,-0.0034,76.44,75.6,0.528,0.528,0.0,21.48
274.232,-0.02,0.171,0.388,-0.004,76.26,75.6,0.548,0.548,0.0,24.13
274.279,-0.0199,0.147,0.32,-0.0021,76.11,75.6,0.565,0.565,0.0,21.09
274.331,-0.0195,0.028,0.24,-0.0042,76.15,75.6,0.559,0.559,0.0,22.48
274.384,-0.0187,-0.047,0.13,-0.0069,76.27,75.6,0.547,0.547,0.0,25.17
274.429,-0.0178,-0.133,-0.039,-0.0122,76.37,75.6,0.537,0.537,0.0,19.77
274.479,-0.0164,-0.222,-0.192,-0.0036,76.36,75.6,0.537,0.537,0.0,20.14
274.531,-0.0147,-0.536,-0.35,-0.006,76.18,75.6,0.557,0.557,0.0,21.13
274.582,-0.0132,-0.816,-0.475,-0.001,76.05,75.6,0.571,0.571,0.0,22.5
274.628,-0.0113,-0.776,-0.539,0.0041,76.14,75.6,0.56,0.56,0.0,18.43
274.68,-0.0096,-0.592,-0.525,0.0087,76.32,75.6,0.541,0.541,0.0,19.61
274.731,-0.0083,-0.194,-0.442,0.0101,76.38,75.6,0.536,0.536,0.0,19.93
274.785,-0.0075,-0.171,-0.316,0.0089,76.24,75.6,0.55,0.55,0.0,23.83
274.83,-0.0074,-0.057,-0.194,0.0039,76.1,75.6,0.566,0.566,0.0,18.71
274.885,-0.0076,0.028,-0.072,0.0041,76.16,75.6,0.558,0.558,0.0,23.62
274.936,-0.0079,0.365,0.062,0.006,76.3,75.6,0.544,0.544,0.0,23.55
274.982,-0.0087,0.421,0.174,0.0016,76.38,75.6,0.535,0.535,0.0,19.69
275.034,-0.0095,0.414,0.251,-0.0009,76.32,75.6,0.542,0.542,0.0,21.63
275.084,-0.0105,0.38,0.295,-0.002,76.15,75.6,0.56,0.559,0.0,21.2
275.137,-0.0113,0.334,0.327,-0.0002,76.07,75.6,0.569,0.569,0.0,24.0
275.184,-0.0122,0.327,0.348,-0.0003,76.17,75.6,0.557,0.557,0.0,20.83
275.237,-0.013,0.456,0.36,-0.0007,76.33,75.6,0.54,0.54,0.0,23.21
275.282,-0.0137,0.307,0.352,-0.0022,76.38,75.6,0.535,0.535,0.0,17.92
275.334,-0.0143,0.259,0.329,-0.0025,76.21,75.6,0.553,0.553,0.0,19.72
275.389,-0.0147,0.189,0.263,-0.0068,76.09,75.6,0.567,0.567,0.0,24.56
275.439,-0.0148,0.122,0.196,-0.0024,76.15,75.6,0.559,0.559,0.0,24.28
275.486,-0.0147,0.061,0.139,-0.001,76.31,75.6,0.543,0.543,0.0,20.58
275.538,-0.0144,-0.187,0.074,-0.0031,76.38,75.6,0.536,0.536,0.0,23.28
275.586,-0.0139,0.026,-0.008,-0.0046,76.29,75.6,0.545,0.545,0.0,20.93
275.635,-0.0131,-0.137,-0.03,0.0055,76.15,75.6,0.56,0.56,0.0,19.57
275.686,-0.0125,-0.167,-0.04,0.001,76.16,75.6,0.558,0.558,0.0,19.46
275.738,-0.0119,-0.407,-0.066,-0.0027,76.25,75.6,0.549,0.549,0.0,21.79
275.79,-0.011,0.174,-0.076,0.0014,76.33,75.6,0.541,0.541,0.0,23.29
275.838,-0.0101,0.167,-0.078,0.0007,76.34,75.6,0.54,0.54,0.0,21.93
275.889,-0.0094,-0.099,-0.072,0.001,76.15,75.6,0.559,0.559,0.0,21.41
275.938,-0.009,-0.248,-0.127,-0.0084,76.03,75.6,0.572,0.572,0.0,21.14
275.987,-0.0081,-0.112,-0.171,-0.0002,76.16,75.6,0.559,0.559,0.0,19.43
276.037,-0.0076,-0.048,-0.168,0.0048,76.34,75.6,0.539,0.539,0.0,18.98
276.094,-0.0072,-0.08,-0.125,0.0058,76.39,75.6,0.533,0.533,0.0,26.36
276.142,-0.0071,-0.142,-0.072,0.0028,76.21,75.6,0.553,0.553,0.0,23.87
276.189,-0.007,-0.1,-0.025,0.0011,76.07,75.6,0.568,0.568,0.0,20.5
276.241,-0.007,0.182,0.013,0.0003,76.15,75.6,0.559,0.559,0.0,21.93
276.292,-0.007,0.18,0.004,-0.0051,76.32,75.6,0.542,0.542,0.0,23.21
276.34,-0.0073,-0.076,-0.009,-0.0009,76.39,75.6,0.535,0.535,0.0,20.16
276.389,-0.0074,-0.08,-0.014,0.0006,76.28,75.6,0.545,0.545,0.0,19.64
276.442,-0.0075,-0.229,-0.007,0.0015,76.15,75.6,0.559,0.559,0.0,22.4
276.491,-0.0076,0.374,0.025,0.0037,76.17,75.6,0.557,0.557,0.0,21.31
276.541,-0.0079,0.353,0.042,-0.0009,76.26,75.6,0.548,0.548,0.0,20.02
276.594,-0.0083,0.155,0.069,0.0018,76.33,75.6,0.54,0.54,0.0,22.72
276.639,-0.0091,-0.054,0.08,-0.0012,76.34,75.6,0.54,0.54,0.0,17.77
276.689,-0.0096,-0.085,0.073,-0.0021,76.16,75.6,0.559,0.559,0.0,17.68
276.744,-0.01,0.227,0.124,0.0079,76.05,75.6,0.571,0.571,0.0,22.05
276.796,-0.0107,0.367,0.193,0.0042,76.16,75.6,0.559,0.559,0.0,24.09
276.843,-0.0116,0.424,0.248,0.0005,76.35,75.6,0.539,0.539,0.0,20.93
276.894,-0.0128,0.399,0.273,-0.0024,76.4,75.6,0.533,0.533,0.0,21.57
276.944,-0.0137,0.248,0.32,0.004,76.21,75.6,0.553,0.553,0.0,21.01
276.996,-0.0148,0.442,0.435,0.0112,76.08,75.6,0.568,0.568,0.0,23.27
277.045,-0.0157,0.382,0.504,-0.0024,76.16,75.6,0.559,0.559,0.0,22.14
277.098,-0.0165,0.629,0.581,0.0036,76.31,75.6,0.543,0.543,0.0,24.62
277.145,-0.0172,0.643,0.598,-0.0057,76.39,75.6,0.535,0.535,0.0,20.82
277.197,-0.0177,0.406,0.457,-0.0214,76.29,75.6,0.545,0.545,0.0,22.69
277.247,-0.0173,0.275,0.294,-0.0081,76.16,75.6,0.558,0.558,0.0,22.97
277.299,-0.0168,-0.054,0.103,-0.0095,76.17,75.6,0.557,0.557,0.0,24.34
277.352,-0.0157,-0.725,-0.1,-0.0084,76.26,75.6,0.548,0.548,0.0,27.08
277.399,-0.0141,-0.721,-0.234,0.0025,76.36,75.6,0.538,0.538,0.0,23.6
277.452,-0.0125,-0.442,-0.361,-0.0036,76.35,75.6,0.538,0.538,0.0,25.6
277.496,-0.0103,-0.434,-0.449,0.0009,76.17,75.6,0.557,0.557,0.0,20.05
277.546,-0.0089,-0.446,-0.506,0.0012,76.04,75.6,0.572,0.572,0.0,19.35
277.601,-0.0074,-0.697,-0.533,0.0022,76.15,75.6,0.559,0.559,0.0,24.07
277.649,-0.006,-0.621,-0.459,0.0133,76.36,75.6,0.538,0.538,0.0,22.68
277.7,-0.0045,-0.115,-0.292,0.0154,76.42,75.6,0.53,0.53,0.0,23.11
277.748,-0.0039,-0.037,-0.148,0.0026,76.24,75.6,0.55,0.55,0.0,20.87
277.799,-0.0034,0.344,-0.044,-0.0005,76.1,75.6,0.566,0.566,0.0,21.02
277.852,-0.0035,0.155,-0.014,-0.0067,76.17,75.6,0.557,0.557,0.0,24.27
277.899,-0.0035,0.184,0.006,-0.0004,76.3,75.6,0.544,0.544,0.0,21.21
277.953,-0.0037,-0.082,-0.026,-0.0065,76.37,75.6,0.536,0.536,0.0,24.41
278.003,-0.0036,-0.125,-0.062,-0.0018,76.31,75.6,0.543,0.543,0.0,24.07
278.049,-0.0034,-0.077,-0.065,0.0035,76.14,75.6,0.56,0.56,0.0,19.78
278.103,-0.0034,-0.004,-0.079,-0.0018,76.09,75.6,0.567,0.567,0.0,23.59
278.155,-0.0034,0.039,-0.072,0.0026,76.2,75.6,0.554,0.554,0.0,25.09
278.199,-0.0036,0.061,-0.051,0.0021,76.35,75.6,0.539,0.539,0.0,19.17
278.252,-0.004,-0.143,-0.011,0.0034,76.36,75.6,0.538,0.538,0.0,21.76
278.305,-0.0045,0.304,0.091,0.0102,76.19,75.6,0.555,0.555,0.0,24.62
278.35,-0.0052,0.336,0.182,0.0019,76.04,75.6,0.572,0.572,0.0,19.82
278.404,-0.0061,0.397,0.299,0.0068,76.12,75.6,0.562,0.562,0.0,23.63
278.449,-0.0074,0.69,0.411,0.0035,76.33,75.6,0.541,0.541,0.0,17.73
278.503,-0.0084,0.641,0.468,-0.0038,76.39,75.6,0.535,0.535,0.0,21.7
278.555,-0.0095,0.458,0.554,0.006,76.21,75.6,0.553,0.553,0.0,22.82
278.602,-0.0105,0.559,0.629,0.0014,76.07,75.6,0.569,0.569,0.0,20.01
278.657,-0.0109,0.808,0.662,-0.0032,76.14,75.6,0.56,0.56,0.0,23.95
278.703,-0.0108,0.706,0.646,-0.0058,76.31,75.6,0.543,0.543,0.0,19.54
278.757,-0.0106,0.235,0.557,-0.0107,76.38,75.6,0.536,0.536,0.0,24.28
278.807,-0.0099,-0.08,0.339,-0.0211,76.29,75.6,0.545,0.545,0.0,23.64
278.853,-0.0075,-0.205,0.134,-0.0058,76.15,75.6,0.559,0.559,0.0,19.51
278.904,-0.0045,-0.471,-0.139,-0.0167,76.17,75.6,0.557,0.557,0.0,20.16
278.958,-0.0015,-1.017,-0.466,-0.0171,76.25,75.6,0.549,0.549,0.0,23.57
279.006,0.003,-1.064,-0.704,0.0011,76.33,75.6,0.54,0.54,0.0,20.8
279.06,0.0079,-1.628,-0.927,-0.0063,76.33,75.6,0.541,0.541,0.0,24.31
279.112,0.0126,-1.434,-1.138,-0.006,76.14,75.6,0.56,0.56,0.0,26.5
279.158,0.0187,-1.36,-1.253,0.0059,75.99,75.6,0.577,0.577,0.0,22.03
279.213,0.0237,-1.434,-1.336,0.0006,76.1,75.6,0.564,0.564,0.0,26.47
279.263,0.028,-1.679,-1.449,-0.0072,76.36,75.6,0.537,0.537,0.0,26.88
279.309,0.0334,-1.433,-1.459,0.0106,76.49,75.6,0.523,0.523,0.0,22.19
279.361,0.0379,-1.451,-1.407,0.0082,76.31,75.6,0.542,0.542,0.0,23.4
279.409,0.0417,-1.321,-1.384,-0.0022,76.15,75.6,0.559,0.559,0.0,21.56
279.459,0.0452,-0.983,-1.274,0.0129,76.08,75.6,0.567,0.567,0.0,22.0
279.511,0.0477,-0.608,-1.158,0.0048,76.18,75.6,0.556,0.556,0.0,23.25
279.557,0.0498,-1.154,-1.094,-0.0032,76.34,75.6,0.539,0.539,0.0,18.57
279.608,0.0513,-0.855,-0.967,0.011,76.38,75.6,0.536,0.536,0.0,19.86
279.656,0.0522,-0.435,-0.845,0.0037,76.19,75.6,0.555,0.555,0.0,17.82
279.713,0.0527,-0.351,-0.638,0.0162,76.08,75.6,0.568,0.568,0.0,24.31
279.76,0.052,-0.036,-0.376,0.0148,76.16,75.6,0.558,0.558,0.0,20.33
279.813,0.0506,0.176,-0.128,0.0072,76.32,75.6,0.542,0.542,0.0,23.2
279.86,0.0487,0.659,0.119,0.0086,76.39,75.6,0.535,0.535,0.0,20.4
279.915,0.0463,0.687,0.323,0.0026,76.27,75.6,0.547,0.547,0.0,25.05
279.961,0.0438,0.791,0.486,0.0014,76.12,75.6,0.562,0.562,0.0,21.04
280.014,0.0408,0.734,0.582,-0.0038,76.15,75.6,0.559,0.559,0.0,23.44
280.067,0.0384,0.565,0.609,-0.0061,76.26,75.6,0.548,0.548,0.0,25.18
280.11,0.0361,0.558,0.621,-0.0012,76.37,75.6,0.537,0.537,0.0,18.8
280.165,0.0344,0.558,0.541,-0.0125,76.34,75.6,0.54,0.54,0.0,23.09
280.214,0.0329,0.271,0.394,-0.0122,76.15,75.6,0.559,0.559,0.0,21.31
280.276,0.0321,0.179,0.263,-0.0028,76.02,75.6,0.573,0.573,0.0,33.01
280.323,0.0315,-0.282,0.076,-0.0124,76.11,75.6,0.563,0.563,0.0,29.6
280.391,0.0314,-0.3,-0.095,-0.0042,76.34,75.6,0.54,0.54,0.0,47.61
280.416,0.0318,-0.357,-0.218,0.0007,76.5,75.6,0.522,0.522,0.0,22.75
280.469,0.0323,-0.578,-0.305,0.0008,76.43,75.6,0.53,0.53,0.0,25.06
280.517,0.0325,-0.368,-0.383,-0.0018,76.25,75.6,0.549,0.549,0.0,22.51
280.573,0.0331,-0.438,-0.441,-0.0001,76.1,75.6,0.566,0.566,0.0,28.61
280.618,0.033,-0.348,-0.449,0.0051,76.14,75.6,0.56,0.56,0.0,23.02
280.671,0.0327,-0.404,-0.382,0.0102,76.27,75.6,0.547,0.547,0.0,25.17
280.721,0.0323,-0.294,-0.254,0.0107,76.38,75.6,0.536,0.536,0.0,25.13
280.77,0.0314,-0.217,-0.142,0.0024,76.38,75.6,0.536,0.535,0.0,23.71
280.822,0.0303,0.428,-0.008,0.0069,76.2,75.6,0.554,0.554,0.0,25.22
280.873,0.0291,0.324,0.131,0.0055,76.04,75.6,0.571,0.571,0.0,26.04
280.919,0.0271,0.321,0.223,-0.0018,76.12,75.6,0.563,0.563,0.0,21.77
280.973,0.0251,0.462,0.291,-0.0001,76.31,75.6,0.543,0.543,0.0,25.02
281.024,0.0234,0.314,0.377,0.0049,76.42,75.6,0.531,0.531,0.0,26.06
281.072,0.0213,0.724,0.421,-0.003,76.33,75.6,0.54,0.54,0.0,23.68
281.12,0.0196,0.673,0.42,-0.0045,76.15,75.6,0.559,0.559,0.0,20.91
281.172,0.0179,0.488,0.395,-0.0035,76.03,75.6,0.573,0.573,0.0,22.52
281.219,0.0162,-0.035,0.291,-0.0119,76.15,75.6,0.559,0.559,0.0,19.52
281.272,0.015,-0.111,0.182,-0.0043,76.35,75.6,0.538,0.538,0.0,21.81
281.324,0.0141,0.221,0.072,-0.0039,76.41,75.6,0.531,0.531,0.0,23.47
281.374,0.0135,-0.078,0.019,0.0041,76.23,75.6,0.551,0.551,0.0,23.01
281.419,0.012,-0.086,-0.008,0.0019,76.08,75.6,0.568,0.568,0.0,18.37
281.474,0.0107,-0.136,-0.024,0.0005,76.15,75.6,0.559,0.559,0.0,23.05
281.523,0.0096,0.242,0.045,0.0114,76.31,75.6,0.543,0.543,0.0,21.49
281.575,0.008,0.352,0.149,0.0073,76.38,75.6,0.536,0.536,0.0,22.71
281.63,0.0056,0.371,0.221,-0.0009,76.29,75.6,0.544,0.544,0.0,27.81
281.693,0.0033,0.511,0.29,0.0021,76.13,75.6,0.561,0.561,0.0,39.94
281.728,0.0011,0.559,0.414,0.0101,76.1,75.6,0.564,0.564,0.0,25.3
281.779,-0.0021,0.509,0.496,-0.0016,76.18,75.6,0.556,0.556,0.0,25.6
281.825,-0.0047,0.642,0.596,0.0054,76.3,75.6,0.544,0.544,0.0,21.53
281.878,-0.0077,1.044,0.704,0.0047,76.37,75.6,0.537,0.537,0.0,23.43
281.925,-0.0109,0.92,0.736,-0.0069,76.33,75.6,0.54,0.54,0.0,20.9
281.978,-0.0139,1.027,0.805,0.0062,76.14,75.6,0.56,0.56,0.0,23.81
282.047,-0.0167,0.674,0.924,0.0094,76.02,75.6,0.574,0.574,0.0,42.42
282.08,-0.0197,1.27,1.082,0.0096,76.11,75.6,0.564,0.564,0.0,24.65
282.125,-0.0224,1.084,1.13,-0.0099,76.31,75.6,0.543,0.543,0.0,19.38
282.175,-0.0247,1.329,1.142,-0.0034,76.39,75.6,0.535,0.535,0.0,19.07
282.226,-0.0269,1.028,1.092,-0.0082,76.3,75.6,0.544,0.544,0.0,19.23
282.275,-0.0282,0.741,0.959,-0.0133,76.15,75.6,0.559,0.559,0.0,18.53
282.329,-0.0288,0.245,0.811,-0.0067,76.14,75.6,0.56,0.56,0.0,22.28
282.381,-0.0284,0.174,0.655,-0.0064,76.23,75.6,0.551,0.551,0.0,23.98
282.428,-0.0269,-0.097,0.461,-0.0106,76.34,75.6,0.539,0.539,0.0,20.5
282.477,-0.0244,-0.044,0.214,-0.0144,76.33,75.6,0.541,0.541,0.0,19.37
282.534,-0.0216,-0.733,-0.181,-0.0291,76.14,75.6,0.56,0.56,0.0,25.14
282.579,-0.0176,-0.876,-0.517,-0.0058,76.0,75.6,0.576,0.575,0.0,20.29
282.632,-0.0134,-1.42,-0.909,-0.0195,76.13,75.6,0.562,0.562,0.0,23.25
282.682,-0.0086,-1.892,-1.289,-0.012,76.38,75.6,0.536,0.536,0.0,23.62
282.733,-0.0031,-2.063,-1.514,0.0084,76.47,75.6,0.525,0.525,0.0,24.55
282.78,0.0019,-1.905,-1.584,0.0138,76.3,75.6,0.544,0.544,0.0,20.62
282.833,0.0067,-1.513,-1.546,0.0126,76.15,75.6,0.559,0.559,0.0,23.65
282.883,0.0101,-0.921,-1.396,0.017,76.12,75.6,0.562,0.562,0.0,22.74
282.929,0.0123,-0.556,-1.168,0.0162,76.22,75.6,0.552,0.552,0.0,18.52
282.984,0.0134,-0.678,-0.955,0.006,76.33,75.6,0.541,0.541,0.0,23.53
283.035,0.0132,0.047,-0.725,0.0096,76.35,75.6,0.539,0.539,0.0,24.12
283.079,0.0122,0.36,-0.462,0.0127,76.2,75.6,0.554,0.554,0.0,17.62
283.134,0.0105,0.256,-0.151,0.0159,76.08,75.6,0.567,0.567,0.0,22.63
283.184,0.007,0.811,0.161,0.011,76.17,75.6,0.557,0.557,0.0,22.04
283.231,0.0034,0.961,0.415,0.0027,76.31,75.6,0.542,0.542,0.0,18.85
283.29,-0.0008,1.275,0.702,0.0137,76.36,75.6,0.537,0.537,0.0,27.22
283.337,-0.0058,1.55,1.021,0.0144,76.27,75.6,0.547,0.547,0.0,24.88
283.382,-0.0116,1.558,1.243,-0.0024,76.13,75.6,0.561,0.561,0.0,18.98
283.451,-0.0168,1.7,1.442,0.0046,76.15,75.6,0.559,0.559,0.0,37.75
283.498,-0.0224,2.095,1.656,0.009,76.26,75.6,0.548,0.548,0.0,34.78
283.542,-0.0282,1.9,1.745,-0.0098,76.37,75.6,0.537,0.537,0.0,28.52
283.593,-0.0334,1.743,1.788,-0.0034,76.39,75.6,0.535,0.535,0.0,29.88
283.637,-0.038,1.738,1.777,-0.0061,76.21,75.6,0.553,0.553,0.0,23.31
283.684,-0.0415,1.383,1.65,-0.0166,76.07,75.6,0.569,0.569,0.0,20.14
283.743,-0.0441,1.052,1.461,-0.0131,76.14,75.6,0.56,0.56,0.0,28.84
283.789,-0.0458,0.792,1.179,-0.0195,76.31,75.6,0.543,0.543,0.0,24.64
283.841,-0.0461,0.378,0.84,-0.0179,76.41,75.6,0.531,0.531,0.0,26.0
283.89,-0.0456,0.006,0.489,-0.0134,76.32,75.6,0.542,0.542,0.0,25.06
283.946,-0.044,-0.647,0.123,-0.0144,76.14,75.6,0.56,0.56,0.0,30.81
283.996,-0.0415,-0.782,-0.248,-0.0134,76.04,75.6,0.572,0.572,0.0,30.21
284.037,-0.0383,-0.982,-0.562,-0.005,76.13,75.6,0.561,0.561,0.0,20.43
284.091,-0.0348,-1.032,-0.788,0.0013,76.31,75.6,0.543,0.543,0.0,24.27
284.143,-0.0314,-1.344,-0.901,0.0079,76.39,75.6,0.535,0.535,0.0,25.6
284.19,-0.0284,-1.302,-0.953,0.0045,76.32,75.6,0.542,0.542,0.0,22.06
284.238,-0.0257,-1.005,-0.916,0.0106,76.14,75.6,0.56,0.56,0.0,20.09
284.292,-0.0231,-0.278,-0.753,0.019,76.08,75.6,0.567,0.567,0.0,23.62
284.345,-0.0215,-0.342,-0.552,0.0109,76.19,75.6,0.555,0.555,0.0,25.88
284.389,-0.0212,-0.184,-0.375,0.0037,76.35,75.6,0.538,0.538,0.0,19.77
284.441,-0.0213,0.184,-0.196,0.0065,76.38,75.6,0.536,0.536,0.0,21.09
284.496,-0.0216,0.39,0.085,0.0205,76.19,75.6,0.555,0.555,0.0,26.13
284.537,-0.0229,0.542,0.346,0.007,76.06,75.6,0.57,0.57,0.0,17.46
284.593,-0.0246,0.879,0.581,0.0055,76.15,75.6,0.56,0.559,0.0,23.16
284.644,-0.0264,1.313,0.816,0.0082,76.34,75.6,0.54,0.54,0.0,23.1
284.691,-0.0287,1.284,0.969,-0.0032,76.41,75.6,0.532,0.532,0.0,19.86
284.747,-0.0306,1.002,0.997,-0.0121,76.23,75.6,0.551,0.551,0.0,26.52
284.789,-0.0324,0.931,0.899,-0.0167,76.06,75.6,0.57,0.57,0.0,18.07
284.844,-0.0331,0.751,0.765,-0.0084,76.15,75.6,0.559,0.559,0.0,22.28
284.898,-0.0333,0.341,0.621,-0.0061,76.33,75.6,0.541,0.541,0.0,25.4
284.947,-0.033,-0.026,0.502,-0.0015,76.39,75.6,0.533,0.533,0.0,24.28
284.994,-0.0316,-0.167,0.383,-0.0041,76.22,75.6,0.552,0.552,0.0,21.55
285.046,-0.0299,-0.161,0.273,-0.0029,76.08,75.6,0.568,0.568,0.0,22.71
285.098,-0.0274,0.053,0.087,-0.0145,76.17,75.6,0.558,0.558,0.0,24.7
285.151,-0.025,-0.598,-0.225,-0.0241,76.32,75.6,0.542,0.542,0.0,27.35
285.195,-0.0213,-0.704,-0.485,-0.0035,76.39,75.6,0.533,0.533,0.0,21.67
285.249,-0.0172,-1.408,-0.809,-0.0181,76.28,75.6,0.546,0.546,0.0,25.22
285.299,-0.0128,-1.483,-1.073,-0.0029,76.13,75.6,0.561,0.561,0.0,24.3
285.347,-0.0085,-1.329,-1.181,0.0126,76.16,75.6,0.558,0.558,0.0,21.87
285.4,-0.0041,-1.419,-1.219,0.006,76.25,75.6,0.549,0.549,0.0,24.87
285.446,-0.0006,-0.869,-1.182,0.0091,76.36,75.6,0.538,0.538,0.0,20.58
285.511,0.0023,-0.668,-1.086,0.0095,76.34,75.6,0.539,0.539,0.0,34.74
285.566,0.0047,-1.022,-0.916,0.0137,76.16,75.6,0.558,0.558,0.0,39.51
285.605,0.006,-0.378,-0.798,-0.0013,75.97,75.6,0.579,0.579,0.0,28.12
285.653,0.0074,-0.063,-0.725,-0.0023,76.03,75.6,0.572,0.572,0.0,25.16
285.701,0.0072,0.192,-0.597,0.0104,76.3,75.6,0.543,0.543,0.0,23.42
285.754,0.0063,-0.321,-0.552,-0.0072,76.5,75.6,0.522,0.522,0.0,25.69
285.808,0.0046,-0.134,-0.391,0.0177,76.45,75.6,0.528,0.528,0.0,29.56
285.856,0.0027,0.104,-0.169,0.0142,76.27,75.6,0.547,0.547,0.0,28.21
285.904,-0.0003,0.267,0.189,0.0266,76.09,75.6,0.566,0.566,0.0,25.15
285.952,-0.0039,1.93,0.673,0.0301,76.1,75.6,0.564,0.564,0.0,23.2
286.002,-0.0085,1.836,0.978,-0.008,76.23,75.6,0.551,0.551,0.0,22.65
286.057,-0.013,1.379,1.299,0.0129,76.34,75.6,0.539,0.539,0.0,27.88
286.109,-0.0181,1.688,1.449,-0.0128,76.4,75.6,0.533,0.533,0.0,28.52
286.152,-0.0227,1.523,1.456,-0.0146,76.22,75.6,0.552,0.552,0.0,22.05
286.204,-0.0263,2.0,1.429,-0.0046,76.07,75.6,0.569,0.569,0.0,23.79
286.257,-0.03,0.953,1.241,-0.0235,76.14,75.6,0.56,0.56,0.0,26.24
286.307,-0.034,0.809,1.028,-0.01,76.3,75.6,0.543,0.543,0.0,26.32
286.356,-0.0362,0.615,0.84,-0.0041,76.41,75.6,0.532,0.532,0.0,24.67
286.404,-0.038,0.056,0.723,0.0035,76.34,75.6,0.54,0.54,0.0,23.09
286.459,-0.0395,1.028,0.676,0.0056,76.15,75.6,0.559,0.559,0.0,27.19
286.505,-0.041,0.733,0.557,-0.0116,75.99,75.6,0.576,0.576,0.0,22.64
286.558,-0.0417,0.154,0.464,-0.0006,76.1,75.6,0.564,0.564,0.0,25.66
286.606,-0.0429,0.153,0.366,-0.0039,76.35,75.6,0.538,0.538,0.0,23.69
286.655,-0.0433,-0.1,0.213,-0.011,76.45,75.6,0.527,0.527,0.0,22.79
286.709,-0.0432,0.063,0.193,0.0131,76.28,75.6,0.546,0.546,0.0,25.73
286.757,-0.0434,0.212,0.209,0.0044,76.11,75.6,0.565,0.565,0.0,23.14
286.809,-0.0436,0.522,0.203,-0.0025,76.13,75.6,0.561,0.561,0.0,25.62
286.856,-0.0443,0.359,0.137,-0.0085,76.26,75.6,0.548,0.548,0.0,21.78
286.908,-0.0445,-0.241,0.046,-0.0059,76.36,75.6,0.537,0.537,0.0,23.0
286.963,-0.0449,0.033,-0.048,-0.0036,76.37,75.6,0.537,0.537,0.0,28.59
287.007,-0.0454,-0.021,-0.126,-0.001,76.17,75.6,0.557,0.557,0.0,22.25
287.061,-0.046,0.082,-0.139,0.0062,76.04,75.6,0.572,0.572,0.0,25.27
287.111,-0.0472,0.18,-0.098,0.0072,76.14,75.6,0.56,0.56,0.0,25.4
287.157,-0.0495,0.218,-0.056,0.0016,76.34,75.6,0.54,0.54,0.0,21.32
287.211,-0.0519,0.15,0.082,0.0149,76.39,75.6,0.534,0.533,0.0,25.16
287.264,-0.0553,0.91,0.404,0.0306,76.21,75.6,0.553,0.553,0.0,27.62
287.31,-0.0598,0.85,0.629,-0.0024,76.05,75.6,0.571,0.571,0.0,23.2
287.358,-0.0643,1.459,0.845,0.0066,76.12,75.6,0.562,0.562,0.0,20.9
287.412,-0.0704,1.869,1.001,-0.0007,76.31,75.6,0.543,0.543,0.0,24.19
287.464,-0.0761,1.386,0.924,-0.0272,76.41,75.6,0.532,0.532,0.0,26.18
287.51,-0.0847,1.291,0.8,-0.0092,76.33,75.6,0.541,0.541,0.0,22.19
287.564,-0.0919,1.441,0.663,-0.0063,76.15,75.6,0.559,0.559,0.0,25.7
287.614,-0.0994,0.877,0.693,0.0186,75.99,75.6,0.576,0.576,0.0,24.96
287.664,-0.1099,0.831,0.752,0.0051,76.1,75.6,0.565,0.565,0.0,25.1
287.714,-0.12,1.667,1.126,0.046,76.35,75.6,0.538,0.538,0.0,24.88
287.767,-0.1321,3.193,1.977,0.0797,76.45,75.6,0.527,0.527,0.0,27.63
287.811,-0.1485,2.988,2.545,-0.0099,76.28,75.6,0.545,0.545,0.0,21.86
287.865,-0.1665,4.9,3.042,0.0099,76.15,75.6,0.559,0.559,0.0,24.51
287.915,-0.1832,5.636,3.586,0.0239,76.17,75.6,0.557,0.557,0.0,24.84
287.965,-0.2028,4.847,4.044,0.0071,76.26,75.6,0.548,0.548,0.0,23.94
288.011,-0.2262,4.278,4.148,-0.0336,76.32,75.6,0.542,0.542,0.0,19.83
288.066,-0.2493,5.669,4.385,0.0224,76.32,75.6,0.541,0.541,0.0,24.64
288.117,-0.2683,6.297,5.037,0.066,76.19,75.6,0.555,0.555,0.0,24.47
288.175,-0.2969,5.443,5.271,-0.0354,76.09,75.6,0.567,0.567,0.0,32.61
288.229,-0.3202,6.584,5.58,0.0185,76.15,75.6,0.559,0.559,0.0,36.57
288.278,-0.3463,8.046,6.241,0.06,76.29,75.6,0.545,0.545,0.0,34.32
288.367,-0.3762,6.772,6.342,-0.0552,76.4,75.6,0.533,0.533,0.0,73.12
288.399,-0.4192,6.819,6.246,-0.0239,76.44,75.6,0.529,0.529,0.0,31.67
288.442,-0.4482,7.5,6.5,0.0455,76.32,75.6,0.541,0.541,0.0,25.11
288.489,-0.4744,8.58,7.172,0.0672,76.12,75.6,0.562,0.562,0.0,21.83
288.535,-0.5016,9.652,8.09,0.0578,76.04,75.6,0.572,0.572,0.0,17.81
288.591,-0.5409,7.81,8.113,-0.0929,76.15,75.6,0.559,0.559,0.0,22.93
288.642,-0.5662,9.556,8.3,0.0237,76.34,75.6,0.539,0.539,0.0,23.45
288.693,-0.5945,10.689,8.939,0.0697,76.39,75.6,0.533,0.533,0.0,24.39
288.744,-0.6352,8.677,8.798,-0.0866,76.2,75.6,0.554,0.554,0.0,25.22
288.79,-0.6618,9.206,8.742,0.0069,76.04,75.6,0.572,0.572,0.0,21.32
288.843,-0.6931,10.534,9.229,0.0738,76.11,75.6,0.564,0.564,0.0,24.43
288.895,-0.7302,8.141,8.892,-0.098,76.29,75.6,0.545,0.545,0.0,26.49
288.942,-0.7589,9.251,8.766,0.0177,76.42,75.6,0.531,0.531,0.0,22.62
288.991,-0.788,10.835,9.347,0.0942,76.4,75.6,0.534,0.534,0.0,21.83
289.044,-0.8255,8.509,9.113,-0.0935,76.22,75.6,0.552,0.552,0.0,24.62
289.094,-0.8576,9.919,9.194,0.0358,76.05,75.6,0.57,0.57,0.0,24.08
289.145,-0.8883,11.589,9.99,0.1027,76.11,75.6,0.563,0.563,0.0,24.81
289.196,-0.9224,9.131,9.848,-0.1033,76.26,75.6,0.548,0.548,0.0,25.1
289.247,-0.956,10.715,10.009,0.0375,76.4,75.6,0.533,0.533,0.0,26.71
289.295,-0.9909,12.577,10.884,0.1053,76.41,75.6,0.533,0.533,0.0,24.15
289.345,-1.0222,14.265,12.137,0.0833,76.22,75.6,0.552,0.552,0.0,23.26
289.397,-1.0595,11.271,12.003,-0.1499,76.06,75.6,0.57,0.57,0.0,25.55
289.447,-1.0909,12.698,12.008,0.0147,76.09,75.6,0.567,0.567,0.0,24.19
289.496,-1.1219,13.904,12.565,0.0772,76.25,75.6,0.548,0.548,0.0,22.85
289.55,-1.1591,10.554,11.962,-0.1424,76.39,75.6,0.533,0.533,0.0,26.38
289.598,-1.1849,11.159,11.521,0.0015,76.41,75.6,0.533,0.533,0.0,24.2
289.646,-1.2094,12.125,11.677,0.068,76.22,75.6,0.552,0.552,0.0,22.12
289.701,-1.2388,8.991,10.879,-0.1278,76.06,75.6,0.569,0.569,0.0,26.15
289.749,-1.2616,10.057,10.26,-0.0028,76.1,75.6,0.564,0.564,0.0,24.14
