t_s,car_x,car_z,e_y_m,e_psi_rad,theta_ref0_deg,theta_real_deg,theta_dot_kf_degs,theta_dot_raw_degs,error_deg,tau_Nm,speed_kmh,kappa_avg,loop_dt_ms
0.007,41.796,659.455,2.5912,-1.66205,0.0,0.0,0.0,0.0,0.0,0.0,0.0,-0.00056,6.65
0.051,41.796,659.455,2.5912,-1.66205,0.0,0.0,0.0,0.0,0.0,0.0,0.0,-0.00056,0.39
0.101,41.796,659.455,2.5912,-1.66205,0.0,0.0,0.0,0.0,0.0,0.0,0.0,-0.00056,0.3
0.152,41.796,659.455,2.5912,-1.66205,0.0,0.0,0.0,0.0,0.0,0.0,0.0,-0.00056,0.27
0.202,41.796,659.455,2.5912,-1.66205,0.0,0.0,0.0,0.0,0.0,0.0,0.0,-0.00056,0.3
0.252,41.796,659.455,2.5912,-1.66205,0.0,0.0,0.0,0.0,0.0,0.0,0.0,-0.00056,0.25
0.303,41.796,659.455,2.5912,-1.66205,0.0,0.0,0.0,0.0,0.0,0.0,0.0,-0.00056,0.25
0.353,41.796,659.455,2.5912,-1.66205,0.0,0.0,0.0,0.0,0.0,0.0,0.0,-0.00056,0.23
0.403,41.796,659.455,2.5912,-1.66205,0.0,0.0,0.0,0.0,0.0,0.0,0.01,-0.00056,0.25
0.454,41.796,659.455,2.5912,-1.66205,0.0,0.0,0.0,0.0,0.0,0.0,0.0,-0.00056,0.51
0.504,41.796,659.455,2.5912,-1.66205,0.0,0.0,0.0,0.0,0.0,0.0,0.0,-0.00056,0.43
0.554,41.796,659.455,2.5912,-1.66205,0.0,0.0,0.0,0.0,0.0,0.0,0.0,-0.00056,0.3
0.604,41.796,659.455,2.5911,-1.66205,0.0,0.0,0.0,0.0,0.0,0.0,0.0,-0.00056,0.32
0.655,41.796,659.455,2.5911,-1.66205,0.0,0.0,0.0,0.0,0.0,0.0,0.0,-0.00056,0.24
0.705,41.796,659.455,2.5911,-1.66205,0.0,0.0,0.0,0.0,0.0,0.0,0.0,-0.00056,0.25
0.755,41.796,659.455,2.5911,-1.66205,0.0,0.0,0.0,0.0,0.0,0.0,0.0,-0.00056,0.28
0.806,41.796,659.455,2.5911,-1.66205,0.0,0.0,0.0,0.0,0.0,0.0,0.0,-0.00056,0.46
0.856,41.796,659.455,2.5911,-1.66205,0.0,0.0,0.0,0.0,0.0,0.0,0.0,-0.00056,0.31
0.907,41.796,659.455,2.5911,-1.66205,0.0,0.0,0.0,0.0,0.0,0.0,0.0,-0.00056,0.55
0.96,41.796,659.455,2.5911,-1.66205,0.0,0.0,0.0,0.0,0.0,0.0,0.0,-0.00056,2.62
1.008,41.796,659.455,2.5911,-1.66205,0.0,0.0,0.0,0.0,0.0,0.0,0.01,-0.00056,0.58
1.058,41.796,659.455,2.5911,-1.66205,0.0,0.0,0.0,0.0,0.0,0.0,0.0,-0.00056,0.83
1.109,41.796,659.455,2.5911,-1.66205,0.0,0.0,0.0,0.0,0.0,0.0,0.0,-0.00056,0.6
1.159,41.796,659.455,2.5911,-1.66205,0.0,0.0,0.0,0.0,0.0,0.0,0.0,-0.00056,0.5
1.21,41.796,659.455,2.5911,-1.66205,0.0,0.0,0.0,0.0,0.0,0.0,0.0,-0.00056,0.6
1.26,41.796,659.455,2.5911,-1.66205,0.0,0.0,0.0,0.0,0.0,0.0,0.0,-0.00056,0.27
1.311,41.796,659.455,2.5911,-1.66205,0.0,0.0,0.0,0.0,0.0,0.0,0.0,-0.00056,0.38
1.361,41.796,659.455,2.5911,-1.66205,0.0,0.0,0.0,0.0,0.0,0.0,0.0,-0.00056,0.34
1.411,41.796,659.455,2.5911,-1.66205,0.0,0.0,0.0,0.0,0.0,0.0,0.0,-0.00056,0.33
1.463,41.796,659.455,2.5911,-1.66205,0.0,0.0,0.0,0.0,0.0,0.0,0.0,-0.00056,1.48
1.512,41.796,659.455,2.5911,-1.66205,0.0,0.0,0.0,0.0,0.0,0.0,0.0,-0.00056,0.52
1.562,41.796,659.455,2.5911,-1.66205,0.0,0.0,0.0,0.0,0.0,0.0,0.0,-0.00056,0.34
1.612,41.796,659.455,2.5911,-1.66205,0.0,0.0,0.0,0.0,0.0,0.0,0.0,-0.00056,0.34
1.663,41.796,659.455,2.5911,-1.66205,0.0,0.0,0.0,0.0,0.0,0.0,0.0,-0.00056,0.25
1.713,41.796,659.455,2.5911,-1.66205,0.0,0.0,0.0,0.0,0.0,0.0,0.0,-0.00056,0.31
1.763,41.796,659.455,2.5911,-1.66205,0.0,0.0,0.0,0.0,0.0,0.0,0.0,-0.00056,0.28
1.814,41.796,659.458,2.5911,-1.66205,0.0,0.0,0.0,0.0,0.0,0.0,0.57,-0.00056,0.33
1.864,41.795,659.472,2.5911,-1.66205,0.0,0.0,0.0,0.0,0.0,0.0,1.49,-0.00056,0.33
1.914,41.792,659.499,2.5912,-1.66205,0.0,0.0,0.0,0.0,0.0,0.0,2.36,-0.00056,0.23
1.965,41.789,659.539,2.5914,-1.66205,0.0,0.0,0.0,0.0,0.0,0.0,3.17,-0.00056,0.27
2.057,41.784,659.586,2.5916,0.00552,-68.755,-7.162,0.0,0.0,-61.593,-1.0,3.91,-0.00056,41.82
2.086,41.778,659.646,2.592,0.0067,-68.755,-25.347,-143.239,0.0,-43.407,-1.7892,4.66,-0.00056,20.64
2.166,41.771,659.718,2.5924,0.00525,-68.755,-44.639,-363.71,0.0,-24.116,-0.7892,5.42,-0.00056,50.18
2.25,41.764,659.795,2.5925,-0.00541,-68.755,-57.597,-385.823,0.0,-11.158,0.2108,6.2,-0.00056,83.92
2.38,41.751,659.967,2.5896,-0.03007,-68.755,-61.593,-259.168,0.0,-7.162,0.7991,7.53,-0.00056,129.84
2.412,41.744,660.266,2.5693,-0.11091,-41.981,-54.26,-79.919,0.0,12.279,1.4424,9.43,-0.000326,32.32
2.449,41.748,660.396,2.5539,-0.12651,-25.683,-42.871,146.662,0.0,17.188,0.8223,10.11,-0.000326,18.74
2.498,41.753,660.544,2.5347,-0.13143,-19.697,-33.941,227.779,0.0,14.244,0.0541,10.84,-0.000326,17.63
2.553,41.76,660.713,2.513,-0.12455,-25.248,-30.775,178.588,0.0,5.527,-0.493,11.6,-0.000326,22.03
2.599,41.764,660.863,2.4952,-0.11244,-36.188,-33.045,63.329,0.0,-3.142,-0.6486,12.43,-0.000326,17.68
2.648,41.767,661.055,2.4744,-0.10505,-42.282,-36.907,-45.408,0.0,-5.375,-0.3014,13.07,-0.000326,15.73
2.699,41.769,661.241,2.455,-0.10615,-40.065,-38.391,-77.229,0.0,-1.673,0.1971,13.01,-0.000326,17.04
2.752,41.773,661.413,2.4361,-0.11547,-29.761,-35.349,-29.686,0.0,5.587,0.5803,12.92,-0.000326,19.23
2.803,41.778,661.597,2.4147,-0.12323,-20.961,-29.818,60.851,0.0,8.857,0.4536,12.95,-0.000204,19.45
2.847,41.784,661.779,2.3918,-0.12815,-14.765,-24.177,110.607,0.0,9.412,0.2085,12.81,-0.000204,13.46
2.897,41.79,661.949,2.3698,-0.12977,-11.874,-19.75,112.818,0.0,7.876,0.0274,12.78,-0.000204,13.42
2.948,41.797,662.13,2.3466,-0.12682,-13.446,-17.534,88.541,0.0,4.089,-0.1542,12.69,-0.000204,14.02
2.998,41.803,662.319,2.3229,-0.12316,-15.689,-17.062,44.318,0.0,1.373,-0.1661,12.64,-0.000204,14.1
3.05,41.808,662.487,2.3025,-0.1204,-17.229,-17.305,9.443,0.0,0.077,-0.0834,12.58,-0.000204,15.0
3.099,41.813,662.654,2.2825,-0.12,-16.467,-17.134,-4.861,0.0,0.667,0.0494,12.51,-0.000204,14.29
3.16,41.818,662.831,2.2612,-0.1217,-13.535,-15.887,3.433,0.0,2.351,0.1562,12.47,-0.000204,24.97
3.2,41.823,663.007,2.2396,-0.12502,-8.994,-13.408,24.942,0.0,4.413,0.2155,12.41,-0.000204,14.54
3.249,41.829,663.183,2.2178,-0.12725,-5.487,-10.482,49.579,0.0,4.995,0.1489,12.37,4.8e-05,13.91
3.297,41.835,663.368,2.1943,-0.12718,-4.176,-8.156,58.512,0.0,3.98,0.0185,12.34,4.8e-05,10.34
3.35,41.841,663.521,2.1748,-0.1259,-4.313,-6.816,46.528,0.0,2.504,-0.0566,12.28,4.8e-05,13.09
3.396,41.846,663.685,2.1545,-0.12383,-5.168,-6.312,26.789,0.0,1.144,-0.0699,12.24,4.8e-05,9.31
3.446,41.852,663.878,2.1307,-0.12173,-5.861,-6.235,10.082,0.0,0.374,-0.042,12.19,4.8e-05,8.76
3.498,41.856,664.04,2.1111,-0.12068,-5.748,-6.123,1.542,0.0,0.374,0.0076,12.27,4.8e-05,10.09
3.554,41.861,664.218,2.0897,-0.12087,-4.317,-5.519,2.242,0.0,1.201,0.0726,12.87,4.8e-05,15.52
3.604,41.866,664.394,2.0684,-0.12137,-2.575,-4.449,12.079,0.0,1.874,0.0862,13.56,4.8e-05,16.08
3.657,41.872,664.603,2.0435,-0.12285,0.623,-2.664,21.405,0.0,3.287,0.1372,14.25,0.000182,18.34
3.702,41.878,664.785,2.0211,-0.12318,2.259,-0.84,35.703,0.0,3.098,0.0677,14.9,0.000182,13.03
3.751,41.885,665.027,1.9915,-0.12188,2.707,0.446,36.476,0.0,2.261,-0.0115,15.58,0.000182,11.07
3.803,41.89,665.226,1.9675,-0.11979,2.045,0.983,25.713,0.0,1.062,-0.0596,16.27,0.000182,12.86
3.85,41.897,665.475,1.9379,-0.11756,1.569,1.11,10.749,0.0,0.46,-0.0387,16.96,0.000182,10.02
3.9,41.903,665.72,1.9094,-0.11572,1.418,1.162,2.524,0.0,0.256,-0.0059,17.65,0.000182,9.7
3.955,41.908,665.975,1.8801,-0.11433,2.591,1.617,1.046,0.0,0.974,0.058,18.28,0.000182,13.79
4.003,41.913,666.224,1.8522,-0.11402,5.702,3.014,9.096,0.0,2.688,0.1475,18.94,0.000105,11.95
4.056,41.919,666.497,1.8213,-0.11283,7.86,4.801,27.955,0.0,3.06,0.103,19.57,0.000105,14.75
4.104,41.923,666.745,1.7935,-0.1107,8.716,6.235,35.726,0.0,2.481,0.0133,20.18,0.000105,11.64
4.154,41.928,667.052,1.76,-0.10759,8.746,7.087,28.695,0.0,1.659,-0.0314,20.72,0.000105,11.41
4.204,41.932,667.366,1.7267,-0.10435,8.474,7.5,17.026,0.0,0.975,-0.0315,21.23,0.000105,10.84
4.258,41.934,667.671,1.6956,-0.10131,7.93,7.602,8.256,0.0,0.328,-0.0289,21.75,-6.9e-05,14.74
4.304,41.936,667.984,1.6645,-0.09834,7.726,7.6,2.048,0.0,0.126,-0.011,22.29,-6.9e-05,10.56
4.354,41.937,668.285,1.6353,-0.09565,7.643,7.592,-0.044,0.0,0.051,-0.0008,22.84,-6.9e-05,9.6
4.404,41.937,668.593,1.6062,-0.09324,7.735,7.63,-0.148,0.0,0.105,0.0061,23.38,-6.9e-05,9.34
4.457,41.936,668.928,1.5754,-0.09111,8.042,7.767,0.759,0.0,0.275,0.0151,23.9,-6.9e-05,11.91
4.512,41.935,669.25,1.5465,-0.08917,9.023,8.188,2.736,0.0,0.834,0.0445,24.47,0.000367,16.99
4.556,41.933,669.643,1.512,-0.08672,9.177,8.571,8.422,0.0,0.605,0.0094,25.05,0.000367,10.71
4.606,41.93,669.96,1.4849,-0.08385,8.66,8.614,7.659,0.0,0.046,-0.0341,25.67,0.000367,10.15
4.655,41.925,670.328,1.4546,-0.0811,8.32,8.468,0.86,0.0,-0.148,-0.0249,26.27,0.000367,8.6
4.707,41.92,670.705,1.425,-0.07877,8.511,8.436,-2.924,0.0,0.075,0.0108,26.95,3.2e-05,10.82
4.756,41.913,671.092,1.395,-0.0758,7.998,8.298,-0.646,0.0,-0.3,-0.0158,27.66,3.2e-05,10.17
4.808,41.905,671.489,1.3655,-0.07296,7.535,8.019,-2.755,0.0,-0.484,-0.0245,28.39,3.2e-05,10.41
4.859,41.895,671.897,1.3363,-0.07031,7.19,7.703,-5.573,0.0,-0.514,-0.0149,29.14,3.2e-05,11.41
4.91,41.884,672.315,1.3074,-0.0676,6.675,7.332,-6.317,0.0,-0.657,-0.0188,29.89,0.000548,11.96
4.959,41.872,672.744,1.2789,-0.06521,6.381,6.979,-7.426,0.0,-0.598,-0.0104,30.6,0.000548,10.64
5.01,41.859,673.157,1.2525,-0.06273,5.949,6.613,-7.058,0.0,-0.663,-0.0143,31.35,0.000548,11.3
5.058,41.844,673.607,1.2248,-0.0603,5.544,6.228,-7.336,0.0,-0.685,-0.0152,32.06,0.000548,9.21
5.11,41.828,674.066,1.1975,-0.05771,4.837,5.741,-7.683,0.0,-0.904,-0.0279,32.77,0.000295,10.24
5.16,41.81,674.536,1.1709,-0.05582,4.729,5.357,-9.756,0.0,-0.628,-0.0024,33.5,0.000295,10.15
5.21,41.791,675.016,1.1445,-0.05394,4.591,5.09,-7.668,0.0,-0.499,0.0028,34.23,0.000295,10.19
5.261,41.773,675.448,1.1215,-0.05176,4.377,4.857,-5.351,0.0,-0.48,-0.0044,34.89,0.000398,10.84
5.312,41.751,675.946,1.0961,-0.0499,4.143,4.615,-4.649,0.0,-0.472,-0.0094,35.56,0.000398,11.26
5.363,41.728,676.453,1.0712,-0.04795,3.809,4.337,-4.839,0.0,-0.528,-0.0135,36.19,0.000398,11.75
5.412,41.703,676.97,1.0468,-0.04615,3.876,4.156,-5.566,0.0,-0.281,0.004,36.77,0.000362,10.24
5.462,41.678,677.494,1.023,-0.04445,3.626,3.98,-3.609,0.0,-0.354,-0.0057,37.36,0.000362,10.03
5.513,41.651,678.027,0.9997,-0.04278,3.332,3.753,-3.528,0.0,-0.422,-0.0132,37.86,0.000362,11.44
5.562,41.624,678.534,0.9782,-0.04084,2.483,3.316,-4.536,0.0,-0.833,-0.0373,38.23,0.000382,9.99
5.612,41.595,679.076,0.9564,-0.03934,2.126,2.868,-8.747,0.0,-0.743,-0.0167,38.4,0.000382,9.71
5.664,41.565,679.618,0.9354,-0.03814,1.795,2.487,-8.951,0.0,-0.692,-0.0064,38.18,0.000382,11.64
5.713,41.534,680.156,0.9147,-0.03609,0.783,1.914,-7.632,0.0,-1.131,-0.0401,38.01,0.000132,9.98
5.764,41.503,680.695,0.8955,-0.03533,0.819,1.487,-11.462,0.0,-0.668,0.0005,38.15,0.000132,10.61
5.815,41.474,681.205,0.8776,-0.03479,1.011,1.32,-8.526,0.0,-0.309,0.0212,38.42,0.000132,11.63
5.867,41.442,681.75,0.8585,-0.03379,0.645,1.124,-3.356,0.0,-0.479,-0.0098,38.74,0.000237,13.77
5.915,41.409,682.301,0.84,-0.03339,0.951,1.047,-3.916,0.0,-0.096,0.0098,39.09,0.000237,11.89
5.964,41.376,682.856,0.8215,-0.03305,1.282,1.131,-1.53,0.0,0.151,0.0197,39.43,0.000237,10.55
6.021,41.343,683.417,0.803,-0.03231,1.209,1.177,1.669,0.0,0.032,-0.0023,39.83,1.4e-05,16.88
6.066,41.313,683.917,0.7869,-0.03183,1.405,1.241,0.923,0.0,0.164,0.0041,40.26,1.4e-05,11.54
6.117,41.278,684.489,0.7688,-0.03143,1.685,1.383,1.282,0.0,0.301,0.0132,40.7,1.4e-05,12.57
6.172,41.243,685.068,0.7507,-0.03101,2.044,1.629,2.849,0.0,0.415,0.0194,41.15,5.3e-05,17.19
6.217,41.207,685.653,0.7327,-0.03034,2.146,1.858,4.915,0.0,0.288,0.0062,41.63,5.3e-05,11.75
6.271,41.17,686.245,0.7151,-0.02971,2.461,2.004,4.572,0.0,0.457,-0.0035,42.06,-7.2e-05,14.94
6.319,41.129,686.878,0.6965,-0.02879,2.382,2.062,2.922,0.0,0.32,-0.0072,42.42,-7.2e-05,12.76
6.369,41.095,687.409,0.6814,-0.02788,2.218,2.04,1.163,0.0,0.177,-0.0091,42.69,-7.2e-05,11.99
6.423,41.056,688.014,0.6648,-0.02725,1.692,1.963,-0.437,0.0,-0.272,-0.0085,42.88,-2.2e-05,16.77
6.471,41.016,688.621,0.6485,-0.02626,1.487,1.845,-1.538,0.0,-0.358,-0.0085,43.05,-2.2e-05,14.07
6.522,40.975,689.231,0.6327,-0.0251,1.577,1.676,-2.368,0.0,-0.099,-0.0111,43.21,0.00023,15.21
6.567,40.933,689.843,0.6176,-0.02414,1.355,1.486,-3.369,0.0,-0.131,-0.009,43.36,0.00023,10.09
6.618,40.893,690.421,0.6038,-0.02348,1.288,1.338,-3.811,0.0,-0.05,-0.0007,43.53,0.00023,10.58
6.674,40.85,691.038,0.5898,-0.02357,1.017,1.259,-2.957,0.0,-0.242,0.0045,43.72,0.000105,16.13
6.718,40.807,691.657,0.5753,-0.02289,0.948,1.193,-1.576,0.0,-0.245,-0.001,43.91,0.000105,10.14
6.767,40.763,692.279,0.5613,-0.02217,0.846,1.108,-1.328,0.0,-0.262,-0.0049,44.1,0.000105,8.55
6.82,40.724,692.83,0.5492,-0.02159,1.089,1.078,-1.695,0.0,0.011,0.0047,44.28,0.000152,10.83
6.867,40.678,693.457,0.5358,-0.02097,1.029,1.053,-0.593,0.0,-0.025,-0.0004,44.46,0.000152,8.39
6.923,40.63,694.123,0.5224,-0.02137,1.414,1.171,-0.504,0.0,0.243,0.0191,44.62,0.000405,13.28
6.968,40.584,694.754,0.509,-0.02089,1.423,1.284,2.364,0.0,0.139,0.0034,44.76,0.000405,8.88
7.019,40.537,695.388,0.4959,-0.02032,1.372,1.324,2.26,0.0,0.049,-0.0063,44.88,0.000405,9.58
7.074,40.49,696.023,0.4833,-0.02005,1.524,1.371,0.786,0.0,0.153,0.0024,45.01,0.000293,14.3
7.12,40.442,696.66,0.4707,-0.01943,1.431,1.384,0.94,0.0,0.048,-0.0031,45.14,0.000293,10.62
7.174,40.4,697.224,0.4602,-0.01938,1.586,1.475,0.259,0.0,0.112,0.0113,45.22,-1.9e-05,13.63
7.221,40.351,697.862,0.448,-0.01875,1.456,1.516,1.817,0.0,-0.06,-0.0038,45.09,-1.9e-05,10.18
7.276,40.302,698.496,0.4363,-0.01803,1.241,1.453,0.823,0.0,-0.211,-0.0131,44.8,-1.9e-05,15.41
7.324,40.253,699.127,0.4252,-0.01784,1.63,1.471,-1.255,0.0,0.158,0.0091,44.5,0.000268,13.43
7.374,40.204,699.753,0.4142,-0.01717,1.436,1.454,0.368,0.0,-0.017,-0.0044,44.23,0.000268,13.26
7.426,40.155,700.375,0.404,-0.01711,1.443,1.468,-0.357,0.0,-0.026,0.0039,43.93,6.1e-05,14.29
7.471,40.105,700.993,0.3937,-0.01638,1.201,1.412,0.293,0.0,-0.211,-0.0094,43.64,6.1e-05,9.64
7.543,40.062,701.535,0.385,-0.01559,0.893,1.255,-1.122,0.0,-0.363,-0.016,43.36,6.1e-05,31.29
7.585,40.009,702.181,0.3752,-0.01502,1.0,1.138,-3.135,0.0,-0.138,0.0,43.05,0.000157,22.01
7.623,39.962,702.751,0.3667,-0.01456,0.877,1.042,-2.346,0.0,-0.164,-0.0012,42.78,0.000157,9.86
7.683,39.913,703.353,0.3583,-0.01447,0.925,1.012,-1.927,0.0,-0.087,0.006,42.5,-3.4e-05,19.91
7.724,39.863,703.951,0.3497,-0.01394,0.76,0.95,-0.589,0.0,-0.191,-0.0056,42.22,-3.4e-05,11.23
7.773,39.817,704.51,0.342,-0.0134,0.575,0.833,-1.24,0.0,-0.258,-0.0099,41.96,-3.4e-05,9.84
7.832,39.764,705.135,0.3337,-0.01305,0.67,0.764,-2.346,0.0,-0.095,0.0027,41.7,-0.000267,17.96
7.876,39.721,705.653,0.327,-0.01273,0.594,0.717,-1.372,0.0,-0.124,0.0006,41.43,-0.000267,11.68
7.928,39.666,706.304,0.3189,-0.01254,0.57,0.663,-0.938,0.0,-0.093,-0.0027,41.16,-0.000122,14.33
7.972,39.619,706.849,0.3121,-0.01228,0.537,0.609,-1.087,0.0,-0.072,-0.0018,40.91,-0.000122,8.09
8.024,39.573,707.391,0.3055,-0.01206,0.52,0.57,-1.078,0.0,-0.05,0.0002,40.64,-0.000122,9.98
8.08,39.525,707.962,0.2985,-0.01178,0.167,0.439,-0.781,0.0,-0.272,-0.0143,40.38,-0.000285,15.38
8.123,39.479,708.497,0.2923,-0.01162,0.182,0.334,-2.628,0.0,-0.152,-0.0008,40.13,-0.000285,8.41
8.176,39.431,709.062,0.2857,-0.01148,0.219,0.293,-2.092,0.0,-0.074,0.0052,39.87,-0.000285,10.65
8.231,39.38,709.655,0.2789,-0.01129,0.389,0.335,-0.822,0.0,0.054,0.0102,39.62,-0.000124,15.28
8.276,39.332,710.213,0.2726,-0.01127,0.497,0.403,0.841,0.0,0.094,0.0051,39.37,-0.000124,10.02
8.326,39.287,710.734,0.2667,-0.01122,0.581,0.472,1.368,0.0,0.109,0.0024,39.12,-0.000124,9.66
8.382,39.24,711.284,0.2606,-0.01125,0.66,0.535,1.376,0.0,0.125,0.0016,38.86,-8e-05,14.86
8.43,39.195,711.798,0.2549,-0.01092,0.566,0.546,1.264,0.0,0.021,-0.0052,38.61,-8e-05,13.18
8.478,39.148,712.342,0.2491,-0.01088,0.341,0.471,0.204,0.0,-0.129,-0.0115,38.38,-0.000264,9.94
8.527,39.101,712.881,0.2432,-0.0108,0.415,0.432,-1.5,0.0,-0.017,0.0024,38.14,-0.000264,8.72
8.578,39.058,713.386,0.2378,-0.01073,0.482,0.447,-0.774,0.0,0.035,0.0062,37.89,-0.000264,9.21
8.632,39.006,713.982,0.2316,-0.01074,0.757,0.561,0.3,0.0,0.196,0.0143,37.65,-0.000621,12.33
8.683,38.965,714.449,0.2266,-0.01045,0.679,0.627,2.279,0.0,0.052,-0.0027,37.41,-0.000621,12.79
8.732,38.919,714.976,0.2211,-0.01017,0.616,0.625,1.321,0.0,-0.009,-0.0071,37.17,-0.000621,11.11
8.784,38.873,715.499,0.2163,-0.0105,1.321,0.834,-0.029,0.0,0.486,0.0293,36.94,-0.000341,13.09
8.832,38.824,716.049,0.2106,-0.01003,1.142,0.974,4.179,0.0,0.168,-0.0024,36.71,-0.000341,10.55
8.883,38.779,716.565,0.2055,-0.00957,0.951,0.962,2.794,0.0,-0.011,-0.0163,36.48,-0.000341,11.86
8.932,38.733,717.077,0.201,-0.0096,0.716,0.863,-0.237,0.0,-0.147,-0.0126,36.25,-6.6e-05,9.96
8.984,38.69,717.557,0.1965,-0.00926,0.592,0.758,-1.981,0.0,-0.167,-0.0042,36.02,-6.6e-05,12.14
9.033,38.644,718.064,0.1918,-0.00901,0.535,0.68,-2.094,0.0,-0.145,0.0,35.8,-6.6e-05,10.19
9.083,38.602,718.537,0.1876,-0.00864,0.642,0.662,-1.569,0.0,-0.02,0.0057,35.58,-9.6e-05,10.5
9.135,38.557,719.038,0.1833,-0.00845,0.614,0.649,-0.367,0.0,-0.035,0.0002,35.35,-9.6e-05,11.69
9.183,38.512,719.535,0.1791,-0.00832,0.619,0.635,-0.25,0.0,-0.016,-0.0007,35.14,-9.6e-05,9.54
9.232,38.469,720.0,0.1753,-0.0082,0.631,0.628,-0.287,0.0,0.004,0.0005,34.93,-9.6e-05,8.61
9.288,38.425,720.491,0.1714,-0.00853,0.827,0.691,-0.143,0.0,0.135,0.0097,34.71,0.000107,14.34
9.339,38.38,720.979,0.1672,-0.00827,0.752,0.724,1.276,0.0,0.028,-0.0021,34.49,0.000107,14.34
9.385,38.336,721.464,0.1633,-0.00788,0.582,0.675,0.654,0.0,-0.093,-0.0103,34.27,0.000107,10.43
9.437,38.292,721.946,0.1596,-0.00765,0.743,0.684,-0.982,0.0,0.059,0.0064,34.07,-0.000234,11.88
9.488,38.248,722.425,0.156,-0.00747,0.712,0.705,0.18,0.0,0.007,0.002,33.86,-0.000234,13.06
9.54,38.207,722.872,0.1527,-0.00721,0.61,0.682,0.427,0.0,-0.071,-0.0056,33.65,-0.000234,14.5
9.59,38.163,723.346,0.1494,-0.0072,0.974,0.765,-0.476,0.0,0.21,0.0141,33.46,0.000313,14.54
9.639,38.119,723.816,0.1461,-0.00691,0.852,0.81,1.661,0.0,0.042,-0.0024,33.24,0.000313,13.55
9.69,38.081,724.228,0.1433,-0.00651,0.641,0.75,0.909,0.0,-0.11,-0.0131,33.03,0.000313,13.45
9.748,38.035,724.72,0.1402,-0.00606,0.227,0.565,-1.193,0.0,-0.338,-0.0196,32.83,-0.00012,21.74
9.787,37.992,725.181,0.1374,-0.00582,0.121,0.393,-3.706,0.0,-0.272,-0.0046,32.61,-0.00012,10.18
9.837,37.949,725.64,0.1347,-0.00581,0.178,0.315,-3.443,0.0,-0.137,0.0072,32.43,-0.00012,9.81
9.886,37.906,726.096,0.1321,-0.00589,0.298,0.32,-1.557,0.0,-0.021,0.0088,32.23,-0.00012,8.69
9.938,37.864,726.548,0.1292,-0.00548,0.28,0.316,0.088,0.0,-0.037,-0.0009,32.03,-4.1e-05,10.2
9.986,37.824,726.972,0.1269,-0.00531,0.213,0.281,-0.061,0.0,-0.067,-0.0047,31.84,-4.1e-05,8.04
10.037,37.787,727.367,0.1248,-0.00505,0.08,0.208,-0.717,0.0,-0.127,-0.0064,31.64,-4.1e-05,8.61
10.088,37.74,727.865,0.1222,-0.0049,-0.162,0.076,-1.46,0.0,-0.238,-0.0108,31.46,0.00053,9.71
10.138,37.703,728.255,0.1202,-0.00526,0.148,0.08,-2.636,0.0,0.068,0.0143,31.27,0.00053,9.81
10.188,37.662,728.695,0.1178,-0.00545,0.341,0.18,0.078,0.0,0.161,0.0136,31.07,0.00053,9.67
10.238,37.621,729.132,0.1155,-0.00534,0.324,0.245,2.007,0.0,0.079,-0.0014,30.9,0.00053,8.65
10.29,37.58,729.566,0.113,-0.00474,-0.098,0.133,1.3,0.0,-0.231,-0.0224,30.7,0.000572,10.22
10.34,37.54,729.998,0.111,-0.00457,-0.173,0.0,-2.239,0.0,-0.173,-0.0068,30.52,0.000572,9.87
10.389,37.499,730.427,0.109,-0.00469,-0.037,-0.026,-2.657,0.0,-0.011,0.0102,30.33,0.000572,8.98
10.444,37.459,730.853,0.1068,-0.00469,0.254,0.083,-0.529,0.0,0.171,0.018,30.15,0.000883,13.28
10.494,37.422,731.252,0.1049,-0.00467,0.288,0.183,2.179,0.0,0.105,0.0026,29.97,0.000883,13.46
10.546,37.382,731.674,0.103,-0.00441,0.143,0.184,2.01,0.0,-0.041,-0.0104,29.8,0.000883,14.39
10.593,37.343,732.093,0.1012,-0.00412,-0.027,0.11,0.017,0.0,-0.136,-0.0105,29.62,0.000883,11.51
10.643,37.304,732.509,0.0994,-0.00399,0.362,0.175,-1.488,0.0,0.187,0.017,29.44,-0.000166,11.48
10.693,37.265,732.923,0.0978,-0.00394,0.37,0.262,1.312,0.0,0.108,0.0053,29.25,-0.000166,10.63
10.741,37.226,733.334,0.0962,-0.00374,0.259,0.271,1.744,0.0,-0.011,-0.008,29.09,-0.000166,8.23
10.794,37.187,733.743,0.0947,-0.00375,0.309,0.273,0.167,0.0,0.036,-0.0006,28.91,-0.000166,10.62
10.846,37.149,734.149,0.0929,-0.00335,-0.299,0.085,0.045,0.0,-0.384,-0.0264,28.73,0.000515,12.75
10.894,37.11,734.553,0.0916,-0.00333,-0.285,-0.078,-3.754,0.0,-0.207,-0.0031,28.56,0.000515,10.15
10.946,37.075,734.931,0.0903,-0.00358,-0.062,-0.085,-3.263,0.0,0.023,0.0161,28.39,0.000515,11.72
10.995,37.037,735.33,0.0888,-0.00379,0.147,0.008,-0.134,0.0,0.139,0.0137,28.22,0.000515,10.04
11.048,37.0,735.726,0.0869,-0.00303,-0.726,-0.205,1.859,0.0,-0.521,-0.0396,28.06,1.5e-05,13.13
11.097,36.967,736.074,0.0858,-0.0033,-0.495,-0.356,-4.277,0.0,-0.139,0.0014,27.89,1.5e-05,11.37
11.146,36.93,736.467,0.0844,-0.00363,-0.195,-0.304,-3.004,0.0,0.109,0.023,27.72,1.5e-05,10.29
11.196,36.894,736.856,0.083,-0.00372,-0.088,-0.199,1.039,0.0,0.111,0.0092,27.56,1.5e-05,10.35
11.251,36.858,737.244,0.0813,-0.00337,-0.272,-0.213,2.102,0.0,-0.059,-0.013,27.4,-0.0003,14.97
11.301,36.822,737.629,0.0799,-0.00348,-0.144,-0.214,-0.287,0.0,0.07,0.0014,27.24,-0.0003,13.9
11.352,36.787,738.012,0.0786,-0.00365,0.031,-0.139,-0.02,0.0,0.17,0.0106,27.08,-0.0003,14.7
11.402,36.751,738.393,0.0771,-0.00393,0.292,0.011,1.505,0.0,0.281,0.013,26.93,-0.0003,14.73
11.451,36.716,738.771,0.0756,-0.00377,-0.031,0.026,2.985,0.0,-0.057,-0.0134,26.77,0.000437,13.83
11.498,36.682,739.148,0.0742,-0.00364,-0.099,-0.024,0.312,0.0,-0.074,-0.0087,26.61,0.000437,10.42
11.55,36.651,739.478,0.073,-0.00327,-0.358,-0.135,-1.013,0.0,-0.222,-0.0102,26.45,0.000437,12.12
11.601,36.616,739.85,0.0718,-0.00312,-0.444,-0.245,-2.218,0.0,-0.199,-0.0036,26.29,0.000437,12.31
11.652,36.582,740.22,0.0706,-0.00294,-0.126,-0.223,-2.184,0.0,0.096,0.0145,26.15,0.000281,13.03
11.707,36.548,740.587,0.0695,-0.00315,0.079,-0.116,0.437,0.0,0.195,0.0127,26.0,0.000281,17.44
11.752,36.514,740.953,0.0683,-0.00327,0.214,0.0,2.143,0.0,0.214,0.005,25.83,0.000281,12.47
11.803,36.48,741.316,0.0671,-0.00344,0.39,0.125,2.318,0.0,0.265,0.0053,25.68,0.000281,13.08
11.858,36.446,741.677,0.0659,-0.00378,0.033,0.11,2.498,0.0,-0.078,-0.0151,25.54,0.000799,18.23
11.901,36.413,742.036,0.0645,-0.00391,0.182,0.118,-0.296,0.0,0.064,0.0026,25.4,0.000799,10.37
11.953,36.38,742.393,0.0632,-0.00355,-0.06,0.07,0.151,0.0,-0.13,-0.0075,25.25,0.000799,12.62
12.007,36.351,742.706,0.0621,-0.00313,-0.373,-0.078,-0.965,0.0,-0.294,-0.0156,25.09,0.000799,15.7
12.06,36.318,743.059,0.0608,-0.00276,-0.095,-0.105,-2.965,0.0,0.01,0.0118,24.95,-2.3e-05,18.22
12.102,36.285,743.41,0.0598,-0.00276,-0.067,-0.073,-0.536,0.0,0.006,0.0073,24.81,-2.3e-05,10.22
12.154,36.251,743.78,0.0588,-0.0027,-0.08,-0.06,0.637,0.0,-0.02,-0.0015,24.67,-2.3e-05,11.63
12.212,36.226,744.045,0.0581,-0.00293,0.132,0.005,0.266,0.0,0.127,0.0077,24.52,-2.3e-05,19.66
12.254,36.19,744.431,0.0569,-0.00339,0.56,0.2,1.303,0.0,0.36,0.0204,24.38,-2.3e-05,10.67
12.307,36.161,744.753,0.056,-0.00374,0.787,0.416,3.897,0.0,0.371,0.0098,24.24,0.000582,13.63
12.352,36.125,745.134,0.0546,-0.00341,0.567,0.478,4.325,0.0,0.088,-0.014,24.11,0.000582,8.63
12.405,36.095,745.453,0.0536,-0.00313,0.362,0.418,1.241,0.0,-0.056,-0.0149,23.97,0.000582,11.12
12.457,36.062,745.81,0.0525,-0.00273,0.064,0.277,-1.2,0.0,-0.213,-0.0134,23.83,0.000582,12.94
12.509,36.033,746.125,0.0516,-0.00232,-0.96,-0.142,-2.823,0.0,-0.818,-0.0438,23.7,0.00037,13.86
12.555,36.003,746.439,0.0509,-0.00254,-0.747,-0.406,-8.389,0.0,-0.341,0.0071,23.55,0.00037,10.16
12.607,35.97,746.789,0.0498,-0.00325,-0.099,-0.304,-5.271,0.0,0.204,0.0419,23.42,0.00037,11.59
12.657,35.94,747.119,0.0487,-0.00357,0.223,-0.074,2.044,0.0,0.297,0.0214,23.28,0.00037,10.88
12.705,35.911,747.427,0.0476,-0.00348,0.193,0.05,4.604,0.0,0.143,-0.0068,23.14,0.00037,7.93
12.762,35.881,747.752,0.0464,-0.00343,0.15,0.064,2.473,0.0,0.086,-0.011,23.02,0.000378,14.86
12.811,35.851,748.076,0.0453,-0.00348,0.242,0.097,0.279,0.0,0.145,0.0031,22.89,0.000378,14.12
12.86,35.823,748.379,0.0443,-0.00324,0.072,0.079,0.65,0.0,-0.007,-0.0058,22.76,0.000378,12.44
12.912,35.793,748.699,0.0433,-0.0032,0.082,0.06,-0.344,0.0,0.022,-0.0008,22.63,0.000378,13.98
12.96,35.765,748.999,0.0423,-0.00331,0.219,0.098,-0.379,0.0,0.121,0.0073,22.51,0.000378,12.54
13.016,35.736,749.315,0.0417,-0.00423,0.674,0.31,0.755,0.0,0.365,0.0256,22.39,0.000334,17.5
13.062,35.707,749.63,0.0404,-0.00395,0.488,0.421,4.231,0.0,0.067,-0.0066,22.26,0.000334,13.13
13.111,35.676,749.961,0.0392,-0.00322,-0.107,0.259,2.225,0.0,-0.366,-0.0343,22.14,0.000334,12.53
13.16,35.648,750.254,0.0383,-0.00297,-0.293,0.048,-3.24,0.0,-0.341,-0.0126,22.01,0.000334,10.48
13.212,35.621,750.546,0.0375,-0.00185,-1.261,-0.383,-4.229,0.0,-0.878,-0.0379,21.88,0.000334,12.37
13.263,35.589,750.871,0.0377,-0.0016,-0.192,-0.395,-8.604,0.0,0.202,0.0434,21.75,0.000114,13.56
13.311,35.562,751.159,0.0372,-0.00209,0.261,-0.138,-0.24,0.0,0.4,0.037,21.64,0.000114,11.22
13.362,35.533,751.463,0.0364,-0.00325,1.347,0.386,5.125,0.0,0.96,0.0464,21.52,0.000114,11.51
13.415,35.503,751.784,0.0352,-0.00378,1.879,0.93,10.497,0.0,0.949,0.021,21.41,0.000114,13.58
13.475,35.476,752.067,0.0342,-0.00346,1.643,1.191,10.875,0.0,0.453,-0.0206,21.29,0.000114,23.77
13.521,35.451,752.331,0.0342,-0.00395,1.237,1.186,5.212,0.0,0.051,-0.028,21.19,0.000681,19.34
13.566,35.419,752.664,0.033,-0.00334,0.743,1.006,-0.098,0.0,-0.263,-0.0246,21.07,0.000681,13.64
13.616,35.392,752.943,0.0322,-0.00241,-0.066,0.623,-3.593,0.0,-0.689,-0.0347,20.94,0.000681,14.03
13.668,35.363,753.237,0.0317,-0.00088,-1.447,-0.1,-7.667,0.0,-1.347,-0.0608,20.84,0.000681,15.77
13.714,35.334,753.53,0.0316,-0.00037,-1.914,-0.784,-14.459,0.0,-1.13,-0.0198,20.73,0.000681,11.26
13.768,35.306,753.821,0.0311,-0.00176,-0.004,-0.568,-13.674,0.0,0.564,0.1018,20.61,0.00044,15.14
13.815,35.281,754.077,0.0304,-0.0037,1.829,0.356,4.321,0.0,1.473,0.1063,20.49,0.00044,11.91
13.865,35.254,754.365,0.0292,-0.00416,2.315,1.162,18.47,0.0,1.153,0.0159,20.39,0.00044,12.15
13.918,35.228,754.635,0.0282,-0.00325,1.528,1.331,16.124,0.0,0.197,-0.0608,20.27,0.00044,13.82
13.971,35.198,754.954,0.0273,-0.00229,0.678,1.051,3.379,0.0,-0.374,-0.0567,20.17,0.00044,16.57
14.016,35.17,755.237,0.0267,-0.00172,0.168,0.693,-5.589,0.0,-0.525,-0.0208,20.05,0.00044,11.52
14.068,35.144,755.502,0.0268,-0.0018,0.63,0.626,-7.168,0.0,0.004,0.0282,19.95,0.000702,13.47
14.116,35.117,755.783,0.0263,-0.00132,0.194,0.515,-1.341,0.0,-0.321,-0.0085,19.84,0.000702,10.74
14.168,35.091,756.045,0.026,-0.00138,0.266,0.41,-2.216,0.0,-0.144,-0.003,19.73,0.000702,12.33
14.218,35.063,756.322,0.0255,-0.00191,0.788,0.514,-2.099,0.0,0.274,0.0255,19.63,0.000702,12.17
14.268,35.037,756.598,0.0249,-0.00255,1.434,0.836,2.077,0.0,0.598,0.0341,19.53,0.000702,11.45
14.318,35.01,756.873,0.0242,-0.00288,0.869,0.905,6.446,0.0,-0.037,-0.0241,19.43,0.000801,12.11
14.37,34.983,757.146,0.0234,-0.00244,0.494,0.748,1.38,0.0,-0.254,-0.0292,19.33,0.000801,12.67
14.422,34.957,757.418,0.0229,-0.002,0.108,0.504,-3.151,0.0,-0.396,-0.0176,19.23,0.000801,15.01
14.473,34.933,757.656,0.0224,-0.00186,-0.002,0.314,-4.884,0.0,-0.316,-0.0009,19.2,0.000801,15.52
14.522,34.907,757.93,0.0219,-0.00163,-0.189,0.152,-3.787,0.0,-0.341,-0.0029,19.73,0.000801,13.83
14.571,34.881,758.196,0.0215,-0.00169,-0.093,0.068,-3.251,0.0,-0.162,0.0054,20.34,0.000801,12.4
14.626,34.852,758.487,0.0207,-0.00159,0.058,0.057,-1.663,0.0,0.001,0.0071,20.97,0.001157,17.38
14.67,34.823,758.787,0.0202,-0.00193,0.399,0.162,-0.227,0.0,0.238,0.0158,21.67,0.001157,11.24
14.722,34.791,759.116,0.0194,-0.00246,0.905,0.413,2.089,0.0,0.492,0.0242,22.39,0.001157,13.21
14.771,34.76,759.437,0.0186,-0.00286,1.282,0.72,5.03,0.0,0.562,0.0166,23.1,0.001157,11.57
14.825,34.728,759.769,0.0176,-0.00273,1.205,0.893,6.148,0.0,0.312,-0.0081,23.9,0.001157,15.25
14.874,34.696,760.093,0.0172,-0.00299,0.784,0.864,3.457,0.0,-0.08,-0.0222,24.74,0.000948,14.96
14.922,34.664,760.427,0.0162,-0.00257,0.456,0.715,-0.593,0.0,-0.26,-0.0176,25.59,0.000948,12.29
14.979,34.63,760.77,0.0154,-0.00237,0.315,0.572,-2.966,0.0,-0.257,-0.0045,26.12,0.000948,18.91
15.028,34.589,761.187,0.0144,-0.00206,0.097,0.423,-2.862,0.0,-0.326,-0.0058,26.85,0.000948,17.45
15.08,34.552,761.57,0.0141,-0.00154,0.716,0.497,-2.98,0.0,0.219,0.0259,27.32,0.00094,19.28
15.127,34.518,761.909,0.0136,-0.00102,0.317,0.469,1.478,0.0,-0.151,-0.0117,27.06,0.00094,16.14
15.173,34.485,762.244,0.0133,-0.001,0.317,0.394,-0.563,0.0,-0.077,-0.0075,26.92,0.00094,11.76
15.223,34.443,762.667,0.0129,-0.00119,0.482,0.4,-1.503,0.0,0.082,0.0088,26.77,0.00094,10.64
15.273,34.405,763.043,0.0131,-0.0026,0.849,0.558,0.129,0.0,0.29,0.0214,26.58,0.000955,10.41
15.321,34.368,763.417,0.0121,-0.00272,0.991,0.732,3.16,0.0,0.259,0.0077,26.4,0.000955,8.92
15.373,34.334,763.766,0.0112,-0.0027,1.015,0.839,3.473,0.0,0.176,-0.0033,26.22,0.000955,11.0
15.422,34.297,764.134,0.0102,-0.00227,0.708,0.798,2.138,0.0,-0.089,-0.017,26.07,0.000955,9.14
15.472,34.259,764.522,0.0095,-0.00127,0.193,0.577,-0.825,0.0,-0.385,-0.0264,25.91,0.001662,9.1
15.523,34.226,764.843,0.0092,-0.00079,-0.182,0.29,-4.404,0.0,-0.472,-0.017,25.74,0.001662,9.71
15.574,34.188,765.226,0.0089,-0.00083,-0.137,0.12,-5.743,0.0,-0.257,0.0063,25.58,0.001662,10.53
15.626,34.151,765.585,0.0085,-0.00103,0.036,0.095,-3.405,0.0,-0.059,0.0143,25.44,0.001662,11.91
15.674,34.118,765.921,0.0088,-0.00219,0.971,0.394,-0.501,0.0,0.577,0.0444,25.29,0.001913,9.97
15.724,34.082,766.277,0.008,-0.00231,1.115,0.691,5.99,0.0,0.424,0.01,25.14,0.001913,9.21
15.774,34.045,766.651,0.0071,-0.00262,1.408,0.939,5.929,0.0,0.468,0.0036,25.0,0.001913,9.03
15.823,34.014,766.961,0.0062,-0.00239,1.252,1.048,4.968,0.0,0.204,-0.0108,24.92,0.001913,7.88
15.875,33.976,767.336,0.0055,-0.00146,0.506,0.859,2.184,0.0,-0.353,-0.0379,25.37,0.001913,9.53
15.93,33.941,767.677,0.0054,-0.00131,0.43,0.67,-3.79,0.0,-0.24,-0.0066,26.01,0.003042,13.62
15.983,33.903,768.049,0.005,-0.00085,0.067,0.469,-3.784,0.0,-0.402,-0.0083,26.67,0.003042,17.42
16.028,33.867,768.407,0.0048,-0.00043,-0.259,0.225,-4.022,0.0,-0.484,-0.0129,27.37,0.003042,11.2
16.078,33.826,768.798,0.0047,1e-05,-0.593,-0.055,-4.871,0.0,-0.538,-0.0136,28.02,0.003042,11.3
16.131,33.785,769.197,0.0051,-0.00061,0.148,-0.023,-5.598,0.0,0.171,0.0338,28.68,0.003081,14.09
16.179,33.743,769.607,0.0047,-0.00108,0.513,0.186,0.636,0.0,0.327,0.0259,29.31,0.003081,11.92
16.23,33.698,770.049,0.0041,-0.00141,0.766,0.404,4.185,0.0,0.362,0.0085,29.88,0.003081,12.08
16.284,33.657,770.448,0.0036,-0.00139,0.767,0.529,4.352,0.0,0.238,-0.0054,30.33,0.003081,15.97
16.335,33.615,770.854,0.0032,-0.00196,0.488,0.515,2.497,0.0,-0.027,-0.015,30.79,0.003132,16.04
16.381,33.57,771.291,0.0024,-0.00165,0.279,0.422,-0.274,0.0,-0.144,-0.0115,31.24,0.003132,12.18
16.441,33.522,771.761,0.0018,-0.001,-0.177,0.216,-1.852,0.0,-0.393,-0.0191,31.66,0.003132,22.42
16.484,33.478,772.184,0.0016,-0.0006,-0.163,0.059,-4.131,0.0,-0.223,-0.0002,31.99,0.002653,15.02
16.533,33.437,772.583,0.0014,-0.00047,-0.256,-0.05,-3.128,0.0,-0.206,0.0011,32.31,0.002653,14.0
16.58,33.386,773.068,0.0011,-0.00076,-0.046,-0.053,-2.183,0.0,0.007,0.0109,32.63,0.002653,10.39
16.641,33.339,773.53,0.0006,-0.00153,0.508,0.141,-0.069,0.0,0.368,0.0274,32.95,0.002653,21.33
16.682,33.291,773.997,0.0001,-0.00282,1.088,0.489,3.874,0.0,0.599,0.0283,33.26,0.003052,11.77
16.732,33.245,774.44,-0.001,-0.00219,0.673,0.595,6.961,0.0,0.078,-0.0216,33.55,0.003052,10.92
16.781,33.196,774.915,-0.0019,-0.00145,0.181,0.437,2.127,0.0,-0.256,-0.0333,33.87,0.003052,10.19
16.835,33.146,775.394,-0.0023,-0.00202,0.454,0.387,-3.168,0.0,0.066,0.0097,34.19,0.004436,14.24
16.88,33.096,775.878,-0.0032,-0.00198,0.445,0.411,-0.984,0.0,0.034,0.0084,34.49,0.004436,8.66
16.933,33.045,776.367,-0.0042,-0.00169,0.265,0.369,0.471,0.0,-0.103,-0.0084,34.81,0.004436,11.82
16.983,32.996,776.831,-0.0043,-0.00219,0.158,0.289,-0.844,0.0,-0.131,-0.0067,35.12,0.00405,11.1
17.033,32.944,777.328,-0.0054,-0.00216,0.152,0.235,-1.588,0.0,-0.083,0.0007,35.43,0.00405,11.41
17.084,32.891,777.83,-0.0065,-0.00247,0.381,0.281,-1.093,0.0,0.1,0.0122,35.73,0.00405,12.05
17.136,32.841,778.306,-0.0071,-0.00369,1.451,0.674,0.932,0.0,0.777,0.05,36.03,0.004854,13.88
17.184,32.788,778.816,-0.0089,-0.00308,1.081,0.88,7.86,0.0,0.201,-0.0124,36.32,0.004854,10.9
17.234,32.733,779.33,-0.0103,-0.00226,0.57,0.768,4.112,0.0,-0.198,-0.0371,36.62,0.004854,10.14
17.289,32.678,779.848,-0.0104,-0.00362,1.455,0.94,-2.229,0.0,0.515,0.0356,36.92,0.004837,14.86
17.34,32.623,780.37,-0.0123,-0.0033,1.276,1.104,3.426,0.0,0.172,0.005,37.21,0.004837,15.11
17.389,32.566,780.896,-0.0139,-0.00271,0.923,1.061,3.29,0.0,-0.138,-0.0232,37.49,0.004837,14.2
17.441,32.512,781.395,-0.0144,-0.00351,1.419,1.136,-0.859,0.0,0.282,0.015,37.78,0.004981,15.65
17.487,32.454,781.93,-0.0161,-0.00301,1.127,1.147,1.504,0.0,-0.019,-0.0064,38.07,0.004981,11.88
17.537,32.396,782.468,-0.0176,-0.00255,0.858,1.038,0.207,0.0,-0.18,-0.0163,38.36,0.004981,10.93
17.59,32.336,783.01,-0.0183,-0.00352,0.596,0.874,-2.174,0.0,-0.278,-0.0115,38.64,0.005375,13.75
17.641,32.273,783.589,-0.0203,-0.00327,0.471,0.728,-3.284,0.0,-0.257,-0.0031,38.93,0.005375,13.75
17.692,32.219,784.074,-0.0219,-0.0032,0.453,0.636,-2.909,0.0,-0.183,0.0023,39.21,0.005375,14.18
17.747,32.158,784.629,-0.0231,-0.00433,0.859,0.694,-1.847,0.0,0.165,0.0178,39.49,0.005885,18.3
17.794,32.097,785.187,-0.0255,-0.00389,0.621,0.682,1.16,0.0,-0.06,-0.0078,39.74,0.005885,15.28
17.844,32.031,785.781,-0.0261,-0.00628,0.689,0.671,-0.249,0.0,0.018,-0.0002,40.01,0.006137,15.51
17.889,31.976,786.28,-0.0293,-0.00638,0.802,0.711,-0.211,0.0,0.091,0.0067,40.26,0.006137,10.11
17.94,31.913,786.849,-0.0329,-0.006,0.631,0.694,0.807,0.0,-0.063,-0.0066,40.51,0.006137,10.76
17.994,31.849,787.421,-0.0347,-0.00824,1.965,1.073,-0.347,0.0,0.892,0.0547,40.72,0.006465,14.99
18.042,31.788,787.961,-0.0391,-0.00769,1.708,1.341,7.577,0.0,0.367,-0.0022,40.87,0.006465,13.0
18.093,31.723,788.538,-0.0434,-0.0071,1.435,1.356,5.369,0.0,0.078,-0.026,41.0,0.006465,13.33
18.146,31.654,789.15,-0.0461,-0.01105,3.801,2.11,0.303,0.0,1.691,0.1036,41.11,0.006295,16.48
18.194,31.596,789.66,-0.0515,-0.00995,3.28,2.645,15.073,0.0,0.636,-0.0042,40.95,0.006295,14.07
18.249,31.525,790.268,-0.0537,-0.01323,5.954,3.744,10.697,0.0,2.21,0.0974,40.68,0.006605,18.14
18.293,31.459,790.838,-0.0608,-0.01129,4.975,4.322,21.971,0.0,0.653,-0.0343,40.43,0.006605,11.73
18.343,31.399,791.338,-0.0659,-0.00869,3.538,4.061,11.568,0.0,-0.523,-0.097,40.16,0.006605,12.27
18.399,31.326,791.934,-0.0676,-0.0112,4.671,4.084,-5.216,0.0,0.587,0.0305,39.89,0.007146,17.99
18.468,31.265,792.427,-0.0728,-0.00921,3.609,3.934,0.46,0.0,-0.325,-0.0234,39.62,0.007146,33.41
18.504,31.182,793.08,-0.0783,-0.00723,2.548,3.421,-3.01,0.0,-0.873,-0.0558,39.35,0.007146,18.92
18.561,31.116,793.599,-0.0798,-0.00952,2.338,2.984,-10.246,0.0,-0.646,-0.0074,39.09,0.007264,25.5
18.598,31.045,794.146,-0.0847,-0.00816,1.646,2.531,-8.742,0.0,-0.884,-0.0175,38.85,0.007264,12.4
18.648,30.974,794.69,-0.0888,-0.00668,0.829,1.947,-9.069,0.0,-1.118,-0.034,38.73,0.007264,11.8
18.7,30.901,795.234,-0.0907,-0.01022,3.574,2.391,-11.679,0.0,1.183,0.1231,38.76,0.007506,13.29
18.754,30.833,795.747,-0.0958,-0.00908,2.961,2.732,8.879,0.0,0.229,0.0011,38.84,0.007506,16.68
18.805,30.759,796.294,-0.0956,-0.01458,5.373,3.582,6.817,0.0,1.791,0.0831,39.01,0.007692,17.74
18.85,30.68,796.875,-0.1038,-0.01328,4.702,4.065,17.015,0.0,0.637,-0.0218,39.22,0.007692,12.91
18.901,30.604,797.427,-0.1106,-0.01106,3.435,3.834,9.645,0.0,-0.399,-0.0827,39.45,0.007692,13.16
18.955,30.535,797.917,-0.1115,-0.01514,5.949,4.391,-4.612,0.0,1.557,0.102,39.68,0.007971,17.13
19.001,30.456,798.476,-0.1194,-0.01267,4.545,4.584,11.149,0.0,-0.039,-0.0314,39.94,0.007971,13.46
19.053,30.374,799.038,-0.1259,-0.01023,3.135,4.073,3.859,0.0,-0.938,-0.0915,40.21,0.007971,14.69
19.108,30.291,799.604,-0.1275,-0.01571,6.278,4.642,-10.218,0.0,1.637,0.1328,40.5,0.008023,19.33
19.168,30.201,800.207,-0.1365,-0.01354,5.085,4.97,11.364,0.0,0.115,-0.0136,40.79,0.008023,26.56
19.208,30.119,800.747,-0.1432,-0.01098,3.613,4.517,6.571,0.0,-0.904,-0.0977,41.1,0.008023,16.16
19.26,30.03,801.324,-0.1469,-0.016,6.149,4.885,-9.061,0.0,1.264,0.0988,41.41,0.00808,17.68
19.309,29.939,801.906,-0.1556,-0.01369,4.883,4.959,7.364,0.0,-0.076,-0.0283,41.7,0.00808,16.64
19.362,29.851,802.458,-0.1575,-0.01846,7.046,5.561,1.466,0.0,1.486,0.0764,42.01,0.007919,19.44
19.406,29.755,803.047,-0.1678,-0.01558,5.467,5.614,12.04,0.0,-0.147,-0.0556,42.33,0.007919,12.88
19.457,29.651,803.676,-0.1767,-0.01254,3.788,4.917,1.061,0.0,-1.13,-0.1028,42.65,0.007919,13.44
19.512,29.556,804.24,-0.1801,-0.01797,6.638,5.257,-13.927,0.0,1.381,0.1204,42.96,0.007876,18.29
19.558,29.459,804.806,-0.1898,-0.01533,5.217,5.356,6.797,0.0,-0.139,-0.0219,43.26,0.007876,13.92
19.611,29.354,805.412,-0.1923,-0.02118,8.157,6.24,1.967,0.0,1.917,0.1133,43.58,0.007841,16.79
19.661,29.246,806.023,-0.2046,-0.01797,6.457,6.494,17.697,0.0,-0.037,-0.0573,43.9,0.007841,15.83
19.714,29.141,806.601,-0.2142,-0.01453,4.582,5.818,5.07,0.0,-1.235,-0.121,44.22,0.007841,19.26
19.776,29.021,807.255,-0.2195,-0.02066,8.301,6.399,-13.523,0.0,1.902,0.152,44.53,0.00771,30.51
19.817,28.904,807.878,-0.2316,-0.01756,6.684,6.669,11.625,0.0,0.015,-0.0231,44.83,0.00771,21.04
19.862,28.799,808.43,-0.2336,-0.0237,9.708,7.548,5.408,0.0,2.16,0.0943,45.15,0.007928,16.34
19.913,28.669,809.097,-0.2485,-0.01972,7.648,7.653,17.568,0.0,-0.004,-0.0774,45.47,0.007928,16.66
19.959,28.543,809.732,-0.26,-0.01543,5.362,6.736,2.095,0.0,-1.375,-0.1389,45.79,0.007928,13.16
20.016,28.413,810.37,-0.2663,-0.02126,7.969,6.897,-18.325,0.0,1.072,0.1184,46.09,0.007881,19.01
20.065,28.287,810.974,-0.2782,-0.01727,5.873,6.703,3.221,0.0,-0.829,-0.0441,46.41,0.007881,18.21
20.113,28.151,811.619,-0.2834,-0.02331,9.045,7.351,-3.895,0.0,1.694,0.1109,46.73,0.007741,15.56
20.164,28.01,812.269,-0.2977,-0.01921,6.951,7.345,12.962,0.0,-0.394,-0.0687,47.04,0.007741,16.36
20.217,27.867,812.922,-0.3019,-0.02604,10.363,8.192,-0.116,0.0,2.172,0.1188,47.32,0.00825,18.52
20.27,27.728,813.539,-0.3171,-0.02164,8.135,8.32,16.937,0.0,-0.185,-0.0707,47.6,0.00825,21.18
20.313,27.577,814.199,-0.3302,-0.01693,5.725,7.359,2.57,0.0,-1.634,-0.1477,47.88,0.00825,14.0
20.365,27.412,814.9,-0.3385,-0.02374,9.217,7.682,-19.226,0.0,1.535,0.1458,48.17,0.008387,15.29
20.415,27.253,815.566,-0.3533,-0.0194,7.04,7.628,6.465,0.0,-0.587,-0.0414,48.45,0.008387,15.22
20.468,27.11,816.157,-0.3585,-0.02669,10.589,8.498,-1.086,0.0,2.091,0.1272,48.71,0.00896,18.27
20.517,26.943,816.828,-0.3755,-0.02198,8.264,8.589,17.407,0.0,-0.325,-0.0784,48.99,0.00896,16.96
20.567,26.772,817.503,-0.382,-0.02866,11.745,9.471,1.819,0.0,2.275,0.1135,49.27,0.009122,16.74
20.618,26.597,818.181,-0.4004,-0.02333,9.135,9.504,17.629,0.0,-0.369,-0.0876,49.53,0.009122,16.88
20.67,26.417,818.861,-0.4061,-0.03011,12.624,10.389,0.677,0.0,2.235,0.1199,49.78,0.009162,19.02
20.763,26.243,819.504,-0.4242,-0.02422,9.736,10.356,17.682,0.0,-0.621,-0.0971,50.04,0.009162,62.04
20.804,25.996,820.391,-0.4349,-0.02854,12.233,10.809,-0.642,0.0,1.424,0.0665,50.37,0.009652,39.72
20.849,25.811,821.038,-0.4521,-0.02224,9.145,10.351,9.047,0.0,-1.207,-0.1112,50.59,0.009652,33.87
20.887,25.61,821.726,-0.4658,-0.01559,5.931,8.745,-9.147,0.0,-2.814,-0.1765,50.55,0.009652,21.57
20.94,25.405,822.411,-0.474,-0.02159,9.246,8.607,-32.136,0.0,0.639,0.149,50.53,0.009455,24.44
20.988,25.195,823.096,-0.4875,-0.0162,6.671,8.157,-2.759,0.0,-1.486,-0.0484,50.51,0.009455,22.18
21.036,25.007,823.698,-0.4926,-0.02268,10.181,8.732,-8.995,0.0,1.449,0.1273,50.48,0.00971,20.05
21.084,24.79,824.382,-0.5074,-0.01794,7.731,8.594,11.493,0.0,-0.862,-0.0795,51.08,0.00971,17.21
21.137,24.566,825.076,-0.5144,-0.0243,10.939,9.189,-2.762,0.0,1.75,0.0975,51.91,0.010095,19.61
21.184,24.335,825.775,-0.5304,-0.01815,8.029,8.909,11.9,0.0,-0.881,-0.1013,52.0,0.010095,16.39
21.238,24.086,826.516,-0.538,-0.02465,11.118,9.461,-5.585,0.0,1.656,0.1063,52.15,0.010086,20.89
21.286,23.846,827.216,-0.554,-0.01871,8.303,9.227,11.043,0.0,-0.924,-0.0906,52.28,0.010086,17.83
21.34,23.63,827.834,-0.5584,-0.02427,11.185,9.735,-4.693,0.0,1.449,0.0956,52.42,0.010755,21.16
21.386,23.38,828.534,-0.5745,-0.01824,8.335,9.43,10.174,0.0,-1.095,-0.096,52.57,0.010755,16.84
21.438,23.126,829.235,-0.5795,-0.02406,11.466,9.876,-6.117,0.0,1.59,0.0944,52.7,0.011017,18.82
21.487,22.867,829.935,-0.5955,-0.01821,8.723,9.569,8.929,0.0,-0.846,-0.0896,52.81,0.011017,16.76
21.539,22.587,830.677,-0.6011,-0.02364,10.854,9.832,-6.144,0.0,1.022,0.0689,52.94,0.011932,19.25
21.588,22.349,831.295,-0.6147,-0.01738,7.872,9.276,5.265,0.0,-1.405,-0.1052,53.06,0.011932,17.22
21.639,22.075,831.995,-0.6179,-0.02294,10.481,9.422,-11.118,0.0,1.059,0.0785,53.19,0.011656,18.48
21.69,21.779,832.737,-0.6338,-0.01694,7.677,8.881,2.91,0.0,-1.205,-0.0907,53.31,0.011656,19.17
21.742,21.511,833.396,-0.6349,-0.02324,10.077,9.095,-10.807,0.0,0.982,0.0864,53.43,0.011866,20.08
21.791,21.221,834.096,-0.6504,-0.01715,7.222,8.576,4.272,0.0,-1.354,-0.0948,53.56,0.011866,19.49
21.842,20.927,834.797,-0.6522,-0.0236,10.204,8.941,-10.38,0.0,1.262,0.1054,53.69,0.011302,19.74
21.89,20.645,835.456,-0.6673,-0.01738,7.293,8.542,7.308,0.0,-1.248,-0.0941,53.81,0.011302,17.21
21.94,20.34,836.156,-0.6685,-0.02528,11.117,9.149,-7.992,0.0,1.968,0.1267,53.94,0.011686,17.24
21.989,20.031,836.855,-0.6855,-0.01918,8.293,8.974,12.152,0.0,-0.681,-0.0881,54.08,0.011686,16.51
22.043,19.698,837.596,-0.6888,-0.02669,11.386,9.637,-3.507,0.0,1.749,0.1109,54.2,0.011903,19.5
22.091,19.416,838.213,-0.7049,-0.0207,8.626,9.483,13.253,0.0,-0.858,-0.0908,54.32,0.011903,17.24
22.144,19.072,838.952,-0.709,-0.02813,12.513,10.287,-3.063,0.0,2.226,0.1282,54.46,0.011849,20.15
22.192,18.761,839.61,-0.727,-0.02144,9.442,10.159,16.069,0.0,-0.717,-0.1021,54.58,0.011849,17.36
22.244,18.406,840.348,-0.7314,-0.0291,12.877,10.829,-2.568,0.0,2.048,0.107,54.72,0.012282,19.11
22.294,18.084,841.004,-0.7502,-0.02216,9.696,10.558,13.404,0.0,-0.862,-0.108,54.84,0.012282,18.79
22.348,17.758,841.66,-0.7534,-0.02925,12.666,11.075,-5.424,0.0,1.591,0.1006,54.98,0.011826,21.8
22.394,17.385,842.396,-0.7749,-0.02244,9.597,10.734,10.342,0.0,-1.137,-0.1017,55.1,0.011826,18.15
22.445,17.047,843.049,-0.7773,-0.0301,13.309,11.332,-6.805,0.0,1.977,0.1191,55.22,0.011713,18.29
22.494,16.662,843.784,-0.7992,-0.02267,9.954,10.873,11.949,0.0,-0.919,-0.1267,55.35,0.011713,17.29
22.547,16.335,844.394,-0.8124,-0.01493,6.335,9.04,-9.183,0.0,-2.705,-0.2078,55.48,0.011713,20.01
22.598,15.936,845.126,-0.8229,-0.02346,9.729,8.82,-36.656,0.0,0.909,0.1612,55.6,0.0117,20.4
22.648,15.577,845.775,-0.8264,-0.03281,13.911,10.402,-4.404,0.0,3.509,0.2439,55.72,0.011047,19.85
22.696,15.213,846.424,-0.8485,-0.02566,10.707,10.601,31.635,0.0,0.106,-0.1377,55.85,0.011047,18.07
22.745,14.797,847.152,-0.8552,-0.03472,13.962,11.534,3.995,0.0,2.428,0.1094,55.98,0.011172,16.55
22.796,14.422,847.798,-0.8786,-0.02708,10.56,11.42,18.661,0.0,-0.859,-0.1137,56.1,0.011172,16.92
22.844,14.041,848.443,-0.8966,-0.01968,7.201,9.934,-2.297,0.0,-2.733,-0.1954,56.22,0.011172,15.53
22.898,13.606,849.166,-0.9114,-0.02907,12.187,10.286,-29.718,0.0,1.901,0.2048,56.34,0.011124,18.6
22.948,13.213,849.807,-0.9174,-0.04025,17.275,12.942,7.043,0.0,4.333,0.334,56.47,0.011254,18.82
22.999,12.766,850.527,-0.9486,-0.03219,13.793,13.855,53.119,0.0,-0.062,-0.1506,56.59,0.011254,19.59
23.047,12.361,851.165,-0.9576,-0.04121,18.843,15.146,18.267,0.0,3.697,0.0846,56.7,0.011998,16.73
23.097,11.899,851.88,-0.9893,-0.03242,15.034,15.116,25.818,0.0,-0.082,-0.1394,56.81,0.011998,16.61
23.15,11.508,852.474,-0.9966,-0.04093,18.63,15.98,-0.597,0.0,2.65,0.1237,56.93,0.012113,19.14
23.198,11.03,853.183,-1.0279,-0.03091,14.242,15.525,17.272,0.0,-1.283,-0.1539,57.04,0.012113,16.77
23.256,10.571,853.849,-1.0389,-0.03866,17.725,15.98,-9.092,0.0,1.745,0.1111,57.15,0.011771,24.38
23.302,10.133,854.473,-1.0644,-0.02822,13.072,15.166,9.092,0.0,-2.094,-0.1612,57.26,0.011771,19.88
23.348,9.63,855.171,-1.0746,-0.03562,16.703,15.273,-16.272,0.0,1.43,0.1001,57.37,0.012377,16.03
23.401,9.205,855.749,-1.0967,-0.02523,12.038,14.215,2.131,0.0,-2.177,-0.1588,57.49,0.012377,19.0
23.449,8.687,856.439,-1.1061,-0.03263,15.053,14.335,-21.151,0.0,0.718,0.1275,57.59,0.011875,16.95
23.502,8.248,857.011,-1.1265,-0.023,10.739,13.44,2.394,0.0,-2.701,-0.1375,57.7,0.011875,18.74
23.553,7.714,857.693,-1.1352,-0.03079,15.012,13.72,-17.902,0.0,1.292,0.1328,57.81,0.012185,19.73
23.602,7.202,858.333,-1.1565,-0.02069,10.501,12.848,5.597,0.0,-2.347,-0.151,57.92,0.012185,18.13
23.651,6.652,859.007,-1.1651,-0.02934,14.74,13.213,-17.435,0.0,1.528,0.1422,58.03,0.011985,16.57
23.706,6.187,859.565,-1.1832,-0.01963,10.377,12.478,7.295,0.0,-2.101,-0.1407,58.15,0.011985,21.37
23.753,5.654,860.194,-1.1913,-0.02849,14.575,13.087,-14.688,0.0,1.488,0.162,58.26,0.011719,17.7
23.804,5.113,860.818,-1.2111,-0.01886,10.285,12.557,12.184,0.0,-2.273,-0.1378,58.37,0.011719,19.23
23.853,4.566,861.439,-1.22,-0.02722,15.038,13.094,-10.597,0.0,1.944,0.1305,58.48,0.012264,18.07
23.906,4.011,862.056,-1.2389,-0.01768,10.791,12.476,10.738,0.0,-1.685,-0.1426,58.6,0.012264,20.27
23.955,3.449,862.668,-1.2484,-0.0268,14.922,13.054,-12.369,0.0,1.868,0.1455,58.71,0.012542,18.96
24.004,2.881,863.277,-1.2667,-0.01743,10.755,12.519,11.562,0.0,-1.764,-0.1352,58.83,0.012542,17.19
24.058,2.305,863.881,-1.278,-0.02468,14.241,12.809,-10.698,0.0,1.432,0.0965,58.96,0.012736,21.23
24.103,1.723,864.481,-1.2833,-0.03239,17.637,14.256,5.795,0.0,3.381,0.1717,59.08,0.01202,16.13
24.156,1.204,865.007,-1.304,-0.02263,13.339,13.983,28.945,0.0,-0.645,-0.1896,59.19,0.01202,17.99
24.208,0.608,865.599,-1.3085,-0.03037,15.972,14.318,-5.453,0.0,1.655,0.0752,59.3,0.012447,19.85
24.256,0.041,866.151,-1.3291,-0.02047,11.616,13.509,6.685,0.0,-1.893,-0.1479,59.42,0.012447,17.21
24.311,-0.568,866.733,-1.3338,-0.02743,14.653,13.698,-16.165,0.0,0.954,0.111,59.55,0.012312,22.56
24.356,-1.184,867.311,-1.3535,-0.01761,10.336,12.807,3.781,0.0,-2.471,-0.1442,59.67,0.012312,17.1
24.409,-1.881,867.95,-1.3605,-0.02613,14.681,13.01,-17.822,0.0,1.671,0.1216,59.79,0.012497,19.02
24.457,-2.474,868.484,-1.3774,-0.01702,10.665,12.237,4.049,0.0,-1.573,-0.1291,59.9,0.012497,17.33
24.505,-3.111,869.046,-1.3839,-0.02597,14.01,12.71,-15.455,0.0,1.3,0.147,60.02,0.012304,15.37
24.559,-3.716,869.571,-1.4009,-0.01656,9.868,12.098,9.462,0.0,-2.23,-0.135,60.14,0.012304,18.57
24.614,-4.366,870.123,-1.409,-0.02518,14.44,12.534,-12.247,0.0,1.906,0.125,60.27,0.012043,23.53
24.658,-5.022,870.671,-1.4267,-0.01619,10.519,11.941,8.721,0.0,-1.422,-0.1285,60.38,0.012043,17.06
24.709,-5.646,871.182,-1.4362,-0.02539,14.352,12.566,-11.865,0.0,1.785,0.1495,60.5,0.012966,17.85
24.756,-6.315,871.719,-1.4422,-0.03407,18.523,14.741,12.514,0.0,3.782,0.2381,60.62,0.012029,15.11
24.812,-6.95,872.22,-1.4663,-0.02402,14.211,14.984,43.491,0.0,-0.774,-0.1937,60.74,0.012029,20.83
24.857,-7.631,872.746,-1.473,-0.0327,18.469,15.675,4.871,0.0,2.794,0.071,60.85,0.012661,15.35
24.91,-8.279,873.236,-1.4958,-0.02214,13.922,15.043,13.819,0.0,-1.12,-0.1607,60.96,0.012661,17.61
24.96,-8.974,873.75,-1.5032,-0.0299,16.76,15.233,-12.654,0.0,1.526,0.0929,61.07,0.011476,17.34
25.01,-9.758,874.318,-1.5272,-0.01917,12.164,14.242,3.81,0.0,-2.078,-0.1583,61.19,0.011476,16.94
25.061,-10.425,874.789,-1.5345,-0.02726,15.472,14.328,-19.822,0.0,1.144,0.1158,61.3,0.011719,18.25
25.113,-11.141,875.283,-1.5534,-0.0169,10.994,13.338,1.717,0.0,-2.345,-0.1472,61.41,0.011719,19.73
25.162,-11.862,875.771,-1.5621,-0.02559,14.676,13.697,-19.795,0.0,0.979,0.1537,61.53,0.012256,18.56
25.213,-12.547,876.224,-1.5789,-0.01535,10.232,12.946,7.17,0.0,-2.714,-0.1424,61.65,0.012256,18.39
25.263,-13.281,876.699,-1.5899,-0.02402,15.05,13.272,-15.018,0.0,1.778,0.1241,61.77,0.012571,18.6
25.317,-14.021,877.167,-1.5955,-0.03388,18.899,15.25,6.519,0.0,3.649,0.2421,61.88,0.012012,22.36
25.364,-14.768,877.629,-1.6204,-0.02329,14.421,15.349,39.567,0.0,-0.928,-0.1934,62.0,0.012012,19.12
25.412,-15.476,878.057,-1.6271,-0.03037,17.736,15.776,1.978,0.0,1.96,0.0493,62.11,0.011989,16.69
25.463,-16.235,878.504,-1.6492,-0.01915,12.96,14.868,8.539,0.0,-1.908,-0.1715,62.22,0.011989,17.53
25.514,-17.0,878.943,-1.6568,-0.02775,16.562,15.189,-18.158,0.0,1.373,0.1399,62.33,0.012193,18.37
25.565,-17.68,879.324,-1.6744,-0.01659,11.769,14.31,6.418,0.0,-2.542,-0.1563,62.44,0.012193,18.9
25.615,-18.32,879.674,-1.6779,-0.02457,15.506,14.478,-17.579,0.0,1.028,0.1155,62.55,0.01169,17.98
25.905,-23.051,882.041,-1.7565,-0.01712,13.095,14.005,3.361,0.0,-0.91,-0.0837,63.2,0.012605,18.33
25.956,-23.868,882.411,-1.7611,-0.02681,16.534,14.996,-9.465,0.0,1.538,0.1879,63.31,0.012885,19.4
26.006,-24.641,882.752,-1.7792,-0.01578,11.861,14.563,19.818,0.0,-2.703,-0.1642,63.42,0.012885,18.96
26.058,-25.468,883.105,-1.7861,-0.023,16.48,14.847,-8.653,0.0,1.634,0.0849,63.54,0.012511,20.76
26.108,-26.251,883.43,-1.8014,-0.01187,11.744,13.865,5.667,0.0,-2.12,-0.1668,63.65,0.012511,21.04
26.157,-27.088,883.767,-1.8088,-0.02104,15.453,13.929,-19.638,0.0,1.523,0.1119,63.76,0.01282,19.44
26.205,-27.931,884.096,-1.8116,-0.02803,17.782,15.21,1.295,0.0,2.572,0.172,63.87,0.013007,17.58
26.262,-28.778,884.415,-1.8324,-0.01704,13.187,14.711,25.61,0.0,-1.524,-0.2038,63.98,0.013007,23.7
26.304,-29.631,884.726,-1.8363,-0.02413,15.846,14.906,-9.985,0.0,0.94,0.0796,64.09,0.012338,16.37
26.355,-30.387,884.992,-1.8514,-0.01311,11.18,13.931,3.909,0.0,-2.751,-0.1566,64.2,0.012338,17.36
26.405,-31.248,885.286,-1.8553,-0.02046,15.019,14.004,-19.501,0.0,1.015,0.1123,64.32,0.011957,17.23
26.46,-32.115,885.571,-1.8701,-0.00967,10.466,12.974,1.461,0.0,-2.508,-0.1515,64.43,0.011957,21.26
26.505,-32.986,885.847,-1.876,-0.01869,14.383,13.117,-20.603,0.0,1.266,0.1279,64.54,0.011926,16.09
26.557,-33.861,886.114,-1.8776,-0.02645,17.413,14.782,2.866,0.0,2.63,0.2175,64.65,0.011039,17.91
26.609,-34.792,886.387,-1.898,-0.01552,12.878,14.61,33.302,0.0,-1.732,-0.1984,64.77,0.011039,20.12
26.659,-35.625,886.621,-1.9006,-0.02266,16.525,14.886,-3.441,0.0,1.638,0.0566,64.88,0.011297,19.68
26.707,-36.513,886.86,-1.9166,-0.01227,12.186,14.027,5.523,0.0,-1.841,-0.1489,64.99,0.011297,17.49
26.765,-37.405,887.09,-1.9214,-0.02001,15.233,14.114,-17.19,0.0,1.119,0.1021,65.1,0.010612,25.17
26.809,-38.196,887.285,-1.9335,-0.00918,10.673,13.064,1.736,0.0,-2.391,-0.1556,65.21,0.010612,19.09
26.86,-39.096,887.497,-1.9395,-0.01717,13.892,12.899,-20.989,0.0,0.993,0.0868,65.32,0.010922,19.27
26.91,-40.053,887.712,-1.9417,-0.02513,16.55,14.093,-3.308,0.0,2.457,0.184,65.43,0.010893,19.45
26.961,-40.961,887.905,-1.9597,-0.01438,12.104,13.636,23.872,0.0,-1.532,-0.1888,65.54,0.010893,20.27
27.011,-41.872,888.089,-1.9641,-0.02154,14.781,13.805,-9.135,0.0,0.976,0.0714,65.66,0.010674,19.5
27.06,-42.732,888.253,-1.9782,-0.01087,10.344,12.854,3.379,0.0,-2.511,-0.1504,65.76,0.010674,18.18
27.112,-43.596,888.409,-1.9837,-0.01972,14.554,13.034,-19.012,0.0,1.52,0.1247,65.87,0.010257,19.51
27.163,-44.517,888.565,-1.9855,-0.02888,17.996,14.718,3.597,0.0,3.278,0.2163,65.98,0.010207,20.15
27.211,-45.441,888.711,-2.0079,-0.018,13.572,14.598,33.682,0.0,-1.026,-0.1931,66.09,0.010207,18.45
27.266,-46.313,888.84,-2.0126,-0.02608,16.739,15.166,-2.398,0.0,1.572,0.0919,66.19,0.009789,23.35
27.312,-47.298,888.975,-2.0337,-0.01566,12.513,14.588,11.364,0.0,-2.076,-0.1402,66.29,0.009789,18.76
27.366,-48.23,889.091,-2.0431,-0.02406,16.911,15.184,-11.561,0.0,1.727,0.1437,66.4,0.009086,22.0
27.413,-49.111,889.192,-2.046,-0.03295,21.08,17.271,11.911,0.0,3.809,0.229,66.5,0.008765,19.27
27.466,-50.049,889.288,-2.072,-0.02137,16.43,17.342,41.741,0.0,-0.912,-0.2086,66.6,0.008765,21.95
27.513,-50.934,889.369,-2.0781,-0.02804,19.271,17.872,1.421,0.0,1.399,0.0665,66.7,0.007884,18.96
27.567,-51.876,889.444,-2.0998,-0.01658,14.639,17.117,10.597,0.0,-2.477,-0.161,66.79,0.007884,21.72
27.619,-52.765,889.503,-2.1064,-0.02257,18.25,17.156,-15.107,0.0,1.094,0.0847,66.89,0.008272,24.24
27.663,-53.824,889.561,-2.1111,-0.02857,20.425,18.466,0.798,0.0,1.959,0.1787,66.99,0.008562,17.68
27.715,-54.717,889.598,-2.131,-0.01651,15.544,17.942,26.197,0.0,-2.399,-0.2103,67.08,0.008562,19.31
27.767,-55.668,889.625,-2.132,-0.0204,17.966,17.527,-10.482,0.0,0.439,-0.0031,67.18,0.008568,21.43
27.813,-56.564,889.639,-2.1444,-0.00713,12.506,15.765,-8.3,0.0,-3.26,-0.2026,67.27,0.008568,16.67
27.865,-57.518,889.642,-2.1428,-0.01111,13.705,14.749,-35.238,0.0,-1.043,0.0426,67.38,0.008649,18.24
27.91,-58.473,889.632,-2.1359,-0.01459,15.059,14.905,-20.329,0.0,0.154,0.1282,67.48,0.008233,13.39
27.969,-59.373,889.612,-2.1441,-0.00212,9.899,13.493,3.115,0.0,-3.594,-0.2134,67.58,0.008233,20.78
28.014,-60.331,889.58,-2.1342,-0.00643,11.8,12.69,-28.225,0.0,-0.889,0.0356,67.69,0.008324,15.75
28.07,-61.289,889.536,-2.1359,0.00452,7.215,11.018,-16.076,0.0,-3.803,-0.1493,67.8,0.008324,21.25
28.118,-62.306,889.477,-2.1255,-0.0009,9.815,10.355,-33.441,0.0,-0.54,0.0825,67.91,0.007886,18.89
28.164,-63.21,889.415,-2.1109,-0.00667,12.049,11.065,-13.258,0.0,0.985,0.1685,68.03,0.008081,15.3
28.219,-64.171,889.339,-2.1126,0.00375,7.702,10.3,14.2,0.0,-2.598,-0.1812,68.14,0.008081,20.04
28.272,-65.077,889.258,-2.0996,-0.00237,10.557,10.268,-15.299,0.0,0.29,0.0756,68.25,0.007546,22.03
28.32,-66.04,889.163,-2.0974,0.00733,6.48,9.293,-0.643,0.0,-2.812,-0.1328,68.36,0.007546,19.58
28.371,-67.06,889.052,-2.0863,0.00101,9.783,9.331,-19.498,0.0,0.452,0.1074,68.48,0.00765,20.26
28.417,-67.968,888.945,-2.0726,-0.00534,12.59,10.741,0.763,0.0,1.848,0.1929,68.6,0.007244,16.65
28.469,-68.877,888.83,-2.0738,0.0031,9.08,10.718,28.207,0.0,-1.638,-0.1509,68.72,0.007244,17.91
28.521,-69.899,888.692,-2.0629,-0.00173,11.983,10.794,-0.461,0.0,1.189,0.013,68.84,0.007494,19.32
28.568,-70.808,888.561,-2.0607,0.0071,8.286,9.876,1.523,0.0,-1.59,-0.1362,68.96,0.007494,16.56
28.62,-71.718,888.421,-2.0514,0.00194,9.771,9.531,-18.372,0.0,0.24,0.048,69.07,0.007183,18.71
28.667,-72.742,888.256,-2.0394,-0.00261,11.09,10.043,-6.899,0.0,1.047,0.1076,69.19,0.007097,15.96
28.719,-73.652,888.101,-2.0381,0.00551,7.708,9.403,10.239,0.0,-1.696,-0.1429,69.32,0.007097,17.05
28.765,-74.563,887.939,-2.0266,0.00049,9.576,9.25,-12.791,0.0,0.326,0.0456,69.44,0.006596,13.21
28.82,-75.588,887.749,-2.0131,-0.005,11.519,10.107,-3.058,0.0,1.412,0.1356,69.55,0.006722,18.24
28.869,-76.499,887.572,-2.0141,0.00294,8.248,9.781,17.133,0.0,-1.533,-0.1352,69.68,0.006722,16.62
28.916,-77.411,887.388,-2.0029,-0.00179,10.512,9.829,-6.517,0.0,0.683,0.0408,69.8,0.006891,13.33
28.97,-78.436,887.172,-2.0011,0.0062,7.203,9.04,0.955,0.0,-1.837,-0.1151,69.92,0.006891,17.31
29.023,-79.404,886.96,-1.9925,0.00056,9.236,8.988,-15.768,0.0,0.248,0.0753,70.04,0.006925,20.2
29.069,-80.316,886.753,-1.9821,-0.0041,11.503,9.88,-1.046,0.0,1.622,0.1301,70.16,0.00703,15.39
29.12,-81.341,886.512,-1.9823,0.0038,8.266,9.542,17.845,0.0,-1.276,-0.1407,70.28,0.00703,16.69
29.173,-82.253,886.29,-1.9744,-0.00096,9.807,9.533,-6.768,0.0,0.274,0.0342,70.41,0.007443,18.83
29.219,-83.164,886.061,-1.964,-0.00512,11.986,10.368,-0.183,0.0,1.618,0.1176,70.53,0.007786,14.02
29.278,-84.189,885.795,-1.9658,0.00244,8.915,10.079,16.703,0.0,-1.164,-0.1278,70.65,0.007786,23.2
29.323,-85.1,885.551,-1.9571,-0.0018,10.354,10.04,-5.782,0.0,0.314,0.0248,70.76,0.007834,18.18
29.371,-86.067,885.283,-1.9464,-0.00522,12.068,10.662,-0.779,0.0,1.405,0.091,70.88,0.007995,15.93
29.424,-87.09,884.99,-1.9476,0.00305,8.723,10.114,12.444,0.0,-1.391,-0.1417,71.0,0.007995,18.43
29.475,-87.999,884.722,-1.9372,-0.00035,9.621,9.812,-10.97,0.0,-0.191,0.0153,71.12,0.008136,18.64
29.526,-88.907,884.447,-1.9341,0.00742,6.444,8.8,-6.031,0.0,-2.356,-0.1098,71.23,0.008136,19.26
29.574,-89.871,884.146,-1.9238,0.00419,7.972,8.425,-20.247,0.0,-0.453,0.0537,71.35,0.007984,17.19
29.618,-90.777,883.855,-1.9107,0.00034,9.434,8.917,-7.489,0.0,0.518,0.1078,71.47,0.00813,10.74
29.676,-91.74,883.539,-1.9072,0.00802,6.298,8.335,9.829,0.0,-2.037,-0.1327,71.6,0.00813,18.8
29.721,-92.759,883.195,-1.8949,0.00419,8.277,8.053,-11.632,0.0,0.224,0.0216,71.71,0.007995,12.98
29.773,-93.663,882.882,-1.8806,0.00055,9.382,8.444,-5.637,0.0,0.938,0.084,71.83,0.007827,14.42
29.828,-94.623,882.542,-1.8764,0.00794,6.377,7.843,7.811,0.0,-1.466,-0.1248,71.95,0.007827,18.69
29.877,-95.526,882.215,-1.8635,0.00503,7.149,7.414,-12.016,0.0,-0.264,0.003,72.07,0.00797,17.3
29.919,-96.541,881.84,-1.8475,0.00154,8.284,7.6,-8.584,0.0,0.684,0.0709,72.2,0.007794,9.61
29.983,-97.498,881.477,-1.8427,0.00788,5.696,7.001,3.724,0.0,-1.305,-0.1031,72.32,0.007794,23.09
30.026,-98.399,881.13,-1.8287,0.00385,6.977,6.675,-11.981,0.0,0.302,0.0172,72.44,0.007863,16.32
30.076,-99.355,880.754,-1.8217,0.01029,4.336,5.772,-6.516,0.0,-1.436,-0.092,72.56,0.007863,15.92
30.123,-100.254,880.395,-1.8104,0.00549,5.56,5.448,-18.062,0.0,0.113,0.0493,72.69,0.007885,12.65
30.176,-101.264,879.983,-1.7984,0.00029,7.023,5.962,-6.487,0.0,1.061,0.1058,72.81,0.007444,15.77
30.229,-102.219,879.588,-1.795,0.0059,4.751,5.678,10.286,0.0,-0.927,-0.0935,72.94,0.007444,18.25
30.278,-103.116,879.211,-1.7884,0.00034,6.757,5.816,-5.682,0.0,0.942,0.049,73.07,0.007438,16.6
30.327,-104.013,878.829,-1.7813,-0.00589,8.881,6.832,2.754,0.0,2.049,0.1275,73.19,0.00724,15.52
30.379,-105.021,878.393,-1.7852,-0.00066,6.833,6.991,20.335,0.0,-0.157,-0.0843,73.31,0.00724,16.78
30.43,-105.917,877.999,-1.785,-0.00674,8.976,7.52,3.171,0.0,1.456,0.0572,73.43,0.007165,17.47
30.48,-106.868,877.574,-1.7851,-0.01304,11.564,8.868,10.578,0.0,2.696,0.1328,73.56,0.006678,18.07
30.532,-107.762,877.169,-1.7954,-0.00689,9.221,9.149,26.957,0.0,0.072,-0.1019,73.68,0.006678,18.94
30.584,-108.766,876.706,-1.8025,-0.01301,11.435,9.79,5.624,0.0,1.645,0.06,73.79,0.006785,21.12
30.635,-109.713,876.262,-1.809,-0.01836,13.679,11.145,12.818,0.0,2.534,0.1222,73.92,0.006284,21.97
30.681,-110.604,875.836,-1.8236,-0.01109,10.951,11.287,27.111,0.0,-0.336,-0.1222,74.04,0.006284,17.38
30.729,-111.492,875.404,-1.833,-0.01562,12.944,11.622,2.827,0.0,1.322,0.0321,74.15,0.006528,15.52
30.778,-112.489,874.909,-1.8429,-0.01975,14.403,12.575,6.716,0.0,1.827,0.0979,74.27,0.00619,13.87
30.832,-113.428,874.433,-1.8596,-0.01166,11.389,12.354,19.062,0.0,-0.966,-0.1307,74.38,0.00619,17.77
30.878,-114.31,873.977,-1.869,-0.01459,12.769,12.25,-4.421,0.0,0.52,0.0085,74.49,0.00593,13.63
30.932,-115.188,873.512,-1.8751,-0.01784,13.939,12.818,-2.094,0.0,1.121,0.0903,74.6,0.005786,17.13
30.983,-116.173,872.979,-1.8905,-0.009,10.64,12.268,11.371,0.0,-1.628,-0.1364,74.71,0.005786,17.92
31.032,-117.1,872.467,-1.8976,-0.01137,11.537,11.923,-11.004,0.0,-0.386,0.0095,74.82,0.005542,17.06
31.085,-117.861,872.037,-1.8986,-0.01389,13.008,12.262,-6.896,0.0,0.746,0.0835,74.94,0.005542,19.34
31.131,-118.943,871.412,-1.9014,-0.01645,13.975,12.961,6.785,0.0,1.014,0.0621,75.05,0.005886,15.49
31.184,-119.805,870.902,-1.9129,-0.00637,10.182,12.194,13.977,0.0,-2.013,-0.1803,75.16,0.005886,17.56
31.234,-120.663,870.383,-1.911,-0.00837,11.128,11.633,-15.343,0.0,-0.505,0.0019,75.26,0.006068,17.05
31.285,-121.518,869.856,-1.915,0.00161,7.317,10.273,-11.23,0.0,-2.956,-0.131,75.38,0.006068,17.2
31.335,-122.475,869.252,-1.911,-0.0002,8.025,9.428,-27.186,0.0,-1.403,0.0243,75.49,0.006404,17.09
31.383,-123.374,868.672,-1.9034,-0.00209,9.236,9.381,-16.909,0.0,-0.144,0.0819,75.61,0.006249,14.88
31.435,-124.217,868.117,-1.9013,0.00644,5.94,8.387,-0.948,0.0,-2.447,-0.1338,75.71,0.006249,17.35
31.482,-125.161,867.484,-1.8921,0.00426,6.513,7.652,-19.881,0.0,-1.138,0.0015,75.84,0.006041,13.88
31.529,-125.996,866.913,-1.8806,0.00226,7.748,7.608,-14.699,0.0,0.14,0.0709,75.96,0.006006,10.97
31.583,-126.881,866.298,-1.8657,-0.00019,8.203,7.983,-0.87,0.0,0.219,0.0569,76.08,0.005971,14.91
31.636,-127.71,865.711,-1.8622,0.00746,5.241,7.277,7.503,0.0,-2.036,-0.138,76.2,0.005971,17.26
31.687,-128.638,865.043,-1.847,0.00543,6.258,6.809,-14.134,0.0,-0.552,0.0088,76.32,0.006219,18.19
31.729,-129.46,864.442,-1.8306,0.003,7.316,7.029,-9.345,0.0,0.287,0.0796,76.44,0.00644,9.86
31.786,-130.28,863.835,-1.8243,0.01009,4.555,6.401,4.392,0.0,-1.846,-0.1107,76.56,0.00644,17.07
31.844,-131.198,863.144,-1.8085,0.00717,5.659,6.064,-12.566,0.0,-0.405,0.0188,76.68,0.006291,24.43
31.882,-132.012,862.523,-1.7927,0.00472,6.706,6.245,-6.727,0.0,0.461,0.0604,76.81,0.006317,12.3
31.935,-132.874,861.857,-1.7844,0.01078,4.326,5.67,3.609,0.0,-1.344,-0.0991,76.94,0.006317,14.44
31.986,-133.683,861.225,-1.7707,0.00797,5.229,5.255,-11.49,0.0,-0.026,0.0022,77.06,0.006212,15.05
32.032,-134.59,860.507,-1.7556,0.00511,5.707,5.279,-8.303,0.0,0.428,0.0468,77.19,0.006235,10.25
32.088,-135.445,859.823,-1.7473,0.01013,3.723,4.73,0.481,0.0,-1.006,-0.0792,77.31,0.006235,16.47
32.135,-136.247,859.175,-1.7362,0.00673,4.638,4.491,-10.99,0.0,0.147,0.0243,77.44,0.005991,13.38
32.187,-137.047,858.521,-1.7247,0.00263,5.616,4.93,-4.762,0.0,0.686,0.0861,77.58,0.006008,15.11
32.237,-137.946,857.781,-1.7133,-0.00214,7.454,5.924,8.766,0.0,1.531,0.0929,77.7,0.005839,15.05
32.29,-138.743,857.117,-1.7131,0.0027,5.613,6.028,19.878,0.0,-0.415,-0.0895,77.82,0.005839,17.13
32.337,-139.638,856.365,-1.7072,-0.00202,7.533,6.396,2.087,0.0,1.136,0.0405,77.96,0.006041,13.68
32.387,-140.431,855.692,-1.702,-0.00652,9.162,7.311,7.365,0.0,1.851,0.0892,78.09,0.005741,13.84
32.439,-141.221,855.013,-1.7064,-0.00105,7.132,7.357,18.3,0.0,-0.224,-0.0894,78.22,0.005741,15.36
32.487,-142.059,854.287,-1.7059,-0.00499,8.595,7.53,0.913,0.0,1.065,0.0194,78.33,0.005867,13.44
32.54,-142.943,853.511,-1.706,-0.00842,9.514,8.137,3.468,0.0,1.377,0.0666,78.46,0.005836,15.44
32.589,-143.726,852.816,-1.7046,-0.01148,10.314,8.96,12.142,0.0,1.354,0.0513,78.6,0.005803,13.75
32.651,-144.506,852.115,-1.7137,-0.00513,8.012,8.763,16.459,0.0,-0.752,-0.1137,78.72,0.005803,26.05
32.692,-145.38,851.319,-1.7154,-0.00843,9.384,8.786,-3.943,0.0,0.597,0.0239,78.84,0.005621,16.95
32.739,-146.201,850.56,-1.7155,-0.01162,10.483,9.37,0.46,0.0,1.113,0.0791,78.97,0.005611,14.11
32.795,-146.971,849.84,-1.7241,-0.00456,7.921,9.03,11.674,0.0,-1.109,-0.1085,79.1,0.005611,18.98
32.848,-147.736,849.114,-1.7256,-0.00711,8.958,8.855,-6.792,0.0,0.103,0.011,79.22,0.005551,22.01
32.892,-148.546,848.335,-1.7258,-0.01002,9.958,9.266,-3.518,0.0,0.692,0.0758,79.34,0.0056,15.83
32.943,-149.35,847.549,-1.7332,-0.00252,7.241,8.772,8.223,0.0,-1.532,-0.1119,79.46,0.0056,16.66
32.994,-150.151,846.756,-1.7342,-0.00459,8.267,8.434,-9.865,0.0,-0.167,0.0044,79.59,0.005611,17.27
33.043,-150.993,845.908,-1.7338,-0.00672,8.981,8.616,-6.766,0.0,0.365,0.0608,79.72,0.005461,15.74
33.086,-151.737,845.148,-1.7309,-0.00895,9.94,9.085,3.635,0.0,0.855,0.0465,79.84,0.005449,9.04
33.145,-152.476,844.381,-1.7362,-0.00114,7.104,8.481,9.393,0.0,-1.377,-0.1336,79.97,0.005449,16.98
33.192,-153.211,843.607,-1.7329,-0.00292,7.435,7.995,-12.094,0.0,-0.561,-0.0044,80.1,0.005338,14.09
33.238,-154.033,842.729,-1.7279,-0.0046,8.335,8.033,-9.706,0.0,0.302,0.0561,80.24,0.005401,10.26
33.295,-154.804,841.893,-1.7292,0.00275,5.647,7.288,0.749,0.0,-1.64,-0.108,80.37,0.005401,16.65
33.342,-155.525,841.099,-1.7242,-0.0,6.413,6.837,-14.905,0.0,-0.424,0.0151,80.49,0.005422,13.84
33.393,-156.242,840.3,-1.7175,-0.00216,7.141,6.954,-9.015,0.0,0.187,0.0635,80.62,0.005431,13.86
33.441,-157.044,839.393,-1.7104,-0.00414,7.804,7.351,2.334,0.0,0.452,0.0433,80.75,0.005258,11.67
33.493,-157.752,838.581,-1.7117,0.00267,5.325,6.803,7.953,0.0,-1.478,-0.1182,80.88,0.005258,13.82
33.543,-158.5,837.712,-1.7057,0.00013,6.388,6.489,-10.965,0.0,-0.101,0.0136,80.99,0.005385,13.47
33.59,-159.2,836.889,-1.6988,-0.00219,7.146,6.701,-6.281,0.0,0.444,0.0625,81.12,0.00542,10.19
33.638,-159.983,835.956,-1.6919,-0.00426,7.875,7.138,4.246,0.0,0.737,0.0387,81.24,0.00522,7.98
33.7,-160.717,835.069,-1.6933,0.00225,5.519,6.65,8.727,0.0,-1.131,-0.1138,81.36,0.00522,19.77
33.749,-161.404,834.228,-1.6876,-0.00011,6.23,6.345,-9.76,0.0,-0.115,0.0085,81.47,0.005267,17.71
33.797,-162.13,833.329,-1.6812,-0.00231,6.921,6.562,-6.098,0.0,0.36,0.0622,81.6,0.005119,15.81
33.853,-162.808,832.478,-1.6807,0.00388,4.674,6.071,4.34,0.0,-1.397,-0.0912,81.71,0.005119,21.19
33.899,-163.525,831.568,-1.676,0.00157,5.62,5.791,-9.812,0.0,-0.172,0.0123,81.82,0.005113,17.05
33.946,-164.279,830.598,-1.6713,-0.00145,6.649,6.082,-5.597,0.0,0.567,0.0699,81.93,0.005014,13.65
33.993,-164.986,829.676,-1.6665,-0.00396,7.61,6.636,5.808,0.0,0.974,0.047,82.05,0.005076,10.38
34.048,-165.689,828.75,-1.6615,-0.00642,8.339,7.245,11.088,0.0,1.094,0.027,82.17,0.005099,15.72
34.101,-166.305,827.927,-1.6652,-0.00044,6.213,6.949,12.186,0.0,-0.735,-0.1052,82.28,0.005099,17.8
34.147,-167.081,826.879,-1.6626,-0.00253,6.878,6.777,-5.936,0.0,0.101,0.0071,82.4,0.005198,13.89
34.197,-167.73,825.992,-1.6591,-0.00528,7.787,7.119,-3.434,0.0,0.668,0.0657,82.5,0.005231,13.38
34.244,-168.415,825.044,-1.6554,-0.00756,8.75,7.687,6.839,0.0,1.062,0.0436,82.62,0.005486,10.3
34.305,-169.095,824.09,-1.6604,-0.00132,6.547,7.341,11.372,0.0,-0.794,-0.1079,82.74,0.005486,20.9
34.352,-169.77,823.13,-1.6585,-0.00339,7.08,7.096,-6.926,0.0,-0.017,0.0021,82.85,0.005622,17.61
34.398,-170.4,822.222,-1.6556,-0.00567,7.79,7.374,-4.898,0.0,0.416,0.0644,82.95,0.005532,12.99
34.446,-171.065,821.253,-1.652,-0.00769,8.692,7.87,5.557,0.0,0.822,0.0402,83.07,0.005614,10.49
34.503,-171.725,820.277,-1.6571,-0.00121,6.42,7.45,9.923,0.0,-1.029,-0.1107,83.18,0.005614,16.96
34.553,-172.302,819.412,-1.6543,-0.00307,6.966,7.18,-8.414,0.0,-0.214,0.0065,83.29,0.005412,17.07
34.603,-172.952,818.426,-1.6508,-0.00505,7.793,7.374,-5.387,0.0,0.419,0.0553,83.39,0.005649,16.46
34.655,-173.596,817.434,-1.6532,0.0015,5.486,6.842,3.879,0.0,-1.356,-0.0947,83.5,0.005649,17.56
34.702,-174.234,816.437,-1.6503,-9e-05,6.002,6.448,-10.652,0.0,-0.446,0.0009,83.61,0.005397,14.17
34.752,-174.866,815.435,-1.6463,-0.00164,6.613,6.451,-7.866,0.0,0.162,0.0415,83.72,0.005141,14.55
34.799,-175.493,814.427,-1.6412,-0.00322,7.023,6.662,0.048,0.0,0.362,0.0292,83.83,0.005046,11.44
34.856,-176.078,813.474,-1.6418,0.00309,4.795,6.077,4.218,0.0,-1.282,-0.1037,83.93,0.005046,18.13
34.904,-176.694,812.456,-1.6373,0.00126,5.352,5.632,-11.692,0.0,-0.28,-0.001,84.03,0.004688,15.71
34.951,-177.304,811.433,-1.6317,-0.00063,5.825,5.621,-8.908,0.0,0.204,0.0451,84.12,0.004545,12.18
35.003,-177.873,810.466,-1.6253,-0.00269,6.433,5.812,-0.218,0.0,0.62,0.0279,84.21,0.004406,13.62
35.054,-178.473,809.434,-1.6256,0.0032,4.363,5.259,3.837,0.0,-0.896,-0.0974,84.3,0.004406,14.14
35.119,-179.137,808.276,-1.6213,0.00064,4.888,4.934,-11.076,0.0,-0.046,0.0126,84.39,0.004308,28.05
35.156,-179.691,807.296,-1.6173,-0.00223,5.665,5.196,-6.503,0.0,0.469,0.0707,84.48,0.004338,14.29
35.209,-180.241,806.312,-1.613,-0.00587,6.988,5.841,5.251,0.0,1.147,0.0626,84.57,0.004539,16.99
35.256,-180.787,805.324,-1.617,-0.00071,5.208,5.705,12.905,0.0,-0.497,-0.0866,84.65,0.004539,13.8
35.305,-181.362,804.271,-1.6175,-0.00412,6.273,5.805,-2.726,0.0,0.468,0.0283,84.73,0.0049,12.52
35.353,-181.932,803.214,-1.6187,-0.00781,7.789,6.402,2.002,0.0,1.387,0.0728,84.81,0.005088,10.26
35.404,-182.464,802.216,-1.6197,-0.01129,8.689,7.357,11.934,0.0,1.332,0.0709,84.89,0.004909,11.38
35.46,-183.023,801.151,-1.6305,-0.00558,6.771,7.394,19.102,0.0,-0.623,-0.0948,84.97,0.004909,17.14
35.506,-183.577,800.082,-1.6363,-0.00821,8.015,7.565,0.742,0.0,0.45,0.02,85.05,0.004727,12.99
35.556,-184.126,799.008,-1.6426,-0.01057,9.172,8.17,3.417,0.0,1.002,0.0666,85.12,0.004559,13.05
35.607,-184.667,797.93,-1.6491,-0.01277,10.08,9.029,12.102,0.0,1.051,0.0565,85.18,0.004568,13.5
35.662,-185.172,796.912,-1.6603,-0.00595,7.787,8.867,17.176,0.0,-1.079,-0.1126,85.25,0.004568,18.23
35.71,-185.7,795.826,-1.6675,-0.00679,8.556,8.669,-3.244,0.0,-0.114,-0.0106,85.32,0.004693,16.09
35.763,-186.222,794.735,-1.6732,-0.00738,8.96,8.802,-3.948,0.0,0.158,0.0392,85.39,0.004326,18.68
35.809,-186.736,793.64,-1.6773,-0.00781,9.292,9.045,2.653,0.0,0.247,0.02,85.46,0.004338,14.16
35.859,-187.243,792.54,-1.6793,-0.00744,9.283,9.105,4.854,0.0,0.178,-0.017,85.52,0.004233,14.3
35.909,-187.742,791.435,-1.684,0.00011,6.702,8.259,1.209,0.0,-1.558,-0.1244,85.59,0.004233,13.79
35.959,-188.233,790.326,-1.6823,0.00103,6.325,7.302,-16.912,0.0,-0.977,-0.0451,85.65,0.004324,13.1
36.012,-188.717,789.212,-1.6774,0.00154,5.852,6.561,-19.151,0.0,-0.709,-0.0032,85.72,0.004308,16.15
36.064,-189.192,788.094,-1.6694,0.0023,5.069,5.985,-14.815,0.0,-0.916,-0.0029,85.79,0.00398,18.02
36.109,-189.659,786.972,-1.6586,0.00238,4.718,5.639,-11.529,0.0,-0.921,0.0121,85.86,0.004217,12.41
36.166,-190.066,785.978,-1.6526,0.00912,2.348,4.668,-6.913,0.0,-2.32,-0.0994,85.94,0.004217,19.07
36.211,-190.52,784.848,-1.64,0.008,2.85,4.003,-19.428,0.0,-1.152,0.0089,86.0,0.004072,13.63
36.262,-190.968,783.714,-1.6267,0.00586,3.7,3.941,-13.299,0.0,-0.24,0.061,86.08,0.00389,14.05
36.307,-191.409,782.577,-1.6133,0.00416,4.377,4.134,-1.241,0.0,0.243,0.0335,86.16,0.003925,8.84
36.364,-191.844,781.436,-1.6,0.00248,4.831,4.389,3.872,0.0,0.443,0.0153,86.23,0.003869,15.53
36.413,-192.249,780.359,-1.5944,0.00785,2.939,3.929,5.093,0.0,-0.99,-0.0908,86.31,0.003869,13.99
36.466,-192.698,779.144,-1.5829,0.00551,3.488,3.79,-9.193,0.0,-0.302,0.0287,86.4,0.003882,16.54
36.514,-193.092,778.061,-1.5726,0.00315,4.656,4.095,-2.778,0.0,0.561,0.0572,86.48,0.003798,14.76
36.564,-193.507,776.908,-1.5628,0.00025,5.542,4.66,6.104,0.0,0.882,0.0469,86.57,0.003701,13.86
36.613,-193.917,775.751,-1.56,0.00462,4.017,4.546,11.297,0.0,-0.529,-0.0751,86.66,0.003701,13.25
36.663,-194.299,774.66,-1.5548,0.0021,4.949,4.536,-2.283,0.0,0.413,0.0105,86.75,0.003675,12.99
36.711,-194.7,773.497,-1.5503,-0.00036,5.624,4.924,-0.206,0.0,0.7,0.0553,86.84,0.003545,10.71
36.761,-195.097,772.332,-1.5466,-0.0026,6.36,5.56,7.773,0.0,0.8,0.048,86.93,0.003595,10.34
36.813,-195.489,771.164,-1.5434,-0.00466,7.42,6.152,12.712,0.0,1.268,0.0161,87.03,0.003448,11.39
36.865,-195.853,770.062,-1.5465,-4e-05,5.857,6.005,11.838,0.0,-0.148,-0.0825,87.12,0.003448,13.7
36.921,-196.235,768.888,-1.546,-0.00208,6.234,6.03,-2.934,0.0,0.204,0.0188,87.2,0.003485,18.81
36.963,-196.612,767.71,-1.5455,-0.00319,6.768,6.347,0.489,0.0,0.42,0.0418,87.29,0.003419,10.93
37.013,-196.984,766.53,-1.5444,-0.00447,7.398,6.727,6.349,0.0,0.672,0.0197,87.37,0.003548,10.83
37.064,-197.327,765.417,-1.5424,-0.00518,7.562,7.037,7.588,0.0,0.525,0.0036,87.46,0.003609,11.61
37.116,-197.687,764.23,-1.5459,0.0002,5.751,6.641,6.204,0.0,-0.89,-0.0877,87.54,0.003609,13.56
37.169,-198.04,763.041,-1.5436,2e-05,5.851,6.247,-7.913,0.0,-0.396,-0.0135,87.62,0.003495,16.02
37.213,-198.386,761.848,-1.5397,-0.00029,5.897,6.134,-7.875,0.0,-0.238,0.0255,87.71,0.003307,9.93
37.264,-198.726,760.652,-1.5345,-0.00055,6.033,6.162,-2.257,0.0,-0.129,0.0157,87.8,0.0032,10.28
37.316,-199.059,759.453,-1.5277,-0.00123,6.318,6.242,0.55,0.0,0.076,0.0083,87.89,0.003023,12.44
37.368,-199.386,758.251,-1.5254,0.00452,4.353,5.655,1.608,0.0,-1.303,-0.0904,87.97,0.003023,14.02
37.415,-199.669,757.188,-1.5181,0.0043,4.395,5.148,-11.739,0.0,-0.753,-0.0095,88.06,0.003071,10.56
37.469,-199.983,755.98,-1.5087,0.00413,4.53,4.908,-10.158,0.0,-0.378,0.0198,88.14,0.003259,14.23
37.519,-200.292,754.769,-1.4979,0.00348,4.599,4.877,-4.785,0.0,-0.278,0.0207,88.22,0.003681,13.88
37.571,-200.611,753.485,-1.4856,0.00333,4.732,4.837,-0.63,0.0,-0.106,-0.0022,88.31,0.003782,15.19
37.62,-200.907,752.268,-1.478,0.00852,2.927,4.198,-0.791,0.0,-1.271,-0.0851,88.4,0.003782,14.49
37.668,-201.197,751.049,-1.4651,0.00798,2.959,3.663,-12.782,0.0,-0.704,-0.0078,88.49,0.003855,11.21
37.727,-201.481,749.827,-1.4512,0.00742,3.119,3.388,-10.701,0.0,-0.269,0.0176,88.58,0.003764,20.55
37.771,-201.727,748.747,-1.4376,0.00633,3.219,3.322,-5.499,0.0,-0.104,0.0196,88.66,0.003742,14.27
37.824,-202.001,747.521,-1.427,0.01072,1.667,2.787,-1.314,0.0,-1.119,-0.0679,88.75,0.003742,16.16
37.871,-202.27,746.292,-1.4131,0.00948,1.897,2.448,-10.716,0.0,-0.551,0.0088,88.85,0.003558,13.73
37.921,-202.534,745.06,-1.3995,0.0076,2.558,2.57,-6.78,0.0,-0.012,0.0526,88.94,0.003457,13.26
37.978,-202.795,743.827,-1.3866,0.00523,3.481,3.005,2.449,0.0,0.475,0.0479,89.03,0.003686,19.52
38.022,-203.051,742.591,-1.3748,0.00315,4.211,3.539,8.703,0.0,0.672,0.029,89.12,0.003562,13.0
38.07,-203.304,741.353,-1.3686,0.00651,3.038,3.501,10.675,0.0,-0.463,-0.0612,89.21,0.003562,11.55
38.12,-203.524,740.259,-1.361,0.00469,3.798,3.467,-0.757,0.0,0.331,-0.0008,89.31,0.003949,11.04
38.17,-203.769,739.017,-1.3533,0.00283,4.289,3.597,-0.677,0.0,0.692,0.0217,89.4,0.003762,9.86
38.221,-204.011,737.773,-1.3465,0.00101,4.599,3.76,2.595,0.0,0.839,0.0091,89.49,0.003922,10.49
38.277,-204.249,736.527,-1.3401,-0.00052,4.527,3.96,3.25,0.0,0.567,0.0109,89.59,0.003273,16.84
38.321,-204.483,735.279,-1.3388,0.00277,3.414,3.74,4.001,0.0,-0.326,-0.0516,89.68,0.003273,10.21
38.382,-204.7,734.102,-1.335,0.00102,3.827,3.657,-4.393,0.0,0.17,0.0114,89.77,0.002934,20.96
38.426,-204.94,732.777,-1.3317,-0.00149,4.528,3.98,-1.664,0.0,0.548,0.0538,89.86,0.002525,14.74
38.478,-205.162,731.522,-1.3294,-0.00388,5.399,4.545,6.463,0.0,0.854,0.0451,89.96,0.002207,16.88
38.525,-205.367,730.34,-1.3276,-0.00605,6.118,5.203,11.31,0.0,0.915,0.0326,90.04,0.001671,13.48
38.578,-205.58,729.081,-1.3329,-0.00198,4.795,5.207,13.149,0.0,-0.413,-0.0683,90.13,0.001671,15.53
38.637,-205.788,727.821,-1.3346,-0.00359,5.547,5.242,0.085,0.0,0.305,0.0044,90.23,0.001618,24.02
38.683,-205.979,726.632,-1.3361,-0.00549,6.291,5.489,0.689,0.0,0.802,0.0309,90.31,0.001862,20.07
38.728,-206.176,725.367,-1.3382,-0.00664,6.385,5.81,4.949,0.0,0.575,0.0189,90.41,0.001272,15.01
38.779,-206.369,724.1,-1.34,-0.00749,6.81,5.992,6.419,0.0,0.819,-0.0083,90.5,0.001554,15.24
38.828,-206.544,722.906,-1.3465,-0.00271,5.268,5.577,3.631,0.0,-0.309,-0.0769,90.6,0.001554,14.68
38.88,-206.725,721.635,-1.349,-0.00368,5.109,5.345,-8.287,0.0,-0.237,0.011,90.68,0.001521,16.05
38.93,-206.9,720.361,-1.351,-0.00406,5.462,5.369,-4.639,0.0,0.092,0.0276,90.77,0.001094,15.89
38.981,-207.059,719.161,-1.3518,-0.00527,5.647,5.763,0.481,0.0,-0.117,0.0525,90.87,0.000776,16.3
39.032,-207.241,717.732,-1.3541,-0.00564,6.568,6.267,7.88,0.0,0.301,0.0291,90.98,0.000586,16.78
39.081,-207.388,716.528,-1.3542,-0.00657,7.277,6.836,10.084,0.0,0.441,0.0266,91.07,0.000974,15.56
39.136,-207.537,715.246,-1.3593,-0.0013,5.577,6.673,11.371,0.0,-1.096,-0.0823,91.14,0.000974,19.83
39.183,-207.68,713.962,-1.3594,-0.00067,5.859,6.469,-3.266,0.0,-0.61,-0.0113,91.24,0.00037,16.54
39.233,-207.816,712.675,-1.3573,0.00064,5.799,6.432,-4.074,0.0,-0.634,0.0162,91.33,0.00087,15.62
39.286,-207.936,711.463,-1.3526,0.00266,5.761,6.232,-0.73,0.0,-0.471,-0.0242,91.42,0.000588,18.3
39.333,-208.057,710.173,-1.3446,0.00509,4.972,5.733,-4.014,0.0,-0.761,-0.0487,91.5,0.00088,15.29
39.389,-208.165,708.957,-1.3338,0.00794,3.662,5.158,-9.984,0.0,-1.496,-0.0279,91.59,0.000915,20.54
39.434,-208.272,707.663,-1.32,0.01347,1.764,4.184,-11.488,0.0,-2.42,-0.0758,91.69,0.000915,15.16
39.485,-208.372,706.367,-1.3004,0.01623,1.462,3.062,-19.474,0.0,-1.6,-0.0548,91.79,0.001065,16.47
39.537,-208.466,705.07,-1.277,0.01819,0.318,2.129,-22.459,0.0,-1.811,-0.0126,91.87,0.000731,17.71
39.584,-208.549,703.847,-1.2521,0.02054,-0.571,1.422,-18.656,0.0,-1.993,-0.0011,91.97,0.000886,14.41
39.635,-208.632,702.546,-1.2222,0.02201,-0.715,0.844,-14.143,0.0,-1.559,-0.0066,92.07,0.000576,16.07
39.685,-208.709,701.243,-1.19,0.02341,-0.986,0.214,-11.557,0.0,-1.201,-0.0274,92.15,0.000582,15.16
39.732,-208.779,700.015,-1.1594,0.02658,-2.211,-0.637,-12.589,0.0,-1.574,-0.0529,92.25,0.000582,12.24
39.78,-208.849,698.71,-1.1242,0.02711,-2.376,-1.29,-17.025,0.0,-1.087,-0.002,92.34,0.000655,10.59
39.836,-208.916,697.403,-1.0879,0.02766,-3.267,-1.827,-13.058,0.0,-1.44,-0.0066,92.45,5.9e-05,15.6
39.884,-208.978,696.171,-1.0531,0.02776,-2.774,-2.28,-10.741,0.0,-0.494,-0.007,92.55,0.00095,13.81
39.934,-209.043,694.861,-1.0162,0.02653,-3.234,-2.575,-9.062,0.0,-0.658,0.0062,92.65,0.000583,13.89
39.982,-209.108,693.549,-0.9811,0.02586,-2.891,-2.811,-5.907,0.0,-0.08,-0.0019,92.74,0.000425,11.46
40.032,-209.178,692.159,-0.9447,0.02389,-2.851,-2.885,-4.706,0.0,0.034,0.0142,92.83,0.000934,10.58
40.086,-209.245,690.844,-0.914,0.02279,-2.695,-2.861,-1.491,0.0,0.166,0.0112,92.94,0.000934,14.99
40.14,-209.313,689.529,-0.8853,0.0206,-2.218,-2.613,0.493,0.0,0.395,0.032,93.04,0.000651,17.86
40.189,-209.375,688.367,-0.8625,0.01775,-1.633,-2.156,4.953,0.0,0.523,0.0378,93.12,0.001116,17.19
40.242,-209.448,687.049,-0.84,0.01464,-0.369,-1.497,9.133,0.0,1.128,0.0443,93.2,0.000502,19.34
40.288,-209.522,685.73,-0.8212,0.01132,0.382,-0.689,13.192,0.0,1.071,0.0437,93.29,0.00093,15.66
40.337,-209.599,684.41,-0.8066,0.0087,1.509,0.095,16.151,0.0,1.414,0.0249,93.37,0.001547,14.63
40.387,-209.678,683.089,-0.7948,0.0063,2.19,0.939,15.676,0.0,1.251,0.0358,93.46,0.001254,13.62
40.434,-209.758,681.766,-0.7871,0.0055,2.392,1.59,16.879,0.0,0.801,0.0026,93.54,0.001254,10.66
40.489,-209.839,680.443,-0.7804,0.00425,2.652,1.956,13.033,0.0,0.696,-0.0172,93.64,0.000838,15.27
40.54,-209.92,679.118,-0.775,0.00338,3.626,2.237,7.317,0.0,1.39,0.0008,93.72,0.001081,16.17
40.59,-209.992,677.948,-0.7708,0.00251,2.772,2.596,5.608,0.0,0.176,0.0208,93.8,0.000719,15.36
40.643,-210.073,676.622,-0.767,0.00306,3.032,2.698,7.181,0.0,0.334,-0.0232,93.74,0.000885,17.89
40.69,-210.152,675.297,-0.7614,0.00263,3.332,2.739,2.058,0.0,0.593,-0.0051,93.68,0.000544,14.89
40.738,-210.23,673.973,-0.7571,0.0039,2.907,2.652,0.812,0.0,0.255,-0.0164,93.61,0.000544,12.39
40.792,-210.306,672.649,-0.7514,0.00466,2.004,2.433,-1.734,0.0,-0.43,-0.0215,93.55,0.000885,15.65
40.84,-210.38,671.325,-0.7443,0.00562,1.983,2.23,-4.382,0.0,-0.248,-0.0054,93.89,0.000563,13.07
40.89,-210.451,669.996,-0.7356,0.00597,1.239,2.003,-4.056,0.0,-0.764,-0.0106,93.91,0.000676,13.53
40.941,-210.52,668.668,-0.7259,0.00707,1.589,1.502,-4.558,0.0,0.087,-0.046,93.92,0.000628,14.23
40.991,-210.586,667.339,-0.7142,0.00724,0.932,1.077,-10.012,0.0,-0.145,-0.0068,93.92,0.000477,14.24
41.043,-210.643,666.166,-0.7047,0.00917,0.256,0.624,-8.49,0.0,-0.367,-0.0189,93.97,0.000477,15.88
41.094,-210.704,664.836,-0.6918,0.00994,-0.831,0.333,-9.074,0.0,-1.164,0.0069,93.98,0.000585,16.43
41.145,-210.764,663.505,-0.6781,0.01004,-0.588,0.139,-5.822,0.0,-0.727,0.0034,94.03,0.000413,17.59
41.188,-210.822,662.174,-0.6638,0.00905,0.153,0.136,-3.879,0.0,0.017,0.02,94.05,0.00054,10.21
41.241,-210.878,660.843,-0.6505,0.00842,-0.031,0.213,-0.048,0.0,-0.244,0.011,94.09,0.000404,12.79
41.293,-210.932,659.51,-0.6379,0.00811,0.438,0.316,1.541,0.0,0.122,0.0063,94.12,0.000601,14.85
41.344,-210.985,658.178,-0.6254,0.00714,0.462,0.422,2.059,0.0,0.04,0.0039,94.16,0.000772,14.7
41.389,-211.037,656.844,-0.6154,0.00777,0.199,0.406,2.11,0.0,-0.207,-0.0133,94.2,0.000772,9.88
41.444,-211.085,655.589,-0.6057,0.00715,0.758,0.445,-0.315,0.0,0.313,0.0071,94.23,0.000464,14.45
41.492,-211.133,654.333,-0.5964,0.0063,0.547,0.583,0.775,0.0,-0.035,0.0152,94.28,0.000639,12.16
41.544,-211.18,653.076,-0.5879,0.00602,0.982,0.703,2.757,0.0,0.28,0.0023,94.3,0.000725,14.62
41.593,-211.232,651.662,-0.5783,0.0054,0.976,0.85,2.403,0.0,0.126,0.0079,94.34,0.000714,13.22
41.646,-211.278,650.405,-0.5704,0.00531,1.017,0.952,2.937,0.0,0.064,-0.001,94.37,0.000633,15.59
41.692,-211.325,649.069,-0.5629,0.00603,0.738,0.919,2.055,0.0,-0.182,-0.0154,94.42,0.000633,10.62
41.746,-211.371,647.732,-0.5546,0.00577,0.959,0.914,-0.662,0.0,0.045,0.0027,94.44,0.000532,14.86
41.795,-211.414,646.473,-0.547,0.00543,0.882,0.946,-0.116,0.0,-0.063,0.0051,94.51,0.000757,12.7
41.844,-211.458,645.134,-0.5392,0.00531,1.083,0.978,0.644,0.0,0.105,0.0011,94.55,0.000595,12.15
41.899,-211.502,643.795,-0.5312,0.00511,0.942,0.963,0.639,0.0,-0.021,-0.0054,94.58,0.000477,16.11
41.943,-211.544,642.456,-0.5235,0.00513,1.053,0.869,-0.299,0.0,0.184,-0.0115,94.64,0.000514,10.37
41.992,-211.586,641.115,-0.5161,0.00598,0.74,0.695,-1.87,0.0,0.045,-0.0146,94.67,0.000514,9.32
42.06,-211.626,639.774,-0.5079,0.00583,0.49,0.617,-3.487,0.0,-0.126,0.0073,94.72,0.000327,26.74
42.108,-211.664,638.511,-0.5002,0.00588,0.215,0.564,-1.568,0.0,-0.35,0.0009,94.77,0.000966,24.46
42.155,-211.702,637.169,-0.4916,0.00571,0.595,0.478,-1.043,0.0,0.117,-0.0066,94.81,0.000681,17.74
42.2,-211.74,635.826,-0.4831,0.00524,0.476,0.436,-1.723,0.0,0.04,0.0031,94.85,0.000965,12.65
42.249,-211.777,634.482,-0.4753,0.00526,0.312,0.425,-0.853,0.0,-0.112,0.0029,94.91,0.001101,12.14
42.303,-211.813,633.138,-0.4672,0.00494,0.379,0.46,-0.22,0.0,-0.081,0.0061,94.93,0.000782,15.9
42.352,-211.85,631.714,-0.4589,0.00454,0.552,0.474,0.703,0.0,0.078,-0.0016,94.98,0.000906,14.87
42.4,-211.884,630.369,-0.4523,0.00523,0.293,0.39,0.293,0.0,-0.097,-0.0134,95.01,0.000906,12.35
42.448,-211.917,629.023,-0.4452,0.00487,0.487,0.355,-1.695,0.0,0.132,0.0041,95.05,0.000966,10.28
42.5,-211.945,627.835,-0.4392,0.00448,0.295,0.442,-0.686,0.0,-0.146,0.0156,95.08,0.000939,11.64
42.553,-211.977,626.488,-0.4328,0.00425,0.53,0.545,1.725,0.0,-0.015,0.0054,95.12,0.000733,14.55
42.601,-212.008,625.14,-0.4265,0.00362,0.836,0.678,2.067,0.0,0.158,0.0078,95.16,0.000516,11.97
42.653,-212.038,623.792,-0.4209,0.00326,0.867,0.664,2.661,0.0,0.203,-0.0159,95.21,0.000632,13.92
42.7,-212.067,622.443,-0.4158,0.00308,1.122,0.605,-0.28,0.0,0.518,-0.0068,95.25,0.000513,10.74
42.755,-212.096,621.094,-0.4108,0.00265,0.436,0.569,-1.186,0.0,-0.133,0.0012,95.28,0.000226,15.26
42.802,-212.121,619.903,-0.4075,0.00295,0.319,0.518,-0.722,0.0,-0.2,-0.0032,95.33,0.000226,11.52
42.854,-212.15,618.473,-0.4032,0.0029,0.66,0.416,-1.003,0.0,0.245,-0.0091,95.35,0.000251,13.17
42.907,-212.178,617.122,-0.3994,0.0018,0.631,0.498,-2.051,0.0,0.133,0.0222,95.4,0.000321,15.55
42.951,-212.204,615.77,-0.3967,0.00139,0.574,0.638,1.635,0.0,-0.064,0.0111,95.45,0.000166,9.63
43.01,-212.23,614.418,-0.3942,0.00063,1.189,0.76,2.816,0.0,0.429,0.0022,95.49,0.000197,17.98
43.054,-212.252,613.224,-0.3923,-0.00036,1.337,0.931,2.433,0.0,0.407,0.0111,95.52,0.000236,11.74
43.104,-212.276,611.871,-0.3917,-0.00075,1.378,1.159,3.41,0.0,0.219,0.014,95.57,0.000402,11.74
43.155,-212.299,610.517,-0.3913,-0.00141,1.613,1.458,4.561,0.0,0.156,0.0179,95.61,0.00024,12.44
43.203,-212.321,609.162,-0.3927,-0.00055,1.352,1.585,5.98,0.0,-0.232,-0.0136,95.64,0.00024,9.85
43.262,-212.343,607.728,-0.3936,-0.0011,1.782,1.681,2.537,0.0,0.102,0.0002,95.69,0.000156,18.18
43.306,-212.362,606.372,-0.3948,-0.00141,2.153,1.822,1.925,0.0,0.33,0.0097,95.73,8.6e-05,11.66
43.362,-212.38,605.016,-0.3961,-0.00133,1.989,2.012,2.829,0.0,-0.023,0.0117,95.77,0.000233,17.73
43.406,-212.396,603.658,-0.397,-0.00091,2.011,2.135,3.802,0.0,-0.124,-0.0028,95.8,0.0002,11.57
43.458,-212.408,602.461,-0.397,-0.00056,2.253,2.146,2.449,0.0,0.107,-0.0112,95.85,0.000288,13.12
43.504,-212.421,601.103,-0.3965,0.00013,2.003,2.101,0.235,0.0,-0.098,-0.0075,95.88,0.000186,8.99
43.558,-212.431,599.744,-0.395,0.00153,1.466,1.935,-0.902,0.0,-0.469,-0.0185,95.92,0.000344,13.4
43.605,-212.439,598.385,-0.3918,0.00317,0.933,1.634,-3.321,0.0,-0.701,-0.0247,95.96,0.000344,9.76
43.657,-212.445,597.105,-0.3869,0.00445,0.695,1.257,-6.024,0.0,-0.563,-0.0211,95.99,0.000274,11.29
43.705,-212.448,595.745,-0.38,0.00549,0.29,0.844,-7.538,0.0,-0.554,-0.0182,96.04,0.000361,9.37
43.759,-212.45,594.384,-0.3716,0.0067,-0.188,0.454,-8.259,0.0,-0.643,-0.0112,96.07,0.000392,12.53
43.81,-212.449,592.942,-0.3609,0.00766,-0.755,0.129,-7.8,0.0,-0.884,-0.0046,96.11,0.000316,13.58
43.861,-212.448,591.741,-0.351,0.00826,-0.804,-0.135,-6.502,0.0,-0.669,-0.0028,96.15,0.000403,13.74
43.916,-212.444,590.298,-0.3382,0.00846,-0.838,-0.383,-5.282,0.0,-0.455,-0.007,96.2,0.00039,18.53
43.959,-212.44,589.015,-0.3266,0.00877,-0.917,-0.621,-4.965,0.0,-0.296,-0.0073,96.23,0.000239,10.86
44.008,-212.435,587.652,-0.3143,0.00926,-1.143,-0.855,-4.764,0.0,-0.288,-0.0077,96.28,0.000239,9.91
44.061,-212.43,586.287,-0.3015,0.00933,-1.421,-1.059,-4.669,0.0,-0.362,-0.0041,96.31,0.000426,12.0
44.111,-212.424,584.922,-0.2888,0.00928,-1.439,-1.202,-4.091,0.0,-0.237,0.0015,96.35,0.000256,12.02
44.166,-212.419,583.718,-0.2777,0.00869,-1.429,-1.276,-2.849,0.0,-0.153,0.0046,96.39,0.000281,16.66
44.214,-212.414,582.272,-0.2654,0.00791,-1.134,-1.269,-1.475,0.0,0.136,0.0086,96.43,0.000187,14.31
44.263,-212.409,580.825,-0.2543,0.0068,-1.048,-1.182,0.126,0.0,0.134,0.0115,96.48,0.000405,13.29
44.312,-212.406,579.618,-0.2464,0.00582,-0.704,-1.051,1.741,0.0,0.347,0.0092,96.51,0.000441,12.08
44.361,-212.404,578.251,-0.2389,0.00508,-0.516,-0.903,2.627,0.0,0.386,0.0069,96.56,0.000441,10.01
44.412,-212.402,576.963,-0.2331,0.00374,-0.245,-0.672,2.965,0.0,0.428,0.0166,96.59,0.000702,11.3
44.462,-212.402,575.594,-0.2286,0.00256,0.057,-0.403,4.605,0.0,0.46,0.0135,96.64,0.000184,10.04
44.517,-212.402,574.225,-0.2255,0.00127,0.533,-0.104,5.389,0.0,0.637,0.0135,96.67,0.000415,14.82
44.563,-212.404,572.855,-0.2241,8e-05,0.787,0.228,5.98,0.0,0.559,0.015,96.72,0.000904,11.22
44.613,-212.406,571.484,-0.2242,-0.00089,1.104,0.567,6.639,0.0,0.538,0.0125,96.77,0.000499,10.67
44.668,-212.409,570.113,-0.2254,-0.00176,1.569,0.888,6.771,0.0,0.681,0.0094,96.8,0.000511,15.22
44.717,-212.412,568.741,-0.2275,-0.00245,1.561,1.205,6.424,0.0,0.355,0.0107,96.84,0.000273,13.51
44.767,-212.415,567.45,-0.2307,-0.00228,1.525,1.41,6.351,0.0,0.115,-0.0046,96.87,0.000273,13.42
44.82,-212.417,566.158,-0.2336,-0.00234,1.772,1.514,4.099,0.0,0.258,-0.007,96.91,0.000659,16.78
44.87,-212.419,564.704,-0.2369,-0.00248,1.803,1.571,2.074,0.0,0.232,-0.003,96.96,-4e-06,16.63
44.914,-212.421,563.411,-0.2397,-0.00218,1.839,1.523,1.13,0.0,0.316,-0.0126,97.01,0.000508,10.41
44.968,-212.421,562.036,-0.2422,-0.00183,1.475,1.476,-0.957,0.0,-0.001,-0.0015,97.05,0.000322,13.79
45.023,-212.42,560.661,-0.2441,-0.00125,1.261,1.412,-0.93,0.0,-0.151,-0.004,97.09,0.000309,18.54
45.069,-212.418,559.285,-0.2449,-0.00096,0.85,1.3,-1.276,0.0,-0.451,-0.009,97.14,0.000749,13.78
45.12,-212.414,557.908,-0.245,-0.0005,1.349,1.118,-2.242,0.0,0.231,-0.0138,97.17,0.000543,14.06
45.169,-212.409,556.613,-0.2449,0.00082,0.94,0.854,-3.655,0.0,0.086,-0.0177,97.2,0.000543,12.71
45.219,-212.402,555.235,-0.2436,0.00084,0.638,0.661,-5.269,0.0,-0.023,0.0006,97.24,0.000652,13.18
45.269,-212.394,553.858,-0.2419,0.00158,-0.205,0.561,-3.867,0.0,-0.766,0.0063,97.29,-6.6e-05,12.74
45.323,-212.384,552.479,-0.2391,0.00178,0.215,0.46,-2.002,0.0,-0.245,-0.0036,97.33,0.000413,16.41
45.372,-212.373,551.1,-0.236,0.00106,0.405,0.508,-2.014,0.0,-0.103,0.0173,97.38,0.000431,15.43
45.418,-212.361,549.72,-0.2336,0.00123,0.632,0.536,0.961,0.0,0.096,-0.0012,97.41,0.000297,10.28
45.473,-212.35,548.502,-0.2312,0.00115,0.165,0.575,0.553,0.0,-0.41,0.0025,97.46,0.000345,15.52
45.519,-212.336,547.121,-0.2291,0.00209,-0.138,0.506,0.778,0.0,-0.644,-0.0136,97.48,0.000345,11.2
45.573,-212.32,545.74,-0.226,0.00228,0.606,0.372,-1.368,0.0,0.234,-0.0116,97.52,0.000932,14.85
45.623,-212.304,544.358,-0.2228,0.00183,0.093,0.279,-2.693,0.0,-0.186,0.0012,97.57,0.000346,14.04
45.674,-212.287,542.976,-0.22,0.00222,0.185,0.146,-1.854,0.0,0.038,-0.0088,97.61,0.000783,14.59
45.719,-212.271,541.674,-0.2168,0.00174,0.329,0.049,-2.648,0.0,0.28,0.0003,97.66,0.000487,10.02
45.776,-212.253,540.29,-0.214,0.00152,-0.163,0.12,-1.941,0.0,-0.284,0.0201,97.71,0.000187,16.06
45.826,-212.233,538.743,-0.2113,0.00127,0.149,0.253,1.422,0.0,-0.104,0.0111,97.75,0.001004,16.4
45.874,-212.215,537.44,-0.2087,0.00031,0.298,0.442,2.655,0.0,-0.144,0.0125,97.77,0.001052,13.24
45.922,-212.196,536.054,-0.208,0.00065,0.189,0.538,3.777,0.0,-0.349,-0.0064,97.82,0.001052,11.7
45.974,-212.178,534.75,-0.2073,0.00026,1.192,0.571,1.912,0.0,0.621,-0.0053,97.83,0.000373,13.58
46.025,-212.159,533.445,-0.2069,-0.00047,0.82,0.675,0.671,0.0,0.145,0.011,97.87,0.000612,13.76
46.081,-212.136,531.895,-0.2073,0.0001,0.623,0.637,2.074,0.0,-0.014,-0.0162,97.94,0.000952,19.07
46.129,-212.116,530.589,-0.207,-0.00038,0.932,0.595,-0.767,0.0,0.338,-0.0019,97.99,0.000232,17.14
46.18,-212.095,529.201,-0.2069,-0.00062,0.948,0.573,-0.841,0.0,0.375,0.0014,98.02,0.000151,17.47
46.225,-212.074,527.894,-0.2073,-0.00098,0.332,0.656,-0.424,0.0,-0.324,0.0138,98.05,0.000281,12.61
46.277,-212.052,526.504,-0.208,-0.00105,1.081,0.766,1.656,0.0,0.314,0.0067,98.11,-0.000167,13.92
46.326,-212.03,525.196,-0.2092,-0.00078,1.006,0.808,2.201,0.0,0.198,-0.0057,98.16,-0.000167,13.25
46.38,-212.007,523.805,-0.2105,-0.00174,0.766,0.883,0.833,0.0,-0.117,0.0062,98.19,-0.000103,16.45
46.424,-211.981,522.332,-0.2126,-0.00154,1.081,0.842,1.511,0.0,0.239,-0.0137,98.22,-6.8e-05,10.27
46.477,-211.958,521.022,-0.2142,-0.00213,1.641,0.825,-0.822,0.0,0.816,0.0019,98.28,-0.000171,13.71
46.529,-211.933,519.712,-0.2163,-0.00231,0.694,0.914,-0.344,0.0,-0.22,0.0142,98.33,-3e-06,15.59
46.58,-211.905,518.237,-0.2192,-0.00209,0.586,0.977,1.777,0.0,-0.39,-0.0006,98.35,-6e-05,16.18
46.626,-211.879,516.925,-0.2205,-0.00305,1.726,1.107,1.254,0.0,0.619,0.0117,98.39,-0.000221,12.09
46.679,-211.852,515.614,-0.224,-0.00229,1.513,1.146,2.609,0.0,0.367,-0.0082,98.43,-0.000221,13.96
46.729,-211.82,514.137,-0.2276,-0.00297,1.445,1.292,0.782,0.0,0.153,0.0163,98.45,0.000184,13.76
46.779,-211.789,512.742,-0.2312,-0.00258,0.922,1.481,2.922,0.0,-0.559,0.011,98.52,0.000102,13.65
46.831,-211.758,511.428,-0.234,-0.00255,1.82,1.657,3.769,0.0,0.162,0.0049,98.58,0.000135,15.74
46.878,-211.726,510.114,-0.2364,-0.00309,2.097,1.871,3.533,0.0,0.226,0.0114,98.61,0.000156,12.5
46.929,-211.688,508.635,-0.2402,-0.00233,1.723,1.999,4.276,0.0,-0.276,-0.0046,98.64,0.00013,13.31
46.979,-211.653,507.32,-0.2421,-0.00111,1.913,1.943,2.546,0.0,-0.03,-0.0211,98.68,1e-06,12.98
47.03,-211.612,505.84,-0.2423,-3e-05,1.505,1.764,-1.111,0.0,-0.259,-0.0192,98.71,0.000102,13.21
47.077,-211.572,504.525,-0.2414,0.00141,1.062,1.499,-3.586,0.0,-0.438,-0.0182,98.74,0.000102,9.75
47.129,-211.531,503.208,-0.2386,0.00303,0.505,1.153,-5.291,0.0,-0.648,-0.0206,98.79,0.000184,11.82
47.178,-211.483,501.727,-0.2332,0.00435,0.2,0.785,-6.917,0.0,-0.585,-0.0152,98.83,0.000269,10.91
47.228,-211.439,500.41,-0.2267,0.00554,-0.407,0.389,-7.368,0.0,-0.796,-0.0167,98.87,0.000351,10.27
47.281,-211.394,499.092,-0.2188,0.00679,-0.764,-0.051,-7.924,0.0,-0.713,-0.0199,98.9,0.00068,13.35
47.331,-211.341,497.609,-0.2081,0.00763,-0.881,-0.502,-8.794,0.0,-0.378,-0.0169,98.93,0.000826,13.67
47.378,-211.296,496.373,-0.1983,0.00842,-1.676,-0.896,-9.022,0.0,-0.78,-0.0078,98.97,0.001041,10.52
47.428,-211.242,494.889,-0.1856,0.0092,-1.884,-1.252,-7.887,0.0,-0.632,-0.0083,99.01,0.001141,9.83
47.481,-211.193,493.57,-0.1732,0.00897,-1.926,-1.472,-7.103,0.0,-0.454,0.0064,99.05,0.001224,12.06
47.53,-211.138,492.084,-0.1599,0.00864,-1.925,-1.576,-4.404,0.0,-0.349,0.0084,99.09,0.001289,11.24
47.577,-211.089,490.764,-0.1487,0.00819,-1.85,-1.618,-2.093,0.0,-0.232,0.0052,99.13,0.001289,8.37
47.632,-211.035,489.277,-0.1372,0.00727,-1.602,-1.585,-0.829,0.0,-0.017,0.009,99.17,0.001357,13.3
47.684,-210.989,487.956,-0.1283,0.00618,-1.162,-1.497,0.662,0.0,0.334,0.0089,99.21,0.001359,14.29
47.732,-210.943,486.633,-0.1207,0.00505,-0.985,-1.368,1.765,0.0,0.383,0.0087,99.25,0.001351,12.4
47.779,-210.896,485.228,-0.1143,0.00395,-0.79,-1.249,2.569,0.0,0.459,0.0031,99.28,0.001215,9.11
47.835,-210.851,483.822,-0.1095,0.00263,-0.521,-1.137,2.377,0.0,0.616,0.0033,99.32,0.001255,14.64
47.884,-210.804,482.332,-0.1066,0.00113,-0.181,-1.011,2.253,0.0,0.83,0.0057,99.36,0.001147,12.98
47.931,-210.765,481.008,-0.1059,-0.00044,-0.115,-0.835,2.501,0.0,0.72,0.0116,99.4,0.000972,9.85
47.985,-210.727,479.683,-0.1071,-0.00213,0.223,-0.592,3.531,0.0,0.815,0.0154,99.43,0.000767,13.66
48.035,-210.686,478.191,-0.1108,-0.00427,0.625,-0.243,4.849,0.0,0.867,0.0235,99.47,0.000769,13.32
48.082,-210.65,476.865,-0.1166,-0.00641,1.183,0.197,6.996,0.0,0.986,0.0248,99.52,0.000449,10.28
48.137,-210.616,475.539,-0.1246,-0.00863,1.795,0.709,8.8,0.0,1.085,0.0254,99.55,0.000345,15.71
48.188,-210.578,474.046,-0.1368,-0.01083,2.448,1.291,10.239,0.0,1.157,0.0276,99.59,0.000314,15.97
48.232,-210.545,472.718,-0.1513,-0.01099,2.577,1.732,11.635,0.0,0.845,0.0006,99.63,0.000314,9.8
48.287,-210.512,471.39,-0.1668,-0.01271,3.098,2.194,8.815,0.0,0.904,0.0184,99.66,0.000305,14.38
48.336,-210.477,469.978,-0.1853,-0.01422,3.655,2.73,9.244,0.0,0.925,0.0265,99.7,0.000626,13.64
48.383,-210.438,468.482,-0.2069,-0.01539,4.136,3.282,10.722,0.0,0.854,0.0209,99.74,0.000174,10.5
48.436,-210.403,467.153,-0.2269,-0.01612,4.632,3.788,11.031,0.0,0.844,0.013,99.78,0.000407,12.37
48.487,-210.365,465.823,-0.2474,-0.01641,4.781,4.238,10.134,0.0,0.543,0.0097,99.82,0.000731,13.65
48.538,-210.322,464.409,-0.2693,-0.01624,4.987,4.621,8.992,0.0,0.365,0.0065,99.85,0.00022,14.6
48.59,-210.273,462.912,-0.2917,-0.01573,5.169,4.931,7.668,0.0,0.238,0.0031,99.89,0.000504,15.43
48.639,-210.227,461.58,-0.3104,-0.01465,5.195,5.121,6.188,0.0,0.074,-0.0059,99.92,0.000553,14.87
48.69,-210.173,460.166,-0.3285,-0.013,4.792,5.166,3.799,0.0,-0.374,-0.0136,99.96,0.000571,15.37
48.738,-210.114,458.75,-0.344,-0.01077,4.599,5.001,0.906,0.0,-0.402,-0.0279,99.99,0.000857,13.33
48.79,-210.054,457.418,-0.3551,-0.00812,3.987,4.617,-3.311,0.0,-0.63,-0.0362,100.02,0.000341,14.95
48.842,-209.985,456.003,-0.3634,-0.0048,3.07,4.022,-7.661,0.0,-0.952,-0.043,100.05,0.000651,16.31
48.888,-209.915,454.671,-0.3675,-0.00081,1.885,3.224,-11.908,0.0,-1.339,-0.0491,100.07,0.000651,12.38
48.939,-209.835,453.255,-0.3666,0.0023,0.953,2.354,-15.964,0.0,-1.402,-0.0378,100.1,0.000853,12.69
48.993,-209.749,451.839,-0.3611,0.00542,-0.419,1.474,-17.391,0.0,-1.893,-0.0319,100.13,0.000305,16.13
49.044,-209.664,450.507,-0.352,0.00822,-0.754,0.565,-17.608,0.0,-1.319,-0.0348,100.17,0.000558,17.08
49.093,-209.57,449.09,-0.3387,0.01017,-1.705,-0.261,-18.185,0.0,-1.443,-0.0201,100.2,0.000727,15.91
49.144,-209.471,447.674,-0.3229,0.01215,-2.79,-1.005,-16.523,0.0,-1.786,-0.0173,100.24,0.000379,16.7
49.194,-209.37,446.257,-0.3043,0.01364,-2.706,-1.736,-14.864,0.0,-0.971,-0.0242,100.28,5e-06,14.94
49.244,-209.266,444.84,-0.2841,0.01387,-3.24,-2.313,-14.618,0.0,-0.927,-0.0041,100.31,0.000125,15.11
49.294,-209.161,443.423,-0.2638,0.0144,-3.571,-2.768,-11.551,0.0,-0.803,-0.0031,100.34,0.000187,15.2
49.345,-209.06,442.089,-0.2442,0.01387,-3.542,-3.054,-9.104,0.0,-0.488,0.0078,100.38,-0.000138,14.8
49.395,-208.948,440.587,-0.2235,0.01263,-3.635,-3.121,-5.715,0.0,-0.514,0.0206,100.42,-0.000442,15.34
49.443,-208.849,439.251,-0.2069,0.0109,-2.566,-3.031,-1.342,0.0,0.465,0.0196,100.45,-0.000198,13.35
49.499,-208.745,437.832,-0.192,0.00827,-2.24,-2.72,1.797,0.0,0.48,0.034,100.48,5.8e-05,18.41
49.547,-208.637,436.328,-0.1808,0.00608,-1.895,-2.27,6.223,0.0,0.376,0.0302,100.52,-0.000137,16.67
49.597,-208.544,434.991,-0.1736,0.00327,-0.411,-1.714,8.996,0.0,1.303,0.0306,100.56,0.000128,16.43
49.645,-208.448,433.569,-0.1699,0.00021,0.176,-0.981,11.136,0.0,1.158,0.044,100.6,0.000365,13.71
49.695,-208.359,432.23,-0.1707,-0.00208,0.659,-0.159,14.648,0.0,0.818,0.0382,100.65,0.000581,14.0
49.749,-208.273,430.891,-0.174,-0.00455,1.85,0.67,16.452,0.0,1.18,0.0296,100.68,0.000788,17.72
49.793,-208.184,429.467,-0.1808,-0.00692,3.06,1.484,16.577,0.0,1.576,0.0269,100.72,0.000983,11.32
49.845,-208.096,428.042,-0.1911,-0.00845,3.424,2.263,16.28,0.0,1.161,0.0235,100.75,0.001122,13.98
49.892,-208.009,426.617,-0.2036,-0.00897,3.571,2.912,15.581,0.0,0.659,0.009,100.79,0.001191,10.16
49.944,-207.923,425.192,-0.2163,-0.00908,4.073,3.348,12.97,0.0,0.725,-0.007,100.83,0.001166,11.75
49.994,-207.841,423.85,-0.2282,-0.00853,3.972,3.582,8.721,0.0,0.389,-0.0129,100.86,0.001166,11.17
50.043,-207.753,422.423,-0.24,-0.00781,4.195,3.623,4.687,0.0,0.572,-0.0189,100.89,0.001116,10.44
50.093,-207.663,420.997,-0.2502,-0.00617,3.457,3.465,0.81,0.0,-0.008,-0.0262,100.93,0.000993,9.93
50.145,-207.571,419.57,-0.2575,-0.00369,2.433,3.072,-3.144,0.0,-0.639,-0.0385,100.96,0.000911,12.36
50.202,-207.477,418.142,-0.2613,-0.00137,2.002,2.471,-7.866,0.0,-0.469,-0.0428,100.99,0.000807,18.15
50.245,-207.379,416.715,-0.2618,0.00061,1.082,1.772,-12.03,0.0,-0.691,-0.0346,101.03,0.000695,10.96
50.295,-207.29,415.455,-0.2597,0.00294,0.078,0.994,-13.971,0.0,-0.916,-0.0354,101.06,0.000613,10.92
50.344,-207.186,414.027,-0.2543,0.00476,-0.763,0.204,-15.556,0.0,-0.968,-0.0289,101.08,0.000516,10.06
50.396,-207.079,412.598,-0.2463,0.00593,-1.415,-0.503,-15.8,0.0,-0.912,-0.016,101.12,0.000491,10.82
50.445,-206.971,411.17,-0.2367,0.00638,-1.842,-1.049,-14.138,0.0,-0.793,-0.0023,101.14,0.000384,10.63
50.495,-206.86,409.741,-0.2263,0.00629,-2.044,-1.404,-10.929,0.0,-0.64,0.0077,101.18,0.000371,10.1
50.544,-206.748,408.312,-0.216,0.00556,-1.967,-1.55,-7.097,0.0,-0.417,0.0168,101.22,0.00031,8.43
50.595,-206.635,406.882,-0.2068,0.00431,-1.612,-1.491,-2.92,0.0,-0.122,0.0235,101.25,0.000294,9.43
50.647,-206.522,405.452,-0.1995,0.00259,-1.076,-1.243,1.182,0.0,0.167,0.0285,101.28,0.000224,11.25
50.698,-206.415,404.105,-0.1949,0.00057,-0.344,-0.837,4.962,0.0,0.493,0.0307,101.31,0.000187,11.77
50.747,-206.302,402.674,-0.1943,0.00025,-0.253,-0.524,8.115,0.0,0.271,0.0012,101.35,0.000187,10.33
50.797,-206.19,401.242,-0.1954,-0.00195,0.509,-0.099,6.261,0.0,0.609,0.0265,101.39,0.000126,10.51
50.847,-206.078,399.81,-0.1992,-0.00372,1.188,0.436,8.493,0.0,0.752,0.0303,101.42,0.000115,10.18
50.898,-205.967,398.377,-0.2057,-0.00556,1.91,1.028,10.707,0.0,0.882,0.0266,101.45,0.000114,10.22
50.949,-205.869,397.113,-0.2132,-0.00691,2.452,1.592,11.834,0.0,0.86,0.0168,101.48,1.4e-05,11.22
50.999,-205.759,395.679,-0.2233,-0.00786,2.908,2.091,11.278,0.0,0.817,0.0106,101.51,0.000214,10.39
51.049,-205.647,394.245,-0.2346,-0.00839,3.158,2.511,9.98,0.0,0.647,0.0064,101.55,0.000108,10.61
51.1,-205.536,392.811,-0.2463,-0.00849,3.38,2.831,8.403,0.0,0.549,0.0007,101.57,0.000325,10.51
51.149,-205.416,391.291,-0.2587,-0.00833,3.416,3.061,6.404,0.0,0.355,-0.0014,101.6,3.2e-05,10.13
51.203,-205.301,389.856,-0.2698,-0.00773,3.37,3.191,4.605,0.0,0.179,-0.0061,101.64,0.000167,13.08
51.254,-205.198,388.59,-0.2787,-0.00682,3.164,3.218,2.586,0.0,-0.054,-0.0097,101.68,0.000166,14.01
51.306,-205.079,387.154,-0.2873,-0.00558,2.928,3.139,0.549,0.0,-0.211,-0.0139,101.7,0.000319,15.91
51.352,-204.958,385.718,-0.2937,-0.00385,2.494,2.94,-1.576,0.0,-0.447,-0.0195,101.73,9.5e-05,11.98
51.406,-204.833,384.282,-0.2976,-0.00193,2.016,2.621,-3.978,0.0,-0.604,-0.0238,101.76,-0.000284,14.9
51.451,-204.704,382.846,-0.2985,0.0004,1.339,2.173,-6.392,0.0,-0.834,-0.0291,101.79,9.6e-05,9.86
51.505,-204.565,381.325,-0.296,0.00245,0.717,1.637,-8.955,0.0,-0.92,-0.0279,101.82,0.000325,13.35
51.553,-204.445,380.058,-0.2914,0.00469,0.026,1.055,-10.711,0.0,-1.029,-0.0253,101.85,0.000325,10.72
51.604,-204.307,378.622,-0.2834,0.00641,-0.405,0.463,-11.655,0.0,-0.867,-0.0216,101.87,0.000385,12.08
51.654,-204.166,377.185,-0.273,0.00794,-1.161,-0.087,-11.84,0.0,-1.074,-0.0148,101.9,0.000193,11.49
51.703,-204.023,375.748,-0.2605,0.00938,-1.657,-0.609,-11.002,0.0,-1.049,-0.0152,101.93,0.000193,9.78
51.76,-203.878,374.311,-0.2462,0.01029,-1.874,-1.073,-10.429,0.0,-0.801,-0.0102,101.96,0.000337,16.83
51.805,-203.74,372.959,-0.2315,0.01115,-2.208,-1.485,-9.287,0.0,-0.723,-0.0089,101.99,0.000337,11.51
51.858,-203.592,371.521,-0.2151,0.01115,-2.563,-1.787,-8.242,0.0,-0.776,0.0011,102.02,0.000433,14.45
51.907,-203.445,370.083,-0.1988,0.01117,-2.293,-2.03,-6.026,0.0,-0.262,-0.0025,102.05,0.000457,13.63
51.961,-203.297,368.645,-0.1827,0.01034,-2.3,-2.124,-4.872,0.0,-0.177,0.0125,102.08,0.000419,17.47
52.006,-203.15,367.206,-0.1682,0.00969,-2.184,-2.083,-1.87,0.0,-0.101,0.0155,102.12,0.000427,11.36
52.057,-203.004,365.766,-0.1547,0.00838,-2.055,-1.903,0.823,0.0,-0.152,0.0207,102.14,0.000614,11.88
52.105,-202.859,364.326,-0.1434,0.00683,-1.378,-1.682,3.586,0.0,0.304,0.0122,102.17,0.000638,9.78
52.157,-202.734,363.055,-0.1355,0.00553,-1.036,-1.432,4.431,0.0,0.396,0.0117,102.2,0.000638,11.76
52.215,-202.593,361.614,-0.1285,0.00378,-0.085,-1.187,5.004,0.0,1.102,0.0079,102.22,0.000497,18.71
52.257,-202.454,360.172,-0.124,0.00218,-0.105,-0.904,4.885,0.0,0.799,0.014,102.26,0.000444,10.63
52.309,-202.317,358.73,-0.1218,0.00114,-0.092,-0.604,5.666,0.0,0.513,0.0122,102.3,0.000493,12.31
52.357,-202.183,357.286,-0.1213,-0.00074,0.389,-0.234,5.993,0.0,0.623,0.0203,102.32,0.000619,9.84
52.414,-202.051,355.843,-0.1234,-0.00257,1.179,0.174,7.408,0.0,1.004,0.0182,102.35,0.000695,16.74
52.458,-201.92,354.398,-0.1279,-0.00432,1.54,0.615,8.167,0.0,0.925,0.0188,102.38,0.000472,10.09
52.51,-201.791,352.953,-0.1346,-0.00527,1.737,1.01,8.82,0.0,0.727,0.0089,102.41,0.000501,12.6
52.56,-201.67,351.593,-0.1417,-0.00614,2.003,1.338,7.887,0.0,0.666,0.0045,102.44,0.000413,12.4
52.608,-201.542,350.147,-0.1502,-0.00695,2.336,1.614,6.559,0.0,0.721,0.0043,102.47,5.9e-05,10.07
52.658,-201.413,348.701,-0.1602,-0.00676,2.332,1.799,5.533,0.0,0.533,-0.0032,102.5,5.9e-05,9.6
52.714,-201.292,347.339,-0.1695,-0.00708,2.465,1.951,3.693,0.0,0.514,0.0019,102.53,0.000116,15.49
52.761,-201.162,345.892,-0.1796,-0.0071,2.292,2.103,3.036,0.0,0.189,0.0053,102.57,0.000128,12.2
52.808,-201.032,344.445,-0.1895,-0.00682,2.23,2.216,3.037,0.0,0.013,-0.0,102.59,-9e-06,8.06
52.865,-200.899,342.998,-0.1986,-0.00664,2.398,2.265,2.273,0.0,0.133,-0.0051,102.62,-0.000172,15.81
52.916,-200.781,341.72,-0.2061,-0.00617,2.365,2.23,0.974,0.0,0.135,-0.01,102.64,-0.000204,16.07
52.965,-200.644,340.272,-0.2138,-0.00535,2.102,2.114,-0.705,0.0,-0.012,-0.0125,102.67,-0.000324,15.48
53.013,-200.505,338.824,-0.2203,-0.00446,1.716,1.982,-2.319,0.0,-0.267,-0.0062,102.7,-0.000203,12.9
53.064,-200.364,337.376,-0.2253,-0.00386,1.469,1.9,-2.625,0.0,-0.431,0.0022,102.73,-1e-05,13.4
53.115,-200.221,335.927,-0.2291,-0.00321,1.573,1.842,-1.657,0.0,-0.269,0.0006,102.77,-0.00023,13.38
53.162,-200.075,334.479,-0.2326,-0.00156,1.102,1.649,-1.161,0.0,-0.547,-0.0208,102.79,-0.00023,10.26
53.212,-199.927,333.03,-0.2342,-0.00075,0.835,1.47,-3.849,0.0,-0.634,-0.0049,102.8,-0.000177,9.63
53.268,-199.776,331.582,-0.2342,0.00032,0.63,1.306,-3.591,0.0,-0.676,-0.0041,102.83,-0.000188,15.4
53.317,-199.621,330.133,-0.2325,0.00146,0.722,1.093,-3.276,0.0,-0.37,-0.0126,102.85,-0.00016,14.93
53.367,-199.474,328.77,-0.2293,0.00251,0.325,0.873,-4.261,0.0,-0.548,-0.0084,102.87,-0.000113,13.83
53.414,-199.315,327.321,-0.2245,0.00393,-0.134,0.643,-4.398,0.0,-0.776,-0.0091,102.91,-1.4e-05,11.24
53.467,-199.154,325.872,-0.218,0.00481,-0.259,0.419,-4.603,0.0,-0.678,-0.0072,102.94,-0.000318,13.54
53.515,-198.992,324.422,-0.2102,0.00551,-0.305,0.195,-4.477,0.0,-0.499,-0.0078,102.96,-0.000122,10.9
53.565,-198.847,323.143,-0.2027,0.00623,-0.515,-0.054,-4.482,0.0,-0.462,-0.0112,102.99,-2.7e-05,10.59
53.616,-198.683,321.693,-0.1934,0.0072,-0.705,-0.361,-4.963,0.0,-0.344,-0.017,103.02,0.000248,11.74
53.667,-198.517,320.243,-0.1826,0.00766,-0.895,-0.638,-6.152,0.0,-0.257,-0.0065,103.05,0.000248,11.95
53.721,-198.351,318.792,-0.171,0.00819,-1.262,-0.875,-5.546,0.0,-0.387,-0.004,103.09,-0.000132,15.18
53.77,-198.185,317.341,-0.1589,0.00869,-1.71,-1.077,-4.737,0.0,-0.633,-0.0033,103.11,3e-05,14.49
53.822,-198.018,315.89,-0.1462,0.00883,-1.546,-1.263,-4.032,0.0,-0.282,-0.0049,103.13,0.000201,15.24
53.866,-197.853,314.438,-0.1336,0.00848,-1.574,-1.389,-3.731,0.0,-0.185,0.002,103.16,-2e-05,8.76
53.922,-197.687,312.985,-0.1215,0.0084,-1.602,-1.48,-2.511,0.0,-0.122,0.0004,103.19,6.1e-05,14.78
53.971,-197.523,311.533,-0.1097,0.00796,-1.568,-1.512,-1.82,0.0,-0.056,0.005,103.22,6.7e-05,13.54
54.025,-197.359,310.079,-0.0988,0.00745,-1.533,-1.495,-0.649,0.0,-0.038,0.0058,103.25,0.000238,16.3
54.074,-197.216,308.796,-0.09,0.0066,-1.453,-1.422,0.346,0.0,-0.031,0.0084,103.28,0.000137,15.33
54.119,-197.056,307.342,-0.0811,0.00567,-0.848,-1.345,1.46,0.0,0.497,0.0031,103.31,0.000124,10.29
54.169,-196.897,305.887,-0.0735,0.00449,-0.539,-1.201,1.537,0.0,0.662,0.0121,103.33,0.000124,10.16
54.222,-196.739,304.431,-0.0677,0.00336,-0.482,-1.02,2.892,0.0,0.538,0.0101,103.36,0.000314,13.1
54.273,-196.584,302.975,-0.0633,0.00264,-0.41,-0.837,3.616,0.0,0.427,0.0066,103.38,0.000253,13.65
54.323,-196.43,301.518,-0.0604,0.00141,-0.406,-0.591,3.658,0.0,0.185,0.0152,103.42,1e-06,13.14
54.374,-196.278,300.061,-0.0591,0.00035,0.37,-0.336,4.927,0.0,0.706,0.0098,103.44,9e-05,13.26
54.424,-196.137,298.689,-0.0593,-0.00115,0.609,-0.026,5.095,0.0,0.635,0.0165,103.47,0.000279,14.1
54.474,-195.988,297.23,-0.0617,-0.0018,0.601,0.267,6.187,0.0,0.335,0.0086,103.5,0.000253,13.41
54.527,-195.84,295.771,-0.0648,-0.0026,1.123,0.516,5.865,0.0,0.607,0.0041,103.53,0.000151,15.64
54.575,-195.693,294.312,-0.069,-0.00353,1.317,0.754,4.985,0.0,0.564,0.0071,103.56,4.4e-05,13.33
54.627,-195.547,292.852,-0.0744,-0.00375,1.405,0.929,4.756,0.0,0.476,-0.0004,103.59,0.000313,15.26
54.676,-195.401,291.391,-0.08,-0.00401,1.298,1.068,3.504,0.0,0.23,0.0011,103.62,0.00015,13.94
54.735,-195.255,289.93,-0.0858,-0.00408,1.474,1.173,2.783,0.0,0.301,0.0001,103.65,9.6e-05,22.97
54.771,-195.118,288.555,-0.0913,-0.00376,1.406,1.221,2.105,0.0,0.184,-0.0044,103.67,9.6e-05,9.06
54.823,-194.971,287.093,-0.0967,-0.00373,1.442,1.258,0.956,0.0,0.183,0.0002,103.69,-1.5e-05,9.77
54.879,-194.824,285.632,-0.1018,-0.00329,1.104,1.283,0.744,0.0,-0.179,-0.0004,103.71,5.2e-05,15.25
54.931,-194.675,284.17,-0.1062,-0.0028,1.059,1.262,0.496,0.0,-0.203,-0.0056,103.74,0.000121,17.65
54.974,-194.525,282.707,-0.1097,-0.00244,1.283,1.179,-0.428,0.0,0.104,-0.0093,103.76,-6.7e-05,9.79
55.023,-194.383,281.331,-0.1123,-0.00187,1.019,1.059,-1.655,0.0,-0.04,-0.0081,103.79,-0.000143,8.73
55.08,-194.23,279.868,-0.1145,-0.00099,0.539,0.916,-2.399,0.0,-0.378,-0.0074,103.82,-4.7e-05,15.35
55.126,-194.077,278.405,-0.1153,-0.00036,0.39,0.769,-2.855,0.0,-0.379,-0.0056,103.86,-0.000113,10.98
55.179,-193.922,276.942,-0.115,-5e-05,0.424,0.634,-2.948,0.0,-0.21,-0.0034,103.88,-0.000111,13.76
55.229,-193.775,275.564,-0.1141,0.00046,0.403,0.497,-2.697,0.0,-0.093,-0.005,103.9,5.6e-05,13.67
55.278,-193.617,274.101,-0.1128,0.00132,0.143,0.318,-2.745,0.0,-0.175,-0.0106,103.93,5.6e-05,11.92
55.329,-193.458,272.637,-0.1104,0.00188,-0.364,0.167,-3.571,0.0,-0.532,-0.0024,103.95,-0.000125,13.12
55.378,-193.298,271.173,-0.1071,0.00247,-0.353,0.03,-3.021,0.0,-0.383,-0.0033,103.98,-8.3e-05,11.52
55.426,-193.147,269.794,-0.1035,0.00246,-0.303,-0.065,-2.741,0.0,-0.237,0.001,104.0,-0.0001,9.65
55.48,-192.985,268.33,-0.0995,0.00271,-0.26,-0.152,-1.911,0.0,-0.108,-0.0021,104.03,-0.000134,13.2
55.533,-192.823,266.865,-0.0953,0.00281,-0.392,-0.204,-1.736,0.0,-0.188,0.0019,104.06,-0.000197,15.08
55.582,-192.661,265.399,-0.091,0.00304,-0.567,-0.231,-1.028,0.0,-0.336,0.0016,104.08,-4.4e-05,13.86
55.626,-192.498,263.933,-0.0865,0.00297,-0.337,-0.25,-0.546,0.0,-0.087,0.0001,104.11,7.3e-05,8.06
55.676,-192.335,262.467,-0.0821,0.00275,-0.203,-0.261,-0.389,0.0,0.058,0.0006,104.13,-0.0001,7.21
55.729,-192.192,261.173,-0.0787,0.00282,-0.358,-0.282,-0.208,0.0,-0.076,-0.0019,104.16,-0.000208,10.72
55.777,-192.029,259.707,-0.0746,0.00272,-0.351,-0.298,-0.424,0.0,-0.052,-0.0,104.19,-0.000208,8.78
55.831,-191.866,258.239,-0.0706,0.00281,-0.314,-0.332,-0.324,0.0,0.017,-0.003,104.22,-0.000158,12.21
55.88,-191.704,256.772,-0.0666,0.00261,-0.281,-0.344,-0.668,0.0,0.063,0.0017,104.24,-0.000237,11.27
55.935,-191.542,255.304,-0.0629,0.00248,-0.468,-0.315,-0.253,0.0,-0.153,0.0054,104.27,-0.000178,14.92
55.981,-191.381,253.835,-0.0594,0.00239,-0.237,-0.282,0.583,0.0,0.046,0.0015,104.3,-0.000151,10.72
56.032,-191.22,252.366,-0.0563,0.00189,-0.157,-0.22,0.653,0.0,0.063,0.0054,104.32,-0.000108,11.58
56.086,-191.059,250.897,-0.0537,0.00181,-0.128,-0.176,1.257,0.0,0.047,-0.0004,104.35,-0.000186,16.04
56.133,-190.918,249.6,-0.0516,0.00166,-0.054,-0.164,0.881,0.0,0.11,-0.003,104.38,-7.1e-05,12.75
56.184,-190.758,248.13,-0.0494,0.00153,0.051,-0.17,0.23,0.0,0.221,-0.0021,104.4,-0.000152,12.79
56.233,-190.598,246.659,-0.0474,0.0015,-0.138,-0.151,-0.122,0.0,0.013,0.0033,104.43,-9.6e-05,11.64
56.284,-190.439,245.188,-0.0457,0.00143,-0.271,-0.09,0.377,0.0,-0.182,0.0066,104.47,-7.7e-05,13.02
56.333,-190.29,243.803,-0.044,0.00108,-0.179,-0.012,1.234,0.0,-0.167,0.0044,104.49,-7.7e-05,11.07
56.384,-190.132,242.331,-0.0425,0.00087,0.089,0.068,1.555,0.0,0.02,0.003,104.51,-8e-05,12.03
56.434,-189.974,240.859,-0.0415,0.00062,0.29,0.14,1.599,0.0,0.15,0.0016,104.54,-4.5e-05,11.8
56.481,-189.826,239.473,-0.0407,0.00073,0.19,0.171,1.43,0.0,0.019,-0.0031,104.56,-0.000115,8.67
56.532,-189.668,237.999,-0.0396,0.00109,0.18,0.138,0.622,0.0,0.043,-0.0079,104.59,-3.1e-05,9.98
56.577,-189.51,236.526,-0.0382,0.00131,0.034,0.079,-0.662,0.0,-0.045,-0.0047,104.61,-8.6e-05,4.4
56.633,-189.362,235.139,-0.0366,0.00164,-0.103,0.007,-1.168,0.0,-0.11,-0.004,104.64,1e-06,10.2
56.683,-189.204,233.665,-0.0344,0.00176,-0.202,-0.056,-1.452,0.0,-0.146,-0.0011,104.67,2.3e-05,9.53
56.736,-189.046,232.19,-0.032,0.00195,-0.172,-0.126,-1.243,0.0,-0.046,-0.0033,104.69,-3.8e-05,12.06
56.781,-188.889,230.715,-0.0293,0.00207,-0.365,-0.192,-1.405,0.0,-0.173,-0.0019,104.72,-0.000101,6.66
56.833,-188.741,229.327,-0.0265,0.00196,-0.346,-0.231,-1.323,0.0,-0.116,0.0015,104.73,-0.000101,8.73
56.884,-188.574,227.765,-0.0232,0.0022,-0.332,-0.289,-0.775,0.0,-0.043,-0.0041,104.76,-0.000149,8.88
56.932,-188.417,226.289,-0.0201,0.00209,-0.384,-0.334,-1.174,0.0,-0.051,-0.0,104.78,-0.000152,6.55
56.985,-188.26,224.813,-0.0171,0.0021,-0.428,-0.365,-0.882,0.0,-0.063,0.0002,104.8,-0.000156,9.04
57.036,-188.113,223.423,-0.0143,0.00195,-0.393,-0.376,-0.635,0.0,-0.017,0.0018,104.83,-9.9e-05,10.11
57.081,-187.957,221.946,-0.0116,0.00175,-0.394,-0.37,-0.221,0.0,-0.024,0.002,104.85,-0.000242,5.08
57.136,-187.801,220.469,-0.0092,0.00156,-0.264,-0.366,0.118,0.0,0.102,0.0001,104.87,-0.000283,9.4
57.186,-187.655,219.078,-0.0073,0.00129,-0.299,-0.348,0.098,0.0,0.049,0.0019,104.89,-0.000327,8.93
57.243,-187.5,217.6,-0.0057,0.00116,-0.199,-0.331,0.35,0.0,0.132,0.0005,104.91,-0.000359,15.13
57.299,-187.337,216.035,-0.0041,0.00087,-0.232,-0.282,0.334,0.0,0.05,0.0052,104.93,-0.000347,20.36
57.336,-187.183,214.556,-0.0032,0.0007,-0.214,-0.205,0.996,0.0,-0.01,0.0055,104.95,-0.000402,6.71
57.391,-187.039,213.164,-0.0025,0.00036,-0.044,-0.107,1.54,0.0,0.063,0.0055,104.98,-0.00044,11.78
57.438,-186.886,211.684,-0.0021,6e-05,0.041,-0.013,1.949,0.0,0.054,0.0029,105.0,-0.00044,8.71
57.488,-186.733,210.204,-0.0022,-0.00021,0.196,0.078,1.877,0.0,0.119,0.0029,105.02,-0.000393,7.92
57.538,-186.581,208.724,-0.0027,-0.00029,0.283,0.147,1.82,0.0,0.136,0.0002,105.04,-0.000318,7.61
57.588,-186.429,207.244,-0.0032,-0.00025,0.276,0.192,1.393,0.0,0.085,-0.0011,105.07,-0.000195,7.55
57.639,-186.286,205.85,-0.0036,-0.00017,0.259,0.233,0.889,0.0,0.026,0.0011,105.09,-0.000154,8.14
57.693,-186.143,204.456,-0.004,-9e-05,0.167,0.288,0.828,0.0,-0.12,0.0033,105.11,-0.000116,11.79
57.74,-185.983,202.888,-0.0043,0.00011,0.289,0.323,1.087,0.0,-0.034,-0.0007,105.14,-0.000153,8.51
57.791,-185.831,201.406,-0.0042,0.00025,0.3,0.343,0.712,0.0,-0.043,-0.001,105.16,-0.000113,8.8
57.843,-185.679,199.923,-0.0039,0.00071,0.218,0.322,0.398,0.0,-0.104,-0.005,105.17,3.2e-05,11.39
57.901,-185.527,198.441,-0.003,0.0013,0.083,0.258,-0.419,0.0,-0.175,-0.0068,105.2,-6.7e-05,18.48
57.947,-185.393,197.133,-0.0012,0.00142,0.04,0.197,-1.285,0.0,-0.157,-0.0018,105.22,-6.7e-05,15.03
57.993,-185.241,195.65,0.0014,0.00209,-0.181,0.103,-1.218,0.0,-0.283,-0.0068,105.24,-0.000116,10.61
58.046,-185.088,194.167,0.0049,0.00282,-0.343,-0.058,-1.883,0.0,-0.284,-0.0126,105.27,-0.000201,13.46
58.095,-184.936,192.683,0.0094,0.00351,-0.517,-0.279,-3.218,0.0,-0.238,-0.014,105.29,-0.000135,12.13
58.145,-184.783,191.199,0.0148,0.00418,-0.797,-0.536,-4.425,0.0,-0.261,-0.0126,105.31,-3e-05,11.78
58.194,-184.63,189.715,0.0212,0.00483,-1.109,-0.803,-5.13,0.0,-0.306,-0.0105,105.33,-1.9e-05,9.91
58.246,-184.477,188.231,0.0281,0.00519,-1.402,-1.038,-5.346,0.0,-0.364,-0.0048,105.35,-8.4e-05,12.27
58.301,-184.325,186.746,0.0355,0.00529,-1.517,-1.219,-4.692,0.0,-0.298,-0.0008,105.37,3.8e-05,15.88
58.344,-184.173,185.261,0.0429,0.00503,-1.526,-1.337,-3.63,0.0,-0.189,0.0025,105.39,3.4e-05,8.18
58.401,-184.04,183.95,0.049,0.00464,-1.397,-1.4,-2.358,0.0,0.003,0.0036,105.42,6.4e-05,14.97
58.449,-183.89,182.464,0.0553,0.00409,-1.32,-1.389,-1.257,0.0,0.07,0.008,105.44,-1.3e-05,12.64
58.497,-183.742,180.977,0.0608,0.00321,-1.094,-1.302,0.21,0.0,0.208,0.0111,105.46,-1.3e-05,10.74
58.546,-183.595,179.49,0.0651,0.00248,-1.084,-1.149,1.746,0.0,0.065,0.0122,105.48,5.4e-05,10.02
58.596,-183.449,178.003,0.0681,0.00163,-0.732,-0.96,3.055,0.0,0.228,0.0105,105.5,5e-06,9.52
58.651,-183.305,176.515,0.0699,0.00059,-0.38,-0.747,3.795,0.0,0.368,0.0098,105.53,2.3e-05,13.64
58.699,-183.162,175.027,0.07,-0.00026,-0.029,-0.549,4.249,0.0,0.519,0.0055,105.55,9.7e-05,11.7
58.748,-183.021,173.538,0.0689,-0.001,0.108,-0.363,3.973,0.0,0.471,0.0051,105.58,-3e-06,10.46
58.799,-182.897,172.224,0.067,-0.00154,0.145,-0.188,3.714,0.0,0.333,0.0049,105.6,3e-06,10.7
58.85,-182.758,170.734,0.0641,-0.00213,0.314,-0.023,3.491,0.0,0.338,0.0047,105.62,1.6e-05,11.98
58.902,-182.62,169.244,0.0604,-0.00278,0.601,0.139,3.297,0.0,0.462,0.0054,105.64,3.6e-05,13.63
58.949,-182.483,167.754,0.0558,-0.00332,0.63,0.31,3.251,0.0,0.321,0.0068,105.66,-0.0001,9.96
58.998,-182.347,166.263,0.0504,-0.00369,0.767,0.473,3.413,0.0,0.293,0.005,105.69,-4.3e-05,9.02
59.051,-182.212,164.772,0.0446,-0.00408,0.871,0.629,3.273,0.0,0.242,0.0046,105.72,-2.3e-05,10.71
59.103,-182.085,163.368,0.0388,-0.00432,1.065,0.761,3.114,0.0,0.304,0.0021,105.74,-0.000108,13.18
59.152,-181.95,161.876,0.0324,-0.00444,1.05,0.868,2.64,0.0,0.182,0.0011,105.76,-5.2e-05,11.42
59.201,-181.814,160.383,0.0258,-0.00429,1.1,0.931,2.142,0.0,0.169,-0.0024,105.79,-0.000108,9.67
59.253,-181.679,158.891,0.0196,-0.00406,1.043,0.958,1.256,0.0,0.084,-0.0028,105.81,-2.6e-05,11.86
59.304,-181.543,157.398,0.0138,-0.0037,0.875,0.962,0.543,0.0,-0.086,-0.0023,105.83,-3.6e-05,12.28
59.352,-181.406,155.905,0.0086,-0.00323,0.891,0.927,0.071,0.0,-0.036,-0.0052,105.85,-8.4e-05,9.66
59.404,-181.285,154.587,0.0047,-0.00269,0.754,0.857,-0.691,0.0,-0.103,-0.0061,105.87,-8.4e-05,11.5
59.457,-181.146,153.093,0.001,-0.00217,0.616,0.772,-1.398,0.0,-0.156,-0.0046,105.9,-0.000197,14.5
59.503,-181.007,151.599,-0.0019,-0.00147,0.412,0.668,-1.704,0.0,-0.256,-0.0057,105.92,-4.9e-05,9.93
59.555,-180.867,150.105,-0.0036,-0.00081,0.206,0.547,-2.089,0.0,-0.341,-0.0059,105.95,0.000139,11.73
59.606,-180.725,148.611,-0.0044,-0.00019,0.2,0.406,-2.417,0.0,-0.206,-0.007,105.97,4.7e-05,11.97
59.66,-180.583,147.116,-0.0043,0.00035,-0.025,0.263,-2.812,0.0,-0.288,-0.0052,105.99,4e-05,15.65
59.707,-180.448,145.709,-0.0034,0.00106,-0.26,0.105,-2.855,0.0,-0.364,-0.0072,106.01,3.2e-05,12.11
59.757,-180.303,144.214,-0.0014,0.00155,-0.306,-0.06,-3.171,0.0,-0.246,-0.0064,106.04,-4.9e-05,12.29
59.807,-180.159,142.719,0.0012,0.00198,-0.512,-0.215,-3.297,0.0,-0.297,-0.0043,106.06,-3.5e-05,12.12
59.856,-180.013,141.223,0.0045,0.00244,-0.59,-0.361,-3.094,0.0,-0.229,-0.0042,106.08,3.1e-05,10.0
59.905,-179.868,139.728,0.0083,0.00264,-0.768,-0.471,-2.919,0.0,-0.297,-0.0001,106.1,0.000113,8.99
59.957,-179.73,138.319,0.0121,0.00284,-0.831,-0.561,-2.205,0.0,-0.27,-0.001,106.12,5e-06,10.63
60.011,-179.567,136.647,0.0168,0.00277,-0.776,-0.648,-1.794,0.0,-0.128,-0.0028,106.14,3.4e-05,14.19
60.055,-179.43,135.238,0.0206,0.00267,-0.624,-0.748,-1.74,0.0,0.123,-0.0048,106.16,4.1e-05,8.68
60.109,-179.285,133.741,0.0244,0.00245,-0.764,-0.812,-1.997,0.0,0.048,0.0015,106.19,3.8e-05,11.94
60.15,-179.14,132.243,0.0279,0.00226,-0.961,-0.815,-1.289,0.0,-0.146,0.0063,106.22,-5.7e-05,3.0
60.206,-179.005,130.834,0.0307,0.00174,-0.711,-0.754,-0.058,0.0,0.043,0.0087,106.24,-0.000192,7.99
60.259,-178.862,129.335,0.0328,0.00096,-0.49,-0.632,1.209,0.0,0.143,0.0107,106.25,-9.9e-05,10.69
60.31,-178.719,127.836,0.0338,0.00034,-0.307,-0.491,2.443,0.0,0.184,0.007,106.27,-7.1e-05,11.49
60.362,-178.578,126.337,0.0339,-0.00025,-0.034,-0.361,2.832,0.0,0.326,0.0033,106.29,-7.1e-05,13.47
60.411,-178.445,124.926,0.0331,-0.00085,0.123,-0.233,2.603,0.0,0.356,0.0041,106.32,-8e-05,11.82
60.46,-178.305,123.426,0.0314,-0.00134,0.188,-0.1,2.543,0.0,0.288,0.0053,106.35,6.7e-05,10.67
60.51,-178.166,121.926,0.029,-0.00182,0.236,0.048,2.669,0.0,0.188,0.0067,106.37,9e-06,9.82
60.564,-178.028,120.425,0.0258,-0.00234,0.536,0.204,2.965,0.0,0.331,0.0063,106.39,0.000101,13.59
60.612,-177.898,119.012,0.0222,-0.00285,0.665,0.377,3.121,0.0,0.288,0.0078,106.41,-7e-06,11.78
60.664,-177.761,117.511,0.0177,-0.00304,0.733,0.55,3.457,0.0,0.183,0.006,106.43,-2e-06,12.81
60.708,-177.632,116.098,0.0133,-0.00317,0.796,0.706,3.448,0.0,0.09,0.0037,106.45,4.4e-05,7.26
60.765,-177.494,114.596,0.0085,-0.00318,0.938,0.817,3.121,0.0,0.121,-0.0008,106.48,-0.000123,13.25
60.808,-177.357,113.093,0.0038,-0.00307,1.097,0.866,2.228,0.0,0.231,-0.0048,106.5,-0.000137,6.77
60.865,-177.227,111.679,-0.0004,-0.00271,0.9,0.86,0.978,0.0,0.04,-0.0059,106.53,0.000193,13.26
60.916,-177.089,110.176,-0.0042,-0.0021,0.709,0.789,-0.112,0.0,-0.08,-0.0093,106.54,0.000223,13.76
60.962,-176.942,108.585,-0.0073,-0.00164,0.593,0.677,-1.42,0.0,-0.084,-0.0082,106.57,0.000209,8.84
61.019,-176.802,107.081,-0.0094,-0.00112,0.465,0.54,-2.242,0.0,-0.074,-0.0075,106.6,0.000267,16.32
61.065,-176.662,105.577,-0.0107,-0.00063,0.151,0.406,-2.754,0.0,-0.255,-0.0042,106.61,0.000541,11.9
61.117,-176.53,104.162,-0.0113,-6e-05,0.063,0.275,-2.667,0.0,-0.213,-0.0043,106.63,0.000617,13.57
61.162,-176.389,102.658,-0.0111,0.00016,-0.116,0.184,-2.62,0.0,-0.3,0.001,106.66,0.000481,8.12
61.218,-176.247,101.153,-0.0105,0.00062,-0.115,0.099,-1.825,0.0,-0.214,-0.0023,106.68,0.000601,13.2
61.266,-176.104,99.649,-0.0093,0.00083,-0.188,0.024,-1.7,0.0,-0.212,-0.0015,106.71,0.000374,11.08
61.317,-175.969,98.232,-0.0078,0.00128,-0.381,-0.074,-1.491,0.0,-0.307,-0.0059,106.74,0.000405,12.04
61.37,-175.825,96.727,-0.0056,0.00158,-0.272,-0.228,-1.966,0.0,-0.044,-0.0112,106.76,0.000394,14.02
61.42,-175.689,95.31,-0.0032,0.00171,-0.303,-0.403,-3.079,0.0,0.1,-0.0084,106.77,0.000459,14.11
61.469,-175.545,93.804,-0.0005,0.00185,-0.766,-0.553,-3.511,0.0,-0.212,-0.0026,106.79,0.000477,12.92
61.518,-175.401,92.298,0.0022,0.00201,-0.861,-0.704,-2.998,0.0,-0.158,-0.0053,106.81,0.000393,11.93
61.57,-175.265,90.88,0.0049,0.00145,-0.697,-0.819,-3.005,0.0,0.122,-0.0004,106.83,0.000396,13.52
61.618,-175.121,89.373,0.007,0.00091,-0.625,-0.882,-2.317,0.0,0.257,0.0034,106.85,0.000509,11.65
61.669,-174.978,87.866,0.008,0.00016,-0.754,-0.842,-1.254,0.0,0.088,0.0122,106.88,0.000112,12.5
61.717,-174.844,86.447,0.008,-0.00076,-0.586,-0.693,0.808,0.0,0.107,0.0165,106.9,-5.8e-05,9.91
61.77,-174.702,84.939,0.0065,-0.00218,-0.006,-0.436,2.977,0.0,0.43,0.0203,106.92,0.000233,11.84
61.822,-174.561,83.431,0.0029,-0.00359,0.267,-0.092,5.143,0.0,0.358,0.0211,106.95,0.000336,13.85
61.869,-174.42,81.922,-0.0028,-0.00464,0.875,0.24,6.877,0.0,0.635,0.0103,106.97,0.000177,10.16
61.923,-174.28,80.413,-0.01,-0.00579,1.199,0.555,6.63,0.0,0.645,0.0093,106.99,4.7e-05,14.49
61.971,-174.141,78.904,-0.0189,-0.0066,1.487,0.844,6.304,0.0,0.643,0.0074,107.01,6.7e-05,11.45
62.025,-174.001,77.394,-0.0288,-0.0074,1.683,1.133,5.781,0.0,0.55,0.0101,107.03,4e-05,15.72
62.073,-173.862,75.884,-0.0399,-0.00812,1.92,1.435,5.785,0.0,0.486,0.0118,107.06,-2.2e-05,13.49
62.122,-173.722,74.374,-0.0518,-0.00869,2.245,1.742,6.027,0.0,0.503,0.0113,107.08,-5.9e-05,11.5
62.172,-173.599,73.041,-0.0626,-0.00902,2.387,2.047,6.142,0.0,0.34,0.0105,107.11,6e-05,11.35
62.218,-173.441,71.352,-0.0769,-0.00889,2.279,2.307,6.107,0.0,-0.028,0.0043,107.13,8.7e-05,6.48
62.272,-173.316,70.019,-0.0882,-0.00781,2.028,2.39,5.2,0.0,-0.362,-0.0157,107.14,8.7e-05,10.34
62.32,-173.172,68.508,-0.0996,-0.00722,2.407,2.352,1.653,0.0,0.055,-0.0139,107.18,7.7e-05,8.29
62.375,-173.026,66.996,-0.1098,-0.00651,2.466,2.242,-0.747,0.0,0.224,-0.0114,107.19,0.000116,13.33
62.422,-172.877,65.485,-0.1187,-0.00511,1.749,2.077,-2.2,0.0,-0.328,-0.0116,107.19,3.2e-05,10.17
62.477,-172.735,64.063,-0.125,-0.0036,1.222,1.875,-3.316,0.0,-0.652,-0.0108,107.21,-0.000104,14.78
62.526,-172.573,62.463,-0.1299,-0.00259,1.155,1.673,-4.036,0.0,-0.518,-0.007,107.23,-0.000134,13.61
62.576,-172.427,61.04,-0.1324,-0.0015,1.019,1.457,-4.031,0.0,-0.438,-0.0091,107.26,-0.000219,12.98
62.628,-172.269,59.529,-0.1334,-2e-05,0.578,1.187,-4.321,0.0,-0.609,-0.0151,107.28,-0.000214,14.82
62.678,-172.109,58.017,-0.1321,0.0017,0.114,0.834,-5.41,0.0,-0.719,-0.021,107.29,-9.8e-05,14.3
62.725,-171.946,56.506,-0.1283,0.00317,-0.247,0.426,-7.06,0.0,-0.673,-0.0199,107.31,-0.000165,10.36
62.78,-171.78,54.995,-0.1224,0.00442,-0.584,0.003,-8.142,0.0,-0.587,-0.0165,107.34,-0.000173,15.92
62.829,-171.613,53.483,-0.1148,0.00557,-1.096,-0.402,-8.463,0.0,-0.694,-0.0123,107.35,-0.000103,14.1
62.877,-171.464,52.149,-0.1067,0.00643,-1.378,-0.761,-8.11,0.0,-0.617,-0.0077,107.37,-0.000103,12.12
62.927,-171.284,50.549,-0.0958,0.00709,-1.654,-1.066,-7.182,0.0,-0.588,-0.005,107.4,-0.000296,11.54
62.978,-171.113,49.037,-0.0849,0.00726,-1.743,-1.276,-6.101,0.0,-0.467,0.0027,107.42,-0.000115,11.89
63.028,-170.942,47.524,-0.0738,0.00713,-1.808,-1.371,-4.189,0.0,-0.437,0.0086,107.44,-8e-06,11.58
63.078,-170.771,46.012,-0.0632,0.0068,-1.663,-1.38,-1.905,0.0,-0.283,0.0087,107.46,-3.1e-05,11.63
63.131,-170.611,44.588,-0.0537,0.00619,-1.366,-1.331,-0.182,0.0,-0.035,0.0079,107.48,-8.3e-05,14.36
63.181,-170.441,43.074,-0.0447,0.00559,-1.202,-1.255,0.992,0.0,0.053,0.0053,107.5,9.1e-05,13.93
63.231,-170.292,41.739,-0.0377,0.00504,-0.975,-1.18,1.501,0.0,0.205,0.0027,107.52,-9e-05,13.88
63.28,-170.125,40.225,-0.0306,0.00433,-0.816,-1.083,1.506,0.0,0.267,0.0056,107.55,-3.7e-05,12.07
63.333,-169.959,38.71,-0.0248,0.00366,-0.795,-0.95,1.936,0.0,0.155,0.0085,107.57,4.2e-05,15.21
63.385,-169.784,37.106,-0.0198,0.00295,-0.537,-0.792,2.667,0.0,0.256,0.008,107.59,-9.3e-05,16.8
63.428,-169.622,35.59,-0.0162,0.00202,-0.28,-0.61,3.15,0.0,0.329,0.009,107.61,-8e-05,10.3
63.48,-169.46,34.074,-0.0141,0.00126,-0.162,-0.43,3.655,0.0,0.268,0.006,107.63,-0.00013,11.53
63.532,-169.31,32.647,-0.0132,0.00066,0.243,-0.297,3.596,0.0,0.54,-0.0002,107.65,-6e-05,13.11
63.579,-169.151,31.13,-0.0129,5e-05,0.191,-0.171,2.662,0.0,0.362,0.0036,107.67,-0.00017,9.74
63.63,-169.003,29.702,-0.0134,-0.00071,0.41,-0.011,2.514,0.0,0.421,0.0092,107.7,-0.00017,10.44
63.678,-168.846,28.184,-0.0147,-0.00093,0.344,0.13,3.207,0.0,0.214,0.0029,107.72,-0.000256,7.92
63.732,-168.7,26.755,-0.0164,-0.00141,0.518,0.256,2.816,0.0,0.263,0.0028,107.73,-0.000231,12.22
63.787,-168.536,25.148,-0.0191,-0.00187,0.726,0.383,2.512,0.0,0.343,0.0047,107.75,-0.000228,16.84
63.858,-168.391,23.718,-0.022,-0.00218,0.611,0.517,2.551,0.0,0.094,0.0053,107.78,-0.000186,36.75
63.893,-168.238,22.199,-0.0255,-0.00217,0.851,0.608,2.676,0.0,0.244,-0.0013,107.8,-0.000183,21.87
63.937,-168.093,20.769,-0.0287,-0.00239,0.862,0.693,1.815,0.0,0.169,0.0024,107.82,-0.000157,16.21
63.984,-167.931,19.159,-0.0325,-0.00209,0.698,0.75,1.701,0.0,-0.052,-0.0009,107.85,-3.8e-05,12.44
64.044,-167.777,17.639,-0.0355,-0.00178,0.792,0.763,1.15,0.0,0.029,-0.0043,107.87,-4e-06,21.43
64.086,-167.622,16.119,-0.038,-0.00157,0.729,0.763,0.247,0.0,-0.034,-0.0012,107.89,-5e-06,12.59
64.134,-167.467,14.598,-0.0402,-0.00105,0.653,0.738,0.015,0.0,-0.085,-0.0036,107.91,-2e-06,10.3
64.182,-167.321,13.167,-0.0414,-0.00054,0.429,0.697,-0.508,0.0,-0.269,-0.003,107.93,-4.1e-05,8.53
64.237,-167.165,11.645,-0.0421,9e-05,0.39,0.622,-0.812,0.0,-0.231,-0.0063,107.96,-8.6e-05,12.76
64.285,-167.017,10.213,-0.0417,0.00062,0.238,0.516,-1.514,0.0,-0.278,-0.0068,107.97,-8.6e-05,10.9
64.333,-166.85,8.602,-0.0402,0.00121,0.169,0.38,-2.112,0.0,-0.211,-0.0079,107.99,-8.3e-05,8.43
64.388,-166.701,7.17,-0.0379,0.00204,-0.108,0.2,-2.719,0.0,-0.308,-0.0109,108.01,-0.0001,13.08
64.436,-166.551,5.738,-0.0345,0.0029,-0.372,-0.024,-3.606,0.0,-0.348,-0.0123,108.03,-0.000131,10.39
64.485,-166.381,4.126,-0.0294,0.00356,-0.633,-0.264,-4.472,0.0,-0.369,-0.0101,108.05,-1.4e-05,9.61
64.536,-166.221,2.604,-0.0236,0.00406,-0.806,-0.505,-4.804,0.0,-0.3,-0.0085,108.07,2.6e-05,10.16
64.586,-166.07,1.17,-0.0176,0.00436,-0.954,-0.725,-4.825,0.0,-0.229,-0.0055,108.1,-5.5e-05,10.51
64.642,-165.919,-0.263,-0.0112,0.00455,-1.184,-0.901,-4.403,0.0,-0.283,-0.0014,108.12,-0.000107,15.46
64.685,-165.749,-1.876,-0.0039,0.00458,-1.27,-1.024,-3.505,0.0,-0.246,0.0011,108.14,0.0,8.7
64.742,-165.598,-3.31,0.0026,0.00433,-1.232,-1.078,-2.468,0.0,-0.154,0.0054,108.15,9.6e-05,15.06
64.787,-165.439,-4.834,0.0089,0.0039,-1.142,-1.061,-1.078,0.0,-0.081,0.0081,108.17,7.5e-05,9.51
64.84,-165.289,-6.269,0.0142,0.00337,-0.97,-0.996,0.344,0.0,0.027,0.0072,108.19,1.6e-05,12.02
64.89,-165.113,-7.973,0.0195,0.00275,-0.764,-0.905,1.29,0.0,0.141,0.006,108.22,4.7e-05,11.93
64.941,-164.965,-9.408,0.023,0.00215,-0.615,-0.801,1.829,0.0,0.186,0.0049,108.24,0.000122,12.61
64.99,-164.818,-10.844,0.0256,0.00154,-0.435,-0.694,2.078,0.0,0.259,0.004,108.26,0.0001,11.76
65.038,-164.664,-12.37,0.0274,0.00085,-0.21,-0.572,2.133,0.0,0.362,0.0059,108.27,0.000173,10.22
65.09,-164.519,-13.806,0.0282,0.00021,-0.178,-0.422,2.44,0.0,0.243,0.0083,108.28,-6.8e-05,12.04
65.138,-164.367,-15.333,0.028,-0.00041,-0.05,-0.255,3.014,0.0,0.205,0.0074,108.3,-0.000145,9.59
65.189,-164.225,-16.77,0.0269,-0.00112,0.254,-0.096,3.325,0.0,0.35,0.0048,108.33,-0.000348,9.7
65.244,-164.057,-18.477,0.0245,-0.00174,0.505,0.046,3.183,0.0,0.459,0.0032,108.36,-0.000439,14.4
65.29,-163.916,-19.915,0.0216,-0.00216,0.505,0.179,2.841,0.0,0.326,0.0037,108.38,-0.00067,10.09
65.338,-163.767,-21.444,0.0181,-0.00241,0.473,0.302,2.664,0.0,0.171,0.0033,108.41,-0.000719,8.14
65.391,-163.628,-22.883,0.0143,-0.00274,0.611,0.413,2.468,0.0,0.199,0.0025,108.42,-0.000776,11.5
65.44,-163.48,-24.412,0.0098,-0.0031,0.805,0.505,2.202,0.0,0.3,0.0014,108.44,-0.000831,9.88
65.495,-163.341,-25.851,0.0052,-0.00327,0.838,0.579,1.852,0.0,0.258,0.0007,108.46,-0.000797,14.65
65.542,-163.194,-27.38,0.0002,-0.00326,0.768,0.651,1.485,0.0,0.117,0.0022,108.48,-0.000796,11.13
65.588,-163.046,-28.91,-0.0048,-0.00328,0.823,0.75,1.429,0.0,0.072,0.0064,108.5,-0.000807,6.88
65.642,-162.907,-30.35,-0.0096,-0.00327,0.754,0.895,1.99,0.0,-0.141,0.0098,108.52,-0.00075,10.21
65.692,-162.758,-31.881,-0.0145,-0.00309,1.024,1.046,2.898,0.0,-0.022,0.0058,108.55,-0.000695,9.62
65.74,-162.61,-33.411,-0.0191,-0.00292,1.094,1.204,3.011,0.0,-0.11,0.0063,108.56,-0.000684,7.4
65.794,-162.46,-34.942,-0.0231,-0.00216,1.15,1.303,3.16,0.0,-0.153,-0.0026,108.58,-0.000765,10.87
65.844,-162.309,-36.473,-0.0259,-0.00124,1.017,1.323,1.991,0.0,-0.306,-0.0076,108.6,-0.000736,11.22
65.894,-162.166,-37.914,-0.0271,0.00019,0.907,1.221,0.398,0.0,-0.314,-0.0164,108.62,-0.000778,10.48
65.946,-162.012,-39.445,-0.0263,0.00166,0.548,1.016,-2.05,0.0,-0.468,-0.0179,108.65,-0.000733,12.57
65.995,-161.858,-40.977,-0.0232,0.00359,0.06,0.694,-4.105,0.0,-0.633,-0.0235,108.67,-0.000532,10.46
66.046,-161.702,-42.509,-0.0172,0.00558,-0.459,0.27,-6.438,0.0,-0.729,-0.0254,108.69,-0.000189,11.02
66.099,-161.545,-44.04,-0.0083,0.00759,-1.108,-0.225,-8.473,0.0,-0.884,-0.0247,108.7,-5.4e-05,13.63
66.149,-161.386,-45.572,0.0035,0.00954,-1.716,-0.771,-9.894,0.0,-0.945,-0.0244,108.72,-0.000172,13.88
66.199,-161.237,-47.014,0.0171,0.01118,-2.228,-1.326,-10.921,0.0,-0.902,-0.0204,108.74,-0.000316,13.57
66.248,-161.077,-48.546,0.0337,0.01257,-2.768,-1.844,-11.108,0.0,-0.923,-0.0142,108.76,-0.000383,13.1
66.301,-160.918,-50.079,0.0522,0.01365,-3.226,-2.296,-10.365,0.0,-0.93,-0.0088,108.78,-0.000289,15.41
66.348,-160.759,-51.612,0.0721,0.01427,-3.509,-2.663,-9.036,0.0,-0.846,-0.0039,108.8,-0.000158,12.45
66.399,-160.601,-53.145,0.0927,0.01454,-3.584,-2.966,-7.338,0.0,-0.618,-0.0039,108.81,-0.000109,13.28
66.452,-160.445,-54.679,0.1133,0.01441,-3.682,-3.228,-6.062,0.0,-0.453,-0.0049,108.82,-0.000138,15.52
66.497,-160.3,-56.123,0.1331,0.01285,-3.338,-3.293,-5.244,0.0,-0.045,0.0185,108.84,-0.000138,10.53
66.55,-160.148,-57.657,0.1524,0.01222,-3.199,-3.356,-1.287,0.0,0.158,-0.0022,108.85,-8.5e-05,13.31
66.598,-160.0,-59.192,0.1703,0.01136,-3.098,-3.466,-1.275,0.0,0.368,-0.0086,108.87,5.5e-05,10.69
66.651,-159.855,-60.728,0.1865,0.01015,-3.085,-3.511,-2.19,0.0,0.425,0.0052,108.88,0.000154,13.72
66.698,-159.714,-62.264,0.2004,0.00854,-3.124,-3.377,-0.898,0.0,0.252,0.0234,108.89,8.7e-05,10.98
66.752,-159.593,-63.62,0.2102,0.00643,-2.745,-3.039,2.683,0.0,0.294,0.0331,108.89,7.2e-05,14.84
66.801,-159.461,-65.157,0.2182,0.00387,-1.917,-2.558,6.757,0.0,0.641,0.0318,108.9,3.6e-05,13.26
66.853,-159.333,-66.694,0.2221,0.001,-0.952,-1.993,9.625,0.0,1.042,0.0284,108.91,-1.8e-05,15.25
66.898,-159.21,-68.232,0.2215,-0.00158,-0.142,-1.412,11.283,0.0,1.27,0.0221,108.93,-2.9e-05,10.32
66.949,-159.097,-69.68,0.2175,-0.00359,0.326,-0.861,11.627,0.0,1.187,0.0161,108.94,-3e-05,11.16
66.999,-158.975,-71.31,0.2095,-0.00548,0.732,-0.326,11.026,0.0,1.058,0.0169,108.95,0.000128,10.51
67.049,-158.864,-72.849,0.1991,-0.0073,1.234,0.193,10.688,0.0,1.041,0.0166,108.96,5.2e-05,10.78
67.099,-158.762,-74.299,0.1869,-0.00896,1.795,0.675,10.391,0.0,1.12,0.0128,108.97,-1.9e-05,10.16
67.153,-158.656,-75.839,0.1718,-0.01027,2.168,1.107,9.632,0.0,1.061,0.0099,108.99,0.000108,14.57
67.204,-158.552,-77.379,0.1549,-0.01123,2.344,1.509,8.649,0.0,0.835,0.0108,109.0,6e-05,14.55
67.255,-158.45,-78.92,0.1368,-0.01185,2.484,1.883,8.028,0.0,0.601,0.0103,109.02,4.4e-05,15.61
67.303,-158.355,-80.371,0.1193,-0.01224,2.757,2.212,7.49,0.0,0.545,0.0067,109.03,9e-05,12.86
67.351,-158.254,-81.912,0.1005,-0.01236,2.898,2.48,6.578,0.0,0.418,0.003,109.05,-4e-06,10.88
67.398,-158.152,-83.454,0.0819,-0.01189,2.899,2.646,5.358,0.0,0.253,-0.0049,109.07,-0.000104,7.63
67.451,-158.055,-84.905,0.0654,-0.01096,2.783,2.673,3.315,0.0,0.11,-0.0135,109.08,2.8e-05,9.91
67.501,-157.95,-86.447,0.0495,-0.00954,2.461,2.573,0.552,0.0,-0.112,-0.0169,109.09,2.8e-05,9.69
67.554,-157.842,-87.989,0.0358,-0.00797,2.1,2.363,-2.001,0.0,-0.263,-0.0189,109.11,1.4e-05,12.48
67.603,-157.732,-89.53,0.0248,-0.00628,1.68,2.073,-4.212,0.0,-0.393,-0.0184,109.12,8e-06,10.9
67.655,-157.619,-91.072,0.0166,-0.00447,1.016,1.733,-5.79,0.0,-0.717,-0.0172,109.13,0.0001,13.43
67.703,-157.518,-92.433,0.0117,-0.00255,0.594,1.331,-6.804,0.0,-0.736,-0.0205,109.15,0.000123,11.04
67.753,-157.399,-93.974,0.0088,-0.00107,0.283,0.913,-8.044,0.0,-0.63,-0.0162,109.16,0.000181,10.71
67.805,-157.279,-95.516,0.0084,0.00063,-0.35,0.493,-8.347,0.0,-0.843,-0.0151,109.17,0.000115,12.11
67.854,-157.155,-97.058,0.0106,0.00224,-0.752,0.069,-8.417,0.0,-0.821,-0.0151,109.19,8.5e-05,10.72
67.904,-157.037,-98.509,0.0148,0.00342,-1.082,-0.316,-8.475,0.0,-0.765,-0.0094,109.2,0.000161,10.59
67.957,-156.909,-100.051,0.0208,0.00441,-1.447,-0.65,-7.702,0.0,-0.797,-0.0062,109.22,0.000323,13.27
68.004,-156.78,-101.593,0.0281,0.00509,-1.555,-0.948,-6.671,0.0,-0.607,-0.0066,109.23,0.000336,10.25
68.061,-156.657,-103.044,0.0359,0.00547,-1.574,-1.214,-5.955,0.0,-0.361,-0.006,109.25,0.000533,16.89
68.106,-156.526,-104.586,0.0446,0.00573,-1.851,-1.437,-5.318,0.0,-0.414,-0.0034,109.26,0.000541,11.42
68.156,-156.388,-106.219,0.054,0.00586,-1.916,-1.629,-4.476,0.0,-0.288,-0.0033,109.28,0.00044,11.04
68.203,-156.257,-107.762,0.0629,0.0055,-1.849,-1.755,-3.829,0.0,-0.094,0.0024,109.29,0.000584,8.11
68.258,-156.127,-109.305,0.0709,0.00484,-1.816,-1.784,-2.529,0.0,-0.032,0.0092,109.31,0.000718,13.21
68.311,-155.998,-110.849,0.0777,0.00397,-1.633,-1.717,-0.581,0.0,0.084,0.0124,109.33,0.000584,15.44
68.358,-155.878,-112.301,0.0828,0.00273,-1.381,-1.559,1.347,0.0,0.178,0.015,109.35,0.000308,12.21
68.411,-155.753,-113.845,0.0861,0.0013,-0.915,-1.349,3.162,0.0,0.435,0.0127,109.36,-0.000174,14.2
68.461,-155.636,-115.299,0.0872,-0.00021,-0.461,-1.118,4.187,0.0,0.657,0.0104,109.37,-0.000148,13.72
68.512,-155.514,-116.844,0.086,-0.00177,-0.111,-0.86,4.634,0.0,0.749,0.0118,109.39,-0.000275,15.11
68.564,-155.401,-118.298,0.0825,-0.00328,0.126,-0.568,5.161,0.0,0.694,0.0136,109.41,-0.000263,16.2
68.611,-155.284,-119.844,0.0767,-0.0048,0.563,-0.249,5.824,0.0,0.812,0.0141,109.43,-0.000248,13.43
68.662,-155.168,-121.39,0.0687,-0.00648,0.827,0.117,6.387,0.0,0.71,0.0177,109.44,-1e-06,13.52
68.713,-155.047,-123.027,0.0573,-0.00795,1.283,0.494,7.326,0.0,0.789,0.0142,109.46,2.9e-05,14.08
68.759,-154.941,-124.483,0.0454,-0.00958,1.918,0.892,7.533,0.0,1.026,0.0162,109.47,0.000155,10.24
68.813,-154.829,-126.029,0.0306,-0.01085,2.166,1.347,7.969,0.0,0.819,0.0218,109.48,0.00014,13.58
68.868,-154.724,-127.486,0.0149,-0.01171,2.314,1.876,9.093,0.0,0.438,0.0263,109.51,9.4e-05,17.71
68.911,-154.607,-129.124,-0.004,-0.01252,2.795,2.46,10.585,0.0,0.335,0.0262,109.53,8.4e-05,10.29
68.963,-154.495,-130.672,-0.0225,-0.01309,3.385,3.012,11.686,0.0,0.373,0.0158,109.54,5.2e-05,12.12
69.014,-154.388,-132.129,-0.0405,-0.01287,4.004,3.395,11.029,0.0,0.609,-0.0042,109.56,-2.4e-05,12.48
69.062,-154.273,-133.676,-0.0591,-0.01182,3.764,3.565,7.665,0.0,0.199,-0.0164,109.57,-0.000253,9.86
69.113,-154.162,-135.133,-0.0754,-0.00969,3.403,3.458,3.406,0.0,-0.055,-0.0329,109.59,-7.1e-05,10.8
69.164,-154.027,-136.863,-0.0907,-0.00755,2.861,3.138,-2.151,0.0,-0.276,-0.0334,109.61,5.6e-05,11.06
69.216,-153.911,-138.32,-0.1004,-0.00512,2.213,2.663,-6.404,0.0,-0.45,-0.0327,109.62,2.7e-05,13.25
69.269,-153.783,-139.868,-0.1068,-0.00259,1.23,2.095,-9.494,0.0,-0.865,-0.0295,109.63,8.7e-05,15.54
69.322,-153.653,-141.415,-0.1092,0.00011,0.45,1.461,-11.353,0.0,-1.01,-0.0292,109.64,0.000129,17.45
69.368,-153.527,-142.872,-0.1074,0.00227,-0.319,0.845,-12.694,0.0,-1.164,-0.0195,109.65,5.2e-05,13.19
69.416,-153.389,-144.419,-0.1022,0.00445,-0.933,0.252,-12.31,0.0,-1.185,-0.0184,109.66,-3.1e-05,10.79
69.465,-153.249,-145.966,-0.0937,0.00603,-1.356,-0.277,-11.866,0.0,-1.079,-0.0118,109.67,4.9e-05,10.31
69.519,-153.105,-147.513,-0.0827,0.00759,-1.83,-0.746,-10.584,0.0,-1.085,-0.01,109.69,-3.3e-05,13.9
69.565,-152.959,-149.06,-0.0697,0.00876,-2.18,-1.16,-9.365,0.0,-1.02,-0.0089,109.7,-0.000128,9.82
69.622,-152.812,-150.608,-0.0552,0.00959,-2.386,-1.547,-8.296,0.0,-0.839,-0.0106,109.72,-8.8e-05,15.84
69.666,-152.68,-151.973,-0.0416,0.01001,-2.284,-1.913,-7.739,0.0,-0.371,-0.0105,109.73,-7.1e-05,10.18
69.718,-152.531,-153.52,-0.0258,0.01016,-2.625,-2.217,-7.309,0.0,-0.408,-0.0042,109.74,-0.000124,11.86
69.773,-152.391,-154.977,-0.0114,0.01025,-2.876,-2.45,-6.076,0.0,-0.426,-0.0007,109.76,7.1e-05,15.72
69.816,-152.242,-156.525,0.004,0.00956,-2.719,-2.568,-4.662,0.0,-0.151,0.0078,109.78,-9.7e-05,9.04
69.868,-152.096,-158.073,0.0182,0.00825,-2.493,-2.526,-2.374,0.0,0.033,0.0183,109.79,-0.000237,10.13
69.918,-151.951,-159.622,0.0301,0.00687,-2.164,-2.373,0.84,0.0,0.209,0.017,109.81,-0.000237,9.83
69.97,-151.808,-161.171,0.0395,0.00515,-1.781,-2.109,3.071,0.0,0.329,0.0207,109.82,-4.8e-05,11.58
70.023,-151.669,-162.721,0.0461,0.00322,-1.178,-1.749,5.269,0.0,0.571,0.0227,109.84,-4.2e-05,14.31
70.073,-151.524,-164.362,0.0497,0.00114,-0.515,-1.307,7.201,0.0,0.792,0.0241,109.84,-0.00022,13.98
70.122,-151.405,-165.73,0.05,-0.00082,-0.068,-0.806,8.852,0.0,0.738,0.0235,109.86,-4.2e-05,12.19
70.17,-151.274,-167.281,0.0476,-0.00249,0.512,-0.311,10.008,0.0,0.823,0.0167,109.87,-0.0,9.71
70.224,-151.146,-168.832,0.0424,-0.00423,1.139,0.171,9.902,0.0,0.968,0.0154,109.88,-0.000128,13.44
70.276,-151.019,-170.384,0.0347,-0.00561,1.509,0.622,9.636,0.0,0.887,0.0126,109.91,-5.9e-05,15.81
70.322,-150.888,-172.028,0.0246,-0.00654,1.795,1.02,9.03,0.0,0.775,0.0082,109.93,8e-05,11.18
70.375,-150.78,-173.398,0.0151,-0.00723,2.096,1.367,7.954,0.0,0.729,0.0068,109.94,-0.000138,13.95
70.428,-150.658,-174.95,0.0035,-0.00759,2.009,1.674,6.945,0.0,0.336,0.0064,109.95,-0.000246,16.15
70.475,-150.53,-176.595,-0.0091,-0.00745,2.237,1.88,6.131,0.0,0.357,-0.0033,109.97,-0.000199,13.09
70.526,-150.415,-178.057,-0.0199,-0.00724,2.404,1.989,4.132,0.0,0.415,-0.0064,109.99,-0.00025,14.24
70.573,-150.293,-179.61,-0.0307,-0.00647,2.006,2.012,2.181,0.0,-0.006,-0.0082,110.0,-0.000457,9.79
70.626,-150.177,-181.072,-0.0395,-0.00532,1.717,1.929,0.466,0.0,-0.211,-0.0141,110.02,-0.000391,12.88
70.673,-150.045,-182.718,-0.0475,-0.00426,1.681,1.755,-1.677,0.0,-0.074,-0.0154,110.03,-0.000128,9.81
70.725,-149.926,-184.18,-0.0529,-0.00308,1.159,1.537,-3.47,0.0,-0.379,-0.0122,110.04,-0.00021,11.83
70.777,-149.79,-185.825,-0.0568,-0.00149,0.682,1.254,-4.355,0.0,-0.573,-0.0167,110.05,-0.000376,13.32
70.828,-149.668,-187.287,-0.0581,-0.00026,0.505,0.939,-5.658,0.0,-0.434,-0.0145,110.08,-2.7e-05,13.68
70.876,-149.543,-188.75,-0.0574,0.00106,0.047,0.631,-6.316,0.0,-0.584,-0.0099,110.09,-7e-06,12.32
70.926,-149.409,-190.304,-0.0548,0.00251,-0.54,0.341,-6.154,0.0,-0.881,-0.0082,110.1,-0.000393,11.85
70.979,-149.281,-191.766,-0.0503,0.00374,-0.633,0.052,-5.796,0.0,-0.685,-0.01,110.12,0.000219,14.49
71.025,-149.135,-193.412,-0.0434,0.00456,-0.759,-0.21,-5.784,0.0,-0.55,-0.0062,110.12,-0.000119,10.19
71.081,-148.996,-194.966,-0.0355,0.00564,-1.157,-0.465,-5.232,0.0,-0.692,-0.0083,110.14,-0.000136,15.4
71.137,-148.864,-196.428,-0.0267,0.00668,-1.424,-0.754,-5.108,0.0,-0.67,-0.0136,110.16,7.9e-05,21.35
71.18,-148.731,-197.891,-0.0165,0.00746,-1.432,-1.077,-5.775,0.0,-0.355,-0.0149,110.18,-9.3e-05,13.92
71.228,-148.581,-199.537,-0.0039,0.00799,-1.718,-1.38,-6.459,0.0,-0.338,-0.0085,110.19,-2.2e-05,12.17
71.282,-148.448,-201.001,0.0079,0.00856,-2.257,-1.642,-6.058,0.0,-0.615,-0.0049,110.21,0.000134,15.05
71.329,-148.307,-202.556,0.021,0.00866,-2.247,-1.866,-5.242,0.0,-0.382,-0.0038,110.21,6e-05,11.92
71.376,-148.174,-204.019,0.0333,0.00818,-1.964,-2.021,-4.476,0.0,0.057,0.0018,110.22,-2.8e-05,9.19
71.435,-148.043,-205.483,0.0448,0.00754,-2.274,-2.069,-3.103,0.0,-0.205,0.0095,110.22,0.000462,17.96
71.481,-147.89,-207.221,0.0572,0.0069,-2.178,-2.062,-0.967,0.0,-0.116,0.006,110.2,0.000189,13.5
71.532,-147.755,-208.776,0.0669,0.00559,-1.381,-1.987,0.138,0.0,0.606,0.0098,110.17,-7e-06,14.06
71.583,-147.622,-210.331,0.0743,0.00402,-1.739,-1.77,1.509,0.0,0.031,0.0224,110.16,0.000311,13.63
71.635,-147.506,-211.703,0.0789,0.0031,-1.085,-1.542,4.342,0.0,0.457,0.009,110.15,0.000235,15.44
71.685,-147.378,-213.258,0.0826,0.00099,-0.493,-1.232,4.549,0.0,0.739,0.0195,110.12,0.000192,15.41
71.734,-147.253,-214.813,0.083,-0.00038,-0.38,-0.883,6.208,0.0,0.503,0.0162,110.11,7.4e-05,13.73
71.784,-147.122,-216.459,0.0811,-0.00178,0.229,-0.549,6.974,0.0,0.778,0.0102,110.1,-4.3e-05,13.81
71.844,-147.009,-217.922,0.0774,-0.00338,0.606,-0.199,6.69,0.0,0.806,0.0137,110.09,-4.3e-05,23.45
71.886,-146.898,-219.386,0.0715,-0.00462,0.785,0.149,6.982,0.0,0.636,0.012,110.07,8.2e-05,14.3
71.933,-146.781,-220.941,0.0635,-0.00569,1.212,0.459,6.963,0.0,0.753,0.0068,110.06,0.00016,12.02
71.985,-146.66,-222.587,0.0534,-0.00673,1.657,0.754,6.198,0.0,0.903,0.0088,110.05,7.7e-05,13.35
72.034,-146.546,-224.142,0.0423,-0.00753,1.327,1.079,5.904,0.0,0.248,0.0145,110.03,-3e-06,11.59
72.083,-146.447,-225.513,0.0317,-0.00785,1.803,1.334,6.5,0.0,0.469,0.0016,110.02,-0.000232,10.09
72.14,-146.334,-227.068,0.0193,-0.00854,2.295,1.549,5.098,0.0,0.747,0.0033,110.01,0.000394,16.57
72.187,-146.215,-228.713,0.0054,-0.00849,1.955,1.749,4.3,0.0,0.207,0.0054,109.98,-0.000413,13.56
72.236,-146.115,-230.084,-0.006,-0.00794,1.948,1.892,4.0,0.0,0.056,-0.0009,109.94,-0.000294,12.45
72.289,-145.994,-231.729,-0.0186,-0.00766,1.986,1.996,2.868,0.0,-0.01,-0.0005,109.89,0.000383,15.43
72.342,-145.872,-233.372,-0.0305,-0.00702,2.008,2.029,2.082,0.0,-0.021,-0.0063,109.83,-0.000206,17.85
72.39,-145.769,-234.74,-0.0393,-0.00606,1.931,1.944,0.66,0.0,-0.013,-0.0154,109.73,-8.5e-05,15.24
72.441,-145.643,-236.38,-0.0483,-0.00485,1.638,1.755,-1.705,0.0,-0.118,-0.0174,109.58,-3e-05,16.6
72.492,-145.536,-237.744,-0.054,-0.00336,1.096,1.515,-3.767,0.0,-0.42,-0.0138,109.4,-6.7e-05,17.37
72.538,-145.406,-239.379,-0.0585,-0.00186,0.6,1.257,-4.799,0.0,-0.657,-0.011,109.21,0.00019,12.67
72.589,-145.295,-240.738,-0.0603,-0.00059,0.356,0.988,-5.169,0.0,-0.632,-0.0105,109.01,0.000528,14.15
72.635,-145.161,-242.366,-0.0603,0.00049,0.155,0.716,-5.374,0.0,-0.561,-0.0099,108.83,0.00015,10.12
72.689,-145.025,-243.991,-0.0583,0.00188,0.037,0.41,-5.448,0.0,-0.372,-0.0142,108.63,6.9e-05,13.63
72.74,-144.909,-245.343,-0.0549,0.00307,-1.09,0.12,-6.12,0.0,-1.21,-0.0084,108.44,6e-05,13.63
72.792,-144.769,-246.962,-0.0492,0.00455,-0.537,-0.272,-5.8,0.0,-0.264,-0.0244,108.25,0.000116,15.72
72.84,-144.652,-248.309,-0.0422,0.0048,-0.789,-0.598,-7.843,0.0,-0.191,-0.0045,108.08,-0.000153,13.13
72.891,-144.509,-249.922,-0.0342,0.00607,-2.027,-0.864,-6.526,0.0,-1.162,-0.0029,107.9,-0.000112,13.88
72.941,-144.366,-251.533,-0.0242,0.00693,-1.593,-1.171,-5.317,0.0,-0.422,-0.015,107.72,4.4e-05,13.72
72.992,-144.231,-253.051,-0.0134,0.00628,-1.612,-1.397,-6.143,0.0,-0.216,0.0007,107.53,-0.000302,13.83
73.043,-144.112,-254.389,-0.0052,0.00647,-1.778,-1.613,-4.502,0.0,-0.165,-0.0067,107.34,8.1e-05,14.5
73.095,-143.978,-255.902,0.0044,0.00636,-1.75,-1.822,-4.335,0.0,0.073,-0.0065,107.16,0.000123,16.61
73.144,-143.845,-257.413,0.0137,0.00596,-2.003,-1.92,-4.182,0.0,-0.083,0.0082,106.97,4.5e-05,14.63
73.193,-143.712,-258.922,0.0221,0.00524,-2.26,-1.853,-1.958,0.0,-0.407,0.0197,106.79,-6e-05,13.3
73.238,-143.589,-260.339,0.029,0.00432,-2.033,-1.713,1.357,0.0,-0.32,0.0124,106.6,-6e-05,8.31
73.291,-143.46,-261.842,0.0346,0.00289,-1.185,-1.49,2.797,0.0,0.304,0.0165,106.41,1.5e-05,11.09
73.347,-143.333,-263.343,0.0378,0.00106,-0.579,-1.148,4.46,0.0,0.569,0.0243,106.24,-0.000113,15.76
73.397,-143.208,-264.841,0.0385,-0.00033,-0.172,-0.746,6.825,0.0,0.574,0.0205,106.05,-0.000124,15.99
73.443,-143.084,-266.337,0.0371,-0.00168,0.154,-0.325,8.048,0.0,0.479,0.0166,105.88,-8.2e-05,11.9
73.493,-142.963,-267.831,0.0337,-0.00295,0.869,0.07,8.42,0.0,0.798,0.0111,105.7,0.000149,11.23
73.542,-142.851,-269.235,0.0288,-0.00425,1.221,0.449,7.908,0.0,0.771,0.0115,105.53,-8.2e-05,10.12
73.594,-142.74,-270.636,0.0222,-0.00502,1.283,0.771,7.582,0.0,0.512,0.0053,105.35,0.000196,12.09
73.644,-142.624,-272.123,0.0142,-0.00562,1.929,1.003,6.439,0.0,0.926,-0.0013,105.17,0.000479,11.76
73.699,-142.509,-273.607,0.0054,-0.00627,1.688,1.239,4.638,0.0,0.45,0.0086,105.0,0.000142,16.57
73.747,-142.395,-275.089,-0.0042,-0.00606,1.627,1.436,4.71,0.0,0.192,0.0028,104.82,-0.000526,14.67
73.796,-142.281,-276.568,-0.0131,-0.00612,1.789,1.599,3.937,0.0,0.19,0.0022,104.63,-0.000369,13.87
73.844,-142.181,-277.871,-0.0209,-0.00583,1.878,1.704,3.273,0.0,0.175,-0.0026,104.45,0.000277,11.48
73.898,-142.053,-279.518,-0.03,-0.00518,1.646,1.734,2.085,0.0,-0.088,-0.0067,104.28,-0.000342,14.98
73.945,-141.951,-280.816,-0.0362,-0.0041,1.524,1.641,0.611,0.0,-0.117,-0.0161,104.11,6e-05,12.0
74.003,-141.834,-282.285,-0.0416,-0.00312,1.282,1.437,-1.855,0.0,-0.156,-0.0188,103.93,-3.9e-05,19.63
74.051,-141.716,-283.752,-0.0456,-0.00179,0.864,1.129,-4.08,0.0,-0.265,-0.0218,103.76,-0.000248,17.28
74.101,-141.597,-285.216,-0.0477,-0.00057,0.231,0.777,-6.176,0.0,-0.546,-0.0168,103.58,-0.000212,16.71
74.148,-141.476,-286.677,-0.0478,0.00064,0.165,0.423,-7.038,0.0,-0.258,-0.0126,103.41,0.000397,14.28
74.199,-141.354,-288.135,-0.046,0.00146,-0.432,0.174,-7.081,0.0,-0.606,0.0024,103.23,-1.5e-05,14.55
74.247,-141.23,-289.591,-0.0432,0.00244,-0.736,-0.068,-4.973,0.0,-0.667,-0.0078,103.05,-1.5e-05,12.74
74.301,-141.105,-291.044,-0.039,0.00335,-1.376,-0.223,-4.849,0.0,-1.154,0.0039,102.88,-5.2e-05,15.76
74.351,-140.98,-292.495,-0.0337,0.00374,-1.101,-0.338,-3.081,0.0,-0.763,-0.0001,102.7,6.7e-05,15.73
74.405,-140.868,-293.772,-0.0287,0.00368,-0.285,-0.504,-2.318,0.0,0.219,-0.0109,102.53,5.2e-05,19.86
74.452,-140.741,-295.218,-0.023,0.00396,-0.595,-0.692,-3.306,0.0,0.097,-0.009,102.35,0.000195,16.21
74.498,-140.614,-296.661,-0.017,0.00498,-1.728,-0.883,-3.768,0.0,-0.845,-0.007,102.2,0.000185,12.36
74.55,-140.487,-298.102,-0.0098,0.00548,-1.153,-1.083,-3.824,0.0,-0.07,-0.0078,102.02,3e-06,13.7
74.597,-140.36,-299.54,-0.0021,0.0046,-1.431,-1.135,-3.986,0.0,-0.296,0.0136,101.85,-4.3e-05,9.98
74.651,-140.234,-300.977,0.0041,0.00466,-1.362,-1.182,-1.043,0.0,-0.181,-0.0011,101.68,0.000127,13.87
74.7,-140.117,-302.326,0.01,0.00387,-0.902,-1.222,-0.943,0.0,0.32,-0.0007,101.51,0.000143,12.61
74.751,-139.993,-303.758,0.0152,0.0033,-0.806,-1.216,-0.807,0.0,0.41,0.0051,101.34,0.000296,13.26
74.796,-139.871,-305.187,0.0191,0.00281,-1.434,-1.112,0.127,0.0,-0.323,0.0139,101.17,2.9e-05,7.42
74.852,-139.75,-306.614,0.0223,0.0022,-0.762,-0.995,2.087,0.0,0.233,0.0054,101.0,6.2e-05,13.34
74.902,-139.638,-307.954,0.0247,0.00123,-0.485,-0.839,2.332,0.0,0.354,0.0095,100.83,6.2e-05,12.78
74.95,-139.521,-309.377,0.0255,-0.00027,0.007,-0.615,3.111,0.0,0.622,0.0151,100.67,7.2e-05,10.86
75.0,-139.404,-310.797,0.0246,-0.0011,0.114,-0.384,4.49,0.0,0.498,0.0088,100.51,-0.000165,10.64
75.058,-139.296,-312.132,0.0226,-0.00183,0.363,-0.152,4.629,0.0,0.515,0.0081,100.34,0.000198,18.11
75.104,-139.169,-313.714,0.019,-0.00279,0.495,0.131,4.627,0.0,0.364,0.0153,100.17,0.000375,13.72
75.152,-139.064,-315.044,0.0148,-0.00359,0.775,0.432,5.665,0.0,0.342,0.0124,100.0,-0.000172,11.69
75.203,-138.953,-316.455,0.0094,-0.00435,1.26,0.688,6.028,0.0,0.572,0.0041,99.83,-4.8e-05,12.08
75.254,-138.849,-317.781,0.0035,-0.00487,1.51,0.876,5.11,0.0,0.634,-0.0005,99.66,-0.000309,13.37
75.305,-138.739,-319.187,-0.0034,-0.0049,1.349,1.01,3.76,0.0,0.339,-0.001,99.49,0.000261,14.08
75.354,-138.635,-320.508,-0.0098,-0.00479,1.354,1.101,2.682,0.0,0.253,-0.0014,99.32,0.000261,12.72
75.407,-138.525,-321.91,-0.0164,-0.00448,1.278,1.165,1.811,0.0,0.113,-0.0004,99.16,-1.6e-05,15.46
75.456,-138.421,-323.227,-0.0222,-0.00436,1.087,1.242,1.294,0.0,-0.155,0.0039,99.0,0.000224,14.11
75.504,-138.298,-324.788,-0.0287,-0.00406,1.364,1.308,1.528,0.0,0.056,0.0013,98.83,0.000439,11.55
75.558,-138.193,-326.1,-0.0336,-0.00378,1.267,1.307,1.331,0.0,-0.04,-0.0072,98.66,0.000166,14.78
75.607,-138.081,-327.492,-0.0384,-0.00297,1.038,1.172,-0.033,0.0,-0.134,-0.0186,98.49,0.00014,13.92
75.656,-137.974,-328.8,-0.0417,-0.00214,1.096,0.989,-2.69,0.0,0.107,-0.0115,98.34,2.1e-05,11.67
75.708,-137.867,-330.106,-0.0439,-0.0014,0.434,0.854,-3.665,0.0,-0.421,0.0004,98.17,-0.000484,14.17
75.759,-137.751,-331.49,-0.0455,-0.00024,-0.131,0.758,-2.695,0.0,-0.889,0.0007,98.0,-2e-05,14.86
75.805,-137.621,-333.035,-0.0451,0.00032,0.373,0.588,-1.914,0.0,-0.215,-0.0138,97.84,-0.000373,10.09
75.857,-137.511,-334.334,-0.044,0.00126,0.078,0.358,-3.409,0.0,-0.279,-0.0143,97.68,-0.000373,11.43
75.905,-137.392,-335.711,-0.0419,0.00161,-0.197,0.144,-4.609,0.0,-0.341,-0.0056,97.52,-1.7e-05,9.54
75.959,-137.272,-337.086,-0.0389,0.00277,-0.248,-0.173,-4.264,0.0,-0.075,-0.022,97.35,-0.000359,13.5
76.012,-137.152,-338.459,-0.0346,0.00329,-1.141,-0.511,-6.354,0.0,-0.629,-0.014,97.19,0.00013,15.42
76.06,-137.031,-339.829,-0.0299,0.00393,-1.023,-0.835,-6.764,0.0,-0.188,-0.0097,97.03,-3.6e-05,13.49
76.11,-136.918,-341.116,-0.0248,0.00347,-1.21,-0.998,-6.462,0.0,-0.211,0.011,96.88,-1.7e-05,13.03
76.163,-136.798,-342.482,-0.0202,0.00322,-1.425,-1.013,-3.271,0.0,-0.412,0.0151,96.71,-0.00012,15.59
76.213,-136.679,-343.846,-0.0157,0.00272,-0.96,-0.922,-0.29,0.0,-0.038,0.0142,96.54,-0.000105,14.93
76.262,-136.559,-345.206,-0.0116,0.00193,-0.706,-0.655,1.819,0.0,-0.051,0.0278,96.37,-0.000198,14.18
76.31,-136.448,-346.485,-0.0093,0.00182,-0.685,-0.444,5.34,0.0,-0.242,0.0015,96.22,-0.000198,11.43
76.361,-136.343,-347.682,-0.0072,0.00147,-0.442,-0.348,4.216,0.0,-0.094,-0.0088,96.05,0.000398,12.43
76.413,-136.211,-349.196,-0.0052,0.00096,0.331,-0.23,1.909,0.0,0.561,0.0065,95.89,-0.000116,13.65
76.462,-136.101,-350.468,-0.0042,0.00046,-0.093,-0.117,2.364,0.0,0.024,0.0035,95.73,9.3e-05,12.28
76.509,-135.985,-351.818,-0.0042,0.00065,0.28,-0.039,2.272,0.0,0.319,-0.001,95.57,6e-05,9.06
76.566,-135.869,-353.166,-0.0037,0.00012,0.004,-0.024,1.556,0.0,0.027,-0.006,95.43,-0.000296,15.95
76.618,-135.762,-354.433,-0.0043,0.0001,0.44,-0.033,0.303,0.0,0.473,-0.0029,95.27,-9e-05,17.49
76.663,-135.648,-355.777,-0.0045,-0.00029,0.564,0.004,-0.189,0.0,0.56,0.0061,95.12,-9e-05,12.52
76.713,-135.542,-357.039,-0.0051,-0.00066,0.076,0.103,0.735,0.0,-0.026,0.01,94.96,-1.7e-05,12.21
76.76,-135.436,-358.3,-0.006,-0.00031,0.177,0.17,1.985,0.0,0.008,-0.001,94.82,-0.000182,8.95
76.817,-135.324,-359.638,-0.0065,-0.00067,0.272,0.25,1.341,0.0,0.021,0.0042,94.65,1.1e-05,15.31
76.867,-135.199,-361.129,-0.0075,-0.00066,0.402,0.311,1.606,0.0,0.091,0.0,94.45,-6.5e-05,14.97
76.916,-135.095,-362.383,-0.0083,-0.00046,0.325,0.198,1.209,0.0,0.127,-0.022,94.24,5e-05,13.57
76.966,-134.983,-363.712,-0.0091,-9e-05,0.33,0.1,-2.244,0.0,0.23,-0.002,94.03,-4e-06,13.34
77.019,-134.879,-364.96,-0.0092,2e-05,0.295,0.048,-1.973,0.0,0.247,0.0031,93.86,-4e-06,16.94
77.066,-134.767,-366.283,-0.0091,0.00018,-0.495,0.021,-1.034,0.0,-0.515,0.0016,93.7,-0.000321,13.37
77.117,-134.663,-367.527,-0.0088,0.00055,0.022,-0.043,-0.549,0.0,0.065,-0.006,93.54,-0.000491,14.14
77.167,-134.545,-368.924,-0.0079,2e-05,-0.073,0.045,-1.267,0.0,-0.118,0.0188,93.39,0.0001,14.01
77.217,-134.441,-370.164,-0.0079,0.00032,-0.129,0.101,1.746,0.0,-0.23,-0.0013,93.23,0.000307,14.52
77.266,-134.33,-371.478,-0.0072,0.00046,0.264,0.057,1.125,0.0,0.207,-0.012,93.08,-6.9e-05,12.64
77.318,-134.212,-372.868,-0.0064,0.00056,-0.029,0.026,-0.874,0.0,-0.055,0.0003,92.92,-2.4e-05,13.84
77.365,-134.108,-374.102,-0.0057,0.00057,-0.036,0.021,-0.616,0.0,-0.056,0.0025,92.77,-2.4e-05,10.95
77.419,-134.003,-375.333,-0.0049,0.00094,-0.249,-0.049,-0.111,0.0,-0.201,-0.0091,92.62,0.000326,14.23
77.471,-133.886,-376.716,-0.0037,0.00091,-0.046,-0.13,-1.388,0.0,0.084,-0.0042,92.47,-0.000411,15.78
77.517,-133.783,-377.944,-0.0027,0.00069,-0.221,-0.175,-1.637,0.0,-0.046,0.0023,92.31,-0.000112,12.11
77.571,-133.68,-379.169,-0.0021,0.00077,-0.157,-0.184,-0.897,0.0,0.028,0.0035,92.17,0.000196,15.49
77.618,-133.564,-380.545,-0.0011,0.00066,-0.271,-0.129,-0.178,0.0,-0.142,0.0087,92.01,-3e-06,12.96
77.668,-133.468,-381.69,-0.0004,0.00057,-0.244,-0.076,1.107,0.0,-0.167,0.0016,91.85,-3e-06,12.25
77.721,-133.353,-383.062,0.0003,0.00062,-0.199,0.023,1.053,0.0,-0.222,0.0084,91.7,0.000391,15.2
77.774,-133.251,-384.279,0.001,0.00057,0.205,0.094,1.993,0.0,0.111,-0.0005,91.56,-0.000546,17.73
77.826,-133.149,-385.495,0.0018,0.00066,0.382,-0.066,1.418,0.0,0.447,-0.0297,91.4,0.00038,19.42
77.873,-133.034,-386.86,0.0025,0.00116,-0.518,-0.302,-3.197,0.0,-0.216,-0.0163,91.25,-0.000214,16.12
77.926,-132.933,-388.071,0.0033,0.00165,-0.94,-0.402,-4.727,0.0,-0.537,0.0107,91.11,0.000303,18.67
77.968,-132.819,-389.432,0.0053,0.00124,-0.82,-0.394,-2.009,0.0,-0.426,0.0117,90.97,0.000303,11.11
78.023,-132.719,-390.64,0.0065,0.00064,-0.167,-0.343,0.164,0.0,0.176,0.0063,90.81,0.000602,15.66
78.076,-132.619,-391.845,0.0071,-0.00011,0.02,-0.262,1.03,0.0,0.282,0.0059,90.65,8.6e-05,18.45
78.133,-132.508,-393.2,0.0068,-9e-05,-0.417,-0.053,1.614,0.0,-0.364,0.0208,90.51,0.000362,24.23
78.177,-132.409,-394.401,0.0066,-0.00023,0.543,0.022,4.185,0.0,0.521,-0.0115,90.37,-8.3e-05,17.79
78.225,-132.297,-395.751,0.0065,-0.00069,0.321,-0.011,1.493,0.0,0.332,-0.0124,90.22,-0.000336,14.88
78.273,-132.199,-396.949,0.0056,-0.00092,0.404,-0.01,-0.659,0.0,0.414,0.0036,90.07,-0.000336,12.71
78.327,-132.089,-398.294,0.0046,-0.00037,-0.151,0.006,0.017,0.0,-0.158,0.0022,89.93,-2.2e-05,16.41
78.376,-131.991,-399.488,0.004,-0.00048,0.136,-0.011,0.326,0.0,0.147,-0.0042,89.79,-0.000151,14.97
78.427,-131.887,-400.755,0.0033,-0.0009,-0.206,0.216,-0.352,0.0,-0.422,0.0336,89.64,-1.4e-05,16.09
78.48,-131.79,-401.945,0.0021,-0.00107,1.017,0.214,4.545,0.0,0.802,-0.024,89.49,-0.000127,18.89
78.525,-131.687,-403.208,0.0009,-0.00092,0.974,0.12,-0.028,0.0,0.854,-0.0131,89.34,-0.000127,12.69
78.581,-131.578,-404.542,-0.0006,-0.00155,0.049,0.248,-1.891,0.0,-0.198,0.0277,89.21,-0.000197,19.13
78.636,-131.482,-405.727,-0.0022,-0.00062,0.486,0.126,2.555,0.0,0.36,-0.0304,89.06,0.00031,23.38
78.677,-131.379,-406.983,-0.0029,-0.00113,0.021,-0.035,-2.441,0.0,0.056,-0.0096,88.91,7.7e-05,14.71
78.727,-131.283,-408.164,-0.0045,-0.00097,-0.39,0.013,-3.209,0.0,-0.403,0.0235,88.78,-0.000103,14.26
78.777,-131.175,-409.489,-0.0055,-0.00139,0.396,0.118,0.953,0.0,0.278,0.0097,88.59,0.00035,13.61
78.824,-131.085,-410.591,-0.007,-0.00124,0.356,0.158,2.102,0.0,0.198,-0.0053,88.3,0.00035,10.7
78.877,-130.977,-411.909,-0.0087,-0.00189,0.248,0.385,0.811,0.0,-0.138,0.0274,87.96,4.4e-05,12.99
78.93,-130.881,-413.075,-0.0107,-0.00148,0.676,0.587,4.536,0.0,0.089,0.0044,87.62,-0.000215,15.47
78.98,-130.773,-414.383,-0.0121,-0.00155,1.024,0.622,4.036,0.0,0.402,-0.0163,87.32,0.000187,14.93
79.031,-130.676,-415.541,-0.0137,-0.00097,0.451,0.595,0.699,0.0,-0.144,-0.0074,87.0,0.000169,16.34
79.079,-130.574,-416.766,-0.0148,-0.0007,0.368,0.551,-0.54,0.0,-0.183,-0.0033,86.69,0.000169,14.17
79.131,-130.477,-417.916,-0.0154,-6e-05,0.316,0.438,-0.874,0.0,-0.122,-0.0112,86.4,1.5e-05,16.44
79.181,-130.369,-419.205,-0.0154,0.0002,0.058,0.337,-2.258,0.0,-0.278,-0.0024,86.11,0.000281,15.31
79.233,-130.273,-420.347,-0.0153,0.0005,0.096,0.228,-2.035,0.0,-0.132,-0.0045,85.85,-0.000125,17.56
79.283,-130.165,-421.629,-0.0145,0.00078,0.079,0.005,-2.166,0.0,0.074,-0.0198,85.69,-0.000365,16.6
79.329,-130.075,-422.695,-0.0135,0.00105,-0.021,-0.202,-4.462,0.0,0.181,-0.0056,85.55,-0.000365,11.94
79.377,-129.967,-423.973,-0.0122,0.0013,-0.744,-0.293,-4.15,0.0,-0.451,0.0091,85.42,0.00017,9.9
79.432,-129.87,-425.107,-0.0108,0.00159,-0.565,-0.35,-1.81,0.0,-0.215,0.0015,85.28,-0.000501,14.65
79.482,-129.768,-426.309,-0.0087,0.00112,-0.196,-0.434,-1.146,0.0,0.238,-0.0057,85.14,0.000373,14.11
79.531,-129.673,-427.44,-0.0074,0.00104,-0.178,-0.495,-1.67,0.0,0.317,0.0002,85.0,0.000373,12.63
79.583,-129.565,-428.709,-0.0063,0.00076,-0.652,-0.399,-1.22,0.0,-0.253,0.0198,84.86,-0.000159,14.65
79.638,-129.47,-429.835,-0.0054,0.00093,-0.337,-0.291,1.915,0.0,-0.047,0.0051,84.73,-0.000169,19.13
79.69,-129.375,-430.96,-0.0043,0.00018,0.236,-0.267,2.167,0.0,0.502,-0.008,84.59,0.000135,20.89
79.735,-129.269,-432.223,-0.0041,8e-05,-0.228,-0.253,0.479,0.0,0.025,-0.0007,84.45,-0.000223,14.9
79.782,-129.162,-433.485,-0.0041,-0.00016,-0.146,-0.207,0.262,0.0,0.061,0.0051,84.31,-0.000223,11.68
79.836,-129.074,-434.534,-0.0044,-1e-05,-0.173,-0.158,0.928,0.0,-0.015,0.002,84.17,0.000262,15.48
79.886,-128.969,-435.791,-0.0045,-0.00067,0.247,-0.071,0.983,0.0,0.318,0.007,84.05,-0.000256,15.37
79.936,-128.876,-436.907,-0.0053,-0.00122,0.119,0.177,1.737,0.0,-0.059,0.0256,83.91,0.000187,15.5
79.984,-128.784,-438.021,-0.0069,-0.00147,0.217,0.405,4.964,0.0,-0.188,0.0058,83.77,0.000187,13.0
80.039,-128.68,-439.272,-0.0087,-0.00145,0.729,0.582,4.558,0.0,0.146,0.0009,83.63,-0.000448,17.09
80.088,-128.588,-440.382,-0.0101,-0.00177,1.151,0.612,3.547,0.0,0.539,-0.0145,83.5,-9.5e-05,16.23
80.137,-128.484,-441.629,-0.0121,-0.00121,0.307,0.668,0.584,0.0,-0.362,0.0049,83.35,-0.000804,15.06
80.185,-128.391,-442.735,-0.0133,-0.00097,0.231,0.709,1.137,0.0,-0.478,-0.0003,83.14,-0.000804,11.86
80.24,-128.287,-443.976,-0.0139,2e-05,0.719,0.431,0.816,0.0,0.288,-0.0431,82.92,-0.000288,17.27
80.283,-128.194,-445.076,-0.0138,-0.0001,-0.323,0.261,-5.562,0.0,-0.584,0.0053,82.71,-0.000559,10.08
80.337,-128.102,-446.173,-0.0142,0.0007,0.055,0.174,-3.41,0.0,-0.119,0.0058,82.49,-0.00033,13.9
80.389,-127.998,-447.404,-0.0129,0.00032,0.194,0.133,-1.727,0.0,0.061,0.0033,82.2,-0.000558,15.07
80.434,-127.906,-448.493,-0.0125,0.00046,0.142,0.086,-0.824,0.0,0.056,-0.0022,81.84,-0.000558,10.13
80.49,-127.803,-449.714,-0.0118,0.00085,-0.38,-0.018,-0.937,0.0,-0.362,-0.0096,81.48,-0.000307,15.55
80.541,-127.711,-450.793,-0.0108,0.00133,-0.119,-0.153,-2.083,0.0,0.034,-0.008,81.15,0.000159,16.23
80.586,-127.619,-451.869,-0.0093,0.00144,-0.169,-0.26,-2.71,0.0,0.091,-0.0006,80.79,0.000159,11.54
80.64,-127.528,-452.94,-0.0078,0.00119,-0.692,-0.306,-2.122,0.0,-0.385,0.0046,80.44,0.000153,15.2
80.689,-127.432,-454.073,-0.0065,0.00157,-0.203,-0.332,-0.933,0.0,0.129,0.0013,80.04,0.000306,13.76
80.74,-127.33,-455.265,-0.0044,0.00123,-0.644,-0.284,-0.515,0.0,-0.36,0.0094,79.54,0.000715,14.07
80.789,-127.235,-456.382,-0.0031,0.00117,-0.638,-0.237,0.956,0.0,-0.401,0.0016,78.85,0.000715,13.23
80.84,-127.147,-457.423,-0.0018,0.00157,-0.015,-0.185,0.941,0.0,0.17,0.0024,77.95,0.000506,13.16
80.893,-127.054,-458.516,0.0,0.00131,-0.374,-0.112,1.047,0.0,-0.262,0.0047,76.93,0.001332,16.44
80.941,-126.967,-459.531,0.0013,0.00114,-0.327,-0.042,1.458,0.0,-0.285,0.0021,75.86,0.001332,13.78
80.992,-126.877,-460.593,0.0027,0.00185,0.261,-0.05,1.392,0.0,0.312,-0.0084,74.65,0.003041,15.14
81.045,-126.794,-461.576,0.0044,0.00185,-0.406,-0.13,-0.158,0.0,-0.275,-0.0104,73.41,0.004174,17.15
81.094,-126.707,-462.604,0.0053,0.00281,-0.47,-0.275,-1.604,0.0,-0.195,-0.0118,72.11,0.005517,15.49
81.143,-126.611,-463.73,0.0084,0.00254,-0.41,-0.363,-2.89,0.0,-0.048,0.0029,70.82,0.005517,14.23
81.193,-126.533,-464.662,0.0105,0.00267,-0.784,-0.451,-1.755,0.0,-0.334,-0.0031,69.59,0.009011,13.8
81.243,-126.452,-465.633,0.0123,0.00306,-0.7,-0.609,-1.764,0.0,-0.091,-0.0128,68.26,0.01224,13.7
81.293,-126.377,-466.53,0.0149,0.00271,-0.607,-0.702,-3.162,0.0,0.096,0.0035,66.95,0.01224,13.84
81.343,-126.299,-467.466,0.017,0.00272,-0.967,-0.901,-1.871,0.0,-0.066,-0.018,65.69,0.014881,13.44
81.389,-126.224,-468.384,0.0192,0.00204,-0.717,-0.988,-3.978,0.0,0.271,0.0087,64.53,0.014881,9.55
81.445,-126.154,-469.233,0.0205,0.00219,-1.395,-1.106,-1.736,0.0,-0.289,-0.0074,63.3,0.017374,15.42
81.495,-126.083,-470.117,0.0221,0.00127,-1.025,-1.086,-2.364,0.0,0.061,0.0152,62.07,0.017374,15.22
81.545,-126.014,-470.983,0.0229,0.00118,-1.01,-1.092,0.409,0.0,0.082,-0.0031,60.47,0.019095,14.39
81.596,-125.947,-471.825,0.0238,0.0002,-0.781,-1.09,-0.131,0.0,0.309,0.001,59.11,0.020358,14.96
81.643,-125.886,-472.601,0.0236,-0.00057,-0.428,-0.969,0.045,0.0,0.541,0.0167,57.82,0.020358,11.82
81.702,-125.826,-473.361,0.0232,-0.00139,-0.541,-0.72,2.428,0.0,0.179,0.0221,56.55,0.020165,20.68
81.751,-125.765,-474.152,0.0218,-0.00207,-0.189,-0.428,4.981,0.0,0.239,0.0147,55.3,0.020165,18.75
81.799,-125.706,-474.925,0.0203,-0.00316,0.635,-0.104,5.836,0.0,0.739,0.0147,54.06,0.021133,16.9
81.849,-125.645,-475.724,0.0176,-0.00351,0.87,0.193,6.479,0.0,0.678,0.0075,52.91,0.021133,16.92
81.902,-125.589,-476.461,0.0155,-0.00481,0.565,0.156,5.936,0.0,0.409,-0.0362,51.69,0.02242,19.61
81.946,-125.541,-477.098,0.0124,-0.005,0.746,0.124,-0.734,0.0,0.623,-0.0007,50.54,0.02242,12.77
82.003,-125.487,-477.805,0.0094,-0.00598,-0.761,-0.23,-0.651,0.0,-0.531,-0.046,49.42,0.023625,19.13
82.054,-125.435,-478.495,0.0052,-0.0062,-0.525,-0.504,-7.08,0.0,-0.021,-0.0011,48.34,0.023625,20.18
82.097,-125.385,-479.17,0.0009,-0.00655,-0.2,-0.52,-5.468,0.0,0.321,0.0263,47.2,0.023625,12.37
82.153,-125.336,-479.828,-0.003,-0.00898,-0.115,-0.43,-0.333,0.0,0.315,0.0144,46.11,0.025115,17.98
82.202,-125.285,-480.509,-0.0092,-0.00929,0.267,-0.272,1.812,0.0,0.538,0.0126,45.02,0.025115,16.72
82.253,-125.244,-481.063,-0.0119,-0.01408,1.508,-0.014,3.166,0.0,1.523,0.0194,43.97,0.026102,17.56
82.299,-125.198,-481.679,-0.0206,-0.01405,1.762,0.253,5.148,0.0,1.508,0.0104,43.31,0.026102,13.69
82.349,-125.15,-482.326,-0.0296,-0.01384,1.837,0.447,5.351,0.0,1.39,-0.001,43.22,0.026102,13.39
82.404,-125.105,-482.935,-0.0369,-0.01987,1.2,0.368,3.872,0.0,0.831,-0.0313,43.09,0.029757,17.88
82.454,-125.065,-483.471,-0.0474,-0.01959,1.281,0.286,-1.575,0.0,0.995,-0.0033,42.97,0.029757,16.84
82.504,-125.02,-484.078,-0.0545,-0.02776,2.232,0.637,-1.648,0.0,1.596,0.0576,42.87,0.032802,16.88
82.55,-124.971,-484.718,-0.0723,-0.02751,2.487,1.048,7.017,0.0,1.44,0.0206,42.78,0.032802,12.47
82.6,-124.926,-485.322,-0.0888,-0.02704,2.584,1.311,8.217,0.0,1.273,-0.0063,42.68,0.032802,11.93
82.655,-124.885,-485.853,-0.0989,-0.04009,7.234,2.944,5.264,0.0,4.291,0.2004,42.58,0.035636,16.74
82.702,-124.837,-486.489,-0.1242,-0.0388,7.05,4.302,32.659,0.0,2.748,0.0186,42.47,0.035636,13.79
82.756,-124.789,-487.088,-0.1354,-0.05547,14.071,7.316,27.164,0.0,6.755,0.2786,42.37,0.037447,16.52
82.807,-124.744,-487.65,-0.1658,-0.05203,12.755,9.323,60.281,0.0,3.431,-0.0353,42.25,0.037447,18.22
82.851,-124.693,-488.246,-0.1956,-0.04694,10.455,9.496,40.147,0.0,0.959,-0.1861,42.13,0.037447,11.23
82.912,-124.642,-488.804,-0.2111,-0.06401,18.833,12.068,3.454,0.0,6.765,0.341,42.01,0.038307,22.54
82.957,-124.585,-489.396,-0.2477,-0.05828,16.31,13.763,51.437,0.0,2.547,-0.0326,41.9,0.038307,16.61
83.007,-124.52,-490.02,-0.2635,-0.07676,26.132,17.742,33.903,0.0,8.389,0.3781,41.78,0.041903,16.49
83.059,-124.462,-490.538,-0.3015,-0.06784,21.762,19.638,79.59,0.0,2.124,-0.1521,41.66,0.041903,18.78
83.108,-124.387,-491.158,-0.3409,-0.05721,16.396,18.431,37.91,0.0,-2.035,-0.3671,41.54,0.041903,16.79
83.16,-124.31,-491.74,-0.3565,-0.07591,28.222,21.025,-24.144,0.0,7.198,0.4886,41.42,0.045173,18.38
83.22,-124.232,-492.286,-0.3958,-0.06581,23.16,22.392,51.876,0.0,0.768,-0.0807,41.31,0.045173,27.9
83.263,-124.143,-492.863,-0.4309,-0.05363,16.752,20.464,27.353,0.0,-3.712,-0.4124,41.18,0.045173,20.73
83.31,-124.053,-493.404,-0.4462,-0.0723,27.198,21.981,-38.558,0.0,5.217,0.4137,41.06,0.046155,17.76
83.362,-123.951,-493.976,-0.4856,-0.06107,21.444,22.348,30.335,0.0,-0.905,-0.1075,40.94,0.046155,19.61
83.409,-123.836,-494.579,-0.4975,-0.08055,31.935,25.261,7.347,0.0,6.674,0.3682,40.83,0.047759,16.47
83.466,-123.735,-495.078,-0.5356,-0.06755,25.097,25.733,58.256,0.0,-0.636,-0.2392,40.71,0.047759,22.57
83.511,-123.606,-495.674,-0.5728,-0.05316,17.366,22.688,9.436,0.0,-5.321,-0.4746,40.58,0.047759,17.18
83.565,-123.476,-496.233,-0.5814,-0.07196,27.57,23.467,-60.909,0.0,4.102,0.4278,40.46,0.055523,20.7
83.616,-123.348,-496.756,-0.6174,-0.05977,21.125,23.226,15.595,0.0,-2.101,-0.1154,40.35,0.055523,22.17
83.663,-123.205,-497.309,-0.6484,-0.04742,14.436,20.157,-4.832,0.0,-5.722,-0.4031,40.23,0.055523,18.82
83.715,-123.046,-497.89,-0.6604,-0.06896,26.112,21.45,-61.364,0.0,4.663,0.5017,40.11,0.050318,19.78
83.765,-122.91,-498.371,-0.6924,-0.05769,20.069,21.702,25.843,0.0,-1.633,-0.1,40.03,0.050318,20.13
83.813,-122.739,-498.947,-0.7237,-0.04534,13.19,18.83,5.053,0.0,-5.64,-0.4275,40.07,0.050318,17.63
83.864,-122.58,-499.458,-0.7346,-0.07086,27.687,20.776,-57.445,0.0,6.911,0.5725,40.14,0.044563,17.57
83.919,-122.396,-500.032,-0.7743,-0.0603,22.048,21.954,38.921,0.0,0.094,-0.0393,40.23,0.044563,21.94
83.966,-122.226,-500.541,-0.7773,-0.08623,33.169,25.501,23.556,0.0,7.667,0.372,40.32,0.03482,18.53
84.019,-122.027,-501.113,-0.8257,-0.0733,26.294,26.301,70.95,0.0,-0.007,-0.2598,40.42,0.03482,22.04
84.065,-121.854,-501.589,-0.8594,-0.05903,18.295,23.35,15.994,0.0,-5.055,-0.4958,40.52,0.03482,17.14
84.12,-121.651,-502.127,-0.8674,-0.08644,31.071,24.748,-59.019,0.0,6.322,0.5042,40.62,0.030179,22.01
84.169,-121.428,-502.695,-0.9163,-0.07377,24.384,25.269,27.961,0.0,-0.885,-0.0737,40.73,0.030179,20.94
84.217,-121.21,-503.229,-0.9547,-0.06006,16.848,22.403,10.413,0.0,-5.555,-0.4547,40.84,0.030179,18.84
84.27,-120.997,-503.731,-0.9663,-0.09225,32.71,24.159,-57.316,0.0,8.551,0.5453,40.93,0.024404,21.21
84.32,-120.764,-504.263,-1.0166,-0.08092,26.91,25.717,35.126,0.0,1.193,0.0336,41.02,0.024404,20.21
84.368,-120.524,-504.793,-1.0594,-0.06712,19.478,23.694,31.157,0.0,-4.215,-0.4457,41.11,0.024404,18.53
84.426,-120.275,-505.321,-1.0827,-0.10358,39.245,26.146,-40.47,0.0,13.099,0.5543,41.2,0.015762,25.91
84.472,-120.02,-505.846,-1.1392,-0.09031,32.453,28.952,49.05,0.0,3.501,0.1349,41.29,0.015762,21.59
84.52,-119.772,-506.339,-1.1487,-0.12882,54.094,37.251,56.117,0.0,16.843,0.8649,41.37,0.009586,19.48
84.571,-119.499,-506.858,-1.2193,-0.11194,45.599,42.507,165.976,0.0,3.091,-0.1351,41.42,0.009586,20.45
84.623,-119.216,-507.372,-1.2784,-0.09046,34.183,39.724,105.131,0.0,-5.541,-0.9391,41.45,0.009586,21.54
84.672,-118.94,-507.851,-1.2903,-0.12584,50.699,38.072,-55.67,0.0,12.626,0.0609,41.46,0.001759,20.17
84.721,-118.635,-508.353,-1.3584,-0.10518,39.999,38.26,-33.031,0.0,1.739,0.1991,41.49,0.001759,19.68
84.773,-118.339,-508.821,-1.4115,-0.08585,29.72,35.312,3.751,0.0,-5.593,-0.4312,41.52,0.001759,20.84
84.823,-118.033,-509.283,-1.4272,-0.12373,48.111,37.176,-58.95,0.0,10.935,0.5688,41.56,-0.009284,20.77
84.874,-117.659,-509.825,-1.5026,-0.10448,38.411,38.151,37.263,0.0,0.26,-0.0589,41.59,-0.009284,21.79
84.927,-117.335,-510.275,-1.5549,-0.0842,27.604,34.472,19.504,0.0,-6.868,-0.6157,41.6,-0.009284,25.09
84.98,-117.002,-510.718,-1.5754,-0.12963,53.3,34.465,-73.571,0.0,18.834,0.3843,41.61,-0.024608,27.48
85.025,-116.661,-511.156,-1.6426,-0.11107,43.927,37.941,-0.137,0.0,5.986,0.4861,41.61,-0.024608,22.35
85.078,-116.268,-511.641,-1.6529,-0.15947,68.755,47.728,69.521,0.0,21.027,1.0024,41.58,-0.036064,24.64
85.127,-115.911,-512.064,-1.7356,-0.13633,58.799,55.085,195.728,0.0,3.714,0.0024,41.5,-0.036064,22.78
85.174,-115.497,-512.528,-1.8127,-0.11052,45.693,53.458,147.144,0.0,-7.765,-0.9976,41.4,-0.036064,19.51
85.223,-115.119,-512.929,-1.8145,-0.15225,60.668,52.256,-32.533,0.0,8.412,0.0024,41.26,-0.037553,19.38
85.302,-114.732,-513.319,-1.891,-0.12429,46.404,50.163,-24.052,0.0,-3.759,-0.1663,41.15,-0.037553,47.41
85.326,-114.311,-513.72,-1.9567,-0.09672,31.844,43.816,-41.853,0.0,-11.972,-0.6671,41.08,-0.037553,21.42
85.373,-113.853,-514.133,-1.9634,-0.14423,66.237,41.44,-126.942,0.0,24.797,0.3329,41.04,-0.037315,17.74
85.427,-113.438,-514.489,-2.0356,-0.12085,54.224,45.701,-47.519,0.0,8.523,0.8437,41.03,-0.037315,21.25
85.48,-112.988,-514.857,-2.0992,-0.09678,41.495,47.778,85.218,0.0,-6.283,-0.1563,41.03,-0.037315,24.6
85.523,-112.557,-515.193,-2.0911,-0.15557,68.755,54.329,41.532,0.0,14.426,0.6972,41.02,-0.036857,17.14
85.57,-112.089,-515.538,-2.1748,-0.12883,68.755,59.76,131.02,0.0,8.995,0.0724,41.01,-0.036857,13.75
85.63,-111.585,-515.889,-2.2461,-0.10133,54.538,58.231,108.635,0.0,-3.693,-0.7824,40.98,-0.036857,23.2
85.678,-111.156,-516.169,-2.24,-0.14834,68.755,58.642,-30.59,0.0,10.112,0.2176,40.94,-0.036653,20.57
85.722,-110.633,-516.49,-2.3228,-0.1189,68.755,62.147,8.231,0.0,6.608,0.4463,40.91,-0.036653,14.3
85.78,-110.13,-516.778,-2.3834,-0.08812,62.061,62.693,70.096,0.0,-0.632,-0.2908,40.87,-0.036653,22.68
85.826,-109.65,-517.034,-2.3817,-0.12596,68.755,64.281,10.912,0.0,4.474,0.1646,40.83,-0.037647,18.76
85.872,-109.131,-517.29,-2.4458,-0.09393,68.755,65.925,31.758,0.0,2.83,0.0633,40.78,-0.037647,13.37
85.964,-108.48,-517.582,-2.4992,-0.05346,50.137,60.714,32.887,0.0,-10.578,-0.8997,40.73,-0.037647,42.87
86.015,-107.914,-517.811,-2.5006,-0.07326,68.755,57.525,-104.212,0.0,11.23,0.1003,40.69,-0.038265,43.48
86.053,-107.405,-517.998,-2.5318,-0.04122,50.841,55.259,-63.796,0.0,-4.418,0.0177,40.67,-0.038265,31.58
86.094,-106.858,-518.18,-2.5473,-0.01261,34.019,48.264,-45.307,0.0,-14.245,-0.7395,40.68,-0.038265,22.52
86.142,-106.339,-518.336,-2.5276,-0.02976,54.563,44.884,-139.902,0.0,9.679,0.2605,40.68,-0.039604,20.0
86.195,-105.782,-518.487,-2.5376,-0.00358,39.001,43.103,-67.608,0.0,-4.102,0.1053,40.72,-0.039604,22.09
86.244,-105.189,-518.631,-2.5319,0.02183,23.472,36.737,-35.627,0.0,-13.265,-0.7023,40.76,-0.039604,20.99
86.295,-104.657,-518.746,-2.5028,0.00893,38.15,34.095,-127.314,0.0,4.055,0.2977,40.82,-0.040773,22.0
86.345,-104.156,-518.844,-2.4937,0.02891,25.792,31.593,-52.841,0.0,-5.802,-0.0726,40.89,-0.040773,20.93
86.396,-103.551,-518.95,-2.4521,0.02479,36.921,32.87,-50.03,0.0,4.051,0.4402,40.98,-0.041743,22.5
86.45,-103.011,-519.034,-2.4339,0.04416,24.746,30.64,25.531,0.0,-5.894,-0.445,41.05,-0.041743,25.55
86.495,-102.434,-519.112,-2.4035,0.06337,12.407,23.895,-44.594,0.0,-11.488,-0.7084,41.13,-0.041743,20.47
86.546,-101.82,-519.183,-2.351,0.06415,24.369,20.924,-134.909,0.0,3.444,0.2916,41.21,-0.044548,21.5
86.596,-101.239,-519.242,-2.3094,0.07721,15.527,19.374,-59.406,0.0,-3.848,0.0946,41.3,-0.044548,21.19
86.646,-100.655,-519.294,-2.2605,0.08932,7.109,15.394,-30.999,0.0,-8.286,-0.3934,41.4,-0.044548,19.89
86.703,-100.139,-519.334,-2.2104,0.09718,20.211,16.754,-79.601,0.0,3.457,0.6066,41.49,-0.04595,26.72
86.747,-99.552,-519.374,-2.1513,0.10564,13.825,17.936,27.186,0.0,-4.111,0.0227,41.58,-0.04595,21.1
86.796,-98.963,-519.409,-2.0863,0.11604,6.176,15.493,23.64,0.0,-9.317,-0.4648,41.67,-0.04595,19.81
86.846,-98.373,-519.438,-2.0178,0.14004,4.586,11.501,-48.852,0.0,-6.915,-0.3016,41.76,-0.047269,19.0
86.891,-97.781,-519.461,-1.9329,0.14746,-1.624,6.972,-79.837,0.0,-8.596,-0.2144,41.86,-0.047269,14.15
86.949,-97.187,-519.481,-1.8623,0.18926,-25.876,-3.991,-90.592,0.0,-21.885,-1.0564,41.96,-0.041505,21.64
86.996,-96.628,-519.498,-1.7562,0.19076,-28.922,-13.692,-219.26,0.0,-15.23,-0.2064,42.06,-0.041505,18.56
87.042,-96.031,-519.517,-1.6443,0.18535,-28.049,-18.812,-194.004,0.0,-9.238,0.3009,42.14,-0.041505,13.48
87.102,-95.434,-519.541,-1.5476,0.23032,-56.363,-27.659,-102.404,0.0,-28.704,-0.6991,42.22,-0.036119,23.71
87.147,-94.836,-519.571,-1.4139,0.21868,-52.326,-36.736,-176.943,0.0,-15.59,-0.3409,42.29,-0.036119,18.53
87.196,-94.238,-519.609,-1.3141,0.25923,-68.755,-47.658,-181.539,0.0,-21.097,-0.5745,42.34,-0.032539,16.93
87.248,-93.675,-519.656,-1.1749,0.23798,-68.755,-55.069,-218.444,0.0,-13.685,0.1089,42.34,-0.032539,17.83
87.299,-93.079,-519.719,-1.0403,0.21315,-57.54,-55.855,-148.229,0.0,-1.685,0.6664,42.19,-0.032539,18.48
87.347,-92.489,-519.796,-0.9325,0.24328,-68.755,-58.833,-15.714,0.0,-9.921,-0.3336,41.97,-0.033947,16.62
87.401,-91.869,-519.896,-0.7895,0.21542,-64.917,-61.088,-59.567,0.0,-3.828,-0.003,41.76,-0.033947,19.88
87.45,-91.323,-519.999,-0.7065,0.24303,-68.755,-63.604,-45.1,0.0,-5.15,-0.1152,41.55,-0.032959,18.84
87.502,-90.75,-520.125,-0.5743,0.21253,-67.26,-64.891,-50.319,0.0,-2.369,0.0838,41.32,-0.032959,20.68
87.549,-90.218,-520.259,-0.467,0.18125,-51.654,-60.438,-25.734,0.0,8.784,0.7566,41.07,-0.032959,17.54
87.602,-89.693,-520.408,-0.3961,0.20584,-67.233,-58.841,89.071,0.0,-8.392,-0.2434,40.83,-0.030263,20.69
87.661,-89.111,-520.593,-0.2794,0.17674,-52.967,-57.106,31.936,0.0,4.139,0.075,40.63,-0.030263,28.67
87.706,-88.57,-520.784,-0.2274,0.20322,-68.456,-60.479,34.694,0.0,-7.976,-0.6527,40.41,-0.02942,23.38
87.753,-88.038,-520.991,-0.1213,0.17218,-52.765,-60.522,-67.465,0.0,7.756,0.3473,40.2,-0.02942,20.52
87.806,-87.546,-521.2,-0.0382,0.13986,-35.562,-51.886,-0.845,0.0,16.325,1.2101,39.99,-0.02942,22.7
87.856,-87.063,-521.422,-0.0071,0.16769,-51.906,-43.905,172.704,0.0,-8.001,0.2101,39.78,-0.02677,22.36
87.904,-86.529,-521.687,0.0851,0.14207,-38.808,-41.691,159.627,0.0,2.882,-0.5266,39.61,-0.02677,20.76
87.953,-86.064,-521.933,0.1534,0.11795,-25.93,-37.144,44.289,0.0,11.214,0.403,39.45,-0.02677,18.72
88.007,-85.577,-522.205,0.1859,0.15416,-47.777,-38.01,90.938,0.0,-9.768,-0.597,39.29,-0.027116,22.77
88.056,-85.098,-522.486,0.2655,0.13217,-36.464,-38.195,-17.315,0.0,1.731,0.0648,39.15,-0.027116,21.18
88.111,-84.654,-522.761,0.3289,0.11008,-24.408,-33.541,-3.707,0.0,9.133,0.6692,39.13,-0.027116,25.48
88.163,-84.189,-523.063,0.3617,0.14939,-45.63,-32.42,93.073,0.0,-13.21,-0.3308,39.19,-0.024481,27.84
88.205,-83.729,-523.375,0.4396,0.13037,-35.666,-33.795,22.418,0.0,-1.871,-0.3094,39.29,-0.024481,19.61
88.265,-83.301,-523.678,0.5034,0.11107,-25.192,-31.397,-27.503,0.0,6.205,0.4789,39.38,-0.024481,29.23
88.312,-82.851,-524.009,0.543,0.1551,-50.905,-33.33,47.971,0.0,-17.575,-0.5211,39.48,-0.024529,26.13
88.359,-82.38,-524.369,0.6301,0.13848,-42.652,-36.852,-38.663,0.0,-5.801,-0.2893,39.58,-0.024529,22.54
88.412,-81.966,-524.698,0.649,0.18753,-68.755,-47.476,-70.433,0.0,-21.279,-1.1147,39.66,-0.023721,25.11
88.459,-81.558,-525.035,0.7431,0.1663,-59.903,-56.266,-212.491,0.0,-3.637,-0.1147,39.74,-0.023721,22.01
88.512,-81.132,-525.403,0.8304,0.14116,-46.752,-56.518,-175.795,0.0,9.766,0.8853,39.77,-0.023721,24.3
88.555,-80.692,-525.805,0.862,0.18305,-68.755,-57.528,-5.034,0.0,-11.227,-0.1147,39.79,-0.023028,16.85
88.603,-80.31,-526.175,0.9511,0.1542,-64.282,-59.797,-20.203,0.0,-4.485,-0.2111,39.81,-0.023028,14.81
88.661,-79.893,-526.602,1.0343,0.12525,-48.868,-56.452,-45.388,0.0,7.584,0.7047,39.79,-0.023028,22.82
88.706,-79.535,-526.992,1.0513,0.16797,-68.755,-56.058,66.903,0.0,-12.697,-0.2953,39.64,-0.021124,17.42
88.752,-79.189,-527.389,1.1331,0.1418,-68.44,-60.279,7.882,0.0,-8.161,-0.6307,39.46,-0.021124,13.53
88.809,-78.813,-527.845,1.2083,0.11321,-53.333,-60.8,-84.426,0.0,7.467,0.3693,39.26,-0.021124,20.08
88.854,-78.494,-528.258,1.2249,0.1456,-68.755,-62.894,-10.417,0.0,-5.861,-0.2378,39.05,-0.019958,14.86
88.908,-78.169,-528.703,1.297,0.11457,-61.606,-62.723,-41.872,0.0,1.116,0.2431,38.83,-0.019958,18.34
88.965,-77.878,-529.13,1.3488,0.08271,-43.696,-56.122,3.416,0.0,12.426,0.9038,38.61,-0.019958,24.35
89.01,-77.568,-529.617,1.3599,0.10865,-58.689,-51.859,132.027,0.0,-6.83,-0.0962,38.4,-0.01763,19.36
89.062,-77.307,-530.055,1.408,0.08065,-42.922,-48.861,85.245,0.0,5.939,-0.0278,38.2,-0.01763,20.83
89.114,-77.058,-530.498,1.4428,0.0535,-27.117,-41.688,59.958,0.0,14.57,0.6877,38.02,-0.01763,22.4
89.162,-76.793,-531.002,1.4413,0.07727,-43.57,-38.545,143.471,0.0,-5.026,-0.3123,37.85,-0.016594,20.52
89.211,-76.569,-531.453,1.4752,0.05523,-30.817,-36.306,62.866,0.0,5.488,-0.0166,37.7,-0.016594,18.64
89.264,-76.329,-531.964,1.5011,0.03529,-19.054,-30.636,44.779,0.0,11.582,0.5572,37.57,-0.016594,21.55
89.313,-76.125,-532.42,1.4847,0.06823,-43.141,-29.554,113.4,0.0,-13.587,-0.4428,37.44,-0.014161,20.08
89.366,-75.93,-532.879,1.5152,0.05213,-33.915,-31.42,21.627,0.0,-2.495,-0.3738,37.32,-0.014161,23.33
89.419,-75.719,-533.396,1.5401,0.03611,-24.526,-29.652,-37.318,0.0,5.126,0.4423,37.21,-0.014161,25.81
89.466,-75.53,-533.887,1.5257,0.0684,-46.049,-32.32,35.365,0.0,-13.729,-0.5577,37.09,-0.013991,22.27
89.513,-75.359,-534.351,1.5555,0.05214,-36.638,-34.474,-53.363,0.0,-2.164,-0.0214,36.99,-0.013991,19.86
89.565,-75.197,-534.816,1.5774,0.03449,-26.048,-31.796,-43.082,0.0,5.748,0.5996,36.89,-0.013991,20.84
89.615,-75.023,-535.341,1.5621,0.06484,-48.266,-32.655,53.569,0.0,-15.612,-0.4004,36.95,-0.013709,20.78
89.665,-74.868,-535.842,1.5918,0.0493,-38.819,-35.09,-17.182,0.0,-3.728,-0.2501,37.08,-0.013709,20.52
89.715,-74.719,-536.348,1.6132,0.03231,-28.18,-33.158,-48.714,0.0,4.977,0.5249,37.24,-0.013709,20.46
89.77,-74.587,-536.827,1.5939,0.05966,-44.365,-35.111,38.655,0.0,-9.255,-0.4751,37.4,-0.011378,24.9
89.818,-74.462,-537.311,1.6201,0.04386,-34.657,-35.595,-39.058,0.0,0.939,0.1368,37.57,-0.011378,22.27
89.869,-74.337,-537.83,1.6388,0.02545,-23.111,-31.352,-9.694,0.0,8.241,0.6433,37.75,-0.011378,23.33
89.917,-74.222,-538.354,1.6175,0.04952,-40.694,-30.724,84.87,0.0,-9.97,-0.3567,37.95,-0.009492,20.82
89.967,-74.12,-538.851,1.6393,0.03458,-31.432,-31.326,12.554,0.0,-0.106,-0.1497,38.15,-0.009492,20.65
90.018,-74.019,-539.383,1.6547,0.01946,-21.943,-28.438,-12.032,0.0,6.495,0.4662,38.36,-0.009492,21.51
90.07,-73.925,-539.92,1.6314,0.04557,-37.282,-30.096,57.748,0.0,-7.186,-0.5338,38.58,-0.00591,22.68
90.12,-73.84,-540.461,1.6526,0.03062,-28.123,-30.157,-33.156,0.0,2.034,0.1652,38.77,-0.00591,22.16
90.169,-73.763,-541.007,1.6653,0.01481,-18.27,-26.052,-1.21,0.0,7.782,0.5794,38.96,-0.00591,20.82
90.217,-73.69,-541.588,1.6445,0.03809,-32.896,-25.986,82.09,0.0,-6.91,-0.4206,39.16,-0.003618,18.82
90.268,-73.635,-542.076,1.6603,0.02546,-25.126,-26.196,1.326,0.0,1.069,-0.0362,39.36,-0.003618,19.44
90.321,-73.579,-542.632,1.6713,0.01199,-16.811,-23.129,-4.196,0.0,6.318,0.4501,39.53,-0.003618,22.33
90.369,-73.528,-543.224,1.6519,0.03649,-31.969,-24.768,61.326,0.0,-7.201,-0.5499,39.72,-0.002225,19.68
90.418,-73.487,-543.787,1.669,0.02468,-24.849,-25.511,-32.772,0.0,0.662,0.0678,39.9,-0.002225,18.7
90.468,-73.457,-544.286,1.6783,0.01149,-16.742,-22.559,-14.867,0.0,5.817,0.49,40.07,-0.002225,18.55
90.52,-73.427,-544.888,1.6617,0.03649,-33.687,-23.998,59.039,0.0,-9.689,-0.51,40.23,-0.001405,20.11
90.573,-73.407,-545.459,1.6791,0.02475,-26.688,-25.484,-28.771,0.0,-1.203,-0.0569,40.4,-0.001405,22.11
90.623,-73.394,-545.998,1.689,0.01148,-18.631,-23.296,-29.727,0.0,4.665,0.4611,40.56,-0.001405,22.58
90.672,-73.387,-546.574,1.6763,0.03309,-32.635,-25.514,43.76,0.0,-7.121,-0.5389,40.7,-0.000271,21.09
90.723,-73.388,-547.152,1.692,0.01986,-24.818,-26.021,-44.365,0.0,1.203,0.1616,40.83,-0.000271,21.95
90.771,-73.397,-547.697,1.6995,0.00688,-17.026,-22.878,-10.134,0.0,5.851,0.492,40.93,-0.000271,19.67
90.823,-73.413,-548.277,1.6885,0.02674,-31.421,-24.158,62.873,0.0,-7.263,-0.508,41.06,-0.000283,20.88
90.873,-73.437,-548.859,1.701,0.01486,-24.42,-24.852,-25.611,0.0,0.432,0.0372,41.16,-0.000283,19.88
90.92,-73.47,-549.476,1.6848,0.03162,-35.236,-28.137,-13.883,0.0,-7.099,-0.3859,41.25,7.6e-05,17.14
90.975,-73.504,-549.991,1.6979,0.01909,-28.015,-28.668,-65.691,0.0,0.652,0.2698,41.27,7.6e-05,21.8
91.024,-73.551,-550.574,1.7047,0.00404,-19.095,-25.205,-10.618,0.0,6.111,0.539,41.31,7.6e-05,20.95
91.076,-73.609,-551.192,1.6878,0.01779,-29.827,-25.837,69.247,0.0,-3.99,-0.4508,41.41,-0.000812,22.07
91.124,-73.664,-551.707,1.6947,0.00795,-24.021,-25.841,-12.632,0.0,1.821,0.0655,41.47,-0.000812,20.01
91.175,-73.733,-552.29,1.6952,-0.00839,-14.263,-22.0,-0.091,0.0,7.737,0.5369,41.48,-0.000812,19.93
91.224,-73.811,-552.874,1.6762,0.00468,-21.769,-21.045,76.831,0.0,-0.724,-0.269,41.56,-0.001012,19.39
91.272,-73.901,-553.491,1.6759,-0.00504,-15.862,-19.647,19.098,0.0,3.785,0.0952,41.65,-0.001012,17.12
91.329,-73.993,-554.074,1.6688,-0.01699,-8.509,-15.838,27.956,0.0,7.328,0.3856,41.72,-0.001012,23.29
91.377,-74.079,-554.589,1.6516,-0.00616,-14.858,-15.104,76.194,0.0,0.246,-0.2965,41.79,-0.001054,20.89
91.428,-74.183,-555.172,1.6451,-0.01632,-8.575,-13.576,14.679,0.0,5.001,0.1364,41.89,-0.001054,21.7
91.48,-74.294,-555.756,1.6195,-0.00527,-17.394,-14.692,30.547,0.0,-2.703,-0.3157,41.97,-0.001485,23.69
91.529,-74.41,-556.34,1.6139,-0.01413,-11.939,-14.364,-22.309,0.0,2.425,0.1626,42.05,-0.001485,22.28
91.574,-74.532,-556.923,1.6029,-0.02311,-6.316,-11.656,6.555,0.0,5.34,0.3437,42.12,-0.001485,16.99
91.624,-74.658,-557.507,1.5787,-0.00991,-15.868,-12.814,54.154,0.0,-3.054,-0.4452,42.2,-0.002417,16.42
91.679,-74.79,-558.091,1.5708,-0.01693,-11.467,-13.335,-23.151,0.0,1.868,0.0485,42.29,-0.002417,21.03
91.727,-74.918,-558.641,1.5588,-0.02515,-6.275,-11.343,-10.42,0.0,5.069,0.3327,42.4,-0.002417,18.8
91.779,-75.05,-559.191,1.5385,-0.01472,-16.339,-12.664,39.834,0.0,-3.675,-0.3931,42.49,-0.002326,20.38
91.831,-75.195,-559.777,1.5282,-0.0209,-12.385,-13.342,-26.425,0.0,0.956,0.0438,42.61,-0.002326,21.13
91.878,-75.353,-560.397,1.5053,-0.01408,-18.652,-15.138,-13.545,0.0,-3.514,-0.1799,42.72,-0.002371,18.67
91.928,-75.508,-560.983,1.4945,-0.0218,-13.806,-15.121,-35.927,0.0,1.315,0.1905,42.83,-0.002371,18.3
91.98,-75.667,-561.569,1.4784,-0.0305,-8.286,-12.789,0.341,0.0,4.503,0.3238,42.96,-0.002371,19.61
92.032,-75.833,-562.156,1.455,-0.02922,-10.196,-11.506,46.631,0.0,1.31,-0.0649,43.07,-0.002155,21.2
92.077,-76.002,-562.744,1.435,-0.03582,-5.849,-9.783,25.676,0.0,3.934,0.1061,43.21,-0.002155,16.58
92.127,-76.156,-563.263,1.4103,-0.03612,-6.109,-8.526,34.452,0.0,2.416,-0.0049,43.33,-0.00155,16.1
92.177,-76.334,-563.851,1.3865,-0.04148,-2.435,-6.653,25.142,0.0,4.218,0.1299,43.47,-0.00155,15.69
92.225,-76.504,-564.406,1.3613,-0.04584,0.672,-4.188,37.462,0.0,4.86,0.148,43.62,-0.00155,13.24
92.277,-76.688,-564.997,1.3308,-0.04526,-0.384,-2.678,49.303,0.0,2.294,-0.0474,43.76,-0.000969,14.82
92.331,-76.874,-565.59,1.3022,-0.04706,1.286,-1.406,30.184,0.0,2.692,0.0196,43.9,-0.000969,18.59
92.38,-77.061,-566.184,1.2711,-0.04626,1.523,-0.459,25.45,0.0,1.982,-0.0011,44.05,-0.00097,17.04
92.428,-77.25,-566.78,1.2419,-0.04702,2.597,0.491,18.931,0.0,2.106,0.0336,44.2,-0.00097,14.82
92.475,-77.439,-567.378,1.2123,-0.04709,3.274,1.399,19.012,0.0,1.875,0.0272,44.34,-0.00097,11.49
92.529,-77.618,-567.943,1.1845,-0.04576,2.663,1.963,18.15,0.0,0.7,-0.0163,44.49,-0.000368,15.64
92.578,-77.808,-568.545,1.1559,-0.04472,2.679,2.282,11.276,0.0,0.397,-0.0145,44.63,-0.000368,13.6
92.63,-77.998,-569.149,1.1276,-0.04353,3.701,2.75,6.385,0.0,0.951,0.032,44.77,-0.000121,15.71
92.676,-78.188,-569.755,1.1002,-0.0425,3.697,3.133,9.374,0.0,0.564,0.0043,44.93,-0.000121,11.82
92.725,-78.378,-570.364,1.0736,-0.04072,3.248,3.208,7.644,0.0,0.04,-0.0295,45.07,-0.000121,10.4
92.779,-78.556,-570.939,1.0497,-0.03904,3.052,3.116,1.504,0.0,-0.064,-0.0207,45.21,2.8e-05,14.06
92.829,-78.745,-571.552,1.0252,-0.03741,2.644,2.929,-1.834,0.0,-0.285,-0.0166,45.35,2.8e-05,13.38
92.881,-78.933,-572.167,1.001,-0.03415,1.361,2.421,-3.751,0.0,-1.06,-0.0512,45.49,0.000509,15.47
92.928,-79.121,-572.785,0.9795,-0.03252,0.906,1.877,-10.147,0.0,-0.971,-0.0229,45.64,0.000509,11.82
92.978,-79.309,-573.405,0.9588,-0.03145,0.742,1.492,-10.889,0.0,-0.749,0.0033,45.79,0.000509,11.26
93.032,-79.497,-574.027,0.9385,-0.02895,0.308,1.212,-7.698,0.0,-0.904,0.0013,45.94,0.00049,15.15
93.079,-79.684,-574.651,0.92,-0.0279,0.12,0.965,-5.587,0.0,-0.844,-0.0054,46.1,0.00049,12.01
93.132,-79.861,-575.241,0.9024,-0.02535,0.226,0.702,-4.958,0.0,-0.476,-0.0107,46.25,0.000813,14.57
93.178,-80.048,-575.87,0.8864,-0.02321,-0.616,0.246,-5.255,0.0,-0.862,-0.0362,46.39,0.000813,10.92
93.233,-80.235,-576.502,0.8702,-0.019,-2.723,-0.759,-9.126,0.0,-1.964,-0.0925,46.5,0.000851,15.35
93.281,-80.399,-577.061,0.8593,-0.01887,-2.541,-1.47,-20.091,0.0,-1.071,0.0059,46.64,0.000851,13.28
93.337,-80.586,-577.696,0.8468,-0.01979,-1.757,-1.561,-14.229,0.0,-0.197,0.0619,46.8,0.000851,18.89
93.381,-80.774,-578.332,0.8331,-0.01555,-3.742,-2.189,-1.806,0.0,-1.552,-0.0783,46.92,0.00096,12.49
93.43,-80.961,-578.97,0.8231,-0.01454,-4.089,-2.928,-12.571,0.0,-1.161,-0.0373,47.0,0.00096,11.75
93.484,-81.138,-579.572,0.8119,-0.012,-5.517,-3.879,-14.778,0.0,-1.638,-0.0554,47.07,0.000977,15.71
93.535,-81.328,-580.213,0.8033,-0.01449,-3.964,-4.053,-19.019,0.0,0.089,0.0753,47.17,0.000977,15.34
93.587,-81.519,-580.854,0.7907,-0.01291,-5.298,-4.419,-3.473,0.0,-0.878,-0.033,47.33,0.001498,16.91
93.634,-81.712,-581.497,0.7817,-0.01534,-3.764,-4.322,-7.328,0.0,0.558,0.0519,47.48,0.001498,13.61
93.686,-81.907,-582.141,0.7707,-0.01708,-2.589,-3.752,1.943,0.0,1.163,0.0694,47.59,0.001498,15.31
93.736,-82.116,-582.824,0.7572,-0.0154,-3.961,-3.69,11.398,0.0,-0.271,-0.051,47.66,0.001368,15.09
93.789,-82.314,-583.472,0.7461,-0.01712,-2.796,-3.446,1.249,0.0,0.65,0.0275,47.79,0.001368,17.82
93.832,-82.503,-584.082,0.7337,-0.01687,-2.674,-3.211,4.875,0.0,0.537,0.0073,47.93,0.001442,10.65
93.885,-82.705,-584.732,0.7219,-0.01844,-1.575,-2.724,4.698,0.0,1.149,0.0434,48.1,0.001442,13.17
93.936,-82.908,-585.383,0.7083,-0.01808,-2.241,-2.518,9.742,0.0,0.278,-0.0223,48.24,0.001291,14.41
93.986,-83.101,-585.996,0.6962,-0.01898,-1.524,-2.243,4.109,0.0,0.72,0.0169,48.35,0.001291,14.03
94.038,-83.306,-586.65,0.6816,-0.01869,-1.721,-2.046,5.5,0.0,0.326,-0.0013,48.39,0.001739,15.54
94.088,-83.514,-587.305,0.6682,-0.02019,-0.658,-1.596,3.943,0.0,0.938,0.0422,48.5,0.001739,15.25
94.136,-83.71,-587.923,0.6547,-0.02182,0.474,-0.862,9.007,0.0,1.336,0.0554,48.64,0.001739,13.46
94.186,-83.92,-588.581,0.6393,-0.02208,0.718,-0.311,14.684,0.0,1.029,0.0001,48.79,0.002058,12.88
94.235,-84.131,-589.24,0.6238,-0.02251,1.235,0.15,11.024,0.0,1.085,0.0066,48.94,0.002058,11.45
94.285,-84.33,-589.861,0.6087,-0.0227,1.017,0.461,9.215,0.0,0.556,-0.0048,49.05,0.001996,11.66
94.334,-84.543,-590.524,0.5927,-0.0229,1.409,0.778,6.217,0.0,0.631,0.0117,49.16,0.001996,10.73
94.384,-84.743,-591.149,0.5778,-0.023,1.756,1.08,6.335,0.0,0.677,0.009,49.31,0.002222,10.18
94.434,-84.97,-591.855,0.5608,-0.02321,2.173,1.415,6.035,0.0,0.759,0.0152,49.46,0.002222,10.1
94.487,-85.184,-592.523,0.5451,-0.02374,2.332,1.735,6.707,0.0,0.596,0.0096,49.63,0.001937,12.98
94.545,-85.386,-593.154,0.5294,-0.02317,2.306,1.934,6.407,0.0,0.372,-0.0058,49.77,0.001937,20.54
94.587,-85.589,-593.787,0.5141,-0.02262,2.284,2.037,3.976,0.0,0.248,-0.0065,49.92,0.001937,12.1
94.643,-85.804,-594.462,0.4984,-0.02298,2.698,2.233,2.053,0.0,0.465,0.0166,50.07,0.001581,17.0
94.691,-86.033,-595.178,0.4814,-0.02229,2.628,2.376,3.921,0.0,0.252,-0.0005,50.22,0.001581,15.19
94.74,-86.249,-595.858,0.4664,-0.02226,2.733,2.5,2.863,0.0,0.233,0.0024,50.38,0.001562,13.66
94.787,-86.452,-596.499,0.4519,-0.02076,2.205,2.419,2.487,0.0,-0.214,-0.0244,50.55,0.001562,11.24
94.841,-86.667,-597.184,0.4379,-0.02096,2.523,2.352,-1.629,0.0,0.171,-0.0008,50.72,0.001975,14.71
94.888,-86.87,-597.83,0.4241,-0.01966,2.084,2.196,-1.34,0.0,-0.112,-0.0147,50.87,0.001975,11.13
94.944,-87.085,-598.519,0.4113,-0.01968,1.662,2.008,-3.106,0.0,-0.347,-0.01,51.04,0.002129,17.37
94.987,-87.312,-599.252,0.3968,-0.01821,1.147,1.72,-3.763,0.0,-0.573,-0.0205,51.2,0.002129,9.87
95.042,-87.514,-599.905,0.3859,-0.01824,1.507,1.601,-5.764,0.0,-0.094,0.0135,51.38,0.002333,14.45
95.091,-87.728,-600.602,0.3732,-0.01677,0.961,1.394,-2.385,0.0,-0.434,-0.0164,51.54,0.002333,13.52
95.139,-87.941,-601.302,0.3615,-0.01536,0.433,1.044,-4.134,0.0,-0.611,-0.0273,51.72,0.002333,10.43
95.194,-88.142,-601.963,0.3516,-0.01652,1.099,1.044,-7.009,0.0,0.055,0.0367,51.89,0.002718,15.29
95.242,-88.343,-602.626,0.3405,-0.01544,0.729,1.02,0.003,0.0,-0.291,-0.0033,52.07,0.002718,12.99
95.295,-88.569,-603.376,0.329,-0.01655,1.669,1.176,-0.472,0.0,0.493,0.0242,52.25,0.002769,15.49
95.34,-88.783,-604.086,0.3171,-0.01568,1.417,1.241,3.107,0.0,0.176,-0.0072,52.42,0.002769,10.0
95.395,-88.984,-604.756,0.3069,-0.01707,1.724,1.351,1.304,0.0,0.373,0.0085,52.6,0.00254,14.88
95.443,-89.198,-605.472,0.2944,-0.01631,1.535,1.386,2.201,0.0,0.148,-0.0066,52.76,0.00254,12.88
95.495,-89.399,-606.147,0.2837,-0.01746,1.883,1.547,0.71,0.0,0.336,0.0187,52.93,0.00265,13.87
95.543,-89.613,-606.867,0.2709,-0.01652,1.606,1.603,3.217,0.0,0.002,-0.009,53.09,0.00265,11.83
95.596,-89.827,-607.589,0.2597,-0.01815,2.67,1.895,1.121,0.0,0.775,0.0348,53.26,0.002774,14.87
95.642,-90.053,-608.357,0.2456,-0.01707,2.34,2.051,5.832,0.0,0.288,-0.0087,53.43,0.002774,10.25
95.701,-90.254,-609.042,0.235,-0.01885,3.102,2.397,3.128,0.0,0.705,0.0319,53.63,0.003559,18.66
95.743,-90.455,-609.729,0.222,-0.01753,2.637,2.544,6.913,0.0,0.093,-0.0157,53.79,0.003559,10.58
95.8,-90.668,-610.462,0.2104,-0.01893,3.85,2.984,2.931,0.0,0.866,0.0462,53.97,0.004083,17.2
95.846,-90.893,-611.242,0.1958,-0.017,3.103,3.132,8.814,0.0,-0.029,-0.0256,54.16,0.004083,12.8
95.898,-91.092,-611.937,0.1856,-0.01836,4.357,3.504,2.95,0.0,0.852,0.0366,54.33,0.003533,14.73
95.945,-91.303,-612.679,0.1722,-0.01631,3.539,3.583,7.448,0.0,-0.043,-0.0281,54.51,0.003533,11.37
96.0,-91.5,-613.38,0.1623,-0.01701,4.045,3.646,1.568,0.0,0.399,0.0006,54.69,0.003137,15.76
96.045,-91.709,-614.127,0.15,-0.01475,3.107,3.427,1.266,0.0,-0.32,-0.0373,54.87,0.003137,11.01
96.1,-91.929,-614.922,0.1394,-0.01531,3.017,3.221,-4.389,0.0,-0.204,-0.0058,55.03,0.002441,15.73
96.147,-92.124,-615.63,0.1289,-0.01327,2.167,2.853,-4.116,0.0,-0.686,-0.0298,55.2,0.002441,12.13
96.201,-92.331,-616.386,0.1201,-0.01371,2.309,2.564,-7.35,0.0,-0.255,-0.0018,55.37,0.001911,16.08
96.246,-92.524,-617.1,0.1106,-0.0121,1.654,2.199,-5.776,0.0,-0.545,-0.0208,55.56,0.001911,10.51
96.301,-92.729,-617.862,0.1026,-0.0136,2.235,2.056,-7.313,0.0,0.179,0.0183,55.75,0.002128,15.19
96.347,-92.922,-618.581,0.093,-0.01207,1.62,1.821,-2.863,0.0,-0.201,-0.0177,55.93,0.002128,10.77
96.401,-93.138,-619.393,0.0842,-0.01379,2.087,1.861,-4.687,0.0,0.226,0.0301,56.12,0.00194,15.04
96.447,-93.342,-620.163,0.0738,-0.01247,1.59,1.798,0.8,0.0,-0.208,-0.013,56.28,0.00194,10.31
96.502,-93.533,-620.89,0.066,-0.01471,2.699,2.124,-1.268,0.0,0.575,0.0521,56.47,0.0021,15.44
96.552,-93.736,-621.665,0.0547,-0.01315,2.097,2.248,6.515,0.0,-0.151,-0.0168,56.66,0.0021,15.19
96.604,-93.926,-622.397,0.0465,-0.01575,3.719,2.682,2.484,0.0,1.036,0.0477,56.85,0.001097,17.08
96.65,-94.14,-623.225,0.0337,-0.01408,3.083,2.865,8.692,0.0,0.218,-0.02,57.03,0.001097,12.31
96.711,-94.341,-624.009,0.024,-0.0164,4.165,3.227,3.651,0.0,0.938,0.0314,57.22,0.001556,23.09
96.75,-94.529,-624.75,0.0122,-0.01436,3.341,3.281,7.235,0.0,0.06,-0.0304,57.4,0.001556,11.65
96.804,-94.728,-625.539,0.0019,-0.01617,4.165,3.289,1.076,0.0,0.876,-0.0045,57.57,0.001834,15.43
96.852,-94.914,-626.285,-0.0098,-0.01418,3.373,3.073,0.165,0.0,0.3,-0.031,57.73,0.001834,13.2
96.906,-95.122,-627.127,-0.021,-0.01644,3.595,3.041,-4.323,0.0,0.554,0.0182,57.92,0.001619,16.56
96.954,-95.307,-627.879,-0.0331,-0.01474,2.938,2.879,-0.63,0.0,0.059,-0.0194,58.11,0.001619,13.99
97.004,-95.502,-628.68,-0.0445,-0.01725,3.593,3.205,-3.245,0.0,0.388,0.0625,58.31,0.001948,13.88
97.055,-95.708,-629.532,-0.0549,-0.02067,5.977,4.283,6.519,0.0,1.694,0.1164,58.51,0.002355,14.95
97.107,-95.89,-630.292,-0.0701,-0.01836,5.077,4.816,21.564,0.0,0.261,-0.0386,58.7,0.002355,16.79
97.158,-96.071,-631.055,-0.0791,-0.02152,7.122,5.711,10.649,0.0,1.41,0.0693,58.89,0.0017,16.98
97.205,-96.26,-631.869,-0.0957,-0.01786,5.615,5.986,17.917,0.0,-0.371,-0.0555,59.08,0.0017,14.61
97.256,-96.437,-632.638,-0.1052,-0.01954,7.352,6.486,5.495,0.0,0.867,0.041,59.25,0.002053,15.01
97.307,-96.621,-633.458,-0.1201,-0.01551,5.66,6.413,9.992,0.0,-0.753,-0.0624,59.44,0.002053,16.06
97.357,-96.803,-634.282,-0.1294,-0.01624,6.743,6.374,-1.446,0.0,0.369,0.0021,59.64,0.002021,15.01
97.405,-96.972,-635.06,-0.1409,-0.01224,5.031,5.882,-0.789,0.0,-0.851,-0.0646,59.83,0.002021,12.8
97.46,-97.148,-635.891,-0.1487,-0.01232,4.873,5.471,-9.846,0.0,-0.598,-0.0058,60.02,0.001986,17.63
97.506,-97.312,-636.675,-0.1575,-0.00896,3.431,4.808,-8.215,0.0,-1.377,-0.0495,60.2,0.001986,13.23
97.56,-97.504,-637.61,-0.164,-0.00828,3.417,4.245,-13.251,0.0,-0.828,-0.0093,60.39,0.00212,17.03
97.608,-97.673,-638.451,-0.1695,-0.00483,1.904,3.431,-11.275,0.0,-1.526,-0.0546,60.59,0.00212,15.0
97.661,-97.831,-639.244,-0.1723,-0.005,1.8,3.077,-16.278,0.0,-1.276,0.0358,60.79,0.002649,17.66
97.711,-97.996,-640.091,-0.1734,-0.00496,3.021,2.956,-7.08,0.0,0.065,0.0202,60.99,0.002805,17.19
97.765,-98.139,-640.841,-0.1759,-0.00162,1.529,2.379,-2.414,0.0,-0.85,-0.0679,61.2,0.002805,20.81
97.813,-98.319,-641.795,-0.1748,-0.00207,1.14,1.806,-11.532,0.0,-0.666,-0.0197,61.4,0.003025,18.2
97.857,-98.469,-642.602,-0.1755,5e-05,0.186,1.176,-11.47,0.0,-0.99,-0.0278,61.58,0.003025,12.35
97.914,-98.618,-643.41,-0.1743,0.00013,-0.217,0.733,-12.591,0.0,-0.95,0.0041,61.76,0.00242,18.53
97.965,-98.784,-644.323,-0.1735,0.00135,-0.78,0.299,-8.859,0.0,-1.079,-0.0143,61.96,0.00242,19.77
98.032,-98.923,-645.087,-0.1718,-0.00028,0.18,0.121,-8.687,0.0,0.059,0.0206,62.19,0.002912,35.46
98.065,-99.098,-646.058,-0.17,-0.00275,0.834,0.275,-3.566,0.0,0.56,0.0402,62.41,0.003022,17.37
98.108,-99.256,-646.929,-0.1725,-0.0027,0.829,0.411,3.077,0.0,0.418,0.003,62.59,0.003022,9.79
98.164,-99.404,-647.752,-0.1735,-0.00489,1.289,0.87,2.732,0.0,0.42,0.0497,62.76,0.003169,16.02
98.209,-99.562,-648.628,-0.1776,-0.00435,1.089,1.187,9.168,0.0,-0.098,-0.0037,62.96,0.003169,10.85
98.264,-99.71,-649.456,-0.1803,-0.00666,2.926,1.649,6.346,0.0,1.277,0.0313,63.16,0.002907,15.25
98.309,-99.868,-650.339,-0.1858,-0.00574,2.57,1.897,9.239,0.0,0.673,-0.0137,63.39,0.002907,9.88
98.367,-100.025,-651.224,-0.1905,-0.00814,3.217,2.322,4.972,0.0,0.895,0.0332,63.61,0.003052,17.47
98.411,-100.173,-652.061,-0.1952,-0.00918,3.743,2.85,8.491,0.0,0.893,0.0292,63.82,0.002495,12.03
98.464,-100.328,-652.953,-0.2029,-0.00742,3.043,2.98,10.554,0.0,0.063,-0.0371,64.03,0.002495,14.35
98.516,-100.483,-653.849,-0.2076,-0.00851,3.593,3.092,2.6,0.0,0.501,0.0021,64.25,0.002529,15.76
98.561,-100.627,-654.695,-0.2141,-0.00644,2.751,2.949,2.251,0.0,-0.198,-0.0318,64.46,0.002529,10.37
98.616,-100.779,-655.596,-0.2189,-0.00753,3.09,2.796,-2.865,0.0,0.294,-0.0063,64.66,0.002567,15.47
98.664,-100.93,-656.501,-0.2229,-0.00857,2.911,2.757,-3.055,0.0,0.154,0.0105,64.85,0.002539,13.43
98.716,-101.07,-657.356,-0.2297,-0.00686,2.23,2.534,-0.788,0.0,-0.305,-0.0269,65.05,0.002539,14.98
98.765,-101.236,-658.374,-0.2349,-0.00839,2.732,2.508,-4.451,0.0,0.223,0.0197,65.24,0.002363,13.79
98.815,-101.374,-659.234,-0.2415,-0.00667,2.047,2.339,-0.522,0.0,-0.292,-0.0209,65.44,0.002363,13.38
98.869,-101.52,-660.151,-0.2469,-0.00925,2.918,2.65,-3.379,0.0,0.268,0.061,65.63,0.002195,16.98
98.918,-101.665,-661.072,-0.2521,-0.01154,4.666,3.249,6.207,0.0,1.417,0.0512,65.87,0.002461,15.16
98.963,-101.809,-661.996,-0.2618,-0.00935,3.813,3.376,11.986,0.0,0.438,-0.0451,66.11,0.002461,10.04
99.02,-101.942,-662.869,-0.2677,-0.0115,4.152,3.527,2.534,0.0,0.625,0.0079,66.34,0.002657,16.59
99.068,-102.083,-663.799,-0.2774,-0.00884,3.111,3.365,3.037,0.0,-0.254,-0.0386,66.53,0.002657,13.73
99.12,-102.221,-664.733,-0.2849,-0.00999,3.52,3.313,-3.244,0.0,0.207,0.0096,66.71,0.002791,15.81
99.166,-102.349,-665.615,-0.2905,-0.01192,4.179,3.649,-1.051,0.0,0.53,0.0524,66.93,0.002905,11.43
99.218,-102.483,-666.555,-0.3008,-0.00949,3.245,3.643,6.716,0.0,-0.398,-0.036,67.15,0.002905,13.49
99.271,-102.616,-667.499,-0.3078,-0.01155,4.475,3.822,-0.114,0.0,0.653,0.0256,67.38,0.002888,15.43
99.319,-102.739,-668.39,-0.3171,-0.00887,3.428,3.692,3.584,0.0,-0.265,-0.0369,67.59,0.002888,13.57
99.372,-102.867,-669.341,-0.3251,-0.01127,4.303,3.978,-2.596,0.0,0.325,0.0536,67.79,0.003185,16.03
99.417,-102.993,-670.294,-0.3323,-0.01287,5.708,4.594,5.724,0.0,1.114,0.056,67.99,0.003199,11.37
99.47,-103.116,-671.251,-0.3432,-0.00946,4.381,4.597,12.311,0.0,-0.216,-0.0641,68.2,0.003199,13.5
99.523,-103.237,-672.211,-0.3502,-0.01088,4.97,4.605,0.058,0.0,0.364,0.0009,68.4,0.003575,16.53
99.57,-103.354,-673.174,-0.3565,-0.01168,5.288,4.823,0.172,0.0,0.465,0.0295,68.6,0.003407,13.67
99.621,-103.469,-674.141,-0.3661,-0.00827,3.957,4.586,4.35,0.0,-0.629,-0.0559,68.82,0.003407,13.76
99.674,-103.581,-675.112,-0.3711,-0.00894,4.29,4.458,-4.748,0.0,-0.168,0.007,69.03,0.003671,16.8
99.721,-103.677,-675.97,-0.3775,-0.00579,3.042,4.075,-2.554,0.0,-1.033,-0.0401,69.25,0.003671,13.61
99.768,-103.784,-676.947,-0.3818,-0.0068,3.692,3.9,-7.659,0.0,-0.208,0.0157,69.45,0.003539,10.89
99.816,-103.888,-677.927,-0.3845,-0.00758,4.22,3.922,-3.5,0.0,0.298,0.0214,69.66,0.003324,8.34
99.873,-103.995,-678.968,-0.3908,-0.00436,2.95,3.54,0.435,0.0,-0.59,-0.0556,69.87,0.003324,14.84
99.922,-104.082,-679.838,-0.3923,-0.00484,2.805,3.143,-7.642,0.0,-0.338,-0.0153,70.08,0.003258,13.44
99.969,-104.177,-680.828,-0.3959,-0.00208,1.705,2.574,-7.928,0.0,-0.869,-0.038,70.27,0.003258,10.36
100.023,-104.27,-681.821,-0.3973,-0.00288,1.779,2.197,-11.388,0.0,-0.418,0.007,70.47,0.002926,13.47
100.074,-104.361,-682.816,-0.3975,-0.0043,2.166,2.156,-7.541,0.0,0.009,0.0339,70.66,0.002967,13.95
100.124,-104.455,-683.874,-0.4009,-0.0021,1.294,1.893,-0.804,0.0,-0.599,-0.0325,70.87,0.002967,13.76
100.177,-104.532,-684.758,-0.4019,-0.00428,2.017,1.856,-5.262,0.0,0.161,0.0224,71.08,0.002736,16.77
100.225,-104.617,-685.763,-0.4031,-0.00669,2.991,2.168,-0.738,0.0,0.823,0.0474,71.28,0.002376,14.07
100.273,-104.701,-686.77,-0.4089,-0.00476,2.255,2.184,6.235,0.0,0.072,-0.0305,71.47,0.002376,11.95
100.326,-104.787,-687.841,-0.413,-0.00734,2.932,2.333,0.312,0.0,0.599,0.0191,71.66,0.002372,14.89
100.375,-104.868,-688.854,-0.4171,-0.00991,3.946,2.796,2.975,0.0,1.15,0.0491,71.86,0.002203,13.56
100.423,-104.937,-689.751,-0.4251,-0.00797,3.23,2.928,9.269,0.0,0.303,-0.0301,72.05,0.002203,10.28
100.479,-105.013,-690.771,-0.4315,-0.01073,3.892,3.202,2.639,0.0,0.69,0.0245,72.25,0.002265,16.32
100.531,-105.092,-691.853,-0.4388,-0.01348,5.224,3.822,5.487,0.0,1.402,0.0577,72.45,0.002206,18.23
100.584,-105.16,-692.818,-0.4507,-0.01099,4.329,4.006,12.385,0.0,0.323,-0.0391,72.63,0.002206,21.0
100.629,-105.23,-693.846,-0.4598,-0.01395,5.221,4.392,3.693,0.0,0.829,0.0345,72.81,0.001988,15.86
100.679,-105.298,-694.877,-0.4693,-0.01662,6.49,5.175,7.717,0.0,1.315,0.0689,73.0,0.001691,14.84
100.728,-105.358,-695.85,-0.484,-0.01342,5.349,5.394,15.652,0.0,-0.045,-0.0514,73.16,0.001691,14.17
100.78,-105.42,-696.885,-0.495,-0.01561,6.547,5.744,4.383,0.0,0.803,0.026,73.33,0.00131,15.54
100.827,-105.478,-697.924,-0.5055,-0.0173,7.352,6.365,7.008,0.0,0.987,0.0499,73.5,0.001264,11.5
100.883,-105.531,-698.965,-0.5215,-0.01308,5.826,6.335,12.409,0.0,-0.508,-0.0692,73.68,0.001264,17.14
100.926,-105.575,-699.886,-0.5303,-0.01401,6.654,6.34,-0.601,0.0,0.314,0.004,73.84,0.001224,10.04
100.979,-105.623,-700.994,-0.5398,-0.01447,6.839,6.594,0.116,0.0,0.245,0.0348,74.02,0.001252,12.44
101.032,-105.663,-702.043,-0.5527,-0.00968,5.076,6.246,5.069,0.0,-1.17,-0.0751,74.2,0.001252,15.82
101.084,-105.698,-703.095,-0.5596,-0.00937,5.278,5.909,-6.962,0.0,-0.631,-0.0105,74.37,0.000905,17.23
101.133,-105.729,-704.15,-0.564,-0.00906,5.617,5.803,-6.731,0.0,-0.186,0.0204,74.55,0.00086,15.15
101.182,-105.754,-705.207,-0.5712,-0.00441,3.872,5.217,-2.126,0.0,-1.345,-0.0707,74.71,0.00086,14.79
101.228,-105.774,-706.266,-0.5727,-0.00379,3.634,4.622,-11.721,0.0,-0.988,-0.0217,74.86,0.000732,9.84
101.283,-105.787,-707.203,-0.5716,-0.00285,3.452,4.168,-11.904,0.0,-0.717,-0.0009,75.01,0.000922,14.81
101.332,-105.798,-708.267,-0.5727,0.00152,1.771,3.352,-9.062,0.0,-1.581,-0.0666,75.16,0.000922,13.78
101.383,-105.804,-709.333,-0.5689,0.00155,1.632,2.702,-16.333,0.0,-1.07,-0.0051,75.32,0.000859,13.57
101.43,-105.807,-710.401,-0.5634,0.00168,1.592,2.394,-12.987,0.0,-0.801,0.0249,75.49,0.000776,9.57
101.486,-105.806,-711.472,-0.56,0.00479,0.36,1.838,-6.174,0.0,-1.478,-0.0453,75.65,0.000776,16.08
101.538,-105.801,-712.608,-0.5532,0.00416,0.799,1.546,-11.114,0.0,-0.747,0.0174,75.81,0.000706,17.03
101.588,-105.793,-713.683,-0.5459,0.00325,1.432,1.629,-5.841,0.0,-0.197,0.0421,75.97,0.00093,17.06
101.641,-105.784,-714.697,-0.5414,0.00561,0.485,1.419,1.652,0.0,-0.934,-0.0378,76.13,0.00093,19.87
101.682,-105.773,-715.713,-0.535,0.00457,1.286,1.327,-4.182,0.0,-0.041,0.009,76.26,0.001005,10.05
101.734,-105.759,-716.731,-0.5284,0.00378,1.571,1.407,-1.842,0.0,0.164,0.0208,76.41,0.000892,11.93
101.783,-105.743,-717.814,-0.5236,0.00542,0.9,1.266,1.596,0.0,-0.366,-0.028,76.56,0.000892,10.94
101.839,-105.725,-718.9,-0.5175,0.00478,1.125,1.205,-2.82,0.0,-0.079,0.0062,76.72,0.000915,15.56
101.884,-105.706,-719.988,-0.5113,0.00406,1.297,1.338,-1.231,0.0,-0.04,0.025,76.87,0.000887,11.11
101.933,-105.685,-721.078,-0.505,0.00335,1.929,1.593,2.664,0.0,0.336,0.0217,77.02,0.000942,8.95
101.985,-105.664,-722.105,-0.501,0.00474,1.365,1.581,5.107,0.0,-0.216,-0.0284,77.16,0.000942,10.71
102.038,-105.638,-723.328,-0.4944,0.00426,1.533,1.533,-0.233,0.0,0.001,-0.0056,77.3,0.001092,13.75
102.094,-105.614,-724.359,-0.4886,0.00432,1.611,1.504,-0.974,0.0,0.107,0.0011,77.45,0.000746,19.65
102.136,-105.588,-725.393,-0.4835,0.00562,1.071,1.319,-0.573,0.0,-0.248,-0.0228,77.59,0.000746,10.86
102.189,-105.56,-726.492,-0.4768,0.0055,0.819,1.153,-3.702,0.0,-0.334,-0.0038,77.72,0.001102,13.67
102.241,-105.532,-727.529,-0.4702,0.00546,0.847,1.072,-3.322,0.0,-0.225,0.0061,77.85,0.001034,15.69
102.287,-105.501,-728.633,-0.4637,0.00645,0.417,0.894,-1.621,0.0,-0.476,-0.0164,77.98,0.001034,11.35
102.336,-105.469,-729.738,-0.4565,0.00598,0.63,0.769,-3.565,0.0,-0.14,0.0013,78.1,0.000797,10.39
102.388,-105.436,-730.845,-0.4492,0.0057,0.751,0.693,-2.488,0.0,0.058,0.0023,78.23,0.000816,11.68
102.438,-105.404,-731.888,-0.4421,0.00548,0.488,0.618,-1.531,0.0,-0.13,-0.0024,78.35,0.0006,11.85
102.487,-105.369,-732.998,-0.4356,0.00636,0.101,0.436,-1.491,0.0,-0.335,-0.0176,78.47,0.0006,10.03
102.543,-105.33,-734.176,-0.4278,0.00597,0.083,0.324,-3.645,0.0,-0.241,0.0035,78.58,0.001369,15.55
102.593,-105.293,-735.289,-0.4204,0.00511,0.475,0.368,-2.227,0.0,0.107,0.0178,78.69,0.001046,15.74
102.644,-105.255,-736.404,-0.4134,0.00404,0.778,0.52,0.88,0.0,0.258,0.0166,78.8,0.00073,16.89
102.688,-105.217,-737.521,-0.4086,0.00456,0.541,0.547,3.034,0.0,-0.006,-0.0121,78.91,0.00073,9.93
102.743,-105.18,-738.573,-0.4034,0.00377,0.817,0.596,0.535,0.0,0.221,0.004,79.01,0.000982,14.94
102.794,-105.145,-739.561,-0.3985,0.00293,1.013,0.727,0.981,0.0,0.287,0.0131,79.12,0.000568,15.58
102.839,-105.1,-740.814,-0.3945,0.00351,0.759,0.75,2.614,0.0,0.01,-0.0105,79.23,0.000568,10.69
102.893,-105.059,-741.937,-0.3906,0.00276,0.809,0.803,0.463,0.0,0.007,0.005,79.36,0.000733,13.99
102.946,-105.02,-742.995,-0.387,0.00201,1.477,0.934,1.06,0.0,0.544,0.0127,79.48,0.000504,16.77
102.997,-104.977,-744.121,-0.3832,0.00105,1.35,1.135,2.617,0.0,0.215,0.0145,79.58,0.000908,17.19
103.046,-104.933,-745.249,-0.3816,0.00181,1.053,1.178,4.033,0.0,-0.125,-0.0151,79.71,0.000908,16.04
103.089,-104.889,-746.378,-0.3791,0.00159,1.19,1.239,0.859,0.0,-0.049,0.004,79.84,0.000877,8.96
103.147,-104.846,-747.443,-0.3764,0.00079,1.743,1.406,1.217,0.0,0.337,0.017,79.97,0.000508,16.3
103.194,-104.799,-748.576,-0.3738,0.0001,1.943,1.573,3.342,0.0,0.37,0.0059,80.1,0.001106,13.87
103.244,-104.751,-749.711,-0.373,0.0013,1.495,1.528,3.347,0.0,-0.033,-0.0239,80.25,0.001106,13.3
103.294,-104.704,-750.781,-0.3708,0.00134,1.724,1.39,-0.915,0.0,0.334,-0.0145,80.35,0.00081,13.15
103.345,-104.653,-751.919,-0.368,0.00127,0.769,1.276,-2.762,0.0,-0.507,-0.0014,80.48,0.00117,13.94
103.392,-104.604,-752.992,-0.3661,0.00233,0.361,1.086,-2.274,0.0,-0.725,-0.0146,80.61,0.00117,10.43
103.452,-104.55,-754.134,-0.3631,0.00255,0.65,0.98,-3.801,0.0,-0.33,0.0051,80.78,0.001005,20.2
103.498,-104.495,-755.278,-0.3592,0.00155,1.366,1.082,-2.12,0.0,0.285,0.0253,80.9,0.000782,15.38
103.55,-104.442,-756.356,-0.356,0.00108,1.192,1.256,2.033,0.0,-0.064,0.0137,81.03,0.001328,17.4
103.595,-104.384,-757.504,-0.3542,0.00216,0.783,1.23,3.482,0.0,-0.447,-0.0218,81.17,0.001328,11.72
103.65,-104.325,-758.653,-0.3513,0.00218,1.259,1.179,-0.514,0.0,0.081,-0.0045,81.29,0.001012,16.69
103.7,-104.268,-759.736,-0.348,0.00181,1.154,1.174,-1.028,0.0,-0.02,0.0047,81.42,0.000543,15.94
103.75,-104.206,-760.889,-0.3448,0.00201,1.337,1.139,-0.098,0.0,0.198,-0.0044,81.56,0.000915,15.57
103.796,-104.143,-762.043,-0.3419,0.00324,0.868,0.952,-0.699,0.0,-0.084,-0.0225,81.69,0.000915,11.45
103.849,-104.075,-763.268,-0.3376,0.00302,0.408,0.78,-3.742,0.0,-0.372,-0.0044,81.8,0.000554,13.58
103.9,-104.009,-764.426,-0.3334,0.00322,0.335,0.665,-3.441,0.0,-0.33,0.002,81.92,0.000805,14.34
103.95,-103.942,-765.586,-0.3283,0.00278,0.904,0.6,-2.289,0.0,0.303,0.0029,82.07,0.000666,14.76
103.997,-103.877,-766.679,-0.3247,0.00376,0.522,0.435,-1.298,0.0,0.086,-0.0162,82.2,0.000666,11.26
104.052,-103.808,-767.842,-0.3201,0.00323,-0.068,0.286,-3.301,0.0,-0.355,-0.0035,82.31,0.000715,16.48
104.101,-103.737,-769.007,-0.3158,0.00326,0.253,0.199,-2.976,0.0,0.053,0.0034,82.41,0.001113,15.27
104.155,-103.67,-770.105,-0.3109,0.00208,0.183,0.246,-1.74,0.0,-0.063,0.0157,82.51,0.001035,18.59
104.2,-103.598,-771.272,-0.3083,0.00242,0.04,0.252,0.937,0.0,-0.212,-0.0041,82.59,0.001035,13.76
104.252,-103.526,-772.441,-0.3054,0.00175,0.457,0.306,0.113,0.0,0.15,0.007,82.7,0.000867,15.89
104.305,-103.453,-773.611,-0.3028,0.00049,1.153,0.487,1.087,0.0,0.667,0.0195,82.81,0.00124,18.03
104.351,-103.383,-774.714,-0.3011,-0.00037,0.765,0.773,3.612,0.0,-0.008,0.0211,82.91,0.000682,13.59
104.399,-103.308,-775.887,-0.3013,0.00016,0.575,0.912,5.73,0.0,-0.337,-0.0106,83.01,0.000682,11.81
104.455,-103.232,-777.061,-0.301,-0.00025,1.102,1.112,2.773,0.0,-0.01,0.0135,83.12,0.001006,17.29
104.503,-103.16,-778.168,-0.3006,-0.00154,2.13,1.347,4.007,0.0,0.782,0.0118,83.21,0.001237,15.29
104.557,-103.083,-779.345,-0.3013,-0.00209,1.864,1.656,4.695,0.0,0.208,0.0185,83.31,0.00086,19.07
104.602,-103.004,-780.524,-0.3032,-0.00118,1.552,1.777,6.176,0.0,-0.224,-0.0155,83.42,0.00086,13.66
104.655,-102.928,-781.634,-0.3041,-0.00076,1.853,1.705,2.416,0.0,0.149,-0.0227,83.53,0.001241,15.97
104.705,-102.846,-782.816,-0.3045,-0.0012,1.694,1.71,-1.441,0.0,-0.016,0.0083,83.64,0.001608,15.57
104.753,-102.768,-783.929,-0.3049,-0.00089,1.753,1.666,0.11,0.0,0.087,-0.0067,83.75,0.001551,13.27
104.805,-102.683,-785.113,-0.3044,-0.00075,1.636,1.498,-0.88,0.0,0.138,-0.0189,83.86,0.001223,15.35
104.85,-102.597,-786.299,-0.3045,0.00069,1.128,1.201,-3.363,0.0,-0.073,-0.0238,83.96,0.001223,10.47
104.905,-102.504,-787.556,-0.3029,0.00118,0.451,0.952,-5.933,0.0,-0.502,-0.0037,84.07,0.001685,14.36
104.955,-102.413,-788.744,-0.3004,0.00153,0.402,0.8,-4.978,0.0,-0.398,0.0048,84.17,0.001474,14.55
105.005,-102.327,-789.864,-0.2969,0.00123,0.685,0.674,-3.043,0.0,0.011,-0.0017,84.27,0.001634,14.07
105.053,-102.233,-791.055,-0.2948,0.00228,0.299,0.457,-2.529,0.0,-0.158,-0.0171,84.37,0.001634,11.35
105.108,-102.144,-792.177,-0.2921,0.00167,0.026,0.464,-4.339,0.0,-0.438,0.0237,84.48,0.001543,16.1
105.157,-102.048,-793.371,-0.2893,0.0015,0.752,0.449,0.136,0.0,0.303,-0.0027,84.59,0.001761,15.21
105.209,-101.95,-794.566,-0.2864,0.0003,0.739,0.491,-0.287,0.0,0.248,0.0073,84.7,0.001459,17.11
105.257,-101.857,-795.692,-0.2856,0.00112,0.447,0.439,0.835,0.0,0.008,-0.0116,84.78,0.001459,14.34
105.307,-101.758,-796.89,-0.2843,0.00079,0.261,0.462,-1.039,0.0,-0.201,0.0086,84.88,0.001789,13.96
105.354,-101.664,-798.019,-0.2831,-6e-05,1.013,0.452,0.456,0.0,0.561,-0.0037,84.98,0.001712,10.32
105.407,-101.556,-799.289,-0.2824,-0.00122,0.93,0.474,-0.194,0.0,0.457,0.004,85.08,0.001742,13.5
105.455,-101.454,-800.491,-0.2828,-0.00189,0.708,0.602,0.427,0.0,0.106,0.0157,85.16,0.001907,11.52
105.505,-101.351,-801.694,-0.2847,-0.00118,0.475,0.633,2.574,0.0,-0.158,-0.0092,85.25,0.001907,10.64
105.559,-101.253,-802.827,-0.2862,-0.00243,0.984,0.818,0.615,0.0,0.167,0.0226,85.32,0.001985,14.76
105.608,-101.154,-803.961,-0.2885,-0.00412,1.984,1.061,3.694,0.0,0.923,0.0147,85.42,0.002247,13.59
105.659,-101.048,-805.167,-0.2921,-0.00556,1.93,1.434,4.872,0.0,0.496,0.0265,85.5,0.002356,13.52
105.707,-100.928,-806.516,-0.298,-0.0064,2.517,1.764,7.449,0.0,0.753,0.0071,85.57,0.002616,11.55
105.756,-100.825,-807.653,-0.3046,-0.00513,2.123,1.834,6.601,0.0,0.289,-0.0248,85.65,0.002616,10.09
105.811,-100.721,-808.791,-0.3103,-0.00652,2.439,2.015,1.4,0.0,0.424,0.0179,85.72,0.002582,14.15
105.857,-100.609,-810.001,-0.3174,-0.00743,2.909,2.269,3.619,0.0,0.641,0.0165,85.81,0.002843,10.2
105.911,-100.502,-811.14,-0.3239,-0.0082,2.943,2.594,5.076,0.0,0.348,0.0189,85.89,0.002918,13.97
105.96,-100.386,-812.352,-0.3313,-0.00877,3.56,2.814,6.512,0.0,0.746,-0.0034,85.95,0.003077,12.56
106.008,-100.26,-813.636,-0.3413,-0.00661,2.888,2.714,4.403,0.0,0.174,-0.0371,86.01,0.003077,10.26
106.061,-100.139,-814.849,-0.3486,-0.00715,2.71,2.683,-2.018,0.0,0.027,0.0063,86.09,0.003158,12.9
106.113,-100.022,-815.991,-0.3552,-0.00699,2.795,2.697,-0.606,0.0,0.099,0.005,86.15,0.003252,14.56
106.161,-99.895,-817.206,-0.3613,-0.00735,2.918,2.695,0.269,0.0,0.223,-0.0016,86.21,0.003411,12.23
106.213,-99.773,-818.349,-0.3686,-0.00491,2.13,2.432,-0.034,0.0,-0.302,-0.0366,86.28,0.003411,12.89
106.261,-99.64,-819.565,-0.3745,-0.00517,2.054,2.192,-5.266,0.0,-0.138,-0.0059,86.33,0.003465,10.88
106.309,-99.512,-820.709,-0.3794,-0.00542,2.075,2.014,-4.797,0.0,0.061,0.0003,86.39,0.003408,8.66
106.363,-99.356,-822.068,-0.3851,-0.00592,1.956,1.919,-3.562,0.0,0.037,0.0054,86.45,0.003522,11.97
106.412,-99.223,-823.214,-0.3894,-0.00671,2.118,1.881,-1.896,0.0,0.237,0.0046,86.5,0.003462,11.39
106.463,-99.078,-824.431,-0.3939,-0.00777,2.185,1.965,-0.759,0.0,0.22,0.0157,86.57,0.003541,11.52
106.512,-98.939,-825.578,-0.4018,-0.00576,1.552,1.836,1.677,0.0,-0.284,-0.0267,86.62,0.003541,10.07
106.563,-98.789,-826.796,-0.4082,-0.00706,2.077,1.756,-2.572,0.0,0.321,0.0023,86.69,0.003565,11.18
106.618,-98.636,-828.015,-0.4152,-0.00891,2.427,1.921,-1.605,0.0,0.506,0.0315,86.73,0.003616,15.4
106.669,-98.49,-829.162,-0.4227,-0.01069,2.987,2.234,3.306,0.0,0.753,0.0264,86.8,0.003537,16.77
106.722,-98.341,-830.311,-0.4341,-0.00867,2.374,2.247,6.256,0.0,0.127,-0.031,86.86,0.003537,19.24
106.782,-98.161,-831.675,-0.4471,-0.01082,2.993,2.395,0.257,0.0,0.598,0.0194,86.93,0.003402,28.36
106.822,-97.997,-832.896,-0.4603,-0.01304,3.735,2.794,2.966,0.0,0.94,0.0402,86.98,0.003577,18.44
106.865,-97.84,-834.045,-0.4737,-0.01534,4.484,3.326,7.985,0.0,1.158,0.0324,87.05,0.003281,11.65
106.915,-97.681,-835.196,-0.4883,-0.01763,5.158,3.95,10.633,0.0,1.208,0.0314,87.1,0.00357,11.03
106.97,-97.508,-836.418,-0.5051,-0.01973,5.911,4.644,12.479,0.0,1.266,0.0316,87.18,0.003538,15.47
107.021,-97.321,-837.713,-0.529,-0.01655,4.99,4.819,13.882,0.0,0.171,-0.0482,87.26,0.003538,15.73
107.074,-97.161,-838.792,-0.5463,-0.01833,5.774,5.02,3.505,0.0,0.754,0.0096,87.34,0.003435,18.57
107.121,-96.965,-840.088,-0.5684,-0.01999,6.339,5.465,4.009,0.0,0.874,0.0412,87.39,0.003314,14.92
107.17,-96.775,-841.312,-0.5895,-0.02125,6.975,5.968,8.906,0.0,1.007,0.0235,87.46,0.003402,13.85
107.219,-96.592,-842.465,-0.6087,-0.02222,7.326,6.424,10.049,0.0,0.902,0.0111,87.54,0.003385,12.71
107.271,-96.379,-843.761,-0.6347,-0.01725,5.818,6.229,9.124,0.0,-0.411,-0.0751,87.61,0.003385,13.62
107.319,-96.184,-844.913,-0.6538,-0.01727,5.921,5.998,-3.908,0.0,-0.077,-0.0117,87.67,0.003391,11.53
107.377,-95.97,-846.138,-0.6729,-0.01736,6.006,6.011,-4.604,0.0,-0.004,0.0258,87.74,0.003304,19.77
107.421,-95.763,-847.29,-0.6891,-0.01753,6.263,6.159,0.247,0.0,0.103,0.0195,87.82,0.003401,13.2
107.475,-95.536,-848.513,-0.7049,-0.0174,6.484,6.239,2.976,0.0,0.246,-0.0045,87.89,0.003319,16.39
107.527,-95.301,-849.736,-0.7232,-0.01153,4.625,5.66,1.587,0.0,-1.035,-0.0891,87.95,0.003319,18.73
107.571,-95.074,-850.887,-0.7359,-0.01112,4.349,5.171,-11.577,0.0,-0.822,-0.0077,88.03,0.003298,12.79
107.621,-94.826,-852.11,-0.7475,-0.01084,4.692,4.87,-9.782,0.0,-0.179,0.0093,88.09,0.003433,11.98
107.671,-94.586,-853.26,-0.7563,-0.01073,4.351,4.724,-6.01,0.0,-0.372,0.011,88.15,0.003278,12.41
107.723,-94.292,-854.625,-0.7662,-0.01026,4.291,4.638,-2.931,0.0,-0.347,0.0034,88.22,0.003466,13.16
107.769,-94.039,-855.774,-0.7717,-0.01026,4.448,4.606,-1.715,0.0,-0.157,0.0044,88.28,0.00339,9.58
107.824,-93.763,-856.994,-0.7815,-0.00549,2.905,4.089,-0.651,0.0,-1.184,-0.0688,88.36,0.00339,14.15
107.872,-93.498,-858.143,-0.7865,-0.0057,3.155,3.64,-10.338,0.0,-0.485,-0.0085,88.41,0.003574,11.7
107.923,-93.21,-859.362,-0.7909,-0.00621,3.236,3.484,-8.976,0.0,-0.248,0.0253,88.49,0.003431,12.23
107.973,-92.899,-860.653,-0.7954,-0.00666,3.433,3.492,-3.109,0.0,-0.059,0.0173,88.55,0.003463,11.86
108.027,-92.617,-861.8,-0.7982,-0.00775,3.798,3.629,0.146,0.0,0.169,0.0184,88.61,0.003647,16.25
108.072,-92.312,-863.018,-0.8013,-0.00868,4.231,3.813,2.752,0.0,0.417,0.0113,88.69,0.003651,10.38
108.124,-92.002,-864.236,-0.8095,-0.00449,2.881,3.494,3.679,0.0,-0.613,-0.0639,88.74,0.003651,13.08
108.171,-91.706,-865.382,-0.8133,-0.00564,3.16,3.318,-6.393,0.0,-0.157,0.0089,88.81,0.003796,9.53
108.226,-91.405,-866.528,-0.8173,-0.007,3.733,3.447,-3.519,0.0,0.285,0.0365,88.87,0.003771,13.85
108.273,-91.061,-867.816,-0.8225,-0.0083,4.22,3.703,2.588,0.0,0.518,0.0221,88.93,0.003876,10.74
108.324,-90.751,-868.961,-0.8268,-0.00949,4.469,4.02,5.114,0.0,0.449,0.0175,89.01,0.003735,12.15
108.377,-90.416,-870.177,-0.8364,-0.00553,3.21,3.823,6.348,0.0,-0.613,-0.0608,89.06,0.003735,14.46
108.428,-90.097,-871.321,-0.8424,-0.00684,3.871,3.671,-3.941,0.0,0.201,-0.0006,89.12,0.003574,15.4
108.474,-89.732,-872.608,-0.8496,-0.0082,4.128,3.819,-3.049,0.0,0.309,0.0367,89.19,0.003855,10.84
108.528,-89.404,-873.751,-0.8562,-0.00924,4.603,4.061,2.972,0.0,0.542,0.0182,89.25,0.003672,14.71
108.574,-89.071,-874.894,-0.8624,-0.01058,4.854,4.392,4.834,0.0,0.462,0.0209,89.32,0.003581,10.05
108.628,-88.67,-876.251,-0.8715,-0.01162,5.43,4.723,6.626,0.0,0.707,0.0115,89.37,0.003384,13.62
108.678,-88.327,-877.392,-0.8829,-0.00777,4.216,4.544,6.621,0.0,-0.327,-0.0597,89.45,0.003384,13.62
108.731,-87.979,-878.534,-0.8911,-0.00896,4.618,4.4,-3.592,0.0,0.218,-0.0013,89.51,0.002915,15.77
108.781,-87.627,-879.674,-0.8992,-0.00993,4.757,4.479,-2.875,0.0,0.278,0.0261,89.57,0.002844,15.28
108.828,-87.225,-880.957,-0.9088,-0.01078,5.089,4.638,1.581,0.0,0.451,0.014,89.63,0.002843,12.53
108.88,-86.862,-882.096,-0.9163,-0.0121,5.388,4.894,3.191,0.0,0.494,0.019,89.68,0.002874,14.09
108.927,-86.448,-883.376,-0.9256,-0.01307,5.792,5.186,5.119,0.0,0.607,0.0139,89.74,0.00274,10.67
108.982,-86.074,-884.513,-0.9384,-0.00838,4.315,4.9,5.826,0.0,-0.585,-0.0704,89.81,0.00274,15.58
109.033,-85.695,-885.649,-0.947,-0.00947,4.594,4.754,-5.708,0.0,-0.16,0.0095,89.88,0.002737,16.58
109.082,-85.263,-886.927,-0.957,-0.01075,5.25,4.936,-2.92,0.0,0.314,0.0406,89.94,0.002647,15.02
109.134,-84.873,-888.061,-0.9652,-0.01186,5.857,5.172,3.627,0.0,0.684,0.0141,90.0,0.00275,16.59
109.178,-84.477,-889.194,-0.9734,-0.0127,5.83,5.469,4.737,0.0,0.361,0.0166,90.06,0.002538,10.79
109.231,-84.026,-890.468,-0.9876,-0.00779,4.295,5.18,5.933,0.0,-0.885,-0.0714,90.14,0.002538,13.7
109.284,-83.593,-891.67,-0.9972,-0.00854,4.824,5.014,-5.781,0.0,-0.189,0.007,90.2,0.002316,16.51
109.328,-83.18,-892.8,-1.0056,-0.00945,5.283,5.226,-3.329,0.0,0.057,0.0471,90.26,0.002241,10.14
109.378,-82.736,-893.999,-1.0144,-0.01001,5.759,5.649,4.243,0.0,0.11,0.0369,90.33,0.002366,9.19
109.436,-82.258,-895.268,-1.0233,-0.01016,6.434,5.975,8.464,0.0,0.458,0.0013,90.4,0.00261,16.21
109.485,-81.854,-896.323,-1.0288,-0.00984,6.443,6.123,6.53,0.0,0.32,-0.0136,90.46,0.002661,14.28
109.531,-81.362,-897.588,-1.0355,-0.00864,6.084,6.087,2.945,0.0,-0.003,-0.0204,90.53,0.002811,10.4
109.584,-80.89,-898.781,-1.0432,-0.00338,4.4,5.506,-0.707,0.0,-1.106,-0.0774,90.59,0.002811,13.35
109.635,-80.439,-899.903,-1.0449,-0.00214,3.958,4.929,-11.624,0.0,-0.971,-0.0197,90.65,0.002837,13.82
109.685,-79.925,-901.162,-1.0445,-0.00112,3.775,4.503,-11.546,0.0,-0.728,0.001,90.73,0.003218,13.58
109.732,-79.491,-902.21,-1.0416,-0.00039,3.513,4.182,-8.51,0.0,-0.669,-0.0003,90.8,0.002914,10.1
109.787,-78.964,-903.467,-1.0372,0.00025,3.376,3.892,-6.423,0.0,-0.516,-0.0069,90.88,0.002921,14.9
109.834,-78.459,-904.652,-1.0307,0.00102,2.948,3.68,-5.809,0.0,-0.733,0.0009,90.94,0.0029,11.99
109.886,-77.979,-905.766,-1.0265,0.0057,1.381,3.046,-4.227,0.0,-1.665,-0.0665,91.02,0.0029,13.78
109.938,-77.462,-906.948,-1.0175,0.00626,1.396,2.506,-12.693,0.0,-1.11,-0.009,91.09,0.00317,15.74
109.989,-76.971,-908.059,-1.0077,0.006,1.685,2.224,-10.805,0.0,-0.539,0.0172,91.16,0.002954,16.01
110.04,-76.414,-909.308,-0.9962,0.00604,1.685,1.99,-5.634,0.0,-0.305,-0.0032,91.23,0.003047,16.55
110.101,-75.913,-910.417,-0.9852,0.00603,1.452,1.702,-4.679,0.0,-0.25,-0.0157,91.31,0.003074,27.04
110.135,-75.377,-911.595,-0.9731,0.00588,1.112,1.444,-5.761,0.0,-0.332,-0.0059,91.4,0.003046,10.78
110.186,-74.838,-912.773,-0.9637,0.00872,0.123,0.964,-5.159,0.0,-0.842,-0.04,91.47,0.003046,12.05
110.237,-74.326,-913.88,-0.9528,0.00759,0.347,0.618,-9.593,0.0,-0.271,0.0019,91.55,0.003067,12.13
110.292,-73.779,-915.057,-0.9419,0.00591,0.63,0.562,-6.928,0.0,0.068,0.0284,91.64,0.003094,16.44
110.339,-73.229,-916.234,-0.9326,0.00388,1.192,0.682,-1.122,0.0,0.51,0.0226,91.72,0.003128,13.31
110.387,-72.709,-917.341,-0.9253,0.00135,1.49,1.094,2.401,0.0,0.396,0.045,91.79,0.002666,11.76
110.439,-72.122,-918.587,-0.9203,-0.00136,2.706,1.673,8.25,0.0,1.034,0.0376,91.86,0.003217,13.17
110.488,-71.598,-919.694,-0.9209,0.00034,2.147,1.88,11.569,0.0,0.267,-0.0316,91.94,0.003217,12.26
110.544,-71.071,-920.802,-0.9216,-0.00274,3.133,2.224,4.146,0.0,0.909,0.0263,92.01,0.003167,17.49
110.59,-70.509,-921.978,-0.9252,-0.00525,3.986,2.745,6.882,0.0,1.242,0.0366,92.08,0.002942,13.04
110.645,-69.911,-923.224,-0.9318,-0.00765,4.464,3.415,10.409,0.0,1.049,0.0391,92.15,0.00313,17.35
110.692,-69.377,-924.331,-0.9393,-0.00998,5.521,4.114,13.408,0.0,1.407,0.0274,92.23,0.003142,14.56
110.743,-68.806,-925.507,-0.9488,-0.01228,6.198,4.824,13.983,0.0,1.374,0.0259,92.31,0.003277,14.27
110.795,-68.231,-926.682,-0.9605,-0.01382,6.723,5.479,14.193,0.0,1.244,0.0172,92.38,0.003615,16.02
110.843,-67.618,-927.926,-0.974,-0.01501,7.217,6.055,13.114,0.0,1.163,0.0116,92.46,0.003632,14.06
110.895,-67.069,-929.03,-0.9902,-0.01116,6.065,6.062,11.503,0.0,0.003,-0.0591,92.53,0.003632,14.34
110.944,-66.481,-930.202,-1.0037,-0.01143,6.203,6.012,0.157,0.0,0.192,-0.0079,92.6,0.003902,13.32
110.99,-65.887,-931.372,-1.0164,-0.01176,6.347,6.197,-1.014,0.0,0.15,0.0312,92.66,0.003877,9.46
111.042,-65.286,-932.54,-1.0281,-0.01152,6.288,6.295,3.702,0.0,-0.007,-0.0057,92.73,0.004043,10.56
111.093,-64.716,-933.637,-1.0376,-0.01092,6.716,6.215,1.965,0.0,0.501,-0.0215,92.8,0.003876,12.1
111.146,-64.103,-934.801,-1.0461,-0.01022,5.855,6.14,-1.603,0.0,-0.285,-0.002,92.86,0.003732,14.34
111.197,-63.483,-935.962,-1.0531,-0.00898,5.554,5.984,-1.495,0.0,-0.43,-0.014,92.93,0.003579,15.2
111.246,-62.894,-937.052,-1.0608,-0.00334,3.78,5.288,-3.132,0.0,-1.508,-0.0807,93.0,0.003579,13.66
111.296,-62.261,-938.208,-1.0631,-0.00249,3.79,4.6,-13.906,0.0,-0.81,-0.0233,93.07,0.003229,13.85
111.345,-61.621,-939.362,-1.0636,-0.00182,3.338,4.094,-13.763,0.0,-0.756,0.0014,93.13,0.002521,12.75
111.396,-60.974,-940.512,-1.0624,-0.00123,3.12,3.621,-10.123,0.0,-0.501,-0.013,93.2,0.002359,13.26
111.444,-60.321,-941.66,-1.0593,-0.00085,2.801,3.176,-9.458,0.0,-0.375,-0.0126,93.28,0.002406,11.29
111.498,-59.7,-942.739,-1.055,-0.00076,2.316,2.781,-8.894,0.0,-0.465,-0.0087,93.36,0.002225,14.74
111.543,-59.035,-943.883,-1.0496,-0.0011,2.363,2.503,-7.91,0.0,-0.14,0.0027,93.43,0.001984,9.77
111.595,-58.365,-945.024,-1.0484,0.00302,1.031,1.905,-5.547,0.0,-0.874,-0.0545,93.49,0.001984,11.3
111.649,-57.689,-946.164,-1.0439,0.00166,1.096,1.506,-11.964,0.0,-0.411,0.007,93.57,0.001967,15.25
111.699,-57.088,-947.168,-1.0406,-0.0002,1.691,1.518,-7.976,0.0,0.173,0.0434,93.64,0.002458,14.84
111.748,-56.403,-948.305,-1.0382,-0.00301,2.359,1.918,0.238,0.0,0.441,0.0545,93.72,0.001841,13.3
111.8,-55.674,-949.507,-1.0387,-0.00617,3.567,2.606,7.992,0.0,0.962,0.0542,93.79,0.0024,15.53
111.856,-54.98,-950.641,-1.0415,-0.00951,4.817,3.56,13.752,0.0,1.258,0.0612,93.86,0.002277,20.9
111.9,-54.324,-951.708,-1.0515,-0.00646,3.896,3.925,19.08,0.0,-0.029,-0.0489,93.93,0.002277,14.14
111.952,-53.623,-952.839,-1.0609,-0.00937,5.059,4.551,7.308,0.0,0.508,0.0492,94.02,0.002237,16.37
112.005,-52.96,-953.903,-1.0717,-0.01207,6.424,5.545,12.524,0.0,0.879,0.0732,93.97,0.002663,18.54
112.05,-52.21,-955.096,-1.0861,-0.01405,8.028,6.512,19.883,0.0,1.515,0.0309,93.91,0.00284,13.54
112.103,-51.498,-956.219,-1.1007,-0.01497,8.62,7.285,19.338,0.0,1.335,0.0067,93.86,0.002923,15.91
112.152,-50.781,-957.338,-1.1154,-0.01423,8.426,7.815,15.459,0.0,0.611,-0.007,93.79,0.003269,15.11
112.2,-50.144,-958.323,-1.1294,-0.00932,6.897,7.654,10.597,0.0,-0.757,-0.078,94.12,0.003269,12.17
112.255,-49.414,-959.44,-1.1404,-0.00732,6.55,7.267,-3.221,0.0,-0.717,-0.0371,94.16,0.003108,16.8
112.3,-48.678,-960.552,-1.1478,-0.00565,6.363,6.794,-7.735,0.0,-0.431,-0.0256,94.15,0.003317,11.06
112.353,-47.935,-961.66,-1.1514,-0.00303,5.573,6.306,-9.468,0.0,-0.733,-0.0186,94.17,0.003524,13.49
112.405,-47.141,-962.828,-1.1509,-0.00011,4.031,5.629,-9.761,0.0,-1.598,-0.0434,94.19,0.003475,15.12
112.455,-46.428,-963.863,-1.1457,0.0026,3.9,4.812,-13.54,0.0,-0.912,-0.0431,94.2,0.003521,14.83
112.502,-45.71,-964.893,-1.1387,0.00848,1.987,3.639,-16.33,0.0,-1.652,-0.0783,94.22,0.003521,11.51
112.554,-44.895,-966.048,-1.1251,0.01021,0.66,2.6,-23.464,0.0,-1.94,-0.0223,94.25,0.004049,13.45
112.606,-44.119,-967.135,-1.1088,0.01249,-0.012,1.598,-20.79,0.0,-1.611,-0.0309,94.28,0.003684,14.79
112.655,-43.43,-968.091,-1.0913,0.01351,-0.395,0.67,-20.021,0.0,-1.065,-0.0248,94.3,0.003952,13.41
112.702,-42.644,-969.172,-1.07,0.0142,-1.273,-0.113,-18.568,0.0,-1.159,-0.0122,94.33,0.003974,9.98
112.756,-41.853,-970.249,-1.0474,0.01406,-1.591,-0.75,-15.67,0.0,-0.841,-0.0069,94.36,0.003814,13.75
112.807,-41.012,-971.388,-1.0228,0.01288,-1.469,-1.105,-12.739,0.0,-0.365,0.0172,94.4,0.003096,14.34
112.856,-40.214,-972.462,-1.0038,0.01509,-2.29,-1.567,-7.086,0.0,-0.722,-0.0275,94.44,0.003096,12.66
112.906,-39.508,-973.408,-0.9866,0.01229,-1.936,-1.73,-9.257,0.0,-0.207,0.0258,94.47,0.003429,13.31
112.957,-38.707,-974.48,-0.9699,0.00871,-0.709,-1.503,-3.245,0.0,0.794,0.0486,94.53,0.003039,13.74
113.011,-37.951,-975.489,-0.9576,0.00408,0.42,-0.877,4.533,0.0,1.297,0.0636,94.57,0.003581,17.38
113.059,-37.1,-976.624,-0.9499,-0.00044,1.544,0.003,12.513,0.0,1.541,0.0575,94.61,0.003742,15.44
113.111,-36.296,-977.697,-0.9477,-0.00535,3.143,0.959,17.616,0.0,2.184,0.0412,94.63,0.003522,17.16
113.161,-35.491,-978.77,-0.9507,-0.01037,4.685,2.111,19.115,0.0,2.574,0.0608,94.69,0.003197,16.53
113.208,-34.685,-979.843,-0.9643,-0.00974,4.565,2.884,23.041,0.0,1.681,-0.0128,94.71,0.003197,13.28
113.261,-33.878,-980.915,-0.9787,-0.01405,5.353,3.729,15.452,0.0,1.625,0.037,94.75,0.003216,15.97
113.309,-33.165,-981.861,-0.9946,-0.01805,7.161,4.769,16.895,0.0,2.392,0.0568,94.78,0.003382,13.74
113.363,-32.354,-982.931,-1.0165,-0.02245,8.345,6.061,20.808,0.0,2.284,0.0715,94.82,0.003379,17.61
113.412,-31.541,-984.001,-1.0427,-0.02565,9.477,7.541,25.848,0.0,1.936,0.0712,94.87,0.003503,16.02
113.46,-30.724,-985.068,-1.0712,-0.02834,10.687,8.895,29.59,0.0,1.793,0.0341,94.9,0.002802,13.81
113.51,-29.903,-986.133,-1.1065,-0.02369,9.432,9.353,27.081,0.0,0.079,-0.0778,94.93,0.002802,13.2
113.567,-29.076,-987.194,-1.138,-0.02447,10.75,9.66,9.164,0.0,1.09,-0.0052,94.95,0.003063,19.57
113.607,-28.292,-988.188,-1.1669,-0.02465,10.564,9.932,6.13,0.0,0.632,0.0059,94.98,0.002712,9.98
113.658,-27.453,-989.24,-1.1959,-0.02263,10.58,9.874,5.447,0.0,0.706,-0.0367,95.0,0.003302,10.35
113.714,-26.605,-990.285,-1.2206,-0.02072,9.453,9.678,-1.167,0.0,-0.225,-0.0212,95.01,0.003478,16.15
113.772,-25.75,-991.325,-1.2417,-0.01777,8.45,9.413,-3.91,0.0,-0.963,-0.0165,95.03,0.00324,23.1
113.812,-24.836,-992.419,-1.2585,-0.01548,8.096,9.064,-5.298,0.0,-0.968,-0.021,95.05,0.003493,12.5
113.863,-24.015,-993.385,-1.273,-0.00785,5.778,8.072,-6.984,0.0,-2.294,-0.1019,95.07,0.003493,13.67
113.921,-23.135,-994.404,-1.2808,-0.00544,5.467,6.989,-19.836,0.0,-1.521,-0.0474,95.08,0.002875,20.97
113.964,-22.299,-995.357,-1.2839,-0.00275,4.611,6.03,-21.673,0.0,-1.419,-0.0204,95.1,0.002677,13.61
114.016,-21.403,-996.363,-1.2828,0.00038,3.412,5.1,-19.176,0.0,-1.688,-0.0295,95.11,0.003356,16.06
114.064,-20.498,-997.362,-1.2765,0.00323,2.477,4.32,-18.601,0.0,-1.843,-0.0114,95.13,0.003556,13.17
114.116,-19.586,-998.354,-1.2655,0.00502,1.691,3.66,-15.587,0.0,-1.968,-0.0106,95.14,0.003728,15.34
114.167,-18.72,-999.282,-1.2513,0.00695,1.863,3.028,-13.214,0.0,-1.165,-0.019,95.17,0.00399,15.96
114.214,-17.794,-1000.262,-1.2377,0.01339,-0.248,1.91,-12.638,0.0,-2.158,-0.0899,95.2,0.00399,13.23
114.267,-16.861,-1001.237,-1.2189,0.01373,-0.795,0.85,-22.359,0.0,-1.645,-0.0309,95.24,0.003767,15.45
114.312,-15.923,-1002.207,-1.1986,0.01409,-0.601,0.013,-21.194,0.0,-0.614,-0.006,95.28,0.003054,10.46
114.366,-14.98,-1003.173,-1.1771,0.01356,-1.297,-0.472,-16.75,0.0,-0.825,0.02,95.33,0.003284,14.2
114.417,-14.145,-1004.023,-1.158,0.0129,-1.424,-0.727,-9.694,0.0,-0.697,0.0152,95.37,0.003545,14.66
114.466,-13.195,-1004.984,-1.1369,0.01066,-0.557,-0.57,-5.089,0.0,0.013,0.0485,95.41,0.003088,13.53
114.519,-12.241,-1005.942,-1.1179,0.00734,0.057,0.007,3.135,0.0,0.05,0.0641,95.46,0.003662,15.77
114.568,-11.286,-1006.9,-1.1067,0.00909,-0.566,0.227,11.532,0.0,-0.793,-0.0296,95.51,0.003662,14.45
114.619,-10.328,-1007.856,-1.096,0.00559,1.229,0.415,4.407,0.0,0.814,0.0031,95.55,0.003291,14.76
114.671,-9.369,-1008.811,-1.0895,0.00158,2.69,0.819,3.755,0.0,1.871,0.0367,95.6,0.003447,16.67
114.722,-8.408,-1009.766,-1.0874,-0.00176,2.879,1.388,8.075,0.0,1.491,0.0373,95.65,0.003573,17.11
114.771,-7.502,-1010.664,-1.0889,-0.00482,3.594,2.007,11.396,0.0,1.587,0.0267,95.69,0.003077,16.43
114.822,-6.538,-1011.618,-1.0933,-0.00892,4.687,2.887,12.368,0.0,1.8,0.0582,95.73,0.002844,16.37
114.87,-5.573,-1012.571,-1.102,-0.01305,5.702,4.168,17.608,0.0,1.534,0.0866,95.78,0.00272,15.0
114.92,-4.605,-1013.523,-1.1148,-0.01694,7.261,5.522,25.614,0.0,1.74,0.0549,95.82,0.003416,14.58
114.969,-3.635,-1014.473,-1.1362,-0.01446,6.607,6.188,27.079,0.0,0.42,-0.0488,95.87,0.003416,13.17
115.026,-2.662,-1015.42,-1.1567,-0.01714,8.443,6.709,13.316,0.0,1.734,0.0031,95.91,0.003149,19.62
115.074,-1.685,-1016.365,-1.1795,-0.019,8.87,7.422,10.429,0.0,1.448,0.0449,95.94,0.002983,17.24
115.122,-0.819,-1017.195,-1.2002,-0.01927,8.744,7.95,14.252,0.0,0.794,-0.0008,95.98,0.003123,14.71
115.174,0.167,-1018.132,-1.223,-0.01911,9.389,8.269,10.573,0.0,1.121,-0.0109,96.02,0.003164,15.98
115.225,1.157,-1019.064,-1.2445,-0.01889,8.731,8.481,6.373,0.0,0.25,-0.0037,96.05,0.003145,16.73
115.273,2.154,-1019.991,-1.2646,-0.01771,8.935,8.521,4.249,0.0,0.414,-0.0168,96.08,0.003259,14.54
115.323,3.157,-1020.911,-1.281,-0.01679,8.547,8.59,0.784,0.0,-0.042,0.0055,96.1,0.003271,13.87
115.372,4.167,-1021.825,-1.2994,-0.00979,6.467,7.996,1.381,0.0,-1.529,-0.0901,96.14,0.003271,13.03
115.424,5.183,-1022.732,-1.3109,-0.00778,5.747,7.393,-11.865,0.0,-1.646,-0.0221,96.17,0.00282,13.79
115.471,6.206,-1023.632,-1.3188,-0.00635,5.955,6.981,-12.064,0.0,-1.025,0.0056,96.19,0.002455,10.63
115.525,7.236,-1024.525,-1.3231,-0.00464,5.732,6.424,-8.252,0.0,-0.693,-0.0344,96.22,0.002814,14.19
115.572,8.272,-1025.41,-1.324,-0.00202,5.072,5.716,-11.122,0.0,-0.643,-0.0407,96.24,0.003206,10.98
115.625,9.316,-1026.289,-1.3206,0.00077,3.315,5.011,-14.176,0.0,-1.696,-0.0242,96.27,0.002749,13.78
115.676,10.365,-1027.16,-1.3126,0.00351,2.74,4.251,-14.097,0.0,-1.51,-0.0323,96.3,0.002749,14.13
115.727,11.297,-1027.922,-1.3004,0.00439,2.598,3.575,-15.205,0.0,-0.978,-0.0146,96.33,0.002468,15.07
115.777,12.358,-1028.781,-1.2903,0.01078,0.543,2.483,-13.501,0.0,-1.94,-0.0819,96.36,0.002468,14.24
115.829,13.425,-1029.633,-1.2737,0.0116,0.015,1.511,-21.858,0.0,-1.496,-0.0212,96.39,0.002283,16.25
115.878,14.496,-1030.479,-1.2553,0.01205,-0.29,0.829,-19.432,0.0,-1.119,0.0065,96.43,0.001951,15.05
115.927,15.573,-1031.321,-1.2358,0.01183,-0.317,0.403,-13.64,0.0,-0.72,0.012,96.47,0.002071,13.33
115.978,16.653,-1032.159,-1.2159,0.01061,-0.199,0.346,-8.512,0.0,-0.546,0.0366,96.51,0.002291,13.82
116.031,17.737,-1032.992,-1.1967,0.00904,0.158,0.604,-1.139,0.0,-0.446,0.042,96.55,0.002178,16.88
116.075,18.76,-1033.774,-1.1794,0.00679,1.311,0.921,5.158,0.0,0.39,0.0173,96.6,0.001801,9.73
116.131,19.85,-1034.603,-1.1684,0.00942,0.423,0.82,6.341,0.0,-0.397,-0.0474,96.64,0.001801,15.64
116.186,20.942,-1035.429,-1.1566,0.0065,1.71,0.783,-2.032,0.0,0.927,0.0055,96.69,0.002052,20.08
116.231,21.971,-1036.205,-1.1482,0.00399,1.993,1.123,-0.744,0.0,0.87,0.0514,96.73,0.003064,14.79
116.281,23.067,-1037.028,-1.1421,0.00198,2.09,1.709,6.804,0.0,0.381,0.0462,96.78,0.002552,14.89
116.333,24.23,-1037.898,-1.1383,-0.00042,3.376,2.413,11.721,0.0,0.963,0.0369,96.8,0.002503,16.56
116.382,25.2,-1038.621,-1.1367,-0.00336,4.271,3.28,14.082,0.0,0.991,0.0473,96.86,0.002612,15.57
116.433,26.302,-1039.439,-1.1387,-0.00582,5.386,4.182,17.337,0.0,1.204,0.0352,96.91,0.002476,15.78
116.483,27.471,-1040.303,-1.1436,-0.00744,6.142,4.943,18.042,0.0,1.199,0.0118,96.95,0.002832,15.59
116.536,28.578,-1041.117,-1.1495,-0.00828,6.845,5.495,15.216,0.0,1.35,-0.0025,96.97,0.002796,18.08
116.581,29.623,-1041.88,-1.1582,-0.00504,5.886,5.534,11.051,0.0,0.352,-0.0524,97.01,0.002796,12.55
116.636,30.735,-1042.687,-1.1649,-0.00515,5.803,5.553,0.777,0.0,0.249,-0.0014,97.06,0.002261,17.45
116.681,31.786,-1043.443,-1.1701,-0.00418,5.255,5.579,0.386,0.0,-0.324,0.0016,97.11,0.002562,12.56
116.736,32.906,-1044.242,-1.1738,-0.00297,5.039,5.35,0.516,0.0,-0.31,-0.0348,97.14,0.002238,16.74
116.783,34.03,-1045.037,-1.1752,-0.00171,5.121,4.897,-4.591,0.0,0.224,-0.0392,97.18,0.00198,13.75
116.836,35.158,-1045.826,-1.1743,-0.00019,4.33,4.385,-9.06,0.0,-0.055,-0.024,97.21,0.00229,16.02
116.886,36.29,-1046.611,-1.171,0.00161,2.497,3.931,-10.232,0.0,-1.434,-0.0099,97.25,0.002415,15.9
116.934,37.36,-1047.344,-1.1646,0.00336,2.549,3.464,-9.087,0.0,-0.915,-0.0175,97.28,0.002213,13.88
116.986,38.433,-1048.073,-1.1545,0.00338,2.541,3.066,-9.329,0.0,-0.526,-0.0067,97.32,0.002414,14.78
117.04,39.644,-1048.887,-1.1439,0.00414,2.106,2.68,-7.955,0.0,-0.574,-0.0124,97.34,0.002483,19.05
117.086,40.792,-1049.651,-1.1351,0.00855,0.688,1.954,-7.737,0.0,-1.266,-0.0608,97.38,0.002483,14.72
117.135,41.877,-1050.367,-1.1234,0.00854,0.79,1.396,-14.512,0.0,-0.606,-0.002,97.42,0.002221,12.84
117.185,42.964,-1051.078,-1.1113,0.00818,0.386,1.161,-11.166,0.0,-0.775,0.0257,97.46,0.002618,13.33
117.235,44.19,-1051.875,-1.0979,0.00774,0.488,1.135,-4.699,0.0,-0.647,0.0211,97.5,0.002379,13.2
117.284,45.351,-1052.623,-1.0855,0.00628,1.524,1.287,-0.506,0.0,0.237,0.0238,97.54,0.002449,11.29
117.335,46.514,-1053.369,-1.0747,0.0046,1.601,1.585,3.031,0.0,0.016,0.0258,97.59,0.002755,11.95
117.391,47.611,-1054.069,-1.0662,0.00368,2.234,1.836,5.964,0.0,0.398,0.0037,97.62,0.002704,17.88
117.44,48.779,-1054.81,-1.0579,0.00215,2.976,2.08,5.009,0.0,0.896,0.0079,97.65,0.002459,16.24
117.485,49.95,-1055.549,-1.0515,0.00099,2.907,2.338,4.891,0.0,0.569,0.0104,97.7,0.002314,11.5
117.538,51.122,-1056.285,-1.0464,0.00019,2.964,2.571,5.155,0.0,0.393,0.0056,97.74,0.002463,13.73
117.588,52.297,-1057.018,-1.0443,0.00251,2.236,2.487,4.669,0.0,-0.252,-0.0362,97.78,0.002463,13.64
117.642,53.335,-1057.664,-1.0411,0.00152,2.768,2.456,-1.682,0.0,0.312,0.0044,97.82,0.002623,17.0
117.691,54.513,-1058.393,-1.0386,0.00036,2.859,2.581,-0.629,0.0,0.277,0.0208,97.85,0.002435,16.14
117.736,55.694,-1059.119,-1.0374,-0.00084,3.13,2.817,2.509,0.0,0.312,0.0198,97.89,0.002737,10.82
117.792,56.878,-1059.843,-1.0368,-0.0021,3.835,3.074,4.725,0.0,0.761,0.0111,97.94,0.002587,16.31
117.845,58.063,-1060.564,-1.0374,-0.00315,3.661,3.31,5.131,0.0,0.351,0.0061,97.99,0.002537,19.0
117.902,59.252,-1061.282,-1.0391,-0.00358,4.097,3.458,4.727,0.0,0.639,-0.0041,98.04,0.002787,25.38
117.945,60.443,-1061.997,-1.0406,-0.00467,4.346,3.654,2.956,0.0,0.692,0.0119,98.1,0.003033,18.25
118.0,61.285,-1062.5,-1.0441,-0.00246,3.682,3.595,3.916,0.0,0.087,-0.0287,98.13,0.003033,21.71
118.046,62.833,-1063.418,-1.0458,-0.00537,4.265,3.886,-1.175,0.0,0.378,0.0468,98.18,0.00275,17.19
118.096,64.033,-1064.123,-1.0478,-0.00639,4.885,4.269,5.819,0.0,0.616,0.023,98.23,0.002891,16.98
118.145,65.235,-1064.823,-1.0539,-0.00263,3.761,4.137,7.656,0.0,-0.375,-0.0586,98.28,0.002891,15.52
118.195,66.299,-1065.438,-1.0562,-0.00285,4.017,3.928,-2.646,0.0,0.089,-0.0152,98.33,0.002989,14.69
118.245,67.508,-1066.131,-1.0588,-0.00249,3.731,3.781,-4.166,0.0,-0.049,0.0012,98.38,0.00289,14.79
118.294,68.864,-1066.899,-1.0607,-0.00198,3.383,3.659,-2.953,0.0,-0.276,-0.0015,98.42,0.002936,12.8
118.347,69.936,-1067.502,-1.0608,-0.00203,3.626,3.572,-2.428,0.0,0.054,0.0005,98.47,0.002674,15.61
118.394,71.155,-1068.181,-1.0603,-0.00203,3.246,3.501,-1.752,0.0,-0.256,-0.0006,98.52,0.00263,12.36
118.444,72.377,-1068.855,-1.0595,-0.00163,3.298,3.343,-1.407,0.0,-0.045,-0.0147,98.57,0.002602,12.39
118.492,73.603,-1069.525,-1.0577,-0.00189,3.423,3.202,-3.163,0.0,0.221,-0.0032,98.62,0.002985,10.35
118.547,74.832,-1070.191,-1.0559,-0.00174,3.053,3.115,-2.833,0.0,-0.063,0.0028,98.67,0.002739,14.27
118.598,75.991,-1070.813,-1.0535,-0.00193,2.788,3.096,-1.72,0.0,-0.308,0.0063,98.71,0.00256,15.62
118.65,77.226,-1071.47,-1.0505,-0.00229,3.178,3.087,-0.385,0.0,0.091,0.0008,98.74,0.002601,17.62
118.697,78.537,-1072.16,-1.0508,0.0015,2.017,2.699,-0.178,0.0,-0.682,-0.0533,98.8,0.002601,14.05
118.746,79.705,-1072.77,-1.0489,0.00058,2.333,2.414,-7.772,0.0,-0.08,0.0009,98.85,0.002638,12.25
118.799,80.949,-1073.414,-1.0474,-0.00056,2.493,2.399,-5.704,0.0,0.094,0.0278,98.89,0.002617,14.77
118.85,82.122,-1074.017,-1.0464,-0.00172,2.716,2.591,-0.29,0.0,0.125,0.0283,98.94,0.002748,15.51
118.897,83.371,-1074.653,-1.0463,-0.00312,3.259,2.906,3.837,0.0,0.353,0.0239,98.99,0.002341,12.83
118.947,84.549,-1075.249,-1.0469,-0.00453,3.63,3.294,6.308,0.0,0.335,0.0211,99.03,0.002496,12.03
118.996,85.877,-1075.916,-1.0495,-0.00603,4.419,3.657,7.76,0.0,0.761,0.0101,99.07,0.00231,10.95
119.046,87.133,-1076.541,-1.0528,-0.00715,4.826,3.981,7.261,0.0,0.845,0.0072,99.12,0.002416,10.35
119.099,88.319,-1077.126,-1.0598,-0.00341,3.725,3.84,6.477,0.0,-0.116,-0.0536,99.16,0.002416,13.62
119.153,89.581,-1077.743,-1.0645,-0.00407,3.985,3.741,-2.82,0.0,0.244,0.0009,99.18,0.002288,16.7
119.199,90.846,-1078.355,-1.0695,-0.00478,3.749,3.877,-1.984,0.0,-0.128,0.0293,99.24,0.002146,13.22
119.245,92.114,-1078.964,-1.0749,-0.00555,4.309,4.106,2.711,0.0,0.203,0.0179,99.31,0.001981,8.89
119.299,93.31,-1079.533,-1.08,-0.00668,4.896,4.354,4.591,0.0,0.542,0.0105,99.35,0.002296,11.9
119.35,94.583,-1080.134,-1.0863,-0.00724,5.046,4.556,4.952,0.0,0.491,0.0023,99.39,0.002069,13.36
119.403,95.784,-1080.695,-1.092,-0.00744,5.089,4.747,4.043,0.0,0.342,0.0055,99.43,0.001916,15.52
119.446,97.063,-1081.286,-1.0974,-0.00714,5.048,4.892,3.825,0.0,0.156,0.0002,99.49,0.001936,8.76
119.504,98.345,-1081.872,-1.1016,-0.00675,4.785,4.988,2.897,0.0,-0.203,-0.0018,99.52,0.001818,15.66
119.554,99.554,-1082.418,-1.1077,-0.00206,3.391,4.599,1.913,0.0,-1.208,-0.0643,99.57,0.001818,15.41
119.604,100.843,-1082.993,-1.1099,-0.00138,3.698,4.176,-7.777,0.0,-0.478,-0.0182,99.6,0.002311,14.78
119.653,102.134,-1083.561,-1.1105,-0.0011,3.42,3.949,-8.445,0.0,-0.529,0.0124,99.65,0.002199,14.12
119.703,103.505,-1084.158,-1.1101,-0.0005,3.46,3.809,-4.559,0.0,-0.349,0.0044,99.7,0.002405,13.04
119.75,104.803,-1084.715,-1.1078,5e-05,3.145,3.689,-2.783,0.0,-0.544,-0.0022,99.74,0.00213,9.88
119.806,106.028,-1085.234,-1.1044,0.00092,3.018,3.521,-2.399,0.0,-0.503,-0.0109,99.78,0.002211,15.69
119.852,107.255,-1085.749,-1.099,0.00156,2.967,3.324,-3.36,0.0,-0.357,-0.0099,99.82,0.002417,11.95
119.901,108.562,-1086.29,-1.0925,0.00218,2.943,3.129,-3.944,0.0,-0.186,-0.0066,99.86,0.002208,10.66
119.954,109.948,-1086.857,-1.084,0.00303,2.245,2.965,-3.904,0.0,-0.721,-0.0024,99.9,0.002097,13.29
120.005,111.183,-1087.357,-1.0773,0.00706,0.985,2.455,-3.274,0.0,-1.47,-0.0541,99.95,0.002097,13.45
120.055,112.499,-1087.882,-1.0665,0.00777,0.987,1.954,-10.205,0.0,-0.967,-0.0165,100.0,0.002201,13.03
120.106,113.739,-1088.373,-1.0552,0.00751,1.189,1.637,-10.023,0.0,-0.448,0.0082,100.05,0.002297,13.36
120.154,115.136,-1088.92,-1.0421,0.00764,1.051,1.364,-6.345,0.0,-0.313,-0.0048,100.09,0.002383,11.79
120.21,116.381,-1089.403,-1.0299,0.00781,1.075,1.07,-5.449,0.0,0.005,-0.0126,100.14,0.002564,17.98
120.262,117.705,-1089.912,-1.0167,0.00751,0.479,0.872,-5.891,0.0,-0.394,0.0033,100.19,0.002377,19.22
120.308,119.031,-1090.418,-1.0038,0.00696,0.708,0.789,-3.942,0.0,-0.08,0.0089,100.24,0.002483,15.06
120.354,120.203,-1090.862,-0.9918,0.00546,0.835,0.873,-1.675,0.0,-0.037,0.0205,100.29,0.002528,10.41
120.404,121.689,-1091.422,-0.9798,0.00403,1.535,1.05,1.677,0.0,0.486,0.0159,100.33,0.002435,9.78
120.458,123.021,-1091.921,-0.9701,0.0022,1.931,1.344,3.54,0.0,0.587,0.0226,100.38,0.002814,13.41
120.507,124.275,-1092.388,-0.9659,0.00399,1.364,1.373,5.894,0.0,-0.009,-0.0268,100.43,0.002814,12.86
120.559,125.61,-1092.883,-0.9608,0.00222,1.61,1.514,0.579,0.0,0.096,0.0166,100.48,0.002658,13.83
120.606,126.867,-1093.346,-0.9578,0.00033,2.415,1.832,2.816,0.0,0.583,0.0296,100.53,0.002528,11.14
120.655,128.125,-1093.808,-0.9567,-0.00179,3.18,2.227,6.354,0.0,0.953,0.0219,100.58,0.002436,9.85
120.71,129.543,-1094.326,-0.9584,-0.00347,3.56,2.611,7.902,0.0,0.949,0.0122,100.63,0.002198,13.85
120.761,130.804,-1094.784,-0.9613,-0.00472,3.828,2.961,7.68,0.0,0.868,0.0086,100.67,0.002034,14.1
120.812,132.225,-1095.296,-0.9664,-0.00616,4.177,3.334,6.994,0.0,0.843,0.0156,100.71,0.002354,15.19
120.857,133.568,-1095.777,-0.9721,-0.00758,4.408,3.752,7.476,0.0,0.656,0.0192,100.76,0.002363,9.87
120.908,134.834,-1096.227,-0.9783,-0.00853,4.953,4.117,8.353,0.0,0.836,0.0072,100.81,0.002196,10.53
120.957,136.181,-1096.702,-0.9857,-0.00987,5.256,4.459,7.292,0.0,0.797,0.0096,100.85,0.001957,10.33
121.012,137.451,-1097.145,-0.9965,-0.00642,4.279,4.378,6.843,0.0,-0.098,-0.0472,100.89,0.001957,14.42
121.062,138.882,-1097.639,-1.0058,-0.0066,4.322,4.235,-1.624,0.0,0.088,-0.0115,100.92,0.002122,13.99
121.108,140.156,-1098.073,-1.0135,-0.00671,4.507,4.192,-2.858,0.0,0.315,0.0091,100.96,0.001985,9.69
121.164,141.512,-1098.53,-1.0214,-0.00697,4.155,4.291,-0.847,0.0,-0.137,0.0183,101.01,0.002138,15.23
121.211,142.79,-1098.956,-1.0284,-0.00692,4.367,4.45,1.983,0.0,-0.083,0.0117,101.05,0.001943,12.36
121.266,144.15,-1099.402,-1.0349,-0.00723,4.65,4.64,3.168,0.0,0.01,0.01,101.09,0.00243,16.62
121.307,145.432,-1099.818,-1.0406,-0.007,4.723,4.773,3.811,0.0,-0.05,-0.0015,101.13,0.002324,7.5
121.363,146.878,-1100.279,-1.0464,-0.00628,4.829,4.759,2.642,0.0,0.069,-0.0157,101.17,0.002547,13.56
121.414,148.246,-1100.707,-1.0499,-0.00555,4.828,4.646,-0.262,0.0,0.182,-0.0145,101.2,0.002368,14.21
121.465,149.535,-1101.105,-1.0514,-0.00418,4.029,4.478,-2.269,0.0,-0.449,-0.0115,101.23,0.002563,14.69
121.515,150.827,-1101.497,-1.0541,0.00061,2.607,3.909,-3.353,0.0,-1.302,-0.0619,101.28,0.002563,14.74
121.565,152.283,-1101.931,-1.0515,0.00198,2.171,3.358,-11.385,0.0,-1.187,-0.0174,101.32,0.002206,13.58
121.613,153.661,-1102.334,-1.0469,0.00261,2.159,2.989,-11.029,0.0,-0.83,0.0062,101.36,0.00202,12.09
121.667,154.96,-1102.709,-1.0409,0.00334,2.203,2.694,-7.379,0.0,-0.491,-0.0025,101.4,0.002071,15.09
121.717,156.341,-1103.101,-1.0332,0.00443,1.628,2.362,-5.894,0.0,-0.733,-0.0155,101.42,0.002274,15.39
121.765,157.807,-1103.51,-1.0232,0.00562,1.387,1.955,-6.641,0.0,-0.568,-0.022,101.46,0.002227,11.54
121.813,159.112,-1103.868,-1.0121,0.00597,1.029,1.566,-8.132,0.0,-0.537,-0.0118,101.51,0.00239,10.18
121.867,160.418,-1104.222,-1.0004,0.0062,1.136,1.209,-7.791,0.0,-0.073,-0.0091,101.55,0.002382,13.11
121.919,161.89,-1104.615,-0.9868,0.00581,0.573,0.965,-7.14,0.0,-0.392,0.0033,101.59,0.00254,15.04
121.967,163.282,-1104.983,-0.9743,0.00557,0.706,0.809,-4.881,0.0,-0.103,0.0038,101.63,0.002317,12.74
122.018,164.593,-1105.326,-0.965,0.00801,-0.077,0.455,-3.113,0.0,-0.532,-0.0331,101.69,0.002317,13.35
122.065,165.906,-1105.666,-0.9549,0.00651,0.039,0.327,-7.074,0.0,-0.289,0.0192,101.73,0.002479,10.52
122.12,167.384,-1106.046,-0.9457,0.00461,0.773,0.533,-2.559,0.0,0.24,0.0421,101.77,0.002466,15.19
122.169,168.781,-1106.402,-0.9397,0.00231,1.18,0.982,4.115,0.0,0.197,0.0412,101.81,0.002405,14.05
122.219,170.098,-1106.736,-0.9369,0.00034,2.189,1.477,8.982,0.0,0.712,0.022,101.87,0.002355,13.46
122.27,171.497,-1107.089,-0.9364,-0.0019,3.078,1.959,9.884,0.0,1.119,0.0157,101.91,0.002351,14.32
122.317,172.898,-1107.439,-0.9386,-0.00341,3.472,2.391,9.656,0.0,1.081,0.0097,101.95,0.002219,10.06
122.371,174.3,-1107.787,-0.9424,-0.00465,3.605,2.77,8.632,0.0,0.834,0.0078,101.99,0.002122,14.29
122.418,175.62,-1108.112,-0.9473,-0.00561,3.97,3.098,7.591,0.0,0.872,0.006,102.04,0.002446,10.55
122.468,177.108,-1108.475,-0.9544,-0.00689,4.182,3.439,6.551,0.0,0.743,0.0133,102.09,0.001899,10.23
122.519,178.431,-1108.794,-0.9617,-0.00789,4.52,3.785,6.821,0.0,0.735,0.0125,102.14,0.001976,10.18
122.569,179.921,-1109.15,-0.9712,-0.00886,4.659,4.131,6.91,0.0,0.527,0.0122,102.18,0.001845,10.26
122.623,181.248,-1109.463,-0.9803,-0.00961,5.203,4.438,6.937,0.0,0.765,0.0065,102.21,0.002037,14.24
122.676,182.575,-1109.772,-0.9898,-0.01033,5.259,4.736,6.129,0.0,0.523,0.0096,102.26,0.00167,16.55
122.724,184.071,-1110.115,-1.0016,-0.01024,5.307,4.974,5.965,0.0,0.333,0.0019,102.3,0.001757,13.28
122.773,185.402,-1110.415,-1.011,-0.01008,5.38,5.147,4.752,0.0,0.233,-0.0007,102.35,0.001662,12.05
122.827,186.901,-1110.746,-1.0212,-0.00942,5.298,5.22,3.462,0.0,0.078,-0.0079,102.38,0.001602,15.03
122.876,188.235,-1111.035,-1.0287,-0.00848,5.059,5.201,1.463,0.0,-0.142,-0.0104,102.42,0.001596,14.66
122.926,189.571,-1111.318,-1.0373,-0.004,3.776,4.768,-0.389,0.0,-0.991,-0.0584,102.46,0.001596,14.61
122.976,191.077,-1111.629,-1.0423,-0.0026,3.547,4.288,-8.658,0.0,-0.741,-0.0216,102.49,0.001441,14.32
123.023,192.417,-1111.899,-1.0448,-0.00152,3.36,3.952,-9.584,0.0,-0.592,0.0032,102.53,0.001483,10.47
123.073,193.842,-1112.18,-1.0456,-0.00016,2.557,3.69,-6.733,0.0,-1.134,-0.0012,102.58,0.001325,10.25
123.123,195.185,-1112.438,-1.0442,0.00102,2.873,3.399,-5.226,0.0,-0.526,-0.0133,102.61,0.001157,10.03
123.173,196.698,-1112.721,-1.0407,0.0019,2.498,3.114,-5.825,0.0,-0.617,-0.0093,102.65,0.00111,10.03
123.223,198.045,-1112.968,-1.0358,0.00355,2.143,2.786,-5.695,0.0,-0.643,-0.016,102.7,0.001262,9.86
123.278,199.478,-1113.223,-1.0283,0.00458,1.556,2.486,-6.569,0.0,-0.929,-0.0075,102.75,0.000943,13.7
123.326,200.912,-1113.473,-1.0192,0.00555,1.674,2.196,-6.006,0.0,-0.522,-0.009,102.78,0.001096,11.86
123.385,202.348,-1113.717,-1.0084,0.00636,1.266,1.927,-5.79,0.0,-0.661,-0.0073,102.82,0.001151,20.7
123.433,203.7,-1113.942,-0.9969,0.00735,1.029,1.649,-5.392,0.0,-0.62,-0.0105,102.87,0.001252,17.88
123.48,205.139,-1114.177,-0.9835,0.00783,0.886,1.414,-5.545,0.0,-0.528,-0.0038,102.92,0.000938,14.78
123.53,206.579,-1114.407,-0.9695,0.00816,0.72,1.249,-4.704,0.0,-0.529,0.0016,102.96,0.001254,15.03
123.582,208.02,-1114.634,-0.955,0.00828,0.8,1.14,-3.295,0.0,-0.34,0.002,103.0,0.000977,16.72
123.626,209.377,-1114.844,-0.9409,0.00825,0.68,1.094,-2.183,0.0,-0.414,0.0049,103.05,0.001283,10.59
123.685,210.821,-1115.064,-0.9262,0.00822,0.802,1.074,-0.932,0.0,-0.272,0.0022,103.1,0.00118,19.01
123.731,212.18,-1115.268,-0.912,0.00788,1.034,1.076,-0.387,0.0,-0.042,0.0023,103.15,0.001595,14.17
123.781,213.626,-1115.483,-0.8979,0.00776,1.049,1.071,0.032,0.0,-0.022,-0.0008,103.19,0.001334,13.65
123.83,215.072,-1115.695,-0.8841,0.00769,0.807,1.059,-0.097,0.0,-0.252,-0.0012,103.24,0.001435,12.7
123.879,216.605,-1115.917,-0.8697,0.00762,1.143,1.0,-0.249,0.0,0.144,-0.0069,103.29,0.001595,10.61
123.929,217.969,-1116.112,-0.8581,0.00911,0.645,0.79,-1.182,0.0,-0.145,-0.023,103.33,0.001595,10.37
123.983,219.418,-1116.317,-0.8448,0.00863,0.525,0.646,-4.184,0.0,-0.121,0.0018,103.37,0.001385,14.36
124.034,220.783,-1116.509,-0.8326,0.00824,0.504,0.614,-2.887,0.0,-0.109,0.0106,103.42,0.001326,15.14
124.087,222.235,-1116.711,-0.8201,0.00765,0.483,0.657,-0.648,0.0,-0.174,0.0094,103.47,0.001276,17.67
124.137,223.602,-1116.9,-0.809,0.00702,0.998,0.698,0.862,0.0,0.3,0.0013,103.52,0.001229,17.32
124.184,225.055,-1117.099,-0.7982,0.00647,0.711,0.734,0.826,0.0,-0.023,0.0007,103.56,0.001237,14.24
124.23,226.509,-1117.296,-0.788,0.00604,1.125,0.727,0.716,0.0,0.398,-0.0048,103.6,0.001232,10.54
124.283,228.049,-1117.503,-0.7778,0.00516,0.945,0.744,-0.144,0.0,0.202,0.0031,103.66,0.001285,12.44
124.327,229.505,-1117.698,-0.7692,0.00474,1.149,0.762,0.342,0.0,0.387,0.0007,103.7,0.001386,6.49
124.382,230.876,-1117.879,-0.7617,0.00408,0.787,0.825,0.362,0.0,-0.038,0.0069,103.74,0.001229,10.53
124.431,232.333,-1118.07,-0.7544,0.0031,1.355,0.941,1.261,0.0,0.414,0.0097,103.8,0.001382,9.96
124.482,233.792,-1118.26,-0.7483,0.00165,1.623,1.172,2.331,0.0,0.452,0.0199,103.84,0.001018,10.43
124.531,235.165,-1118.438,-0.7446,0.0009,1.622,1.453,4.603,0.0,0.169,0.0152,103.89,0.001063,8.14
124.587,236.625,-1118.625,-0.7413,-0.00028,2.207,1.765,5.629,0.0,0.442,0.0141,103.94,0.000757,13.95
124.639,238.086,-1118.81,-0.7396,-0.00146,2.612,2.094,6.235,0.0,0.518,0.0134,103.98,0.000959,15.23
124.689,239.548,-1118.994,-0.7395,-0.00215,2.871,2.386,6.595,0.0,0.484,0.0062,104.03,0.000849,15.28
124.739,240.925,-1119.165,-0.74,-0.00262,3.067,2.605,5.841,0.0,0.462,-0.0001,104.08,0.000242,15.17
124.792,242.389,-1119.344,-0.7412,-0.00276,3.099,2.741,4.368,0.0,0.358,-0.0039,104.13,0.000491,17.66
124.837,243.854,-1119.52,-0.7438,-0.00074,2.522,2.64,2.722,0.0,-0.119,-0.0283,104.17,0.000491,12.23
124.892,245.233,-1119.684,-0.7445,-0.00064,2.499,2.505,-2.01,0.0,-0.006,-0.0084,104.22,0.000543,16.99
124.942,246.7,-1119.854,-0.7451,-0.0004,2.364,2.424,-2.71,0.0,-0.059,0.0028,104.27,0.000233,16.75
124.993,248.255,-1120.032,-0.7451,-0.00025,2.191,2.407,-1.627,0.0,-0.215,0.0062,104.33,0.000803,16.63
125.045,249.724,-1120.196,-0.7447,0.00017,2.256,2.392,-0.338,0.0,-0.136,-0.0003,104.37,0.00044,18.48
125.09,251.107,-1120.348,-0.7435,0.00044,1.981,2.405,-0.294,0.0,-0.423,0.0033,104.41,0.000745,13.51
125.14,252.578,-1120.505,-0.7414,0.00113,2.217,2.378,0.255,0.0,-0.162,-0.005,104.46,0.00059,13.34
125.192,254.051,-1120.659,-0.7383,0.00144,2.052,2.352,-0.529,0.0,-0.301,-0.0009,104.51,0.000231,15.29
125.242,255.524,-1120.809,-0.7345,0.00249,2.103,2.282,-0.519,0.0,-0.178,-0.0072,104.55,0.000855,15.26
125.29,256.911,-1120.946,-0.7293,0.00339,1.564,2.216,-1.415,0.0,-0.652,-0.0017,104.6,0.000482,13.17
125.342,258.387,-1121.089,-0.7224,0.00469,1.285,2.09,-1.307,0.0,-0.805,-0.0108,104.65,0.000691,14.37
125.392,259.863,-1121.228,-0.7136,0.00558,1.728,1.866,-2.524,0.0,-0.137,-0.0181,104.69,0.001202,14.17
125.445,261.34,-1121.364,-0.7033,0.0067,1.04,1.568,-4.488,0.0,-0.529,-0.0181,104.74,0.000655,16.91
125.493,262.731,-1121.489,-0.692,0.00861,0.363,1.146,-5.953,0.0,-0.783,-0.0278,104.79,0.000961,14.87
125.547,264.211,-1121.618,-0.6775,0.00994,0.285,0.657,-8.442,0.0,-0.372,-0.024,104.82,0.001108,19.21
125.594,265.691,-1121.744,-0.6607,0.01082,-0.765,0.243,-9.776,0.0,-1.008,-0.0067,104.88,0.000759,15.28
125.644,267.172,-1121.867,-0.6428,0.0121,-0.778,-0.152,-8.285,0.0,-0.625,-0.0118,104.93,0.001218,15.0
125.697,268.653,-1121.989,-0.6229,0.01201,-1.231,-0.423,-7.907,0.0,-0.808,0.0037,104.99,0.00101,17.63
125.742,269.962,-1122.095,-0.6059,0.0125,-1.269,-0.679,-5.407,0.0,-0.59,-0.0075,105.03,0.001416,12.76
125.791,271.445,-1122.214,-0.5865,0.01301,-1.518,-0.947,-5.127,0.0,-0.571,-0.0105,105.08,0.001416,11.16
125.846,272.93,-1122.332,-0.5674,0.01258,-1.046,-1.184,-5.352,0.0,0.139,-0.0052,105.13,0.001011,15.43
125.894,274.415,-1122.45,-0.5496,0.01199,-1.739,-1.328,-4.756,0.0,-0.411,0.0049,105.18,0.001211,13.49
125.945,275.9,-1122.568,-0.5323,0.0117,-1.283,-1.475,-2.866,0.0,0.192,-0.0056,105.23,0.000757,13.73
125.999,277.387,-1122.687,-0.5165,0.01011,-1.16,-1.476,-2.949,0.0,0.316,0.0153,105.26,0.001353,17.33
126.045,278.874,-1122.805,-0.5022,0.00855,-1.417,-1.302,-0.018,0.0,-0.114,0.0244,105.32,0.000953,13.78
126.097,280.361,-1122.925,-0.4906,0.00696,-0.34,-1.079,3.475,0.0,0.739,0.013,105.38,0.000949,15.0
126.149,281.85,-1123.045,-0.4817,0.00406,0.072,-0.698,4.465,0.0,0.77,0.0298,105.43,0.001095,16.62
126.198,283.163,-1123.153,-0.4773,0.00227,0.383,-0.275,7.624,0.0,0.657,0.0192,105.47,0.00114,15.51
126.243,284.653,-1123.277,-0.4746,0.00021,1.396,0.132,8.468,0.0,1.263,0.0125,105.52,0.000834,10.17
126.297,286.143,-1123.401,-0.4752,-0.00209,1.492,0.612,8.138,0.0,0.88,0.0243,105.58,0.000684,13.77
126.343,287.634,-1123.526,-0.4782,-0.00384,2.265,1.121,9.584,0.0,1.144,0.021,105.62,0.001025,9.91
126.399,289.125,-1123.651,-0.4837,-0.00584,2.365,1.706,10.197,0.0,0.658,0.0283,105.67,0.000806,15.02
126.445,290.617,-1123.777,-0.4926,-0.0073,3.328,2.265,11.699,0.0,1.063,0.0167,105.72,0.00037,10.88
126.499,292.11,-1123.902,-0.5023,-0.00928,3.698,2.826,11.168,0.0,0.871,0.0199,105.76,0.000799,14.83
126.548,293.515,-1124.019,-0.5141,-0.00972,4.444,3.246,11.23,0.0,1.198,-0.0001,105.81,0.00074,13.86
126.599,295.01,-1124.142,-0.5268,-0.01028,3.926,3.61,8.403,0.0,0.316,0.0067,105.86,0.000633,14.53
126.654,296.505,-1124.262,-0.5405,-0.00993,4.384,3.833,7.262,0.0,0.551,-0.0068,105.92,0.000842,19.25
126.697,297.913,-1124.373,-0.5514,-0.0098,4.403,3.973,4.475,0.0,0.43,-0.004,105.98,0.000626,11.92
126.748,299.411,-1124.487,-0.5631,-0.00865,3.949,4.024,2.788,0.0,-0.074,-0.0075,106.02,0.000894,12.84
126.8,300.997,-1124.604,-0.5734,-0.00709,3.493,3.962,1.017,0.0,-0.469,-0.014,106.06,0.000834,14.29
126.848,302.32,-1124.697,-0.5807,-0.00431,2.729,3.661,-1.238,0.0,-0.932,-0.0355,106.1,0.000834,11.98
126.898,303.82,-1124.798,-0.5858,-0.00269,2.665,3.286,-6.01,0.0,-0.621,-0.0209,106.15,0.000304,11.96
126.951,305.321,-1124.895,-0.5885,-0.00142,2.499,2.954,-7.505,0.0,-0.455,-0.0071,106.2,0.000773,14.25
127.0,306.734,-1124.981,-0.5888,0.00044,1.542,2.632,-6.644,0.0,-1.09,-0.0101,106.26,8.6e-05,13.81
127.051,308.238,-1125.068,-0.5862,0.00241,1.231,2.226,-6.427,0.0,-0.995,-0.023,106.31,0.000924,14.93
127.104,309.83,-1125.155,-0.5802,0.00419,1.229,1.713,-8.121,0.0,-0.484,-0.0291,106.34,-0.000179,16.97
127.153,311.158,-1125.224,-0.5727,0.00634,0.045,1.154,-10.262,0.0,-1.109,-0.0244,106.38,2.4e-05,15.79
127.203,312.752,-1125.3,-0.5603,0.00893,-0.688,0.505,-11.191,0.0,-1.192,-0.032,106.42,0.000283,15.56
127.255,314.259,-1125.369,-0.5452,0.01032,-1.03,-0.112,-12.977,0.0,-0.918,-0.0181,106.48,-3.3e-05,16.94
127.303,315.766,-1125.433,-0.5279,0.01156,-1.729,-0.644,-12.331,0.0,-1.085,-0.0097,106.53,-3.8e-05,14.61
127.357,317.186,-1125.49,-0.5102,0.01221,-1.736,-1.07,-10.644,0.0,-0.666,-0.0038,106.58,-0.000564,17.77
127.403,318.695,-1125.55,-0.4909,0.01207,-2.124,-1.306,-8.522,0.0,-0.818,0.0116,106.63,-0.000307,13.86
127.45,320.204,-1125.608,-0.4723,0.01201,-2.126,-1.428,-4.726,0.0,-0.698,0.0078,106.68,-0.000199,10.35
127.506,321.626,-1125.661,-0.4551,0.01086,-1.226,-1.429,-2.431,0.0,0.202,0.0126,106.72,-0.000516,15.9
127.558,323.137,-1125.718,-0.4384,0.00955,-1.516,-1.269,-0.013,0.0,-0.247,0.0224,106.78,-0.000207,17.87
127.605,324.738,-1125.779,-0.4235,0.0091,-0.612,-1.098,3.195,0.0,0.487,0.0071,106.84,-5.5e-05,14.9
127.656,326.073,-1125.83,-0.4121,0.00761,-1.282,-0.792,3.413,0.0,-0.49,0.0249,106.89,-7e-06,15.12
127.706,327.676,-1125.892,-0.4004,0.00697,0.206,-0.55,6.127,0.0,0.756,0.0016,106.95,-0.000168,15.44
127.752,329.101,-1125.947,-0.3907,0.0051,0.441,-0.228,4.829,0.0,0.669,0.0198,107.0,-0.000692,11.6
127.802,330.616,-1126.007,-0.384,0.00487,0.152,0.111,6.451,0.0,0.041,0.0136,107.06,-0.000168,11.13
127.855,332.132,-1126.068,-0.3769,0.00408,0.733,0.454,6.78,0.0,0.279,0.0123,107.11,-0.000485,14.01
127.911,333.559,-1126.126,-0.3718,0.00339,0.908,0.773,6.853,0.0,0.134,0.0087,107.16,-0.000489,19.57
127.957,335.076,-1126.188,-0.3673,0.00295,1.661,0.983,6.392,0.0,0.678,-0.0042,107.21,-0.000127,15.54
128.007,336.683,-1126.254,-0.3625,0.00293,1.326,1.093,4.188,0.0,0.233,-0.0065,107.27,-0.000966,14.42
128.053,338.023,-1126.309,-0.3586,0.00386,0.906,1.041,2.206,0.0,-0.135,-0.0188,107.33,-0.000293,9.82
128.109,339.633,-1126.375,-0.3522,0.00467,1.035,0.838,-1.037,0.0,0.198,-0.023,107.39,-0.000666,15.55
128.162,341.063,-1126.433,-0.3457,0.00546,0.397,0.619,-4.072,0.0,-0.222,-0.0092,107.43,-0.00014,17.92
128.213,342.495,-1126.49,-0.3374,0.00652,-0.133,0.429,-4.372,0.0,-0.562,-0.0036,107.49,-0.000932,19.47
128.259,344.107,-1126.554,-0.3263,0.00738,-0.494,0.273,-3.801,0.0,-0.766,-0.0019,107.54,-3.6e-05,15.03
128.31,345.629,-1126.614,-0.3146,0.00819,-0.58,0.088,-3.128,0.0,-0.668,-0.0094,107.6,-0.00014,15.51
128.36,347.063,-1126.668,-0.302,0.00851,-0.086,-0.118,-3.686,0.0,0.032,-0.0095,107.66,-4.2e-05,15.51
128.41,348.588,-1126.727,-0.2887,0.00932,-1.027,-0.323,-4.128,0.0,-0.704,-0.007,107.72,-0.000361,15.45
128.458,350.113,-1126.785,-0.2753,0.01077,-1.113,-0.605,-4.093,0.0,-0.508,-0.018,107.77,0.000281,13.56
128.507,351.55,-1126.838,-0.2598,0.01117,-1.297,-0.845,-5.648,0.0,-0.451,-0.004,107.81,-3.4e-05,11.99
128.558,353.166,-1126.898,-0.2418,0.01189,-2.034,-1.048,-4.803,0.0,-0.986,-0.0032,107.86,-3.5e-05,13.17
128.612,354.694,-1126.956,-0.2249,0.01261,-1.281,-1.331,-4.058,0.0,0.049,-0.0182,107.91,1.4e-05,16.54
128.661,356.042,-1127.008,-0.2089,0.01241,-2.134,-1.536,-5.649,0.0,-0.598,0.0009,107.97,0.000823,15.54
128.707,357.661,-1127.069,-0.19,0.01308,-1.953,-1.767,-4.11,0.0,-0.186,-0.0107,108.03,7.1e-05,11.29
128.759,359.1,-1127.126,-0.1724,0.01292,-2.643,-1.978,-4.619,0.0,-0.665,-0.0053,108.09,-3.6e-05,12.91
128.813,360.631,-1127.187,-0.154,0.01298,-1.768,-2.254,-4.221,0.0,0.486,-0.0164,108.15,-2e-05,16.64
128.861,362.162,-1127.249,-0.1352,0.01195,-2.677,-2.378,-5.516,0.0,-0.298,0.0115,108.2,-1.9e-05,15.02
128.909,363.604,-1127.31,-0.1199,0.01204,-2.646,-2.461,-2.486,0.0,-0.184,0.0014,108.25,-1.4e-05,11.52
128.961,365.136,-1127.376,-0.1029,0.01056,-2.431,-2.444,-1.661,0.0,0.013,0.0111,108.3,0.000787,13.79
129.01,366.669,-1127.446,-0.0883,0.00899,-1.664,-2.343,0.338,0.0,0.679,0.0124,108.35,0.000201,12.27
129.058,368.293,-1127.522,-0.0751,0.00724,-2.027,-2.13,2.031,0.0,0.103,0.019,108.41,-2.1e-05,10.22
129.113,369.647,-1127.588,-0.0669,0.00617,-1.376,-1.957,4.252,0.0,0.581,0.0019,108.46,-1.6e-05,15.11
129.166,371.182,-1127.666,-0.0586,0.00394,-0.786,-1.721,3.461,0.0,0.935,0.0149,108.52,0.000571,18.35
129.213,372.718,-1127.746,-0.054,0.00202,-0.325,-1.341,4.726,0.0,1.016,0.0283,108.57,0.000279,14.92
129.262,374.254,-1127.829,-0.0523,0.00048,-0.903,-0.808,7.593,0.0,-0.095,0.0347,108.6,-2.5e-05,14.17
129.315,375.7,-1127.91,-0.0531,-0.00114,0.489,-0.287,10.67,0.0,0.776,0.0168,108.66,6.1e-05,15.86
129.366,377.237,-1127.998,-0.0552,-0.00372,1.355,0.243,10.412,0.0,1.112,0.0195,108.73,-4e-05,16.82
129.412,378.685,-1128.083,-0.0615,-0.00478,1.684,0.712,10.602,0.0,0.972,0.01,108.78,-4e-05,12.91
129.465,380.314,-1128.179,-0.0702,-0.00572,1.967,1.005,9.379,0.0,0.963,-0.0082,108.85,-4.1e-05,14.86
129.511,381.854,-1128.272,-0.0797,-0.00616,2.127,1.232,5.856,0.0,0.895,0.0011,108.91,0.000108,10.39
129.564,383.304,-1128.36,-0.0892,-0.00629,1.218,1.507,4.545,0.0,-0.289,0.0146,108.95,0.00056,12.82
129.607,384.935,-1128.459,-0.0998,-0.0062,1.968,1.695,5.503,0.0,0.273,-0.0026,109.0,0.000214,6.12
129.666,386.387,-1128.547,-0.1084,-0.00688,2.471,1.818,3.753,0.0,0.653,-0.0025,109.07,-4.1e-05,14.11
129.716,387.929,-1128.638,-0.1178,-0.00653,2.413,1.88,2.462,0.0,0.533,-0.0042,109.13,-4.3e-05,13.41
129.77,389.382,-1128.723,-0.1266,-0.00556,1.454,1.928,1.24,0.0,-0.474,0.0002,109.18,-4e-05,17.0
129.82,391.017,-1128.817,-0.1344,-0.00428,1.492,1.906,0.96,0.0,-0.414,-0.0081,109.23,-8.9e-05,16.86
129.868,392.472,-1128.899,-0.139,-0.0038,1.755,1.849,-0.445,0.0,-0.094,-0.0055,109.28,1e-05,14.22
129.92,394.109,-1128.988,-0.1436,-0.00277,1.384,1.729,-1.123,0.0,-0.345,-0.011,109.32,-4.1e-05,16.31
129.97,395.565,-1129.066,-0.1463,-0.00119,1.076,1.462,-2.416,0.0,-0.386,-0.0246,109.38,0.000186,16.13
130.014,397.022,-1129.141,-0.1468,0.00035,0.649,1.121,-5.34,0.0,-0.472,-0.0196,109.44,0.000186,10.39
130.065,398.662,-1129.224,-0.1449,0.00183,0.226,0.655,-6.816,0.0,-0.43,-0.0293,109.51,0.000123,10.07
130.118,400.121,-1129.295,-0.141,0.00326,-0.194,0.189,-9.314,0.0,-0.383,-0.0164,109.57,0.000123,13.12
130.169,401.763,-1129.372,-0.1343,0.00465,-1.356,-0.138,-9.328,0.0,-1.218,0.0032,109.61,-0.000186,13.84
130.222,403.223,-1129.439,-0.1264,0.00573,-1.696,-0.439,-6.542,0.0,-1.257,-0.0077,109.68,-0.000186,16.37
130.27,404.776,-1129.51,-0.1168,0.0066,-1.556,-0.711,-6.016,0.0,-0.845,-0.0064,109.73,-0.000194,14.39
130.322,406.238,-1129.574,-0.1068,0.00628,-1.196,-0.871,-5.433,0.0,-0.325,0.0061,109.79,-0.000197,15.54
130.371,407.884,-1129.647,-0.0965,0.00651,-1.306,-0.996,-3.204,0.0,-0.31,-0.0007,109.85,-0.000196,14.5
130.421,409.348,-1129.711,-0.0871,0.00685,-1.45,-1.152,-2.497,0.0,-0.298,-0.0087,109.92,-0.000194,14.15
130.47,410.812,-1129.774,-0.0774,0.00688,-1.442,-1.326,-3.125,0.0,-0.116,-0.0079,109.99,5e-06,12.33
130.521,412.461,-1129.847,-0.067,0.0067,-1.562,-1.476,-3.469,0.0,-0.086,-0.0029,110.04,6.4e-05,12.79
130.572,413.927,-1129.911,-0.0577,0.00603,-1.358,-1.548,-3.017,0.0,0.189,0.0058,110.08,-0.000675,13.09
130.621,415.485,-1129.981,-0.049,0.00519,-1.444,-1.474,-1.425,0.0,0.03,0.0178,110.14,-0.000205,12.59
130.668,416.953,-1130.048,-0.042,0.00429,-1.397,-1.258,1.48,0.0,-0.14,0.0224,110.2,-0.000471,9.17
130.726,418.512,-1130.121,-0.0361,0.0029,-0.789,-0.939,4.314,0.0,0.149,0.022,110.26,1e-05,16.81
130.783,420.073,-1130.196,-0.0327,0.00151,-0.03,-0.601,6.385,0.0,0.57,0.0138,110.32,-0.000358,23.36
130.83,421.726,-1130.276,-0.0313,0.00041,0.264,-0.289,6.761,0.0,0.553,0.0081,110.39,-0.000366,19.71
130.885,423.105,-1130.344,-0.0312,-0.0002,0.442,-0.048,6.238,0.0,0.49,0.0009,110.43,-0.000627,23.76
130.936,424.852,-1130.433,-0.0322,-0.00078,0.612,0.138,4.809,0.0,0.473,0.0009,110.5,-0.000582,24.81
130.984,426.324,-1130.508,-0.0341,-0.00103,0.687,0.28,3.734,0.0,0.407,0.0001,110.56,-0.000221,22.49
131.03,427.888,-1130.589,-0.036,-0.00141,0.798,0.436,2.821,0.0,0.362,0.0071,110.62,-0.000229,18.31
131.08,429.454,-1130.672,-0.0388,-0.0015,0.59,0.63,3.138,0.0,-0.04,0.0105,110.68,0.000202,18.78
131.134,430.928,-1130.75,-0.0415,-0.00144,0.512,0.789,3.865,0.0,-0.277,0.002,110.74,-0.000405,21.91
131.183,432.495,-1130.833,-0.0442,-0.00134,1.411,0.821,3.189,0.0,0.591,-0.0123,110.8,-0.00038,20.13
131.231,434.063,-1130.916,-0.0469,-0.00128,0.824,0.818,0.635,0.0,0.006,-0.0037,110.86,-0.000233,18.25
131.278,435.54,-1130.993,-0.0483,5e-05,0.793,0.728,-0.05,0.0,0.066,-0.0124,110.93,-0.000333,14.98
131.329,437.109,-1131.075,-0.0482,0.00028,0.133,0.711,-1.81,0.0,-0.578,0.0071,110.99,-0.000969,15.52
131.38,438.68,-1131.157,-0.047,0.00103,0.376,0.681,-0.336,0.0,-0.305,-0.0025,111.04,0.000234,16.61
131.421,440.159,-1131.234,-0.0447,0.00126,0.313,0.604,-0.609,0.0,-0.291,-0.0075,111.1,-0.000829,6.83
131.479,441.824,-1131.319,-0.0414,0.00243,0.297,0.364,-1.525,0.0,-0.067,-0.0256,111.16,4.7e-05,15.04
131.534,443.305,-1131.395,-0.0369,0.00365,-0.116,-0.018,-4.814,0.0,-0.099,-0.0281,111.24,0.000862,19.97
131.58,444.879,-1131.474,-0.0295,0.00488,-0.936,-0.407,-7.631,0.0,-0.529,-0.0144,111.3,0.00037,16.07
131.633,446.361,-1131.548,-0.0212,0.00609,-1.299,-0.745,-7.788,0.0,-0.554,-0.0064,111.34,0.000805,18.41
131.681,447.937,-1131.627,-0.0112,0.00633,-1.942,-0.933,-6.758,0.0,-1.01,0.0092,111.4,0.000883,16.07
131.733,449.514,-1131.706,-0.0006,0.00637,-1.251,-1.043,-3.753,0.0,-0.207,0.0042,111.46,0.000162,18.43
131.781,450.999,-1131.78,0.0093,0.00598,-1.217,-1.068,-2.208,0.0,-0.149,0.008,111.52,-0.000364,15.95
131.833,452.577,-1131.86,0.0186,0.00721,-1.657,-1.188,-0.505,0.0,-0.469,-0.014,111.58,-5.6e-05,17.13
131.879,454.063,-1131.936,0.0286,0.00708,-1.665,-1.303,-2.382,0.0,-0.362,-0.0037,111.64,-5.6e-05,13.16
131.928,455.643,-1132.017,0.0393,0.00688,-0.871,-1.469,-2.31,0.0,0.598,-0.0111,111.71,-0.00035,12.18
131.983,457.224,-1132.099,0.049,0.00813,-1.431,-2.011,-3.325,0.0,0.581,-0.0583,111.76,0.000115,17.05
132.034,458.805,-1132.182,0.0613,0.00666,-2.166,-2.414,-10.839,0.0,0.248,0.0005,111.81,-0.00034,17.92
132.084,460.387,-1132.267,0.0701,0.00677,-3.245,-2.615,-8.057,0.0,-0.63,0.0141,111.76,0.000455,17.42
132.132,461.966,-1132.354,0.0795,0.00507,-2.218,-2.572,-4.028,0.0,0.355,0.0271,111.56,-0.00033,14.93
132.182,463.542,-1132.443,0.0867,0.00199,-1.943,-2.131,0.866,0.0,0.188,0.0571,111.37,0.000163,14.81
132.235,464.931,-1132.525,0.0885,-0.00064,-1.323,-1.449,8.827,0.0,0.126,0.049,111.19,-0.000349,16.94
132.284,466.594,-1132.626,0.0866,-0.0038,0.449,-0.715,13.632,0.0,1.164,0.0311,111.0,-0.000354,15.82
132.333,468.162,-1132.724,0.0797,-0.00682,1.968,0.012,14.679,0.0,1.956,0.0247,110.81,-5.3e-05,14.64
132.384,469.728,-1132.825,0.0678,-0.00836,1.238,0.718,14.552,0.0,0.52,0.0224,110.62,-0.000411,15.44
132.43,471.198,-1132.92,0.0544,-0.00899,2.31,1.225,14.117,0.0,1.084,-0.0032,110.46,-0.000214,11.73
132.482,472.758,-1133.024,0.0398,-0.01078,3.241,1.677,10.136,0.0,1.563,0.0101,110.26,-0.000359,12.93
132.535,474.407,-1133.135,0.0215,-0.01142,2.472,2.15,9.047,0.0,0.322,0.0186,110.08,0.000168,15.21
132.584,475.87,-1133.234,0.0037,-0.01104,2.916,2.472,9.453,0.0,0.444,-0.0045,109.89,3.8e-05,13.33
132.634,477.422,-1133.339,-0.0132,-0.01171,3.752,2.733,6.441,0.0,1.019,0.0027,109.73,0.000677,13.26
132.686,478.88,-1133.437,-0.0295,-0.0112,2.704,2.969,5.217,0.0,-0.265,0.0057,109.57,0.000115,15.16
132.737,480.518,-1133.545,-0.0471,-0.00966,3.334,3.029,4.723,0.0,0.305,-0.0164,109.37,-0.000379,15.24
132.787,481.972,-1133.639,-0.0597,-0.0088,2.548,3.029,1.198,0.0,-0.481,-0.0062,109.19,-0.000371,15.3
132.837,483.605,-1133.743,-0.0727,-0.00659,2.628,2.857,0.012,0.0,-0.229,-0.0242,109.0,0.000101,14.81
132.888,485.054,-1133.832,-0.0805,-0.0049,2.203,2.582,-3.457,0.0,-0.38,-0.0202,108.78,0.000696,15.12
132.939,486.5,-1133.918,-0.0864,-0.00242,1.164,2.197,-5.484,0.0,-1.033,-0.0251,108.49,-0.00038,16.16
132.987,488.122,-1134.011,-0.0887,0.00046,0.808,1.602,-7.712,0.0,-0.794,-0.0427,108.22,-0.000268,14.51
133.04,489.561,-1134.09,-0.0862,0.00282,-0.116,0.865,-11.899,0.0,-0.981,-0.0405,108.0,0.001065,16.71
133.091,491.177,-1134.175,-0.0801,0.00553,-0.734,0.028,-14.728,0.0,-0.761,-0.0398,107.75,-0.000323,16.84
133.14,492.61,-1134.248,-0.0708,0.00774,-2.061,-0.755,-16.753,0.0,-1.306,-0.0216,107.51,-0.000368,15.44
133.194,494.04,-1134.319,-0.059,0.00975,-2.533,-1.416,-15.655,0.0,-1.117,-0.0103,107.24,0.00031,19.99
133.243,495.644,-1134.395,-0.042,0.01077,-3.702,-1.835,-13.213,0.0,-1.867,0.0106,106.98,0.000593,18.47
133.285,497.068,-1134.462,-0.0258,0.01134,-3.255,-2.162,-8.397,0.0,-1.093,-0.0017,106.76,-0.000423,10.36
133.337,498.488,-1134.528,-0.0094,0.01192,-3.506,-2.481,-6.54,0.0,-1.026,-0.0102,106.55,-0.000423,12.11
133.391,499.995,-1134.596,0.0086,0.0109,-2.7,-2.739,-6.367,0.0,0.039,-0.0027,106.35,-0.000322,15.21
133.443,501.586,-1134.669,0.0261,0.011,-3.413,-2.966,-5.164,0.0,-0.447,-0.0047,106.13,0.001062,16.91
133.489,502.998,-1134.735,0.0412,0.01059,-3.375,-3.11,-4.546,0.0,-0.265,0.0038,105.95,0.001062,12.9
133.539,504.408,-1134.802,0.0554,0.0098,-3.962,-3.098,-2.869,0.0,-0.864,0.0166,105.73,0.000789,12.88
133.59,505.902,-1134.875,0.0685,0.0079,-2.156,-2.999,0.229,0.0,0.843,0.0126,105.45,0.000441,13.81
133.642,507.304,-1134.946,0.0776,0.00455,-1.38,-2.637,1.984,0.0,1.257,0.0402,105.13,0.000153,15.41
133.693,508.964,-1135.035,0.0837,0.00297,-2.609,-2.105,7.24,0.0,-0.504,0.0364,104.81,0.000901,15.57
133.742,510.356,-1135.112,0.0863,0.00085,-0.29,-1.627,10.642,0.0,1.337,0.0111,104.49,-0.000308,14.77
133.801,511.745,-1135.193,0.0854,-0.00271,0.804,-1.014,9.568,0.0,1.818,0.0354,104.2,-5.1e-05,22.66
133.842,513.13,-1135.276,0.0801,-0.00443,0.496,-0.279,12.254,0.0,0.775,0.0384,103.94,-0.000631,13.5
133.894,514.77,-1135.377,0.0716,-0.00566,0.551,0.409,14.693,0.0,0.142,0.0191,103.64,-1.2e-05,15.63
133.947,516.147,-1135.465,0.0624,-0.00807,2.567,0.952,13.754,0.0,1.615,0.0039,103.35,-0.000787,17.57
133.995,517.52,-1135.555,0.0504,-0.01042,3.202,1.377,10.874,0.0,1.825,0.0023,103.06,-0.000381,15.44
134.047,518.975,-1135.652,0.034,-0.01086,3.504,1.607,8.491,0.0,1.897,-0.0123,102.78,0.000575,17.52
134.095,520.511,-1135.757,0.0163,-0.01141,1.974,1.909,4.602,0.0,0.066,0.018,102.53,-0.000899,15.01
134.146,521.873,-1135.85,-0.0,-0.01136,2.389,2.243,6.034,0.0,0.147,0.015,102.29,-0.000396,15.44
134.193,523.232,-1135.944,-0.015,-0.01311,3.425,2.686,6.68,0.0,0.739,0.027,102.05,0.000279,12.9
134.246,524.672,-1136.043,-0.0332,-0.01372,4.068,3.185,8.874,0.0,0.883,0.0232,101.82,0.000422,15.13
134.296,526.194,-1136.146,-0.0527,-0.01319,3.102,3.661,9.973,0.0,-0.559,0.0142,101.56,0.000478,15.1
134.348,527.543,-1136.236,-0.0691,-0.01182,4.286,3.901,9.518,0.0,0.385,-0.0162,101.31,-0.001206,16.27
134.395,528.889,-1136.323,-0.0838,-0.00969,3.736,3.84,4.811,0.0,-0.104,-0.0338,101.06,-0.001206,13.57
134.447,530.316,-1136.412,-0.097,-0.0089,3.263,3.757,-1.231,0.0,-0.494,-0.0051,100.8,0.00032,15.13
134.496,531.823,-1136.502,-0.108,-0.00555,3.043,3.386,-1.659,0.0,-0.343,-0.0431,100.52,-0.001086,13.07
134.55,533.159,-1136.578,-0.1134,-0.00249,1.389,2.795,-7.42,0.0,-1.405,-0.0437,100.25,7.1e-05,16.94
134.598,534.492,-1136.65,-0.1145,0.00167,1.104,1.941,-11.828,0.0,-0.837,-0.0573,99.97,-0.000545,15.31
134.652,535.988,-1136.726,-0.1101,0.00469,-0.336,1.058,-17.074,0.0,-1.393,-0.0339,99.73,-0.000129,18.44
134.699,537.397,-1136.794,-0.1016,0.00823,-2.641,0.161,-17.664,0.0,-2.802,-0.0327,99.49,-0.00029,15.63
134.751,538.72,-1136.854,-0.0891,0.01109,-1.759,-0.954,-17.937,0.0,-0.805,-0.0617,99.23,-0.000416,17.41
134.799,540.04,-1136.911,-0.073,0.01204,-2.769,-1.986,-22.291,0.0,-0.783,-0.0274,98.97,0.001153,15.05
134.848,541.522,-1136.974,-0.0546,0.01461,-4.498,-2.723,-20.639,0.0,-1.775,0.0051,98.69,-7.5e-05,13.06
134.896,542.835,-1137.028,-0.035,0.01598,-5.215,-3.294,-14.754,0.0,-1.92,-0.0024,98.45,-9e-05,11.34
134.949,544.145,-1137.08,-0.0131,0.01561,-5.305,-3.517,-11.415,0.0,-1.788,0.0287,98.21,0.000433,13.43
135.003,545.696,-1137.143,0.0121,0.01456,-3.051,-3.706,-4.448,0.0,0.656,-0.0032,97.97,0.000356,18.12
135.049,547.0,-1137.198,0.0302,0.01405,-3.008,-3.862,-3.792,0.0,0.855,-0.0019,97.79,0.000356,13.4
135.105,548.301,-1137.253,0.0474,0.01204,-4.38,-3.704,-3.122,0.0,-0.676,0.0385,97.63,-0.000351,18.89
135.15,549.763,-1137.317,0.0639,0.01194,-2.712,-3.656,3.167,0.0,0.944,-0.0099,97.47,-0.000395,13.25
135.202,551.141,-1137.381,0.0785,0.00884,-3.275,-3.369,0.957,0.0,0.093,0.0351,97.32,-0.000613,15.23
135.248,552.436,-1137.444,0.0881,0.00765,-2.203,-3.031,5.748,0.0,0.828,0.017,97.15,-0.001087,11.01
135.304,553.728,-1137.511,0.0962,0.00473,-1.868,-2.725,6.749,0.0,0.857,0.0075,96.95,-0.000893,16.85
135.351,555.178,-1137.59,0.1004,0.00255,-1.02,-2.502,6.131,0.0,1.482,-0.001,96.69,-0.002532,13.4
135.403,556.463,-1137.665,0.1015,-0.00036,0.031,-1.966,4.453,0.0,1.997,0.0516,96.45,-0.003376,14.78
135.452,557.825,-1137.748,0.0986,-0.00287,-1.112,-1.132,10.728,0.0,0.02,0.0602,96.22,-0.004879,13.93
135.502,559.104,-1137.829,0.0933,-0.00576,-0.177,-0.246,16.673,0.0,0.069,0.0364,95.97,-0.004879,13.56
135.554,560.539,-1137.924,0.0838,-0.00723,1.861,0.351,17.713,0.0,1.51,-0.0094,95.73,-0.004336,15.07
135.608,561.89,-1138.016,0.0719,-0.01081,3.08,1.051,11.942,0.0,2.029,0.0352,95.45,-0.005018,18.15
135.652,563.157,-1138.105,0.057,-0.01192,2.878,1.922,13.999,0.0,0.957,0.0483,95.1,-0.006323,11.55
135.702,564.497,-1138.2,0.0397,-0.01268,3.331,2.747,17.417,0.0,0.584,0.0241,94.61,-0.006579,11.66
135.761,565.829,-1138.296,0.0224,-0.01359,4.624,3.45,16.51,0.0,1.174,0.0117,93.91,-0.00722,19.64
135.806,567.15,-1138.39,0.0049,-0.01415,4.997,4.116,14.058,0.0,0.881,0.0195,93.12,-0.007695,15.15
135.858,568.382,-1138.478,-0.0125,-0.01294,5.021,4.551,13.331,0.0,0.47,-0.0091,92.21,-0.009017,16.51
135.908,569.677,-1138.568,-0.0283,-0.01162,4.738,4.743,8.692,0.0,-0.005,-0.0187,91.09,-0.009017,16.55
135.958,570.954,-1138.656,-0.0421,-0.00935,4.718,4.812,3.836,0.0,-0.094,-0.0105,89.72,-0.010301,16.98
136.008,572.211,-1138.74,-0.0527,-0.00673,3.722,5.216,1.372,0.0,-1.494,0.0493,88.27,-0.010896,16.74
136.057,573.373,-1138.816,-0.0598,-0.00286,4.528,5.547,8.093,0.0,-1.019,0.0038,86.59,-0.01255,14.77
136.107,574.585,-1138.892,-0.0624,0.00146,4.126,5.616,6.614,0.0,-1.491,-0.0249,84.96,-0.012878,14.73
136.156,575.775,-1138.962,-0.0588,0.00497,2.871,5.213,1.388,0.0,-2.342,-0.0636,83.35,-0.012878,13.0
136.214,576.873,-1139.023,-0.0506,0.01268,1.901,3.985,-8.065,0.0,-2.085,-0.1292,81.82,-0.013189,20.58
136.283,578.018,-1139.082,-0.0345,0.02268,-2.601,1.98,-24.554,0.0,-4.581,-0.1514,80.06,-0.013961,35.87
136.316,579.206,-1139.137,-0.0091,0.03476,-6.558,-0.649,-40.109,0.0,-5.909,-0.1571,78.43,-0.01512,18.89
136.36,580.24,-1139.181,0.0289,0.03886,-8.644,-3.15,-52.582,0.0,-5.494,-0.0738,76.79,-0.01512,12.39
136.416,581.379,-1139.224,0.0759,0.04924,-11.673,-5.947,-50.014,0.0,-5.726,-0.1286,75.17,-0.015609,17.86
136.467,582.431,-1139.26,0.1267,0.05984,-16.279,-9.335,-55.936,0.0,-6.944,-0.1802,73.62,-0.016968,18.29
136.512,583.399,-1139.291,0.1861,0.06173,-18.058,-12.286,-67.764,0.0,-5.771,-0.0573,71.97,-0.016968,13.36
136.566,584.348,-1139.32,0.2453,0.0722,-22.56,-15.486,-59.029,0.0,-7.074,-0.1377,70.36,-0.018292,16.97
136.618,585.446,-1139.353,0.3213,0.08211,-27.51,-19.26,-63.992,0.0,-8.25,-0.1919,68.58,-0.020732,18.84
136.665,586.347,-1139.381,0.3948,0.08041,-28.451,-22.205,-75.484,0.0,-6.245,-0.016,66.75,-0.020732,15.94
136.714,587.225,-1139.411,0.4622,0.08723,-31.281,-24.885,-58.9,0.0,-6.397,-0.0658,65.14,-0.023425,14.24
136.765,588.081,-1139.444,0.535,0.08206,-30.927,-26.637,-53.594,0.0,-4.29,0.0359,63.34,-0.023425,15.45
136.817,589.017,-1139.485,0.6109,0.08741,-33.708,-28.695,-35.047,0.0,-5.013,-0.1038,61.57,-0.025623,16.19
136.867,589.874,-1139.528,0.6768,0.09584,-38.932,-31.692,-41.158,0.0,-7.24,-0.203,59.71,-0.027727,16.43
136.918,590.658,-1139.573,0.7484,0.08559,-36.493,-33.092,-59.943,0.0,-3.401,0.1185,57.99,-0.027727,16.7
136.967,591.513,-1139.631,0.8106,0.09001,-38.67,-34.636,-27.988,0.0,-4.034,-0.069,56.41,-0.030127,14.9
137.02,592.295,-1139.695,0.8758,0.0767,-34.636,-34.682,-30.879,0.0,0.046,0.1552,54.76,-0.030127,18.44
137.068,593.011,-1139.763,0.9184,0.07793,-36.828,-35.1,-0.927,0.0,-1.728,-0.0535,53.23,-0.03145,16.03
137.122,593.706,-1139.84,0.9676,0.06039,-30.169,-33.525,-8.36,0.0,3.357,0.2636,51.71,-0.03145,19.56
137.172,594.465,-1139.938,0.9976,0.06188,-32.182,-32.578,31.494,0.0,0.396,-0.0327,50.44,-0.03184,19.1
137.225,595.164,-1140.044,1.0333,0.03949,-21.708,-28.974,18.944,0.0,7.266,0.404,49.77,-0.03184,21.65
137.272,595.817,-1140.157,1.0384,0.03569,-19.003,-24.962,72.078,0.0,5.959,0.1828,49.57,-0.032674,18.1
137.326,596.505,-1140.293,1.0561,0.01385,-7.915,-18.956,80.244,0.0,11.041,0.4184,49.41,-0.032674,22.01
137.372,597.147,-1140.432,1.0594,-0.00457,1.693,-11.429,120.12,0.0,13.121,0.4221,49.28,-0.032674,17.98
137.421,597.826,-1140.593,1.0469,-0.00107,1.417,-6.472,150.549,0.0,7.889,-0.0962,49.15,-0.031866,16.98
137.469,598.46,-1140.752,1.0425,-0.0131,7.824,-1.815,99.128,0.0,9.64,0.1312,49.03,-0.031866,14.79
137.524,599.171,-1140.939,1.023,1e-05,1.743,-0.239,93.133,0.0,1.982,-0.2675,48.94,-0.031443,19.08
137.57,599.84,-1141.119,1.0211,-0.00533,4.574,1.123,31.535,0.0,3.45,0.0251,48.84,-0.031443,14.93
137.624,600.467,-1141.292,1.0048,0.01399,-3.815,-0.308,27.243,0.0,-3.507,-0.3425,48.74,-0.027633,18.26
137.673,601.131,-1141.476,1.0133,0.01195,-2.942,-1.564,-28.633,0.0,-1.378,-0.0254,48.64,-0.027633,17.76
137.724,601.794,-1141.662,1.0046,0.03336,-12.647,-4.987,-25.109,0.0,-7.66,-0.3465,48.55,-0.02247,17.98
137.774,602.455,-1141.849,1.0265,0.02977,-11.195,-7.323,-68.468,0.0,-3.871,0.0323,48.43,-0.02247,17.46
137.825,603.114,-1142.038,1.0452,0.02568,-9.403,-7.77,-46.729,0.0,-1.634,0.1824,48.34,-0.02247,18.47
137.878,603.771,-1142.23,1.0568,0.04642,-17.788,-10.474,-8.921,0.0,-7.314,-0.3309,48.23,-0.022935,20.58
137.925,604.425,-1142.424,1.0865,0.04077,-15.329,-12.256,-54.092,0.0,-3.073,0.0344,48.18,-0.022935,18.0
137.971,605.0,-1142.6,1.0971,0.06157,-23.359,-15.588,-35.646,0.0,-7.771,-0.2785,48.13,-0.021185,13.33
138.032,605.651,-1142.803,1.1368,0.05354,-19.801,-17.155,-66.628,0.0,-2.646,0.1301,48.09,-0.021185,23.76
138.077,606.299,-1143.011,1.1509,0.07547,-29.123,-20.645,-31.34,0.0,-8.478,-0.3232,48.03,-0.019903,18.72
138.131,606.944,-1143.226,1.1987,0.06457,-24.198,-22.075,-69.794,0.0,-2.122,0.1657,47.97,-0.019903,22.94
138.176,607.586,-1143.449,1.2386,0.0525,-18.479,-20.495,-28.616,0.0,2.016,0.3705,47.93,-0.019903,16.79
138.228,608.187,-1143.665,1.2616,0.07569,-28.805,-22.331,31.609,0.0,-6.474,-0.4219,47.84,-0.019309,18.48
138.279,608.821,-1143.901,1.3095,0.06413,-23.526,-23.021,-36.724,0.0,-0.505,0.096,47.79,-0.019309,19.38
138.325,609.489,-1144.161,1.3362,0.08919,-34.499,-26.396,-13.797,0.0,-8.104,-0.399,47.74,-0.017834,14.66
138.383,610.042,-1144.385,1.3854,0.07419,-27.339,-27.106,-67.499,0.0,-0.233,0.2542,47.74,-0.017834,22.05
138.431,610.702,-1144.663,1.4079,0.09988,-39.801,-30.779,-14.207,0.0,-9.022,-0.4384,47.75,-0.016481,20.12
138.484,611.248,-1144.904,1.4635,0.08408,-32.339,-31.864,-73.445,0.0,-0.476,0.2331,47.76,-0.016481,23.09
138.531,611.898,-1145.205,1.5176,0.06528,-23.236,-28.702,-21.701,0.0,5.466,0.5551,47.75,-0.016481,19.62
138.583,612.543,-1145.518,1.5499,0.09318,-38.187,-29.518,63.23,0.0,-8.67,-0.4449,47.77,-0.012775,21.74
138.633,613.075,-1145.787,1.6008,0.07605,-29.916,-30.061,-16.311,0.0,0.145,0.0095,47.79,-0.012775,21.09
138.683,613.709,-1146.122,1.6288,0.10631,-45.467,-35.032,-10.867,0.0,-10.435,-0.6372,47.8,-0.007969,20.86
138.731,614.267,-1146.431,1.6904,0.0873,-36.413,-36.464,-99.417,0.0,0.051,0.3205,47.81,-0.007969,18.86
138.787,614.82,-1146.749,1.7028,0.11547,-52.593,-41.144,-28.649,0.0,-11.449,-0.5034,47.8,-0.004262,23.99
138.832,615.433,-1147.12,1.7787,0.09433,-42.707,-42.312,-93.598,0.0,-0.395,0.327,47.8,-0.004262,18.38
138.889,615.971,-1147.462,1.8322,0.07118,-31.352,-38.245,-23.355,0.0,6.893,0.6901,47.78,-0.004262,25.4
138.939,616.501,-1147.815,1.853,0.09849,-46.783,-37.414,81.34,0.0,-9.369,-0.3099,47.77,-0.000791,24.29
138.982,617.121,-1148.249,1.9196,0.0763,-36.135,-37.591,16.622,0.0,1.456,-0.1117,47.77,-0.000791,17.6
139.038,617.634,-1148.626,1.9317,0.10276,-55.097,-43.901,-3.54,0.0,-11.196,-0.8625,47.79,0.003976,22.93
139.087,618.202,-1149.063,1.9971,0.07926,-43.763,-47.648,-126.198,0.0,3.886,0.1375,47.78,0.003976,21.52
139.134,618.696,-1149.464,2.0392,0.05297,-30.507,-42.558,-74.953,0.0,12.051,1.1032,47.76,0.003976,18.16
139.188,619.181,-1149.878,2.0551,0.07447,-48.683,-38.001,101.805,0.0,-10.682,0.1032,47.74,0.00747,22.06
139.232,619.655,-1150.302,2.0964,0.05154,-37.148,-37.285,91.134,0.0,0.136,-0.3771,47.74,0.00747,15.44
139.284,620.206,-1150.82,2.1083,0.0703,-46.761,-40.903,14.333,0.0,-5.857,-0.5803,47.77,0.011015,16.8
139.338,620.66,-1151.267,2.1452,0.04587,-34.325,-40.611,-72.373,0.0,6.287,0.4197,47.79,0.011015,20.39
139.383,621.103,-1151.725,2.1413,0.05425,-40.916,-40.2,5.836,0.0,-0.716,0.0269,47.78,0.016617,15.5
139.438,621.588,-1152.253,2.1724,0.03111,-29.045,-36.614,8.237,0.0,7.569,0.4575,47.79,0.016617,20.56
139.488,622.007,-1152.733,2.1845,0.00725,-16.399,-29.453,71.715,0.0,13.054,0.6244,47.81,0.016617,19.78
139.543,622.417,-1153.222,2.1701,0.01965,-24.356,-26.746,143.226,0.0,2.39,-0.3721,47.85,0.019031,24.72
139.59,622.891,-1153.813,2.1779,-0.00022,-13.753,-22.948,54.124,0.0,9.195,0.247,47.89,0.019031,21.09
139.639,623.256,-1154.288,2.1532,0.01455,-21.937,-22.272,75.974,0.0,0.335,-0.3034,47.94,0.01982,19.81
139.697,623.638,-1154.801,2.1578,-0.00243,-12.816,-19.695,13.519,0.0,6.879,0.289,48.0,0.01982,27.84
139.739,624.059,-1155.386,2.1509,-0.01874,-3.849,-14.226,51.532,0.0,10.377,0.4938,48.07,0.01982,18.86
139.791,624.448,-1155.945,2.1288,-0.00177,-14.325,-13.472,109.38,0.0,-0.854,-0.4674,48.15,0.021967,20.41
139.839,624.786,-1156.444,2.1248,-0.01335,-7.931,-12.311,15.092,0.0,4.38,0.083,48.25,0.021967,18.7
139.89,625.186,-1157.048,2.1004,0.00521,-19.037,-14.598,23.211,0.0,-4.439,-0.4408,48.33,0.026674,19.63
139.945,625.558,-1157.624,2.1006,-0.00534,-13.279,-15.043,-45.739,0.0,1.764,0.1774,48.44,0.026674,24.03
139.989,625.925,-1158.205,2.0774,0.01072,-25.939,-18.71,-8.899,0.0,-7.228,-0.4655,48.53,0.02841,18.2
140.041,626.286,-1158.791,2.0812,-0.00039,-19.968,-20.214,-73.351,0.0,0.246,0.1741,48.63,0.02841,19.87
140.088,626.641,-1159.382,2.0575,0.01278,-32.429,-24.213,-30.07,0.0,-8.216,-0.4009,48.71,0.029221,15.86
140.146,626.989,-1159.979,2.0617,-0.00033,-25.45,-25.505,-79.98,0.0,0.055,0.2384,48.79,0.029221,23.18
140.19,627.329,-1160.582,2.0561,-0.01481,-17.562,-22.914,-25.84,0.0,5.352,0.4971,48.88,0.029221,17.09
140.239,627.641,-1161.154,2.0359,-0.00993,-24.329,-22.84,51.829,0.0,-1.489,-0.2612,48.95,0.029086,15.36
140.295,627.966,-1161.768,2.0247,-0.02321,-17.008,-21.51,1.461,0.0,4.502,0.1781,49.04,0.029086,21.35
140.342,628.264,-1162.35,1.9994,-0.02383,-20.469,-21.293,26.607,0.0,0.824,-0.109,49.13,0.028127,18.55
140.394,628.555,-1162.938,1.9799,-0.0368,-13.205,-19.218,4.346,0.0,6.013,0.2669,49.21,0.028127,19.8
140.444,628.893,-1163.641,1.9425,-0.04318,-15.014,-17.69,41.492,0.0,2.675,-0.0038,49.32,0.024629,19.15
140.494,629.17,-1164.238,1.9101,-0.05495,-8.181,-14.828,30.572,0.0,6.647,0.2394,49.42,0.024629,19.34
140.544,629.441,-1164.839,1.8705,-0.0659,-1.686,-10.439,57.226,0.0,8.754,0.3132,49.52,0.024629,18.94
140.595,629.74,-1165.52,1.8183,-0.0733,-1.187,-7.151,87.778,0.0,5.963,-0.0004,49.62,0.020057,19.76
140.645,630.001,-1166.129,1.7672,-0.0804,3.435,-3.882,65.777,0.0,7.317,0.1119,49.72,0.020057,18.77
140.694,630.259,-1166.74,1.7138,-0.09142,5.75,-1.127,65.366,0.0,6.877,0.0424,49.83,0.018296,17.26
140.742,630.548,-1167.431,1.644,-0.09506,8.832,1.623,55.103,0.0,7.209,0.0954,49.94,0.018296,15.1
140.795,630.803,-1168.047,1.5839,-0.10758,9.446,4.058,54.996,0.0,5.388,0.0521,50.04,0.018335,17.99
140.846,631.058,-1168.664,1.512,-0.10779,10.735,6.055,48.712,0.0,4.68,0.0238,50.17,0.018335,19.11
140.895,631.346,-1169.361,1.4386,-0.12295,16.828,9.576,39.942,0.0,7.252,0.2824,50.26,0.017087,18.23
140.947,631.604,-1169.98,1.3572,-0.11958,16.379,12.2,70.405,0.0,4.179,-0.0022,50.39,0.017087,19.42
140.996,631.898,-1170.676,1.2815,-0.13963,26.974,16.878,52.487,0.0,10.096,0.3783,50.5,0.015399,18.04
141.047,632.181,-1171.334,1.1845,-0.13178,24.469,19.8,93.557,0.0,4.669,-0.0818,50.56,0.015399,18.65
141.096,632.453,-1171.952,1.1172,-0.15073,32.606,23.363,58.446,0.0,9.243,0.1914,50.65,0.013096,17.28
141.147,632.75,-1172.605,1.0133,-0.13877,28.107,24.704,71.249,0.0,3.403,-0.1858,50.71,0.013096,18.09
141.197,633.037,-1173.218,0.9454,-0.15509,31.692,26.506,26.829,0.0,5.186,0.1111,50.79,0.014207,17.11
141.247,633.37,-1173.904,0.8324,-0.14155,26.536,26.471,36.035,0.0,0.064,-0.1935,50.84,0.014207,17.29
141.302,633.675,-1174.51,0.7418,-0.12644,20.213,23.955,-0.69,0.0,-3.742,-0.3477,50.91,0.014207,21.95
141.354,634.009,-1175.149,0.6579,-0.14488,28.791,24.825,-50.32,0.0,3.966,0.3848,50.98,0.013024,23.82
141.406,634.353,-1175.785,0.5584,-0.13045,22.954,24.601,17.385,0.0,-1.647,-0.1222,51.06,0.013024,24.9
141.453,634.707,-1176.416,0.4742,-0.15656,36.538,28.191,-4.47,0.0,8.348,0.5246,51.11,0.012819,22.22
141.502,635.07,-1177.043,0.367,-0.14096,30.253,29.562,71.792,0.0,0.691,-0.1844,51.18,0.012819,20.69
141.555,635.4,-1177.592,0.2939,-0.16679,44.604,34.109,27.427,0.0,10.494,0.4913,51.23,0.011942,22.93
141.6,635.784,-1178.208,0.1785,-0.14842,37.094,35.756,90.948,0.0,1.338,-0.2463,51.28,0.011942,17.66
141.657,636.181,-1178.817,0.0915,-0.17185,51.444,40.705,32.927,0.0,10.739,0.5187,51.3,0.0115,24.22
141.706,636.59,-1179.417,-0.0267,-0.15174,43.14,42.489,98.992,0.0,0.651,-0.2693,51.32,0.0115,22.82
141.755,637.013,-1180.009,-0.1107,-0.17257,59.236,47.97,35.673,0.0,11.267,0.5785,51.34,0.010809,21.07
141.802,637.45,-1180.591,-0.2276,-0.14828,48.867,49.568,109.613,0.0,-0.702,-0.3508,51.34,0.010809,17.88
141.854,637.928,-1181.194,-0.3129,-0.16436,63.981,53.904,31.968,0.0,10.077,0.438,51.31,0.009461,19.84
141.903,638.339,-1181.686,-0.4099,-0.1377,52.123,54.14,86.719,0.0,-2.017,-0.4211,51.28,0.009461,18.5
141.96,638.818,-1182.231,-0.4781,-0.14859,60.927,55.644,4.727,0.0,5.283,0.1851,51.23,0.007838,25.35
142.009,639.342,-1182.792,-0.581,-0.1205,48.416,53.472,30.064,0.0,-5.056,-0.4606,51.18,0.007838,24.25
142.056,639.791,-1183.248,-0.6266,-0.12142,49.631,51.541,-43.427,0.0,-1.91,-0.0423,51.11,0.007926,20.66
142.111,640.344,-1183.778,-0.7098,-0.09267,36.383,46.529,-38.624,0.0,-10.146,-0.4975,51.06,0.007926,25.06
142.186,640.944,-1184.319,-0.7524,-0.08738,35.97,42.392,-100.236,0.0,-6.422,-0.0529,50.99,0.008293,39.81
142.241,641.527,-1184.813,-0.81,-0.05949,22.633,35.91,-82.748,0.0,-13.277,-0.4717,50.95,0.008293,44.48
142.276,642.091,-1185.264,-0.8436,-0.03369,9.905,26.802,-129.632,0.0,-16.897,-0.593,50.93,0.008293,29.01
142.314,642.632,-1185.674,-0.8552,-0.03608,13.426,21.675,-182.166,0.0,-8.248,0.2379,50.92,0.009199,16.53
142.367,643.217,-1186.096,-0.874,-0.0152,2.945,16.044,-102.547,0.0,-13.1,-0.2492,50.94,0.009199,19.5
142.42,643.81,-1186.507,-0.8732,-0.02146,9.006,13.093,-112.609,0.0,-4.087,0.1775,50.95,0.009158,22.49
142.47,644.411,-1186.907,-0.8826,-0.00461,0.444,8.98,-59.033,0.0,-8.536,-0.2651,50.99,0.009158,21.72
142.514,645.019,-1187.297,-0.8735,-0.0118,2.613,6.551,-82.254,0.0,-3.939,0.0916,51.03,0.009717,15.05
142.566,645.561,-1187.634,-0.8769,0.00131,-4.119,3.262,-48.568,0.0,-7.381,-0.205,51.08,0.009717,17.5
142.619,646.181,-1188.01,-0.8638,-0.00807,1.942,2.448,-65.79,0.0,-0.506,0.2308,51.15,0.0095,19.45
142.672,646.841,-1188.401,-0.8672,-0.00041,-1.982,1.281,-16.283,0.0,-3.263,-0.0776,51.22,0.0095,21.91
142.721,647.468,-1188.768,-0.8544,-0.01638,6.244,2.812,-23.333,0.0,3.432,0.336,51.3,0.009145,21.29
142.771,648.098,-1189.131,-0.8646,-0.01191,4.069,3.773,30.622,0.0,0.296,-0.0261,51.38,0.009145,20.78
142.82,648.731,-1189.492,-0.8604,-0.02764,13.097,6.777,19.221,0.0,6.321,0.3187,51.47,0.008751,19.9
142.868,649.291,-1189.81,-0.8768,-0.02347,11.18,8.707,60.065,0.0,2.473,-0.0449,51.55,0.008751,17.27
142.919,649.929,-1190.167,-0.8782,-0.03791,19.078,12.044,38.614,0.0,7.033,0.2638,51.63,0.008605,17.67
142.97,650.569,-1190.521,-0.9037,-0.03178,16.298,13.856,66.744,0.0,2.442,-0.0965,51.72,0.008605,19.23
143.024,651.213,-1190.872,-0.9244,-0.02422,12.732,13.412,36.239,0.0,-0.68,-0.2518,51.78,0.008605,22.58
143.067,651.861,-1191.218,-0.9384,-0.03421,18.834,14.888,-8.884,0.0,3.946,0.2526,51.87,0.007935,15.66
143.121,652.474,-1191.539,-0.9598,-0.02647,15.194,15.438,29.52,0.0,-0.244,-0.0778,51.94,0.007935,19.06
143.17,653.129,-1191.876,-0.9735,-0.0353,21.504,17.456,10.994,0.0,4.047,0.2243,52.02,0.006823,16.91
143.221,653.788,-1192.207,-0.9962,-0.02568,16.923,17.789,40.369,0.0,-0.866,-0.1649,52.11,0.006823,18.56
143.276,654.451,-1192.532,-1.0079,-0.03164,22.085,18.938,6.657,0.0,3.147,0.1256,52.18,0.004178,23.24
143.327,655.119,-1192.85,-1.0276,-0.02143,17.166,18.54,22.985,0.0,-1.374,-0.176,52.27,0.004178,23.87
143.376,655.791,-1193.162,-1.0349,-0.02454,18.701,18.292,-7.97,0.0,0.409,0.007,52.34,0.003433,22.3
143.421,656.468,-1193.466,-1.0486,-0.01303,13.047,16.55,-4.968,0.0,-3.503,-0.2172,52.42,0.003433,16.54
143.47,657.15,-1193.763,-1.0498,-0.01314,12.628,14.819,-34.834,0.0,-2.191,-0.0593,52.49,0.002553,15.77
143.524,657.835,-1194.053,-1.0555,-0.00274,7.422,12.18,-34.621,0.0,-4.758,-0.1872,52.58,0.002553,19.67
143.573,658.444,-1194.303,-1.0488,-0.00542,7.508,10.343,-52.778,0.0,-2.835,0.0198,52.67,0.002764,18.12
143.625,659.137,-1194.581,-1.0498,0.00343,3.022,7.952,-36.743,0.0,-4.931,-0.1414,52.76,0.002764,20.22
143.67,659.834,-1194.853,-1.038,-0.0016,5.379,6.774,-47.815,0.0,-1.395,0.0859,52.86,0.002086,14.67
143.724,660.492,-1195.106,-1.0371,0.00456,2.232,5.3,-23.558,0.0,-3.068,-0.0825,52.94,0.002086,18.25
143.774,661.237,-1195.386,-1.0239,-0.00308,5.129,5.085,-29.481,0.0,0.044,0.1243,53.04,0.002334,18.32
143.823,661.942,-1195.646,-1.024,0.00171,2.686,4.463,-4.312,0.0,-1.777,-0.0642,53.14,0.002334,17.47
143.876,662.567,-1195.874,-1.0128,-0.00732,7.248,5.271,-12.426,0.0,1.977,0.1778,53.26,0.001875,19.61
143.928,663.277,-1196.13,-1.0171,-0.00311,5.173,5.511,16.146,0.0,-0.337,-0.051,53.34,0.001875,22.11
143.976,664.032,-1196.397,-1.0093,-0.01409,10.918,7.213,4.802,0.0,3.705,0.2126,53.44,0.001056,18.93
144.024,664.663,-1196.618,-1.0173,-0.00943,8.676,8.034,34.051,0.0,0.642,-0.0636,53.53,0.001056,17.54
144.074,665.38,-1196.866,-1.013,-0.01873,13.699,9.779,16.426,0.0,3.919,0.1576,53.57,0.000383,17.28
144.127,666.141,-1197.125,-1.0266,-0.01398,11.509,10.575,34.897,0.0,0.934,-0.0716,53.64,0.000383,19.26
144.176,666.862,-1197.365,-1.0264,-0.02276,16.014,12.258,15.919,0.0,3.756,0.1516,53.69,-6.8e-05,18.13
144.226,667.542,-1197.588,-1.0403,-0.01672,13.204,12.812,33.659,0.0,0.392,-0.0989,53.73,-6.8e-05,17.98
144.274,668.31,-1197.834,-1.0421,-0.02282,17.06,14.094,11.084,0.0,2.966,0.1209,53.78,-0.000434,14.71
144.33,668.952,-1198.034,-1.0542,-0.0134,12.55,13.82,25.629,0.0,-1.269,-0.1725,53.81,-0.000434,20.87
144.379,669.725,-1198.267,-1.0525,-0.01797,16.117,14.569,-5.488,0.0,1.549,0.1333,53.9,-0.000729,18.93
144.428,670.458,-1198.482,-1.0634,-0.01058,12.59,14.374,14.982,0.0,-1.784,-0.1056,53.97,-0.000729,18.32
144.478,671.108,-1198.666,-1.0677,-0.00071,7.728,12.333,-3.895,0.0,-4.604,-0.2646,54.06,-0.000729,17.61
144.531,671.891,-1198.88,-1.0651,-0.00354,12.308,11.962,-40.826,0.0,0.346,0.162,54.17,0.000308,20.41
144.576,672.634,-1199.076,-1.0568,-0.00515,13.862,12.858,-7.409,0.0,1.004,0.1639,54.26,0.00027,15.03
144.63,673.379,-1199.266,-1.0574,0.00379,9.425,12.073,17.918,0.0,-2.648,-0.2034,54.35,0.00027,18.66
144.681,674.128,-1199.449,-1.0464,0.00616,9.156,10.786,-15.702,0.0,-1.63,-0.0974,54.44,0.000274,19.02
144.73,674.879,-1199.626,-1.0379,0.01482,4.743,8.62,-25.733,0.0,-3.878,-0.1677,54.52,0.000274,17.87
144.777,675.633,-1199.796,-1.0195,0.01726,2.986,6.592,-43.317,0.0,-3.606,-0.0565,54.61,-0.000628,15.04
144.826,676.389,-1199.962,-1.0033,0.02327,-0.215,4.339,-40.577,0.0,-4.555,-0.102,54.69,-0.000628,14.1
144.879,677.014,-1200.096,-0.9867,0.0285,-3.041,1.837,-45.046,0.0,-4.878,-0.1135,54.79,-0.000628,16.46
144.928,677.774,-1200.255,-0.9626,0.02855,-2.599,0.137,-50.038,0.0,-2.736,0.0246,54.89,-0.000407,14.66
144.977,678.627,-1200.43,-0.9336,0.0265,-2.348,-0.655,-34.004,0.0,-1.693,0.0674,55.01,-0.000472,13.72
145.028,679.391,-1200.586,-0.9119,0.02797,-3.398,-1.448,-15.843,0.0,-1.95,-0.0278,55.13,-0.000472,14.18
145.08,680.067,-1200.723,-0.8901,0.02553,-1.974,-1.604,-15.86,0.0,-0.37,0.0613,55.24,0.000236,16.43
145.13,680.79,-1200.869,-0.8713,0.02539,-2.198,-1.5,-3.111,0.0,-0.698,0.0308,55.37,0.000236,16.46
145.181,681.605,-1201.034,-0.8473,0.02158,0.3,-0.697,2.078,0.0,0.997,0.1012,55.5,-0.00101,17.18
145.228,682.376,-1201.191,-0.8302,0.02169,-0.018,-0.143,16.052,0.0,0.125,-0.0067,55.63,-0.00101,13.45
145.283,683.104,-1201.339,-0.8122,0.01949,1.603,0.542,11.075,0.0,1.061,0.0377,55.73,-0.001638,18.51
145.331,683.879,-1201.495,-0.7968,0.01974,1.248,0.953,13.702,0.0,0.295,-0.0143,55.84,-0.001638,15.94
145.386,684.609,-1201.642,-0.7804,0.01878,2.016,1.413,8.226,0.0,0.602,0.0212,55.96,-0.003722,20.41
145.428,685.387,-1201.798,-0.7646,0.01947,1.44,1.588,9.204,0.0,-0.147,-0.0238,56.07,-0.003722,12.46
145.481,686.167,-1201.954,-0.748,0.0193,1.727,1.673,3.488,0.0,0.054,-0.0063,56.19,-0.004001,15.29
145.529,686.948,-1202.11,-0.7328,0.0188,1.736,1.754,1.71,0.0,-0.019,0.0024,56.31,-0.004001,12.49
145.583,687.685,-1202.259,-0.7192,0.01928,1.666,1.452,1.627,0.0,0.213,-0.0507,56.42,-0.003465,16.13
145.629,688.47,-1202.417,-0.7042,0.01991,1.139,0.997,-6.043,0.0,0.142,-0.0319,56.54,-0.003465,11.86
145.687,689.303,-1202.583,-0.6881,0.01944,-0.161,0.555,-9.107,0.0,-0.716,-0.014,56.66,-0.004303,19.73
145.733,690.091,-1202.743,-0.6735,0.01822,0.209,0.399,-8.839,0.0,-0.19,0.0245,56.75,-0.004303,15.08
145.785,690.881,-1202.903,-0.6593,0.01934,-0.492,0.154,-3.113,0.0,-0.645,-0.018,56.9,-0.003619,16.5
145.833,691.625,-1203.053,-0.6445,0.01926,-0.664,-0.127,-4.915,0.0,-0.537,-0.0134,56.99,-0.003619,14.58
145.885,692.418,-1203.213,-0.6283,0.01876,-0.67,-0.089,-5.604,0.0,-0.581,0.0345,57.11,-0.00436,16.67
145.933,693.212,-1203.373,-0.6126,0.01871,-0.87,-0.055,0.742,0.0,-0.815,0.001,57.2,-0.00436,14.58
145.987,693.96,-1203.524,-0.5981,0.01848,0.15,-0.025,0.694,0.0,0.174,0.0006,57.29,-0.003775,18.0
146.031,694.757,-1203.685,-0.5833,0.01889,-0.253,-0.134,0.603,0.0,-0.119,-0.0184,57.38,-0.003775,11.9
146.088,695.507,-1203.837,-0.569,0.01883,-0.702,-0.36,-2.19,0.0,-0.342,-0.0201,57.48,-0.003815,17.84
146.131,696.307,-1203.998,-0.5541,0.01911,-1.045,-0.631,-4.516,0.0,-0.414,-0.0142,57.6,-0.003815,10.5
146.188,697.154,-1204.169,-0.5381,0.0204,-1.793,-1.217,-5.418,0.0,-0.576,-0.0534,57.7,-0.002906,16.78
146.239,697.957,-1204.331,-0.5224,0.02119,-3.259,-1.665,-11.714,0.0,-1.593,-0.0013,57.84,-0.002462,17.2
146.286,698.714,-1204.484,-0.5066,0.02074,-3.264,-1.897,-8.971,0.0,-1.367,0.0145,57.96,-0.002462,14.04
146.338,699.52,-1204.646,-0.4901,0.02055,-1.86,-1.686,-4.645,0.0,-0.174,0.0539,58.1,-0.001372,15.72
146.386,700.328,-1204.81,-0.4738,0.01995,-1.803,-1.46,4.231,0.0,-0.343,0.0094,58.26,-0.001372,13.31
146.443,701.091,-1204.964,-0.4582,0.01867,-0.641,-0.592,4.519,0.0,-0.049,0.0975,58.38,-0.002279,20.25
146.487,701.902,-1205.13,-0.4434,0.01886,-0.928,0.038,17.359,0.0,-0.967,-0.0029,58.54,-0.002279,13.58
146.543,702.668,-1205.286,-0.4298,0.02072,0.603,0.289,12.608,0.0,0.314,-0.0311,58.7,-0.001336,19.36
146.586,703.484,-1205.452,-0.413,0.02077,0.355,0.329,5.005,0.0,0.025,-0.0205,58.84,-0.001336,12.1
146.64,704.302,-1205.618,-0.3964,0.0235,-0.779,-0.165,0.816,0.0,-0.614,-0.0733,58.99,-0.000188,16.52
146.688,705.074,-1205.774,-0.3776,0.0236,-1.068,-0.679,-9.89,0.0,-0.39,-0.0199,59.17,-0.000188,13.94
146.741,705.897,-1205.941,-0.3588,0.02888,-4.4,-1.711,-10.269,0.0,-2.689,-0.0904,59.35,0.000778,17.33
146.788,706.722,-1206.109,-0.3351,0.02773,-4.167,-2.444,-20.655,0.0,-1.723,0.0058,59.52,0.000778,13.68
146.84,707.55,-1206.279,-0.3126,0.03223,-5.472,-3.587,-14.655,0.0,-1.885,-0.0829,59.71,-0.00026,15.35
146.892,708.38,-1206.45,-0.2899,0.03582,-8.231,-5.025,-22.867,0.0,-3.206,-0.081,59.9,0.000287,16.97
146.939,709.163,-1206.614,-0.2621,0.03297,-7.258,-5.689,-28.756,0.0,-1.568,0.0578,60.1,0.000287,14.03
146.993,709.997,-1206.791,-0.2389,0.03621,-8.083,-6.527,-13.287,0.0,-1.556,-0.0474,60.3,-0.000764,17.46
147.039,710.833,-1206.971,-0.2091,0.03301,-6.98,-6.882,-16.756,0.0,-0.098,0.0381,60.47,-0.000764,13.57
147.092,711.671,-1207.155,-0.1843,0.03459,-8.704,-7.406,-7.103,0.0,-1.298,-0.0359,60.66,-0.000533,15.93
147.144,712.511,-1207.342,-0.1562,0.0301,-6.997,-7.308,-10.476,0.0,0.312,0.0685,60.86,-0.000533,17.33
147.195,713.353,-1207.535,-0.1333,0.0323,-8.197,-7.714,1.956,0.0,-0.482,-0.0669,61.05,-0.000997,18.36
147.244,714.197,-1207.732,-0.1074,0.02787,-6.499,-7.636,-8.115,0.0,1.137,0.0534,61.23,-0.000997,16.81
147.295,715.042,-1207.933,-0.0853,0.02873,-8.256,-7.912,1.556,0.0,-0.344,-0.0466,61.42,-0.000452,17.94
147.342,715.84,-1208.127,-0.0678,0.02916,-9.181,-8.65,-5.504,0.0,-0.531,-0.0743,61.62,-0.000876,14.56
147.394,716.688,-1208.338,-0.0444,0.02392,-7.097,-8.527,-14.773,0.0,1.43,0.0945,61.81,-0.000876,16.02
147.447,717.538,-1208.555,-0.0279,0.02281,-8.127,-7.991,2.456,0.0,-0.135,0.062,62.0,-0.00056,18.6
147.498,718.289,-1208.751,-0.0121,0.01747,-5.922,-6.94,10.724,0.0,1.018,0.0907,62.18,-0.00056,19.31
147.547,719.142,-1208.978,0.0001,0.0157,-4.141,-6.133,21.03,0.0,1.991,0.0026,62.39,-0.00092,18.14
147.597,719.996,-1209.21,0.0121,0.01053,-1.981,-5.015,16.14,0.0,3.033,0.0716,62.59,-0.00092,17.95
147.647,720.852,-1209.447,0.0197,0.00785,-2.041,-4.257,22.363,0.0,2.215,-0.0112,62.79,-0.00067,17.51
147.698,721.76,-1209.703,0.0231,0.00717,-3.193,-4.151,15.162,0.0,0.958,-0.0646,62.97,-0.000914,18.05
147.746,722.619,-1209.95,0.0276,0.0033,-1.538,-3.634,2.115,0.0,2.096,0.0611,63.17,-0.000914,15.51
147.796,723.48,-1210.2,0.0279,0.00158,-1.98,-2.747,10.337,0.0,0.767,0.0698,63.38,-0.001565,15.63
147.846,724.241,-1210.425,0.0278,-0.00173,-0.53,-1.658,17.745,0.0,1.128,0.0591,63.56,-0.001565,14.52
147.897,725.105,-1210.682,0.0254,-0.00356,1.582,-0.643,21.77,0.0,2.225,0.0278,63.76,-0.001664,15.74
147.943,725.972,-1210.942,0.0213,-0.00526,2.366,0.255,20.313,0.0,2.111,0.019,63.96,-0.001664,11.59
147.998,726.892,-1211.22,0.0151,-0.00759,2.764,1.392,17.958,0.0,1.372,0.0646,64.17,-0.001668,16.24
148.052,727.661,-1211.452,0.0085,-0.00755,4.115,2.337,22.727,0.0,1.778,0.0129,64.39,-0.001571,19.45
148.094,728.588,-1211.731,0.002,-0.00732,4.084,2.893,18.898,0.0,1.191,-0.0212,64.58,-0.001571,11.89
148.152,729.465,-1211.995,-0.0036,-0.00669,3.582,3.214,11.136,0.0,0.368,-0.0135,64.78,-0.001578,19.3
148.195,730.294,-1212.243,-0.0081,-0.00519,2.981,3.24,6.411,0.0,-0.26,-0.0299,64.99,-0.001578,11.91
148.249,731.23,-1212.522,-0.0121,-0.00181,2.142,2.706,0.53,0.0,-0.564,-0.0774,65.18,-0.0018,15.38
148.306,732.012,-1212.754,-0.0133,0.00046,0.51,1.984,-10.688,0.0,-1.473,-0.0449,65.4,-0.001606,21.98
148.347,732.955,-1213.031,-0.0115,0.00163,-0.008,1.366,-14.45,0.0,-1.374,-0.0106,65.6,-0.001606,13.23
148.401,733.796,-1213.277,-0.0094,0.00443,-0.696,0.596,-12.354,0.0,-1.292,-0.0428,65.82,-0.001402,16.75
148.447,734.692,-1213.538,-0.0044,0.00556,-1.227,-0.144,-15.398,0.0,-1.083,-0.0227,66.01,-0.001402,12.69
148.502,735.538,-1213.785,0.001,0.00705,-2.301,-0.806,-14.806,0.0,-1.495,-0.0149,66.2,-0.000348,17.44
148.55,736.494,-1214.061,0.0079,0.00871,-2.627,-1.513,-13.241,0.0,-1.113,-0.0294,66.4,-0.000799,15.46
148.599,737.292,-1214.293,0.0154,0.00905,-2.838,-2.078,-14.137,0.0,-0.76,-0.0049,66.61,-0.000799,13.09
148.646,738.253,-1214.572,0.0238,0.00985,-3.566,-2.507,-11.302,0.0,-1.059,-0.0007,66.82,-0.000943,10.43
148.7,739.11,-1214.821,0.0322,0.00928,-3.401,-2.735,-8.572,0.0,-0.667,0.0131,67.03,-0.000943,13.46
148.752,740.077,-1215.102,0.0411,0.0095,-3.274,-2.716,-4.557,0.0,-0.558,0.0265,67.24,-0.000582,14.93
148.801,740.939,-1215.354,0.0486,0.00909,-2.366,-2.532,0.379,0.0,0.166,0.0236,67.45,0.000126,14.16
148.849,741.857,-1215.625,0.0566,0.00774,-1.876,-2.249,3.67,0.0,0.373,0.0204,67.65,0.000126,11.83
148.901,742.723,-1215.881,0.0628,0.00774,-1.807,-2.068,5.675,0.0,0.261,-0.0045,67.86,0.000211,13.34
148.955,743.701,-1216.171,0.0683,0.00868,-2.242,-2.15,3.616,0.0,-0.091,-0.0305,68.06,5.9e-05,17.31
149.003,744.626,-1216.448,0.0757,0.00716,-1.679,-2.068,-1.65,0.0,0.389,0.0201,68.26,5.9e-05,15.06
149.055,745.499,-1216.71,0.0806,0.00809,-2.219,-2.075,1.646,0.0,-0.145,-0.0096,68.47,-0.001248,16.54
149.105,746.484,-1217.008,0.086,0.00918,-2.703,-2.211,-0.137,0.0,-0.492,-0.0183,68.69,-0.001192,16.56
149.154,747.307,-1217.258,0.0931,0.00768,-2.147,-2.14,-2.727,0.0,-0.007,0.0242,68.88,-0.001192,15.42
149.208,748.242,-1217.544,0.0987,0.00861,-2.299,-2.183,1.42,0.0,-0.116,-0.0134,69.08,-0.00106,18.94
149.254,749.234,-1217.849,0.1068,0.00706,-1.733,-2.101,-0.859,0.0,0.368,0.0159,69.3,-0.00106,14.55
149.307,750.063,-1218.104,0.112,0.008,-2.396,-2.357,1.637,0.0,-0.039,-0.0443,69.5,-0.000964,17.82
149.354,751.06,-1218.414,0.1181,0.00895,-3.083,-2.887,-5.114,0.0,-0.195,-0.0473,69.71,-0.000658,14.1
149.406,752.005,-1218.709,0.1259,0.00739,-2.514,-3.076,-10.61,0.0,0.562,0.0292,69.9,-0.000658,15.97
149.455,752.839,-1218.971,0.1308,0.00783,-4.035,-3.195,-3.778,0.0,-0.84,0.0033,70.11,2.1e-05,14.02
149.505,753.844,-1219.289,0.1365,0.00775,-3.486,-3.264,-2.367,0.0,-0.222,0.0028,70.33,0.000304,13.9
149.554,754.85,-1219.61,0.1435,0.00566,-2.697,-3.056,-1.379,0.0,0.359,0.0363,70.54,0.000304,12.79
149.607,755.691,-1219.881,0.1473,0.00416,-1.942,-2.811,4.161,0.0,0.869,0.0124,70.75,-0.001,15.14
149.654,756.703,-1220.208,0.1508,0.00219,-1.18,-2.43,4.897,0.0,1.25,0.0275,70.95,-0.001,11.33
149.71,757.66,-1220.52,0.1523,0.00174,-1.451,-2.3,7.614,0.0,0.849,-0.0217,71.16,-6.1e-05,17.77
149.756,758.563,-1220.815,0.1526,0.00149,-2.223,-2.338,2.597,0.0,0.115,-0.0189,71.36,-0.000935,13.07
149.806,759.525,-1221.132,0.1531,-0.0006,-1.386,-2.094,-0.757,0.0,0.708,0.0381,71.58,-0.000935,12.28
149.859,760.432,-1221.433,0.1518,-0.00136,-1.17,-1.542,4.887,0.0,0.372,0.0515,71.79,-0.000184,14.96
149.909,761.456,-1221.775,0.1491,-0.00321,-0.219,-0.681,11.038,0.0,0.462,0.0624,72.01,-0.000748,14.41
149.957,762.424,-1222.099,0.1448,-0.00465,0.395,0.123,17.211,0.0,0.273,0.0221,72.23,-0.000748,11.54
150.01,763.338,-1222.407,0.1397,-0.00556,2.419,0.892,16.076,0.0,1.526,0.0233,72.43,-0.000295,14.01
150.063,764.312,-1222.735,0.1339,-0.00609,2.614,1.485,15.398,0.0,1.129,0.0021,72.64,-3.4e-05,17.23
150.116,765.347,-1223.084,0.1255,-0.0041,1.75,1.552,11.851,0.0,0.198,-0.0527,72.85,-0.00078,19.39
150.165,766.211,-1223.375,0.1219,-0.00378,1.66,1.481,1.342,0.0,0.18,-0.017,73.07,-0.00078,17.86
150.214,767.251,-1223.724,0.1179,-0.00183,0.818,1.062,-1.424,0.0,-0.244,-0.051,73.27,2.5e-05,17.12
150.262,768.237,-1224.056,0.1152,0.00067,-0.506,0.248,-8.371,0.0,-0.754,-0.0699,73.47,-0.000591,14.97
150.309,769.167,-1224.368,0.1154,0.00109,-0.665,-0.392,-16.294,0.0,-0.273,-0.004,73.69,-0.000591,11.67
150.383,770.159,-1224.7,0.1163,0.00218,-1.932,-0.834,-12.796,0.0,-1.099,0.0054,73.91,-0.000335,34.69
150.414,771.212,-1225.054,0.1178,0.00348,-2.79,-1.229,-8.829,0.0,-1.562,-0.0089,74.13,0.000104,15.28
150.462,772.092,-1225.348,0.121,0.00308,-2.657,-1.471,-7.902,0.0,-1.186,0.0075,74.34,0.000104,13.34
150.515,773.15,-1225.704,0.1239,0.00247,-0.827,-1.407,-4.849,0.0,0.58,0.0344,74.55,-0.000708,16.15
150.567,774.035,-1226.002,0.126,0.00168,-1.697,-1.301,1.287,0.0,-0.396,0.0081,74.75,-0.000313,17.62
150.614,775.099,-1226.36,0.1276,0.00091,-1.41,-1.171,2.119,0.0,-0.239,0.007,74.96,-0.000313,14.62
150.665,776.106,-1226.7,0.1281,0.00212,-0.793,-1.158,2.598,0.0,0.365,-0.0118,75.13,0.000231,15.1
150.718,776.997,-1227.002,0.1297,0.00191,-1.65,-1.238,0.264,0.0,-0.412,-0.0126,75.33,-0.000108,17.54
150.764,778.069,-1227.365,0.1314,0.00108,-1.339,-1.196,-1.611,0.0,-0.144,0.0144,75.55,-0.000108,13.26
150.811,779.084,-1227.709,0.1322,0.00173,-0.892,-1.228,0.849,0.0,0.336,-0.009,75.74,-0.000818,10.81
150.866,780.042,-1228.035,0.1332,0.00139,-1.325,-1.252,-0.651,0.0,-0.073,0.0001,75.93,-6.6e-05,15.35
150.917,781.061,-1228.383,0.134,0.00071,-1.067,-1.169,-0.473,0.0,0.102,0.0141,76.13,-6.6e-05,15.54
150.966,782.083,-1228.732,0.1343,0.00097,-1.486,-1.14,1.665,0.0,-0.346,-0.0047,76.33,-0.000467,14.73
151.018,783.048,-1229.063,0.1347,0.00057,-0.409,-1.046,0.578,0.0,0.638,0.01,76.54,-0.000806,16.21
151.067,784.074,-1229.416,0.1348,-0.0003,-1.077,-0.908,1.87,0.0,-0.168,0.0095,76.74,-0.000958,14.3
151.116,785.164,-1229.791,0.134,-0.00066,-0.929,-0.766,2.759,0.0,-0.162,0.0054,76.93,-0.000958,13.28
151.17,786.196,-1230.147,0.1325,-0.00013,-0.347,-0.744,2.843,0.0,0.397,-0.0117,77.13,-0.001064,16.92
151.219,787.108,-1230.463,0.1319,-0.00094,-0.351,-0.633,0.451,0.0,0.282,0.0132,77.33,-0.00067,15.52
151.267,788.206,-1230.844,0.1302,-0.00169,-0.052,-0.438,2.222,0.0,0.386,0.0155,77.54,-0.00067,13.88
151.323,789.184,-1231.184,0.128,-0.0014,-0.681,-0.338,3.892,0.0,-0.343,-0.0064,77.73,-0.000565,18.84
151.371,790.225,-1231.546,0.1258,-0.00116,0.256,-0.323,2.001,0.0,0.58,-0.0084,77.93,-0.0007,16.58
151.418,791.331,-1231.931,0.1241,-0.00166,0.459,-0.253,0.292,0.0,0.712,0.0083,78.13,-0.0007,13.58
151.471,792.254,-1232.254,0.122,-0.00232,0.234,-0.169,1.403,0.0,0.403,0.0045,78.33,-0.000816,15.79
151.52,793.303,-1232.62,0.1189,-0.00132,-0.781,-0.204,1.696,0.0,-0.576,-0.0139,78.51,-0.000487,15.07
151.567,794.416,-1233.009,0.117,-0.0011,-0.422,-0.19,-0.715,0.0,-0.232,0.0057,78.72,-0.000111,11.64
151.619,795.346,-1233.334,0.1158,-0.00104,-0.432,-0.157,0.283,0.0,-0.275,0.0031,78.91,-0.000111,13.41
151.673,796.403,-1233.704,0.1145,-0.00159,0.661,-0.048,0.654,0.0,0.709,0.0118,79.13,-5.5e-05,17.58
151.722,797.525,-1234.096,0.1123,-0.00138,-0.327,0.028,2.184,0.0,-0.355,-0.0008,79.32,-0.000201,16.29
151.77,798.587,-1234.468,0.11,-0.00015,-0.257,0.059,1.522,0.0,-0.316,-0.0036,79.54,-0.000549,13.97
151.82,799.527,-1234.797,0.1099,-1e-05,-0.304,0.06,0.626,0.0,-0.364,-0.0031,79.75,-0.000549,13.37
151.87,800.658,-1235.192,0.1096,0.00022,0.036,0.101,0.022,0.0,-0.064,0.0055,79.97,-0.000288,13.49
151.923,801.666,-1235.544,0.1098,0.00092,-0.025,0.047,0.806,0.0,-0.072,-0.0117,80.19,-9.6e-05,15.69
151.968,802.74,-1235.92,0.1105,0.00119,-0.125,-0.046,-1.065,0.0,-0.079,-0.0075,80.38,-9.6e-05,10.33
152.02,803.88,-1236.317,0.1127,0.00243,-0.453,-0.306,-1.872,0.0,-0.147,-0.0265,80.61,0.000245,12.76
152.073,804.833,-1236.65,0.1149,0.00414,-1.571,-0.756,-5.204,0.0,-0.815,-0.0355,80.82,-4.5e-05,15.1
152.123,805.979,-1237.05,0.1192,0.00548,-2.207,-1.226,-8.995,0.0,-0.981,-0.0185,81.04,0.000206,14.8
152.169,807.065,-1237.429,0.1244,0.00614,-2.309,-1.619,-9.39,0.0,-0.689,-0.0058,81.26,0.000555,9.96
152.219,808.089,-1237.788,0.1306,0.00548,-2.114,-1.804,-7.873,0.0,-0.31,0.0155,81.48,0.000555,10.08
152.281,809.18,-1238.17,0.1362,0.00556,-2.034,-1.999,-3.683,0.0,-0.035,-0.008,81.7,0.000566,21.37
152.322,810.209,-1238.532,0.1411,0.00554,-2.462,-2.274,-3.908,0.0,-0.188,-0.018,81.91,0.000505,11.92
152.376,811.369,-1238.942,0.1462,0.00553,-2.954,-2.509,-5.508,0.0,-0.445,-0.0039,82.13,0.000356,15.6
152.423,812.467,-1239.331,0.1518,0.0043,-2.55,-2.519,-4.692,0.0,-0.032,0.0232,82.33,0.000356,12.52
152.477,813.503,-1239.7,0.1557,0.00348,-2.351,-2.348,-0.193,0.0,-0.003,0.0249,82.54,-0.000374,15.42
152.523,814.67,-1240.118,0.1589,0.00216,-1.719,-2.039,3.419,0.0,0.32,0.0252,82.75,0.000515,12.02
152.579,815.645,-1240.468,0.1601,0.00063,-0.752,-1.716,6.177,0.0,0.963,0.0128,82.96,-0.000398,16.99
152.623,816.817,-1240.891,0.16,-0.00072,-0.27,-1.358,6.465,0.0,1.088,0.016,83.17,-0.000398,11.48
152.677,817.926,-1241.294,0.1582,-0.00198,-0.134,-1.034,7.142,0.0,0.9,0.0079,83.37,-0.000248,14.27
152.727,818.972,-1241.675,0.1551,-0.00226,-0.246,-0.855,6.493,0.0,0.609,-0.009,83.57,-0.000112,14.35
152.777,820.086,-1242.082,0.1514,-0.00295,-0.395,-0.624,3.58,0.0,0.229,0.0134,83.77,-0.000143,14.71
152.824,821.136,-1242.467,0.1475,-0.00391,-0.03,-0.32,4.61,0.0,0.29,0.0184,83.96,-0.000143,10.29
152.883,822.254,-1242.878,0.1424,-0.00467,0.636,-0.125,6.087,0.0,0.762,-0.0047,84.16,-0.000111,19.01
152.929,823.44,-1243.315,0.136,-0.00561,0.7,-0.008,3.891,0.0,0.708,-0.004,84.35,-0.000756,15.12
152.979,824.496,-1243.705,0.1292,-0.00591,0.423,0.122,2.35,0.0,0.302,0.0058,84.54,-7.9e-05,14.85
153.028,825.621,-1244.121,0.1219,-0.00665,0.719,0.387,2.589,0.0,0.332,0.0236,84.73,0.000359,13.6
153.077,826.682,-1244.514,0.114,-0.00697,0.885,0.65,5.316,0.0,0.235,0.0089,84.91,0.000359,11.8
153.127,827.811,-1244.932,0.1055,-0.00765,1.256,0.973,5.259,0.0,0.284,0.0175,85.08,0.000271,11.94
153.179,829.009,-1245.375,0.0953,-0.00812,1.675,1.435,6.452,0.0,0.24,0.0308,85.24,0.000945,13.22
153.234,830.009,-1245.745,0.0868,-0.00816,2.651,1.634,9.252,0.0,1.017,-0.0207,85.39,0.000382,18.01
153.28,831.079,-1246.14,0.0773,-0.00726,2.408,1.614,3.972,0.0,0.794,-0.0236,85.53,0.000382,13.12
153.333,832.284,-1246.582,0.0686,-0.00716,1.332,1.832,-0.408,0.0,-0.5,0.0326,85.67,0.000443,15.85
153.384,833.357,-1246.975,0.0617,-0.00553,1.952,1.834,4.367,0.0,0.118,-0.0225,85.82,-2.3e-05,17.49
153.433,834.568,-1247.416,0.0556,-0.00495,1.608,1.668,0.046,0.0,-0.06,-0.0235,85.95,0.001594,15.39
153.482,835.78,-1247.857,0.0497,-0.00308,0.842,1.397,-3.328,0.0,-0.555,-0.0204,86.09,-0.001065,13.32
153.532,836.793,-1248.223,0.0475,-0.00174,0.398,1.072,-5.424,0.0,-0.674,-0.0169,86.23,-0.001065,13.64
153.586,838.011,-1248.663,0.0458,-0.00019,-0.083,0.733,-6.495,0.0,-0.816,-0.0133,86.36,0.000192,16.73
153.633,839.095,-1249.053,0.046,0.00094,-0.507,0.487,-6.776,0.0,-0.994,0.0011,86.51,0.000384,14.09
153.685,840.318,-1249.49,0.0483,0.00185,-0.035,0.01,-4.924,0.0,-0.045,-0.0408,86.66,-2.6e-05,15.33
153.739,841.339,-1249.854,0.0513,0.00282,-1.22,-0.649,-9.538,0.0,-0.572,-0.042,86.79,0.000572,18.71
153.785,842.566,-1250.292,0.0559,0.00318,-1.375,-1.149,-13.173,0.0,-0.226,-0.001,86.94,0.000572,14.64
153.84,843.659,-1250.681,0.0605,0.00469,-2.457,-1.62,-10.017,0.0,-0.837,-0.0133,87.06,0.000735,18.97
153.89,844.821,-1251.096,0.0657,0.00484,-2.434,-2.093,-9.411,0.0,-0.341,-0.0168,87.15,0.000825,18.67
153.939,846.054,-1251.535,0.0718,0.0037,-2.921,-2.196,-9.468,0.0,-0.725,0.0353,87.26,0.000936,17.12
153.99,847.081,-1251.903,0.0757,0.00263,-1.886,-2.078,-2.05,0.0,0.192,0.0272,87.35,0.000956,17.82
154.036,848.316,-1252.345,0.0787,0.00179,-1.622,-1.919,2.356,0.0,0.296,0.0099,87.46,0.000956,13.37
154.088,849.414,-1252.739,0.0798,-0.00069,-0.867,-1.494,3.19,0.0,0.627,0.0426,87.54,0.001132,15.84
154.139,850.581,-1253.16,0.0781,-0.00205,0.183,-1.248,8.497,0.0,1.432,-0.0102,87.62,0.000947,16.28
154.191,851.68,-1253.557,0.0754,-0.00375,-1.228,-0.328,4.908,0.0,-0.9,0.1028,87.71,0.000817,17.71
154.237,852.918,-1254.006,0.0699,-0.00463,2.397,0.213,18.406,0.0,2.184,-0.0209,87.81,0.001335,13.65
154.284,854.088,-1254.431,0.0634,-0.00476,2.484,0.429,10.817,0.0,2.054,-0.0264,87.87,0.001335,10.45
154.339,855.189,-1254.831,0.0567,-0.00774,1.977,0.867,4.332,0.0,1.11,0.0385,87.93,0.000312,14.74
154.388,856.361,-1255.257,0.0475,-0.00636,1.337,1.179,8.761,0.0,0.158,-0.0024,88.02,0.000764,13.3
154.44,857.602,-1255.708,0.0393,-0.00642,1.919,1.168,6.233,0.0,0.752,-0.0342,88.09,-0.000185,15.24
154.489,858.637,-1256.085,0.0322,-0.00678,1.348,1.107,-0.224,0.0,0.241,-0.0073,88.15,-0.000722,13.77
154.536,859.881,-1256.538,0.0225,-0.00651,1.323,1.092,-1.22,0.0,0.231,0.0044,88.21,-0.000722,10.23
154.594,860.987,-1256.94,0.0142,-0.00609,1.037,1.026,-0.292,0.0,0.011,-0.0077,88.29,-0.000484,18.27
154.645,862.163,-1257.367,0.0066,-0.00644,1.093,0.981,-1.32,0.0,0.112,0.0006,88.39,3.3e-05,19.13
154.694,863.272,-1257.768,0.0001,-0.00731,1.287,1.06,-0.905,0.0,0.227,0.0157,88.46,-9.1e-05,17.78
154.742,864.52,-1258.218,-0.0077,-0.00784,1.493,1.166,1.575,0.0,0.327,0.0066,88.54,-0.001154,15.7
154.789,865.632,-1258.619,-0.0163,-0.00654,1.116,1.105,2.126,0.0,0.011,-0.0196,88.6,-0.001154,11.61
154.847,866.813,-1259.042,-0.024,-0.00697,1.091,1.142,-1.219,0.0,-0.051,0.0116,88.67,0.000349,19.58
154.899,867.927,-1259.441,-0.0317,-0.00716,1.432,1.242,0.743,0.0,0.19,0.0101,88.73,-2.9e-05,21.69
154.947,869.181,-1259.888,-0.04,-0.0078,1.861,1.318,1.999,0.0,0.544,0.0,88.79,0.000434,19.22
154.995,870.297,-1260.284,-0.0479,-0.00809,1.369,1.691,1.505,0.0,-0.322,0.0442,88.85,-0.000282,17.43
155.043,871.414,-1260.679,-0.0567,-0.00705,1.081,1.917,7.464,0.0,-0.836,-0.0075,88.9,-0.000282,14.76
155.098,872.672,-1261.122,-0.0656,-0.00689,2.352,2.008,4.525,0.0,0.343,-0.0109,88.93,0.000528,19.22
155.147,873.791,-1261.515,-0.0731,-0.00769,2.111,2.47,1.828,0.0,-0.359,0.0549,88.92,0.000982,18.19
155.195,874.91,-1261.906,-0.0811,-0.00639,2.91,2.847,9.228,0.0,0.063,0.0043,88.81,0.001681,15.73
155.245,876.167,-1262.342,-0.0877,-0.00557,3.351,2.876,7.544,0.0,0.474,-0.0354,88.59,0.001218,14.84
155.295,877.352,-1262.75,-0.0934,-0.0031,2.273,2.486,0.587,0.0,-0.213,-0.0576,88.36,0.002412,15.12
155.345,878.465,-1263.132,-0.0959,-0.00079,1.519,1.937,-7.815,0.0,-0.418,-0.0357,88.13,0.002412,14.87
155.398,879.715,-1263.557,-0.0953,0.00239,-0.19,1.339,-10.974,0.0,-1.529,-0.026,87.92,0.002887,17.22
155.45,880.824,-1263.931,-0.0915,0.00487,-0.899,0.815,-11.953,0.0,-1.714,-0.0107,87.69,0.003698,18.95
155.499,882.069,-1264.349,-0.0838,0.00675,-0.275,-0.133,-10.491,0.0,-0.142,-0.0774,87.45,0.004876,17.47
155.553,883.173,-1264.718,-0.0751,0.00816,-2.673,-0.941,-18.96,0.0,-1.732,-0.0135,87.22,0.005224,20.66
155.6,884.413,-1265.13,-0.0635,0.0091,-3.076,-1.53,-16.158,0.0,-1.546,0.0024,87.0,0.005224,17.62
155.651,885.512,-1265.494,-0.052,0.01152,-3.517,-2.281,-11.771,0.0,-1.236,-0.0433,86.78,0.005726,18.09
155.7,886.54,-1265.835,-0.0392,0.01144,-4.16,-2.764,-15.027,0.0,-1.396,0.0112,86.56,0.005917,16.38
155.748,887.771,-1266.243,-0.0246,0.01095,-3.218,-3.297,-9.663,0.0,0.079,-0.0238,86.34,0.006407,13.93
155.803,888.863,-1266.604,-0.0116,0.01031,-3.097,-3.667,-10.664,0.0,0.57,0.0043,86.13,0.006407,18.72
155.852,890.087,-1267.011,0.0012,0.0084,-3.543,-3.857,-7.387,0.0,0.314,0.0121,85.9,0.006656,17.58
155.902,891.239,-1267.397,0.0101,0.00731,-3.801,-4.05,-3.807,0.0,0.249,-0.007,85.7,0.007639,17.33
155.95,892.321,-1267.761,0.0175,0.00444,-3.735,-3.889,-3.863,0.0,0.154,0.0428,85.48,0.007205,15.7
156.005,893.533,-1268.172,0.0223,0.00049,-1.839,-3.674,3.227,0.0,1.835,0.0132,85.25,0.007606,20.09
156.049,894.54,-1268.516,0.0215,-0.00185,-1.023,-3.301,4.305,0.0,2.278,0.0295,85.02,0.007606,13.23
156.1,895.745,-1268.931,0.0168,-0.00661,-0.817,-2.736,7.455,0.0,1.92,0.0398,84.81,0.007476,14.7
156.147,896.811,-1269.301,0.0077,-0.01121,0.265,-2.153,11.291,0.0,2.418,0.0223,84.6,0.007848,11.73
156.201,897.941,-1269.696,-0.0057,-0.01748,1.549,-1.431,11.662,0.0,2.98,0.0397,84.39,0.007786,15.31
156.248,899.001,-1270.07,-0.0269,-0.01985,2.546,-0.595,14.439,0.0,3.142,0.0411,84.17,0.007786,12.27
156.304,900.189,-1270.492,-0.0552,-0.02663,3.682,0.671,16.72,0.0,3.011,0.0893,83.96,0.007528,17.35
156.35,901.241,-1270.869,-0.0866,-0.03351,5.918,2.294,25.326,0.0,3.625,0.0939,83.73,0.007922,13.46
156.403,902.291,-1271.246,-0.1221,-0.04152,8.398,4.306,32.451,0.0,4.092,0.1111,83.52,0.008254,15.85
156.452,903.469,-1271.669,-0.169,-0.04945,11.326,6.513,40.246,0.0,4.813,0.0974,83.33,0.008784,14.99
156.501,904.513,-1272.043,-0.2231,-0.04769,11.157,7.94,44.138,0.0,3.217,-0.0318,83.11,0.008784,14.51
156.555,905.686,-1272.46,-0.2827,-0.05375,13.181,9.44,28.544,0.0,3.741,0.06,82.9,0.00889,17.83
156.605,906.727,-1272.826,-0.3383,-0.05902,15.202,11.176,30.0,0.0,4.026,0.0853,82.68,0.009622,17.32
156.658,907.767,-1273.187,-0.3951,-0.06375,16.147,12.996,34.715,0.0,3.151,0.0724,82.47,0.009901,19.56
156.703,908.871,-1273.564,-0.4663,-0.05781,14.642,13.73,36.412,0.0,0.912,-0.0883,82.27,0.009901,15.4
156.757,909.91,-1273.911,-0.527,-0.06053,16.675,14.453,14.665,0.0,2.222,0.0242,82.03,0.010566,18.8
156.803,911.079,-1274.291,-0.5939,-0.06373,17.903,15.578,14.465,0.0,2.325,0.0814,81.81,0.010671,13.91
156.854,912.183,-1274.639,-0.6556,-0.06599,19.413,16.843,22.505,0.0,2.571,0.0587,81.59,0.010685,15.43
156.906,913.222,-1274.955,-0.7213,-0.05482,16.009,16.577,25.294,0.0,-0.567,-0.1696,81.36,0.010685,16.97
156.957,914.327,-1275.277,-0.7787,-0.05518,16.199,16.245,-5.324,0.0,-0.046,-0.0184,81.13,0.010441,16.85
157.004,915.497,-1275.604,-0.8355,-0.05479,16.652,16.345,-6.635,0.0,0.308,0.0487,80.91,0.010536,13.44
157.057,916.603,-1275.898,-0.8821,-0.05443,17.292,16.545,1.995,0.0,0.748,0.0175,80.66,0.010033,15.28
157.108,917.579,-1276.144,-0.9307,-0.04132,13.027,15.267,4.001,0.0,-2.241,-0.1993,80.41,0.010033,16.87
157.155,918.685,-1276.409,-0.9699,-0.04038,12.582,13.938,-25.547,0.0,-1.356,-0.0518,80.17,0.010638,13.32
157.207,919.791,-1276.658,-1.0023,-0.03853,11.834,12.973,-26.577,0.0,-1.139,0.0044,79.93,0.010196,14.65
157.262,920.832,-1276.878,-1.0369,-0.02456,7.096,10.88,-19.301,0.0,-3.784,-0.1912,79.7,0.010196,18.86
157.309,921.938,-1277.096,-1.0598,-0.02372,6.386,8.995,-41.866,0.0,-2.609,-0.044,79.45,0.010544,16.52
157.357,923.044,-1277.299,-1.0764,-0.02436,6.682,7.88,-37.704,0.0,-1.198,0.0418,79.23,0.010366,13.55
157.409,924.148,-1277.488,-1.087,-0.02558,6.373,7.239,-22.293,0.0,-0.867,0.0273,79.0,0.010435,15.84
157.46,925.252,-1277.663,-1.1094,-0.01372,2.258,5.476,-12.815,0.0,-3.218,-0.1791,78.78,0.010435,16.55
157.51,926.354,-1277.824,-1.1174,-0.01591,2.837,4.123,-35.268,0.0,-1.286,-0.0043,78.56,0.010303,16.09
157.559,927.455,-1277.973,-1.1215,-0.02099,3.976,3.978,-27.064,0.0,-0.002,0.1215,78.35,0.010976,15.24
157.613,928.49,-1278.102,-1.1383,-0.01118,0.542,2.976,-2.898,0.0,-2.434,-0.1247,78.15,0.010976,18.37
157.663,929.653,-1278.237,-1.148,-0.01749,2.885,2.752,-20.037,0.0,0.133,0.0737,77.94,0.01098,18.03
157.712,930.685,-1278.348,-1.1556,-0.02589,6.106,3.974,-4.476,0.0,2.133,0.194,77.75,0.011722,17.41
157.762,931.715,-1278.451,-1.1792,-0.01909,3.824,4.266,24.427,0.0,-0.441,-0.0871,77.58,0.011722,17.0
157.817,932.807,-1278.552,-1.1994,-0.02879,7.966,5.349,5.841,0.0,2.618,0.1206,77.39,0.011259,21.86
157.863,933.898,-1278.647,-1.2229,-0.03888,11.877,7.682,21.657,0.0,4.196,0.2124,77.2,0.011495,17.62
157.916,934.923,-1278.729,-1.2601,-0.03244,9.856,8.767,46.66,0.0,1.089,-0.0928,77.01,0.011495,19.84
157.963,936.009,-1278.81,-1.2967,-0.04223,14.518,10.395,21.707,0.0,4.124,0.1136,76.84,0.011068,17.27
158.015,937.158,-1278.887,-1.3392,-0.05114,17.551,12.941,32.559,0.0,4.611,0.185,76.65,0.011636,17.86
158.066,938.176,-1278.947,-1.3773,-0.0584,21.24,15.832,50.915,0.0,5.408,0.1371,76.45,0.011381,18.79
158.119,939.256,-1279.002,-1.4357,-0.04866,18.181,16.749,57.82,0.0,1.432,-0.1746,76.24,0.011381,22.05
158.172,940.334,-1279.046,-1.4819,-0.0544,20.412,17.736,18.35,0.0,2.676,0.0418,76.03,0.011442,24.46
158.22,941.409,-1279.078,-1.5265,-0.05945,23.019,19.499,19.743,0.0,3.52,0.1427,75.84,0.011648,22.59
158.265,942.418,-1279.096,-1.5803,-0.04699,18.889,19.518,35.25,0.0,-0.629,-0.1819,75.62,0.011648,16.92
158.314,943.488,-1279.102,-1.624,-0.05022,20.509,19.534,0.382,0.0,0.975,0.0003,75.42,0.011149,15.39
158.364,944.554,-1279.094,-1.6628,-0.05281,22.113,20.155,0.323,0.0,1.958,0.085,75.2,0.011436,15.38
158.418,945.618,-1279.072,-1.712,-0.03967,17.642,19.265,12.419,0.0,-1.623,-0.1893,75.0,0.011436,18.85
158.466,946.678,-1279.035,-1.747,-0.04112,17.787,18.379,-17.802,0.0,-0.592,-0.0305,74.77,0.011134,16.98
158.529,947.672,-1278.985,-1.7728,-0.0412,18.164,18.053,-17.719,0.0,0.111,0.0472,74.53,0.011743,25.33
158.573,948.662,-1278.923,-1.808,-0.02588,12.708,16.194,-6.528,0.0,-3.486,-0.2253,74.3,0.011743,18.79
158.624,949.833,-1278.829,-1.8328,-0.02692,12.523,14.724,-37.17,0.0,-2.201,-0.0107,74.07,0.012284,19.3
158.67,950.875,-1278.729,-1.847,-0.02831,13.869,14.351,-29.406,0.0,-0.481,0.1019,73.84,0.012055,14.95
158.726,951.913,-1278.613,-1.869,-0.01273,8.137,12.432,-7.465,0.0,-4.295,-0.2288,73.61,0.012055,20.44
158.777,952.946,-1278.482,-1.8774,-0.01632,9.408,11.116,-38.371,0.0,-1.708,0.0171,73.4,0.012474,21.02
158.821,953.913,-1278.345,-1.8788,-0.01877,11.006,10.916,-26.327,0.0,0.09,0.11,73.17,0.01239,14.86
158.877,954.935,-1278.185,-1.8915,-0.00466,5.708,9.231,-3.989,0.0,-3.523,-0.2144,72.96,0.01239,20.99
158.934,955.952,-1278.011,-1.891,-0.00876,6.697,8.11,-33.708,0.0,-1.414,0.0201,72.74,0.012103,27.52
158.974,956.905,-1277.836,-1.8857,-0.01373,8.993,8.313,-22.407,0.0,0.68,0.1456,72.55,0.012694,16.86
159.027,957.912,-1277.639,-1.8943,-0.00217,4.609,7.243,4.057,0.0,-2.633,-0.1707,72.36,0.012694,19.91
159.077,958.856,-1277.444,-1.8906,-0.00897,7.262,6.964,-21.41,0.0,0.298,0.0732,72.17,0.012123,20.38
159.125,959.853,-1277.227,-1.8854,-0.01628,9.928,8.091,-5.574,0.0,1.837,0.1865,71.98,0.012556,17.41
159.196,960.905,-1276.987,-1.8983,-0.00737,6.604,7.971,22.529,0.0,-1.367,-0.1346,71.81,0.012556,37.93
159.232,961.835,-1276.765,-1.8989,-0.01537,10.467,8.554,-2.384,0.0,1.913,0.0938,71.66,0.012414,24.18
159.276,962.761,-1276.536,-1.8976,-0.02398,13.573,10.305,11.647,0.0,3.268,0.1835,71.54,0.012313,17.44
159.327,963.8,-1276.27,-1.9192,-0.01495,10.256,10.574,35.025,0.0,-0.318,-0.1459,71.41,0.012313,17.8
159.378,964.776,-1276.009,-1.9272,-0.02309,14.001,11.241,5.373,0.0,2.76,0.065,71.29,0.01166,18.6
159.426,965.691,-1275.756,-1.9319,-0.03123,16.595,12.929,13.343,0.0,3.666,0.1659,71.18,0.012012,16.79
159.478,966.66,-1275.479,-1.959,-0.02169,13.119,13.117,33.764,0.0,0.002,-0.1505,71.06,0.012012,17.64
159.532,967.567,-1275.21,-1.9694,-0.02841,15.293,13.598,3.761,0.0,1.694,0.0475,70.94,0.011747,21.27
159.577,968.584,-1274.897,-1.9948,-0.01828,11.557,12.992,9.622,0.0,-1.434,-0.1351,70.82,0.011747,16.81
159.63,969.483,-1274.61,-2.0097,-0.0263,15.246,13.382,-12.13,0.0,1.863,0.1181,70.73,0.012452,18.68
159.679,970.489,-1274.278,-2.0254,-0.03428,18.128,15.109,7.812,0.0,3.02,0.2002,70.63,0.011884,17.39
159.731,971.435,-1273.954,-2.054,-0.02315,14.017,15.1,34.53,0.0,-1.083,-0.182,70.51,0.011884,19.31
159.781,972.265,-1273.66,-2.0691,-0.02943,16.853,15.385,-0.175,0.0,1.468,0.0407,70.4,0.012743,18.75
159.832,973.255,-1273.296,-2.0849,-0.03616,20.125,16.852,5.701,0.0,3.273,0.175,70.3,0.012145,19.57
159.885,974.184,-1272.94,-2.1151,-0.02429,15.701,16.633,29.345,0.0,-0.932,-0.1843,70.21,0.012145,22.42
159.933,975.108,-1272.573,-2.131,-0.02977,17.387,16.687,-4.395,0.0,0.699,0.0307,70.13,0.012908,20.12
159.981,975.918,-1272.24,-2.1379,-0.03479,20.217,17.718,1.097,0.0,2.499,0.1382,70.06,0.01176,17.5
160.032,976.884,-1271.827,-2.1679,-0.02132,15.129,16.947,20.615,0.0,-1.818,-0.2156,70.0,0.01176,18.51
160.09,977.737,-1271.449,-2.1762,-0.02719,17.079,16.678,-15.422,0.0,0.401,0.0432,69.93,0.011555,26.15
160.131,978.689,-1271.01,-2.1973,-0.01352,11.801,15.154,-5.375,0.0,-3.353,-0.1846,69.87,0.011555,17.05
160.181,979.53,-1270.61,-2.2057,-0.01819,13.979,14.557,-30.48,0.0,-0.578,0.0762,69.82,0.012007,16.9
160.23,980.417,-1270.172,-2.2092,-0.02446,16.707,15.435,-11.948,0.0,1.272,0.1851,69.77,0.011514,15.31
160.284,981.245,-1269.751,-2.2258,-0.01094,11.415,14.511,17.556,0.0,-3.096,-0.2209,69.74,0.011514,19.33
160.336,982.068,-1269.318,-2.2279,-0.01599,14.31,14.04,-18.474,0.0,0.27,0.031,69.7,0.012056,21.25
160.383,982.987,-1268.819,-2.2271,-0.02116,15.962,14.637,-9.415,0.0,1.324,0.1327,69.7,0.011417,17.75
160.434,983.849,-1268.337,-2.2419,-0.00799,10.783,13.539,11.944,0.0,-2.756,-0.2159,69.69,0.011417,18.19
160.488,984.653,-1267.872,-2.2397,-0.01331,13.232,12.979,-21.971,0.0,0.252,0.0369,69.71,0.011867,21.82
160.535,985.502,-1267.368,-2.2469,-0.00091,8.278,11.355,-11.189,0.0,-3.077,-0.1682,69.71,0.011867,18.27
160.586,986.395,-1266.822,-2.246,-0.00725,9.944,10.649,-32.486,0.0,-0.705,0.0715,69.75,0.011089,19.7
160.637,987.183,-1266.328,-2.2408,-0.01367,13.177,11.353,-14.126,0.0,1.824,0.1723,69.78,0.011458,19.86
160.688,987.966,-1265.826,-2.249,-0.00268,8.786,10.59,14.082,0.0,-1.804,-0.1803,69.83,0.011458,20.47
160.738,988.793,-1265.283,-2.247,-0.01146,11.225,10.544,-15.264,0.0,0.681,0.0735,69.88,0.010334,20.07
160.785,989.664,-1264.698,-2.2443,-0.01872,14.84,11.917,-0.923,0.0,2.924,0.1965,69.94,0.010976,17.27
160.837,990.432,-1264.169,-2.2568,-0.00824,10.692,11.713,27.459,0.0,-1.021,-0.1722,70.01,0.010976,19.21
160.888,991.197,-1263.632,-2.2563,-0.01755,13.464,12.35,-4.071,0.0,1.115,0.1102,70.07,0.010493,19.89
160.937,992.051,-1263.018,-2.2564,-0.02554,18.061,14.318,12.73,0.0,3.743,0.2082,70.15,0.011626,18.33
160.988,992.805,-1262.464,-2.2752,-0.01474,13.852,14.463,39.377,0.0,-0.611,-0.186,70.22,0.011626,19.25
161.037,993.554,-1261.902,-2.277,-0.02309,17.44,15.086,2.892,0.0,2.354,0.0718,70.29,0.011017,19.1
161.088,994.391,-1261.26,-2.2962,-0.01275,13.429,14.572,12.459,0.0,-1.143,-0.137,70.36,0.011017,18.89
161.138,995.129,-1260.68,-2.304,-0.01934,15.557,14.717,-10.277,0.0,0.84,0.0741,70.42,0.010608,18.71
161.186,995.953,-1260.018,-2.3109,-0.02546,18.641,15.979,2.905,0.0,2.662,0.161,70.51,0.010528,16.44
161.238,996.679,-1259.42,-2.3294,-0.01368,14.053,15.502,25.234,0.0,-1.449,-0.1987,70.58,0.010528,18.41
161.291,997.444,-1258.775,-2.3364,-0.01978,15.854,15.408,-9.54,0.0,0.445,0.0369,70.65,0.010505,20.7
161.337,998.158,-1258.159,-2.3384,-0.02563,18.965,16.53,-1.873,0.0,2.435,0.1664,70.72,0.010488,16.59
161.389,998.953,-1257.456,-2.3591,-0.01313,14.121,15.935,22.43,0.0,-1.814,-0.2006,70.79,0.010488,18.19
161.439,999.652,-1256.821,-2.3615,-0.01867,15.759,15.703,-11.906,0.0,0.056,0.03,70.87,0.010638,18.27
161.488,1000.344,-1256.177,-2.3739,-0.00666,11.036,14.342,-4.63,0.0,-3.306,-0.1658,70.94,0.010638,17.0
161.541,1001.115,-1255.442,-2.3782,-0.01126,13.836,13.924,-27.227,0.0,-0.088,0.0843,71.02,0.010288,20.1
161.593,1001.792,-1254.78,-2.3765,-0.01725,15.706,14.812,-8.349,0.0,0.895,0.1676,71.09,0.010243,21.38
161.641,1002.504,-1254.067,-2.388,-0.00473,10.779,13.972,17.744,0.0,-3.194,-0.2101,71.18,0.010243,18.98
161.688,1003.167,-1253.387,-2.3875,-0.00973,14.108,13.578,-16.785,0.0,0.53,0.0329,71.27,0.010823,16.09
161.737,1003.904,-1252.611,-2.3833,-0.01514,15.376,14.134,-7.878,0.0,1.242,0.1188,71.35,0.010302,14.63
161.792,1004.552,-1251.913,-2.392,-0.00288,10.534,13.091,11.107,0.0,-2.557,-0.2038,71.45,0.010302,18.8
161.846,1005.192,-1251.207,-2.3878,-0.00648,12.471,12.31,-20.866,0.0,0.162,0.0002,71.54,0.010532,22.26
161.893,1005.904,-1250.403,-2.3791,-0.01167,12.999,12.686,-15.62,0.0,0.313,0.1343,71.63,0.010594,19.15
161.949,1006.568,-1249.635,-2.3856,-0.00114,8.842,11.813,7.522,0.0,-2.97,-0.1613,71.71,0.010594,25.68
161.99,1007.186,-1248.905,-2.3783,-0.00576,11.302,11.497,-17.462,0.0,-0.194,0.0473,71.81,0.010147,16.19
162.041,1007.873,-1248.074,-2.3668,-0.01276,14.417,12.49,-6.316,0.0,1.927,0.1717,71.91,0.010079,16.59
162.093,1008.477,-1247.328,-2.3738,-0.00244,10.359,12.057,19.859,0.0,-1.698,-0.1644,71.99,0.010079,18.58
162.145,1009.074,-1246.575,-2.3656,-0.00823,12.619,11.979,-8.652,0.0,0.641,0.0344,72.09,0.010033,21.02
162.194,1009.7,-1245.768,-2.3689,0.00234,8.432,10.851,-1.567,0.0,-2.419,-0.1492,72.18,0.010033,19.34
162.245,1010.282,-1245.001,-2.364,-0.00342,10.637,10.502,-22.549,0.0,0.135,0.0693,72.27,0.009592,19.78
162.294,1010.93,-1244.13,-2.3572,-0.0098,13.057,11.39,-6.979,0.0,1.667,0.1605,72.37,0.009836,18.9
162.345,1011.498,-1243.349,-2.3624,-0.00045,9.379,10.963,17.751,0.0,-1.583,-0.1526,72.47,0.009836,18.75
162.4,1012.13,-1242.464,-2.3596,-0.00659,11.524,11.003,-8.543,0.0,0.521,0.0504,72.58,0.009206,23.76
162.442,1012.685,-1241.67,-2.3541,-0.01273,14.268,12.034,0.806,0.0,2.234,0.1397,72.66,0.009099,15.69
162.494,1013.233,-1240.87,-2.3621,-0.00285,10.443,11.646,20.619,0.0,-1.203,-0.1621,72.72,0.009099,17.19
162.543,1013.84,-1239.965,-2.3611,-0.00949,13.127,11.779,-7.749,0.0,1.348,0.059,72.65,0.008819,16.48
162.593,1014.403,-1239.105,-2.3577,-0.0151,14.689,12.875,2.646,0.0,1.814,0.1392,72.45,0.008708,15.65
162.646,1014.924,-1238.293,-2.3674,-0.00474,10.81,12.5,21.918,0.0,-1.69,-0.1671,72.25,0.008708,18.5
162.696,1015.435,-1237.478,-2.3655,-0.00977,13.539,12.492,-7.49,0.0,1.047,0.0381,72.03,0.008558,18.64
162.741,1015.999,-1236.559,-2.3611,-0.01623,15.872,13.632,-0.16,0.0,2.24,0.16,71.83,0.008843,12.94
162.797,1016.521,-1235.687,-2.3717,-0.00549,11.838,13.299,22.802,0.0,-1.461,-0.1659,71.61,0.008843,18.15
162.853,1017.001,-1234.863,-2.3686,-0.00987,13.586,13.248,-6.657,0.0,0.337,0.0277,71.41,0.008833,23.75
162.898,1017.472,-1234.037,-2.3734,0.0012,9.333,12.107,-1.024,0.0,-2.774,-0.1539,71.2,0.008833,19.18
162.949,1017.989,-1233.104,-2.371,-0.00367,11.922,11.797,-22.815,0.0,0.125,0.0761,70.98,0.009134,19.43
162.993,1018.466,-1232.221,-2.3649,-0.00939,14.339,12.743,-6.211,0.0,1.596,0.1646,70.79,0.009003,13.39
163.049,1018.905,-1231.387,-2.3686,0.00164,10.06,12.158,18.925,0.0,-2.098,-0.1808,70.59,0.009003,19.11
163.096,1019.334,-1230.551,-2.3628,-0.00264,11.892,11.861,-11.707,0.0,0.032,0.0198,70.37,0.008879,15.58
163.147,1019.779,-1229.66,-2.3529,-0.00722,14.297,12.635,-5.943,0.0,1.663,0.1392,70.17,0.008123,16.87
163.201,1020.238,-1228.714,-2.3552,0.00326,10.193,12.026,15.478,0.0,-1.833,-0.166,69.98,0.008123,19.77
163.248,1020.636,-1227.871,-2.3453,-0.00082,11.557,11.783,-12.174,0.0,-0.226,0.0298,69.77,0.007808,16.92
163.292,1021.047,-1226.974,-2.3312,-0.00439,13.752,12.479,-4.866,0.0,1.274,0.1227,69.57,0.007685,10.37
163.351,1021.424,-1226.128,-2.3305,0.00694,9.242,11.646,13.919,0.0,-2.404,-0.1892,69.37,0.007685,19.02
163.402,1021.837,-1225.174,-2.3144,0.00298,10.916,11.195,-16.658,0.0,-0.279,0.0244,69.19,0.00751,19.55
163.452,1022.215,-1224.271,-2.3064,0.01312,6.796,9.846,-9.005,0.0,-3.05,-0.1412,68.98,0.00751,19.27
163.497,1022.561,-1223.42,-2.2906,0.00947,8.579,9.225,-26.984,0.0,-0.646,0.0546,68.78,0.007114,13.65
163.549,1022.899,-1222.569,-2.2703,0.00554,10.216,9.615,-12.415,0.0,0.601,0.1194,68.59,0.007177,15.43
163.6,1023.247,-1221.663,-2.261,0.01548,6.134,8.679,7.794,0.0,-2.545,-0.1715,68.38,0.007177,16.87
163.648,1023.606,-1220.703,-2.2392,0.01071,8.146,8.16,-18.721,0.0,-0.013,0.0255,68.2,0.006504,14.46
163.697,1023.916,-1219.85,-2.2154,0.00671,9.287,8.516,-10.389,0.0,0.771,0.1042,68.03,0.006203,13.57
163.751,1024.237,-1218.943,-2.2053,0.01544,5.658,7.719,7.134,0.0,-2.061,-0.1487,67.84,0.006203,16.59
163.801,1024.531,-1218.089,-2.1827,0.01073,7.479,7.31,-15.951,0.0,0.169,0.0264,67.65,0.005318,16.82
163.849,1024.835,-1217.182,-2.1697,0.01799,4.399,6.285,-8.184,0.0,-1.886,-0.1002,67.48,0.005318,13.88
163.904,1025.132,-1216.276,-2.1486,0.01139,6.634,6.228,-20.495,0.0,0.406,0.0994,67.31,0.005603,18.84
163.954,1025.405,-1215.422,-2.1261,0.00421,9.66,7.475,-1.132,0.0,2.184,0.18,67.11,0.005011,17.93
164.004,1025.722,-1214.409,-2.1181,0.0108,6.9,7.575,24.938,0.0,-0.674,-0.1167,66.93,0.005011,18.53
164.055,1025.982,-1213.558,-2.101,0.0036,9.973,8.379,1.992,0.0,1.594,0.1018,66.77,0.004729,19.01
164.105,1026.252,-1212.653,-2.0944,0.01043,7.128,8.316,16.08,0.0,-1.188,-0.093,66.57,0.004729,18.55
164.161,1026.499,-1211.801,-2.0814,0.00379,10.823,9.056,-1.257,0.0,1.768,0.1099,66.37,0.003484,24.55
164.204,1026.755,-1210.898,-2.066,-0.00221,13.65,10.709,14.801,0.0,2.941,0.1533,66.23,0.003577,16.99
164.256,1026.989,-1210.048,-2.0652,0.00545,10.505,10.898,33.059,0.0,-0.393,-0.1467,66.04,0.003577,18.3
164.307,1027.244,-1209.093,-2.0526,6e-05,12.91,11.382,3.785,0.0,1.528,0.0477,65.84,0.004405,19.53
164.356,1027.478,-1208.191,-2.049,0.00746,9.803,10.975,9.675,0.0,-1.172,-0.1074,65.69,0.004405,17.33
164.407,1027.691,-1207.344,-2.0386,0.00325,11.794,11.152,-8.134,0.0,0.643,0.0672,65.5,0.003315,18.7
164.455,1027.91,-1206.443,-2.0244,-0.00143,14.229,12.185,3.532,0.0,2.043,0.1258,65.31,0.004319,16.7
164.507,1028.109,-1205.597,-2.0224,0.00608,11.113,11.985,20.671,0.0,-0.872,-0.1363,65.09,0.004319,18.22
164.559,1028.313,-1204.7,-2.0082,0.00316,12.247,12.025,-4.014,0.0,0.221,0.0267,64.86,0.001039,19.96
164.607,1028.497,-1203.857,-2.002,0.0118,8.587,11.096,0.81,0.0,-2.51,-0.1339,64.61,0.001039,18.15
164.653,1028.696,-1202.91,-1.9858,0.00995,10.158,10.661,-18.578,0.0,-0.503,0.0365,64.36,0.001882,13.76
164.708,1028.875,-1202.018,-1.9653,0.00709,11.648,11.22,-8.698,0.0,0.428,0.1236,64.13,0.001774,18.21
164.759,1029.045,-1201.128,-1.9544,0.01701,7.304,10.343,11.174,0.0,-3.039,-0.1809,63.96,0.001774,18.51
164.807,1029.197,-1200.29,-1.931,0.01589,8.711,9.443,-17.534,0.0,-0.732,-0.0339,63.75,0.001765,15.85
164.859,1029.35,-1199.402,-1.913,0.02472,4.718,7.743,-18.003,0.0,-3.025,-0.1432,63.6,0.001765,18.11
164.909,1029.496,-1198.514,-1.8851,0.02207,5.274,6.822,-34.008,0.0,-1.547,0.0494,63.43,0.002615,17.9
164.959,1029.627,-1197.68,-1.8635,0.02926,1.929,5.399,-18.425,0.0,-3.469,-0.1022,63.29,0.002615,17.84
165.011,1029.76,-1196.794,-1.834,0.0275,3.126,4.581,-28.456,0.0,-1.455,0.0348,63.19,0.002356,19.57
165.06,1029.881,-1195.96,-1.8023,0.02484,4.283,4.836,-16.35,0.0,-0.554,0.1212,63.17,0.003196,18.15
165.117,1030.003,-1195.074,-1.7778,0.03075,1.39,4.222,5.103,0.0,-2.832,-0.1125,63.2,0.003196,24.55
165.176,1030.128,-1194.134,-1.7428,0.02871,3.428,3.757,-12.284,0.0,-0.33,-0.0006,63.18,0.002644,33.38
165.212,1030.24,-1193.245,-1.7148,0.03342,1.012,2.817,-9.298,0.0,-1.805,-0.0826,63.24,0.002644,19.09
165.266,1030.343,-1192.408,-1.6831,0.0304,1.848,2.139,-18.799,0.0,-0.29,0.0036,63.26,0.003025,22.29
165.309,1030.442,-1191.57,-1.6559,0.03413,-0.128,1.166,-13.579,0.0,-1.294,-0.0648,63.36,0.003025,14.32
165.358,1030.551,-1190.625,-1.6222,0.03143,-0.374,0.763,-19.46,0.0,-1.137,0.0457,63.39,0.002906,13.87
165.412,1030.651,-1189.732,-1.5897,0.02801,2.074,1.01,-8.048,0.0,1.064,0.0766,63.45,0.002763,16.89
165.461,1030.745,-1188.891,-1.5649,0.02985,0.964,0.879,4.94,0.0,0.085,-0.0442,63.52,0.002763,15.94
165.514,1030.848,-1187.943,-1.5333,0.0248,1.545,1.895,-2.625,0.0,-0.35,0.1556,63.58,0.003354,18.77
165.561,1030.938,-1187.099,-1.5113,0.02663,0.473,2.535,20.323,0.0,-2.062,-0.017,63.65,0.003354,15.67
165.614,1031.027,-1186.255,-1.4871,0.02324,5.713,3.332,12.805,0.0,2.382,0.0442,63.71,0.00353,17.88
165.662,1031.126,-1185.303,-1.4591,0.01899,6.17,4.363,15.928,0.0,1.807,0.0605,63.81,0.002214,15.39
165.71,1031.212,-1184.456,-1.4416,0.02157,4.827,4.656,20.618,0.0,0.171,-0.067,63.88,0.002214,13.52
165.763,1031.305,-1183.501,-1.4184,0.02302,4.045,4.369,5.869,0.0,-0.325,-0.0707,63.95,0.003027,15.7
165.809,1031.386,-1182.651,-1.3972,0.02637,2.315,3.596,-5.732,0.0,-1.281,-0.078,64.08,0.003027,11.52
165.863,1031.465,-1181.8,-1.3729,0.02642,2.01,2.738,-15.474,0.0,-0.728,-0.0387,64.15,0.003392,15.37
165.912,1031.55,-1180.84,-1.3461,0.029,0.569,1.744,-17.15,0.0,-1.175,-0.049,64.22,0.003392,14.36
165.964,1031.624,-1179.986,-1.3202,0.02862,-0.639,0.928,-19.884,0.0,-1.567,-0.0098,64.33,0.002431,15.37
166.012,1031.696,-1179.131,-1.293,0.02777,-0.279,0.286,-16.31,0.0,-0.564,-0.0044,64.42,0.000701,13.76
166.063,1031.776,-1178.167,-1.2653,0.02873,-1.025,-0.376,-12.859,0.0,-0.648,-0.0251,64.51,0.000701,14.02
166.115,1031.851,-1177.255,-1.2372,0.02577,-1.121,-0.535,-13.235,0.0,-0.586,0.0472,64.6,0.000809,15.54
166.162,1031.921,-1176.396,-1.215,0.02622,-1.588,-0.682,-3.171,0.0,-0.906,-0.004,64.72,0.000809,12.58
166.215,1031.992,-1175.535,-1.1924,0.0231,0.169,-0.524,-2.951,0.0,0.693,0.0376,64.8,0.002234,15.23
166.271,1032.071,-1174.565,-1.1678,0.01858,1.341,0.185,3.168,0.0,1.156,0.0825,64.91,0.001529,21.4
166.314,1032.146,-1173.648,-1.1514,0.01889,1.0,0.631,14.187,0.0,0.369,-0.0121,65.03,0.001529,13.3
166.368,1032.215,-1172.782,-1.1342,0.01517,2.532,1.257,8.907,0.0,1.275,0.0408,65.12,0.000956,16.83
166.413,1032.293,-1171.808,-1.1186,0.01553,2.184,1.645,12.523,0.0,0.54,-0.0114,65.22,0.000956,11.91
166.467,1032.361,-1170.94,-1.1045,0.01171,3.812,2.139,7.754,0.0,1.672,0.0285,65.33,0.000914,15.34
166.521,1032.429,-1170.071,-1.0913,0.00881,4.149,2.827,9.896,0.0,1.322,0.0442,65.45,5e-05,18.79
166.566,1032.504,-1169.091,-1.0817,0.00995,3.534,3.121,13.756,0.0,0.413,-0.031,65.54,5e-05,13.8
166.621,1032.57,-1168.219,-1.0709,0.00755,4.191,3.783,5.877,0.0,0.408,0.0616,65.65,0.000394,18.07
166.665,1032.634,-1167.345,-1.0634,0.00981,3.125,4.021,13.238,0.0,-0.896,-0.0361,65.76,0.000394,11.94
166.722,1032.704,-1166.359,-1.0529,0.0073,5.674,4.239,4.759,0.0,1.435,0.0056,65.89,-0.001011,18.83
166.771,1032.768,-1165.427,-1.0421,0.00468,5.633,4.549,4.367,0.0,1.085,0.0203,66.01,-0.000266,16.97
166.821,1032.825,-1164.548,-1.0367,0.00757,4.317,4.358,6.189,0.0,-0.041,-0.0591,66.15,-0.000266,16.69
166.873,1032.887,-1163.557,-1.0271,0.00762,3.711,4.352,-3.824,0.0,-0.641,0.0193,66.27,-0.002526,19.06
166.918,1032.939,-1162.674,-1.0156,0.00589,5.476,5.232,-0.103,0.0,0.244,0.1234,66.4,-0.001267,13.68
166.971,1032.989,-1161.789,-1.0089,0.00932,3.937,5.496,17.599,0.0,-1.559,-0.0553,66.5,-0.001267,16.29
167.02,1033.042,-1160.792,-0.9959,0.00799,6.469,5.669,5.28,0.0,0.8,-0.0035,66.62,-0.002134,15.75
167.071,1033.085,-1159.903,-0.9872,0.01194,4.69,5.278,3.453,0.0,-0.588,-0.0726,66.75,-0.002134,16.32
167.121,1033.125,-1159.013,-0.9744,0.01258,4.129,4.404,-7.811,0.0,-0.275,-0.0813,66.87,-0.001234,15.57
167.172,1033.163,-1158.065,-0.96,0.01571,0.874,3.312,-17.497,0.0,-2.438,-0.0608,67.0,-0.00119,16.41
167.22,1033.199,-1157.06,-0.9421,0.01947,-0.91,2.019,-21.834,0.0,-2.929,-0.0662,67.12,-0.00119,14.42
167.277,1033.229,-1156.165,-0.9231,0.02006,-0.504,1.22,-25.859,0.0,-1.724,0.0238,67.27,-0.001945,20.97
167.324,1033.261,-1155.155,-0.8993,0.01862,0.546,1.021,-15.985,0.0,-0.475,0.056,67.34,-0.001261,17.54
167.371,1033.288,-1154.257,-0.8819,0.02,-0.226,0.699,-3.969,0.0,-0.925,-0.0242,67.45,-0.001261,14.1
167.427,1033.313,-1153.357,-0.8619,0.01773,0.556,0.821,-6.442,0.0,-0.266,0.0508,67.49,-0.001156,20.12
167.477,1033.341,-1152.4,-0.844,0.0186,-0.009,0.828,2.444,0.0,-0.836,-0.0119,67.6,-0.001156,19.15
167.526,1033.367,-1151.442,-0.8255,0.01895,0.71,0.692,0.125,0.0,0.018,-0.0196,67.68,-0.000473,18.25
167.573,1033.391,-1150.54,-0.8069,0.01901,0.058,0.78,-2.713,0.0,-0.722,0.0265,67.76,-0.001208,15.27
167.623,1033.415,-1149.523,-0.7865,0.02042,-0.752,0.647,1.765,0.0,-1.399,-0.0278,67.86,-0.001208,14.21
167.674,1033.436,-1148.618,-0.7675,0.02157,0.304,0.343,-2.661,0.0,-0.039,-0.0285,67.93,0.000147,15.22
167.73,1033.456,-1147.711,-0.7471,0.02254,-0.316,-0.068,-6.084,0.0,-0.248,-0.0255,68.04,0.000147,21.45
167.779,1033.478,-1146.69,-0.7239,0.02318,-1.753,-0.073,-8.213,0.0,-1.68,0.0422,68.14,0.000245,19.5
167.826,1033.496,-1145.724,-0.7011,0.02571,-0.241,-0.373,-0.11,0.0,0.132,-0.0413,68.23,0.000593,16.15
167.872,1033.514,-1144.813,-0.6776,0.02688,-0.971,-0.929,-6.005,0.0,-0.043,-0.0461,68.35,0.000593,12.09
167.928,1033.53,-1143.901,-0.6524,0.02736,-2.992,-1.449,-11.108,0.0,-1.544,-0.0144,68.47,-0.000249,17.14
167.979,1033.547,-1142.93,-0.6279,0.03113,-3.726,-2.471,-10.398,0.0,-1.256,-0.0883,68.6,-0.001161,17.98
168.028,1033.567,-1141.901,-0.5964,0.0307,-3.87,-3.321,-20.443,0.0,-0.55,-0.0116,68.71,-0.001161,16.23
168.076,1033.585,-1140.926,-0.5675,0.0308,-5.32,-3.985,-16.997,0.0,-1.335,-0.0037,68.84,-0.001529,14.34
168.13,1033.607,-1139.95,-0.541,0.0316,-5.97,-4.433,-13.283,0.0,-1.538,0.007,68.96,-0.002161,17.9
168.176,1033.629,-1139.029,-0.5133,0.02875,-5.082,-4.5,-8.954,0.0,-0.583,0.0375,69.11,-0.002161,13.25
168.23,1033.656,-1138.049,-0.487,0.02755,-3.921,-4.447,-1.346,0.0,0.526,0.0144,69.25,-0.001855,17.0
168.281,1033.686,-1137.068,-0.4615,0.02472,-3.024,-4.148,1.05,0.0,1.124,0.0363,69.38,-0.001855,17.81
168.329,1033.716,-1136.142,-0.4396,0.02371,-3.678,-4.047,5.985,0.0,0.369,-0.0172,69.48,-0.00187,15.71
168.381,1033.751,-1135.157,-0.4189,0.02391,-4.097,-4.141,2.019,0.0,0.044,-0.0236,69.6,-0.002142,16.93
168.429,1033.79,-1134.171,-0.3969,0.021,-3.13,-3.907,-1.872,0.0,0.778,0.0424,69.74,-0.002142,14.6
168.481,1033.831,-1133.182,-0.3776,0.01985,-3.7,-3.72,4.669,0.0,0.021,0.0017,69.88,-0.001325,16.64
168.529,1033.875,-1132.192,-0.3605,0.01896,-2.6,-3.719,3.74,0.0,1.119,-0.0194,70.03,-0.001531,13.69
168.579,1033.923,-1131.2,-0.3434,0.01574,-1.466,-3.386,0.031,0.0,1.92,0.0463,70.17,-0.001531,13.72
168.632,1033.973,-1130.206,-0.3293,0.01386,-2.524,-3.129,6.655,0.0,0.605,0.001,70.3,-0.001692,16.13
168.681,1034.02,-1129.327,-0.3197,0.01281,-2.32,-2.881,5.139,0.0,0.561,0.0078,70.43,-0.001441,15.45
168.726,1034.075,-1128.33,-0.308,0.01036,-1.448,-2.423,4.968,0.0,0.974,0.0379,70.56,-0.001441,10.62
168.783,1034.137,-1127.272,-0.2983,0.00787,-0.978,-1.575,9.162,0.0,0.597,0.0704,70.72,-0.001184,17.14
168.833,1034.198,-1126.271,-0.2916,0.00533,1.012,-0.347,16.954,0.0,1.359,0.0827,70.86,-0.001376,16.54
168.879,1034.253,-1125.385,-0.2877,0.00368,1.633,0.711,24.559,0.0,0.922,0.0191,70.99,-0.001376,12.96
168.933,1034.318,-1124.381,-0.2846,0.00198,3.4,1.814,21.156,0.0,1.586,0.0433,71.14,-0.000688,15.83
168.984,1034.386,-1123.315,-0.2826,0.00185,3.885,2.697,22.069,0.0,1.188,0.0077,71.28,-0.001077,17.35
169.03,1034.443,-1122.425,-0.2804,0.00228,3.683,3.176,17.653,0.0,0.508,-0.0256,71.41,-0.001077,12.51
169.083,1034.511,-1121.354,-0.278,0.00553,3.144,3.076,9.577,0.0,0.068,-0.0641,71.55,-0.000731,15.22
169.133,1034.573,-1120.342,-0.2714,0.00689,2.535,2.744,-1.997,0.0,-0.21,-0.0358,71.69,-0.000731,15.17
169.184,1034.63,-1119.386,-0.2634,0.01064,0.589,2.045,-6.632,0.0,-1.456,-0.0629,71.83,-0.001039,15.73
169.235,1034.691,-1118.37,-0.2532,0.01561,-1.463,0.781,-13.988,0.0,-2.244,-0.1032,71.97,-0.000329,16.53
169.281,1034.745,-1117.411,-0.2372,0.01673,-2.053,-0.334,-25.278,0.0,-1.718,-0.0233,72.12,-0.000329,12.26
169.336,1034.807,-1116.329,-0.2185,0.02058,-3.41,-1.58,-22.303,0.0,-1.829,-0.0572,72.25,-0.000318,16.84
169.386,1034.864,-1115.306,-0.1984,0.02358,-5.788,-2.96,-24.925,0.0,-2.829,-0.0621,72.4,0.0,17.14
169.434,1034.915,-1114.402,-0.1774,0.02333,-5.881,-3.933,-27.586,0.0,-1.948,0.0085,72.52,0.0,14.66
169.487,1034.976,-1113.314,-0.1521,0.02514,-6.562,-4.772,-19.473,0.0,-1.79,-0.0152,72.67,0.000265,16.87
169.53,1035.036,-1112.286,-0.1278,0.02562,-6.77,-5.538,-16.78,0.0,-1.233,-0.019,72.79,-0.000265,10.44
169.583,1035.095,-1111.316,-0.104,0.02318,-6.022,-5.819,-15.313,0.0,-0.202,0.0409,72.92,-0.000265,12.18
169.635,1035.164,-1110.223,-0.08,0.02286,-6.42,-5.995,-5.624,0.0,-0.425,0.0049,73.05,0.000159,13.94
169.687,1035.224,-1109.31,-0.0614,0.02227,-6.67,-6.234,-3.518,0.0,-0.436,-0.0149,73.18,-0.000208,15.67
169.735,1035.299,-1108.214,-0.0389,0.0186,-5.432,-6.024,-4.776,0.0,0.592,0.0542,73.34,-0.000208,13.03
169.784,1035.37,-1107.238,-0.022,0.01728,-4.829,-5.696,4.188,0.0,0.866,0.024,73.46,-0.00047,12.3
169.836,1035.454,-1106.138,-0.0056,0.01503,-4.944,-5.332,6.577,0.0,0.387,0.0164,73.59,-0.000816,13.56
169.883,1035.528,-1105.22,0.0064,0.01078,-3.395,-4.597,7.279,0.0,1.202,0.0645,73.73,-0.000816,10.59
169.936,1035.622,-1104.117,0.0168,0.00897,-2.301,-3.787,14.692,0.0,1.485,0.0362,73.87,-0.001225,12.61
169.99,1035.709,-1103.134,0.0237,0.00606,-1.66,-3.012,16.208,0.0,1.352,0.0233,74.0,-0.001384,16.2
170.037,1035.805,-1102.089,0.0272,0.00412,-0.555,-2.342,15.494,0.0,1.787,0.0124,74.12,-0.001146,12.96
170.088,1035.911,-1100.981,0.03,0.00125,0.533,-1.555,13.402,0.0,2.088,0.0396,74.26,-0.001146,13.49
170.14,1036.009,-1099.995,0.0294,-0.0005,0.333,-0.913,15.73,0.0,1.247,0.0073,74.43,-0.001363,15.41
170.191,1036.115,-1098.945,0.0267,-0.00111,0.58,-0.521,12.844,0.0,1.101,-0.0124,74.56,0.000308,15.91
170.239,1036.218,-1097.955,0.0245,-0.00315,1.387,-0.029,7.851,0.0,1.416,0.0275,74.71,0.000308,13.24
170.286,1036.336,-1096.839,0.0197,-0.00431,1.479,0.501,9.829,0.0,0.977,0.0226,74.84,-0.000587,10.12
170.337,1036.442,-1095.845,0.0146,-0.00488,1.413,0.921,10.609,0.0,0.492,0.0031,74.99,0.0,10.56
170.386,1036.556,-1094.788,0.0086,-0.00517,1.576,1.227,8.401,0.0,0.349,-0.0014,75.13,0.0,9.89
170.441,1036.663,-1093.791,0.0031,-0.00496,2.196,1.459,6.105,0.0,0.738,0.0004,75.26,-0.000427,14.32
170.493,1036.784,-1092.667,-0.0028,-0.00485,1.678,1.644,4.641,0.0,0.034,0.0015,75.38,0.000427,16.08
170.538,1036.89,-1091.666,-0.0073,-0.00445,1.564,1.732,3.703,0.0,-0.168,-0.0071,75.54,0.000427,10.49
170.592,1037.003,-1090.6,-0.011,-0.00319,1.568,1.767,1.759,0.0,-0.199,-0.0043,75.7,-0.000166,14.14
170.644,1037.108,-1089.596,-0.0137,-0.00219,1.535,1.818,0.699,0.0,-0.283,0.0035,75.83,4.1e-05,16.57
170.693,1037.225,-1088.463,-0.0155,-0.00096,1.511,1.855,1.023,0.0,-0.344,-0.0002,75.97,-1e-06,14.91
170.744,1037.329,-1087.454,-0.0159,0.00058,0.929,1.705,0.738,0.0,-0.776,-0.0248,76.1,-1e-06,15.38
170.799,1037.443,-1086.317,-0.0141,0.00246,0.71,1.385,-2.993,0.0,-0.676,-0.029,76.25,-5.4e-05,20.46
170.846,1037.538,-1085.367,-0.0119,0.00502,-0.08,0.858,-6.397,0.0,-0.938,-0.0401,76.38,0.0,17.47
170.891,1037.65,-1084.226,-0.005,0.00622,-0.589,0.316,-10.546,0.0,-0.905,-0.0204,76.51,0.0,11.69
170.947,1037.743,-1083.273,0.0014,0.00911,-2.026,-0.629,-10.828,0.0,-1.397,-0.0753,76.65,0.000268,18.29
171.0,1037.853,-1082.127,0.0122,0.01143,-2.716,-1.759,-18.913,0.0,-0.957,-0.0587,76.79,0.000537,20.57
171.045,1037.951,-1081.107,0.0246,0.01162,-2.887,-2.563,-22.6,0.0,-0.324,0.0062,76.93,0.000537,15.17
171.098,1038.063,-1079.957,0.038,0.01322,-5.663,-3.396,-16.068,0.0,-2.268,-0.0322,77.05,0.000752,17.72
171.148,1038.168,-1078.869,0.0515,0.01436,-5.086,-4.101,-16.661,0.0,-0.986,-0.0112,77.19,5.4e-05,17.55
171.195,1038.269,-1077.844,0.0658,0.01255,-5.251,-4.492,-14.104,0.0,-0.758,0.0192,77.32,0.000215,13.96
171.246,1038.378,-1076.753,0.0784,0.01074,-4.676,-4.502,-7.829,0.0,-0.173,0.0396,77.43,0.000215,14.18
171.294,1038.483,-1075.725,0.0885,0.0094,-3.722,-4.361,-0.2,0.0,0.639,0.0207,77.55,0.000824,12.35
171.346,1038.603,-1074.567,0.0982,0.007,-3.963,-4.063,2.82,0.0,0.099,0.0269,77.69,0.001279,13.31
171.394,1038.714,-1073.536,0.1036,0.00512,-2.569,-3.581,5.974,0.0,1.012,0.0359,77.8,0.001292,10.97
171.443,1038.833,-1072.439,0.1077,0.00225,-1.531,-2.904,9.628,0.0,1.373,0.0442,77.9,0.001292,10.3
171.503,1038.949,-1071.406,0.1087,-0.00098,-0.593,-2.054,13.552,0.0,1.461,0.0476,78.02,0.000964,19.96
171.553,1039.083,-1070.242,0.1059,-0.00363,0.465,-1.135,16.988,0.0,1.601,0.0394,78.13,-2.8e-05,18.92
171.596,1039.205,-1069.207,0.101,-0.0056,1.237,-0.274,18.379,0.0,1.512,0.024,78.27,-2.8e-05,11.99
171.649,1039.344,-1068.04,0.0931,-0.00727,1.986,0.462,17.218,0.0,1.525,0.0126,78.36,-2.8e-05,14.67
171.7,1039.462,-1067.067,0.0851,-0.00869,2.506,1.033,14.719,0.0,1.472,0.0028,78.45,-0.000199,16.21
171.75,1039.604,-1065.898,0.074,-0.00932,2.497,1.44,11.435,0.0,1.057,-0.0031,78.58,-0.000917,15.34
171.797,1039.732,-1064.857,0.0644,-0.00983,2.76,1.791,8.131,0.0,0.969,0.0065,78.7,-0.000917,11.66
171.851,1039.875,-1063.684,0.0534,-0.00973,2.479,2.066,7.03,0.0,0.413,0.0015,78.78,0.000456,15.59
171.901,1040.002,-1062.64,0.0442,-0.00961,2.244,2.305,5.486,0.0,-0.061,0.0048,78.89,-0.000759,15.7
171.95,1040.145,-1061.464,0.034,-0.00892,2.932,2.402,4.796,0.0,0.53,-0.0116,79.03,-0.000708,13.53
172.013,1040.27,-1060.417,0.0257,-0.0076,2.514,2.308,1.94,0.0,0.205,-0.0233,79.13,-0.000708,26.09
172.054,1040.394,-1059.369,0.0185,-0.00734,2.273,2.026,-1.886,0.0,0.248,-0.0296,79.24,-0.000275,16.71
172.098,1040.517,-1058.318,0.0117,-0.00566,0.957,1.488,-5.65,0.0,-0.53,-0.0455,79.34,0.000807,10.99
172.15,1040.653,-1057.135,0.006,-0.00391,0.362,0.903,-10.761,0.0,-0.541,-0.0253,79.45,0.000807,12.13
172.207,1040.772,-1056.081,0.0028,-0.00283,-0.572,0.422,-11.692,0.0,-0.994,-0.0059,79.56,-0.000701,19.02
172.257,1040.905,-1054.894,0.0005,-0.0029,-0.545,0.27,-9.621,0.0,-0.815,0.0291,79.68,0.000305,18.69
172.307,1041.023,-1053.838,-0.0009,-0.00367,0.151,0.536,-3.041,0.0,-0.385,0.0531,79.78,0.000305,18.77
172.354,1041.139,-1052.779,-0.0041,-0.00278,-0.148,0.66,5.323,0.0,-0.808,-0.0106,79.87,0.000305,14.99
172.402,1041.268,-1051.587,-0.0071,-0.00347,1.354,0.921,2.481,0.0,0.432,0.0235,79.97,-0.000203,13.13
172.456,1041.383,-1050.526,-0.01,-0.00401,1.574,1.253,5.224,0.0,0.321,0.0189,80.08,0.000203,16.52
172.501,1041.51,-1049.331,-0.0139,-0.00276,1.359,1.373,6.628,0.0,-0.014,-0.018,80.2,-0.000814,11.87
172.553,1041.622,-1048.266,-0.0159,-0.0018,1.027,1.293,2.398,0.0,-0.266,-0.0237,80.31,-0.000814,13.7
172.608,1041.734,-1047.201,-0.0171,-0.00096,1.618,1.153,-1.599,0.0,0.464,-0.0111,80.4,-0.000661,18.15
172.656,1041.859,-1046.0,-0.0178,0.00041,-0.57,0.906,-2.784,0.0,-1.476,-0.02,80.49,0.000863,15.09
172.704,1041.968,-1044.932,-0.0172,0.0024,0.208,0.545,-4.946,0.0,-0.337,-0.0245,80.6,-0.000944,13.59
172.756,1042.091,-1043.728,-0.0137,0.00338,-0.174,0.169,-7.223,0.0,-0.343,-0.0147,80.66,-0.000944,14.97
172.807,1042.199,-1042.657,-0.0093,0.00349,-0.307,-0.214,-7.516,0.0,-0.093,-0.0141,80.77,0.000668,15.59
172.86,1042.32,-1041.451,-0.0045,0.00542,-1.578,-0.82,-7.656,0.0,-0.759,-0.0445,80.85,-0.000573,17.21
172.908,1042.421,-1040.445,0.0003,0.00742,-3.674,-1.528,-12.119,0.0,-2.146,-0.0354,80.91,-8.9e-05,14.96
172.955,1042.541,-1039.236,0.009,0.00758,-3.8,-2.039,-14.166,0.0,-1.761,0.0028,81.0,-8.9e-05,12.14
173.01,1042.648,-1038.161,0.0164,0.00769,-2.027,-2.31,-10.224,0.0,0.283,0.0157,81.07,0.001003,15.99
173.062,1042.769,-1036.95,0.0257,0.00554,-2.57,-2.352,-5.415,0.0,-0.218,0.0224,81.16,0.000761,17.37
173.108,1042.871,-1035.94,0.0307,0.00481,-2.344,-2.292,-0.847,0.0,-0.052,0.0128,81.2,0.000761,13.34
173.163,1042.994,-1034.728,0.0363,0.00449,-2.275,-2.142,1.195,0.0,-0.132,0.0147,81.2,0.001725,18.17
173.212,1043.106,-1033.652,0.0401,0.00333,-1.262,-1.813,3.007,0.0,0.551,0.0302,81.03,0.000622,16.78
173.263,1043.224,-1032.512,0.0434,0.00127,-1.052,-1.3,6.581,0.0,0.248,0.0372,80.81,0.002531,18.19
173.307,1043.351,-1031.309,0.0437,0.00014,-0.65,-0.809,10.266,0.0,0.158,0.0148,80.59,0.002531,12.0
173.364,1043.465,-1030.242,0.0437,-0.00079,0.945,-0.378,9.82,0.0,1.323,0.0087,80.36,0.002521,18.32
173.413,1043.586,-1029.111,0.0422,-0.00163,1.074,-0.138,8.605,0.0,1.212,-0.0114,80.17,0.004316,16.97
173.463,1043.694,-1028.117,0.0388,-0.00124,-0.929,-0.062,4.814,0.0,-0.867,-0.0147,79.94,0.005097,17.29
173.518,1043.824,-1026.926,0.0369,-0.00224,-0.55,0.104,1.507,0.0,-0.654,0.0153,79.75,0.005097,21.69
173.563,1043.947,-1025.805,0.0342,-0.0019,1.585,0.325,3.321,0.0,1.26,0.0135,79.53,0.005359,16.02
173.613,1044.064,-1024.753,0.0324,-0.00353,0.202,0.587,4.424,0.0,-0.384,0.0134,79.34,0.00548,16.3
173.661,1044.188,-1023.637,0.0273,-0.00381,0.351,0.811,5.235,0.0,-0.46,0.0039,79.12,0.00548,13.46
173.716,1044.311,-1022.525,0.0236,-0.00251,1.44,0.775,4.49,0.0,0.665,-0.0286,78.9,0.007069,18.57
173.765,1044.441,-1021.351,0.0214,-0.00349,1.218,0.589,-0.723,0.0,0.629,-0.0222,78.66,0.007975,16.84
173.817,1044.549,-1020.376,0.0176,-0.00223,-0.564,0.183,-3.721,0.0,-0.746,-0.0372,78.35,0.009395,18.56
173.86,1044.671,-1019.274,0.0153,-0.00212,-0.584,-0.124,-8.124,0.0,-0.46,-0.0003,78.06,0.009395,12.17
173.919,1044.791,-1018.178,0.0136,-0.00194,-0.334,-0.347,-6.138,0.0,0.013,0.001,77.73,0.010289,20.22
173.967,1044.919,-1017.021,0.0122,-0.00367,-0.866,-0.393,-4.455,0.0,-0.473,0.0169,77.4,0.010534,18.35
174.011,1045.025,-1016.062,0.0086,-0.00375,-0.804,-0.378,-0.921,0.0,-0.425,0.0069,77.08,0.010534,12.52
174.062,1045.145,-1014.979,0.0045,-0.0045,0.884,-0.411,0.299,0.0,1.295,-0.0061,76.72,0.010518,13.68
174.117,1045.263,-1013.901,0.001,-0.00651,-0.684,-0.694,-0.656,0.0,0.01,-0.0361,76.39,0.010389,17.92
174.164,1045.381,-1012.828,-0.0055,-0.00725,-0.326,-1.19,-5.659,0.0,0.865,-0.0397,76.07,0.010581,15.13
174.217,1045.497,-1011.759,-0.0125,-0.00764,-0.105,-1.484,-9.925,0.0,1.379,0.0109,75.76,0.010581,17.89
174.276,1045.6,-1010.82,-0.0182,-0.01217,-0.535,-1.389,-5.878,0.0,0.854,0.044,75.36,0.009685,25.59
174.317,1045.717,-1009.763,-0.0287,-0.01692,0.448,-0.772,1.9,0.0,1.22,0.0762,74.81,0.009871,17.08
174.365,1045.834,-1008.714,-0.0473,-0.01791,1.044,-0.105,12.334,0.0,1.149,0.0286,74.19,0.009871,14.37
174.42,1045.951,-1007.673,-0.065,-0.02522,3.777,1.035,13.349,0.0,2.742,0.0892,73.6,0.009946,18.79
174.469,1046.068,-1006.642,-0.0857,-0.03321,7.023,2.63,22.791,0.0,4.393,0.1034,72.97,0.009786,17.41
174.514,1046.176,-1005.68,-0.1177,-0.03259,7.184,3.795,31.91,0.0,3.388,-0.0044,72.32,0.009786,11.74
174.57,1046.303,-1004.547,-0.1535,-0.03963,8.454,4.931,23.306,0.0,3.523,0.0366,71.73,0.010099,17.95
174.62,1046.414,-1003.542,-0.1877,-0.04615,10.393,6.274,22.719,0.0,4.119,0.0685,71.12,0.011021,17.34
174.668,1046.516,-1002.603,-0.2298,-0.04366,9.942,7.086,26.852,0.0,2.856,-0.0272,70.58,0.011021,14.76
174.728,1046.62,-1001.614,-0.2697,-0.05096,11.69,8.262,16.239,0.0,3.428,0.0792,69.96,0.011766,24.48
174.774,1046.714,-1000.691,-0.3061,-0.05906,14.42,10.295,23.52,0.0,4.125,0.1607,69.36,0.013012,20.18
174.824,1046.809,-999.717,-0.3614,-0.05376,13.026,11.353,40.653,0.0,1.673,-0.0651,68.75,0.013012,19.52
174.872,1046.892,-998.808,-0.4022,-0.06116,16.408,12.899,21.162,0.0,3.509,0.1051,68.14,0.013465,17.47
174.922,1046.977,-997.794,-0.4612,-0.05403,14.3,13.505,30.92,0.0,0.795,-0.0773,67.54,0.013465,16.99
174.969,1047.045,-996.901,-0.5059,-0.06075,17.855,14.799,12.118,0.0,3.056,0.1172,66.89,0.014307,13.98
175.022,1047.108,-995.961,-0.5497,-0.06736,21.555,17.097,25.878,0.0,4.457,0.1855,66.23,0.014303,17.15
175.074,1047.158,-995.084,-0.6048,-0.05662,17.922,17.602,45.978,0.0,0.319,-0.1703,65.57,0.014303,18.38
175.124,1047.201,-994.16,-0.6481,-0.06161,20.583,18.554,10.096,0.0,2.03,0.08,64.94,0.015068,18.21
175.173,1047.235,-993.192,-0.7023,-0.04988,16.453,18.211,19.028,0.0,-1.759,-0.1474,64.31,0.015068,16.71
175.226,1047.254,-992.34,-0.7397,-0.05277,19.551,18.344,-6.849,0.0,1.207,0.0544,63.65,0.014977,19.64
175.272,1047.263,-991.443,-0.7718,-0.05553,21.232,19.306,2.652,0.0,1.926,0.1205,62.99,0.014929,15.58
175.327,1047.26,-990.608,-0.8131,-0.04301,16.512,18.548,19.243,0.0,-2.035,-0.2066,62.38,0.014929,19.9
175.375,1047.245,-989.729,-0.8388,-0.04312,17.093,17.799,-15.165,0.0,-0.706,-0.0251,61.73,0.015292,17.9
175.424,1047.216,-988.809,-0.8716,-0.02849,11.238,15.648,-14.974,0.0,-4.409,-0.222,61.09,0.015292,16.57
175.479,1047.176,-987.95,-0.8871,-0.0289,12.105,14.037,-43.025,0.0,-1.932,0.0004,60.43,0.015378,20.35
175.535,1047.127,-987.151,-0.9047,-0.01512,6.34,11.401,-32.209,0.0,-5.061,-0.1994,59.73,0.015378,26.37
175.577,1047.069,-986.361,-0.9106,-0.01731,7.299,9.482,-52.722,0.0,-2.183,0.0081,59.07,0.015829,17.98
175.627,1046.998,-985.533,-0.9203,-0.00505,2.0,6.772,-38.387,0.0,-4.772,-0.1774,58.38,0.015829,17.75
175.68,1046.918,-984.715,-0.9208,-0.00844,2.698,4.916,-54.197,0.0,-2.218,0.0247,57.7,0.01605,18.99
175.731,1046.836,-983.955,-0.913,-0.01342,4.286,4.348,-37.116,0.0,-0.062,0.115,57.04,0.015197,19.95
175.779,1046.741,-983.156,-0.9208,-0.00445,0.363,2.856,-11.37,0.0,-2.492,-0.1488,56.42,0.015197,17.28
175.832,1046.641,-982.368,-0.9114,-0.0129,2.975,2.498,-29.836,0.0,0.477,0.1062,55.86,0.015429,20.48
175.88,1046.536,-981.587,-0.919,-0.00586,-0.128,1.627,-7.163,0.0,-1.755,-0.0841,55.39,0.015429,18.05
175.932,1046.426,-980.813,-0.9115,-0.01804,5.31,2.566,-17.421,0.0,2.744,0.2223,54.98,0.015444,19.56
175.98,1046.314,-980.045,-0.9235,-0.01306,3.248,2.995,18.778,0.0,0.253,-0.0384,54.55,0.015444,16.9
176.03,1046.198,-979.284,-0.9212,-0.02784,9.584,5.074,8.586,0.0,4.51,0.2453,54.26,0.015886,16.62
176.08,1046.079,-978.526,-0.941,-0.0235,7.8,6.33,41.582,0.0,1.47,-0.0424,54.15,0.015886,17.02
176.132,1045.958,-977.769,-0.9466,-0.03896,15.574,9.165,25.113,0.0,6.409,0.2644,54.04,0.014635,18.27
176.18,1045.832,-977.015,-0.9745,-0.03385,13.538,10.881,56.71,0.0,2.657,-0.0573,53.93,0.014635,16.46
176.23,1045.718,-976.352,-0.982,-0.04915,20.336,13.876,34.325,0.0,6.46,0.2384,53.82,0.014148,16.16
176.281,1045.584,-975.602,-1.0171,-0.04162,17.211,15.324,59.894,0.0,1.886,-0.1114,53.71,0.014148,16.78
176.328,1045.444,-974.855,-1.0325,-0.05456,24.04,17.997,28.966,0.0,6.043,0.2215,53.6,0.013761,13.4
176.384,1045.298,-974.111,-1.0703,-0.04415,19.542,18.834,53.45,0.0,0.708,-0.163,53.48,0.013761,19.46
176.433,1045.134,-973.327,-1.0878,-0.05568,25.684,20.768,16.739,0.0,4.916,0.1824,53.36,0.013284,17.38
176.485,1044.991,-972.676,-1.121,-0.04313,20.048,20.749,38.678,0.0,-0.701,-0.2051,53.23,0.013284,18.86
176.536,1044.82,-971.943,-1.1336,-0.05344,25.032,21.818,-0.365,0.0,3.214,0.1511,53.1,0.012797,19.89
176.586,1044.629,-971.171,-1.1707,-0.0398,18.895,21.067,21.369,0.0,-2.173,-0.2167,52.97,0.012797,19.5
176.635,1044.45,-970.489,-1.1772,-0.04816,23.166,21.332,-15.011,0.0,1.834,0.1156,52.85,0.013271,18.16
176.685,1044.25,-969.768,-1.2083,-0.03402,16.664,19.887,5.3,0.0,-3.223,-0.2295,52.71,0.013271,17.99
176.734,1044.041,-969.053,-1.2287,-0.02005,10.039,16.27,-28.901,0.0,-6.231,-0.3538,52.59,0.013271,16.58
176.788,1043.835,-968.383,-1.2368,-0.03124,15.332,15.306,-72.349,0.0,0.026,0.2443,52.47,0.013774,19.94
176.836,1043.609,-967.676,-1.2558,-0.01945,9.769,13.731,-19.27,0.0,-3.962,-0.119,52.34,0.013774,18.21
176.885,1043.362,-966.932,-1.2642,-0.0311,15.581,14.185,-31.502,0.0,1.396,0.2283,52.25,0.013029,16.42
176.939,1043.134,-966.273,-1.2822,-0.02026,10.367,13.33,9.071,0.0,-2.963,-0.1668,52.27,0.013029,20.61
176.989,1042.885,-965.576,-1.2884,-0.03395,18.392,14.662,-17.085,0.0,3.73,0.2753,52.32,0.013292,20.3
177.039,1042.628,-964.88,-1.3092,-0.0231,13.18,14.532,26.622,0.0,-1.352,-0.1574,52.4,0.013292,20.09
177.087,1042.378,-964.227,-1.3139,-0.03639,19.594,15.912,-2.586,0.0,3.682,0.2062,52.48,0.012815,17.04
177.141,1042.105,-963.534,-1.3371,-0.0256,14.453,15.715,27.594,0.0,-1.262,-0.172,52.57,0.012815,20.76
177.19,1041.841,-962.885,-1.3419,-0.03812,20.724,16.967,-3.936,0.0,3.757,0.1954,52.66,0.012571,19.56
177.241,1041.536,-962.155,-1.3678,-0.02713,15.519,16.667,25.042,0.0,-1.147,-0.1731,52.77,0.012571,20.08
177.291,1041.273,-961.549,-1.3698,-0.03904,20.897,17.876,-6.011,0.0,3.021,0.2004,52.86,0.011499,19.53
177.343,1040.95,-960.824,-1.3967,-0.02737,15.381,17.457,24.19,0.0,-2.075,-0.1853,52.97,0.011499,22.38
177.392,1040.636,-960.142,-1.4005,-0.03904,22.73,18.898,-8.394,0.0,3.832,0.2452,53.07,0.011065,20.02
177.441,1040.313,-959.462,-1.4256,-0.02775,17.395,18.78,28.834,0.0,-1.385,-0.1675,53.17,0.011065,18.99
177.492,1040.001,-958.825,-1.4255,-0.03918,23.595,20.086,-2.373,0.0,3.509,0.1949,53.28,0.010913,19.56
177.546,1039.681,-958.19,-1.4492,-0.02596,17.299,19.463,26.131,0.0,-2.165,-0.2238,53.37,0.010913,23.53
177.593,1039.31,-957.48,-1.45,-0.0349,22.15,20.013,-12.455,0.0,2.138,0.1419,53.47,0.010349,19.69
177.646,1038.929,-956.773,-1.4726,-0.02177,15.889,18.886,10.983,0.0,-2.997,-0.2148,53.58,0.010349,21.96
177.694,1038.603,-956.187,-1.4663,-0.02988,20.316,19.064,-22.531,0.0,1.252,0.1428,53.68,0.010571,19.91
177.744,1038.201,-955.488,-1.4857,-0.01774,14.509,17.825,3.557,0.0,-3.316,-0.1916,53.79,0.010571,19.81
177.792,1037.836,-954.87,-1.4937,-0.00483,8.172,14.462,-24.772,0.0,-6.29,-0.3399,53.9,0.010571,16.85
177.845,1037.463,-954.255,-1.4914,-0.01431,13.342,13.47,-67.261,0.0,-0.128,0.2137,54.02,0.010363,19.97
177.898,1037.034,-953.566,-1.4991,-0.00436,8.472,12.032,-19.842,0.0,-3.559,-0.097,54.12,0.010363,23.13
177.949,1036.671,-952.995,-1.4954,-0.01464,12.819,12.009,-28.769,0.0,0.81,0.1474,54.24,0.010206,23.99
177.998,1036.227,-952.312,-1.5038,-0.00513,8.193,10.868,-0.457,0.0,-2.675,-0.1569,54.35,0.010206,21.99
178.05,1035.826,-951.707,-1.5006,-0.01501,12.305,11.146,-22.815,0.0,1.159,0.1583,54.45,0.009727,23.84
178.094,1035.394,-951.068,-1.5094,-0.00689,8.373,10.526,5.56,0.0,-2.153,-0.1157,54.57,0.009727,18.0
178.146,1034.929,-950.393,-1.5082,-0.01852,14.889,11.689,-12.408,0.0,3.199,0.2274,54.68,0.008843,19.36
178.198,1034.536,-949.833,-1.518,-0.00987,10.729,11.642,23.271,0.0,-0.913,-0.1284,54.79,0.008843,21.09
178.244,1034.057,-949.164,-1.5184,-0.02221,16.349,12.994,-0.935,0.0,3.355,0.1936,54.9,0.008075,16.75
178.296,1033.599,-948.534,-1.5324,-0.01312,12.051,12.991,27.033,0.0,-0.94,-0.142,55.0,0.008075,18.25
178.347,1033.161,-947.945,-1.5339,-0.02436,18.049,14.393,-0.058,0.0,3.656,0.1961,55.11,0.007878,19.42
178.397,1032.69,-947.321,-1.5496,-0.01522,13.76,14.449,28.048,0.0,-0.689,-0.1391,55.22,0.007878,19.27
178.449,1032.184,-946.665,-1.5539,-0.0255,19.019,15.995,1.112,0.0,3.024,0.2101,55.33,0.007752,21.11
178.498,1031.756,-946.121,-1.5683,-0.01519,14.16,15.982,30.922,0.0,-1.821,-0.1638,55.43,0.007752,19.48
178.552,1031.234,-945.472,-1.5722,-0.0246,20.021,17.134,-0.268,0.0,2.887,0.1623,55.53,0.007454,22.95
178.6,1030.734,-944.864,-1.587,-0.01353,14.816,16.703,23.046,0.0,-1.887,-0.1809,55.63,0.007454,20.42
178.648,1030.256,-944.296,-1.5877,-0.02126,19.018,17.213,-8.623,0.0,1.806,0.1164,55.72,0.00806,18.61
178.698,1029.741,-943.697,-1.6003,-0.01013,13.766,16.287,10.2,0.0,-2.521,-0.1827,55.82,0.00806,18.07
178.746,1029.218,-943.103,-1.5998,-0.01592,16.668,16.251,-18.513,0.0,0.418,0.0918,55.92,0.008175,15.35
178.799,1028.719,-942.548,-1.608,-0.0053,11.617,14.989,-0.73,0.0,-3.372,-0.1724,56.0,0.008175,17.97
178.85,1028.181,-941.964,-1.6037,-0.01089,14.873,14.593,-25.235,0.0,0.279,0.0769,56.11,0.007823,18.63
178.898,1027.636,-941.385,-1.6083,-4e-05,9.669,13.004,-7.914,0.0,-3.336,-0.1804,56.2,0.007823,16.5
178.952,1027.084,-940.81,-1.6009,-0.00628,12.213,12.483,-31.777,0.0,-0.27,0.0936,56.31,0.00792,19.67
179.001,1026.525,-940.24,-1.6021,0.00365,7.415,10.978,-10.427,0.0,-3.563,-0.1555,56.42,0.00792,18.05
179.05,1025.992,-939.708,-1.5932,-0.00304,10.698,10.638,-30.093,0.0,0.06,0.1101,56.5,0.006818,17.39
179.1,1025.421,-939.146,-1.5923,0.00555,6.516,9.447,-6.804,0.0,-2.931,-0.1306,56.62,0.006818,17.29
179.15,1024.844,-938.588,-1.5826,-0.00234,10.277,9.602,-23.814,0.0,0.675,0.1463,56.73,0.007441,16.58
179.202,1024.261,-938.033,-1.5816,0.0052,6.606,8.93,3.092,0.0,-2.324,-0.11,56.84,0.007441,18.11
179.252,1023.673,-937.482,-1.5736,-0.0036,11.209,9.716,-13.438,0.0,1.493,0.1801,56.95,0.007482,18.18
179.305,1023.079,-936.934,-1.5735,0.00334,7.852,9.594,15.722,0.0,-1.742,-0.0994,57.06,0.007482,20.81
179.356,1022.516,-936.421,-1.5679,-0.00489,12.697,10.64,-2.449,0.0,2.057,0.159,57.18,0.006653,20.83
179.402,1021.949,-935.911,-1.5691,0.00264,9.098,10.566,20.931,0.0,-1.468,-0.12,57.29,0.006653,17.12
179.458,1021.269,-935.309,-1.565,-0.00432,13.209,11.278,-1.483,0.0,1.93,0.1072,57.41,0.006425,22.43
179.503,1020.691,-934.806,-1.5566,-0.01023,16.061,13.007,14.244,0.0,3.054,0.1668,57.51,0.00377,16.72
179.555,1020.072,-934.275,-1.5614,-0.00186,12.123,13.016,34.57,0.0,-0.893,-0.1797,57.62,0.00377,19.03
179.605,1019.447,-933.749,-1.5522,-0.00484,13.495,12.983,0.183,0.0,0.512,-0.0055,57.73,0.002781,18.94
179.653,1018.853,-933.258,-1.5524,0.00401,9.276,11.833,-0.654,0.0,-2.557,-0.1573,57.85,0.002781,17.0
179.704,1018.216,-932.74,-1.5401,4e-05,11.279,11.214,-23.016,0.0,0.065,0.0341,57.96,0.00274,17.35
179.755,1017.574,-932.227,-1.5365,0.0086,7.165,9.74,-12.371,0.0,-2.575,-0.1411,58.08,0.00274,17.63
179.806,1016.926,-931.718,-1.5215,0.0047,7.985,8.9,-29.49,0.0,-0.914,0.0371,58.19,0.002878,18.99
179.851,1016.273,-931.213,-1.5148,0.01091,4.931,7.602,-16.799,0.0,-2.672,-0.0932,58.33,0.002878,13.58
179.904,1015.654,-930.74,-1.5007,0.00533,7.15,7.341,-25.947,0.0,-0.191,0.0994,58.45,0.003908,16.54
179.956,1014.993,-930.24,-1.4936,0.01139,4.173,6.491,-5.222,0.0,-2.318,-0.0914,58.59,0.003908,17.34
180.009,1014.328,-929.743,-1.4803,0.00389,7.868,6.77,-17.004,0.0,1.098,0.1279,58.7,0.003828,20.33
180.056,1013.659,-929.248,-1.4751,0.00865,5.548,6.533,5.573,0.0,-0.985,-0.0622,58.79,0.003828,16.94
180.108,1013.026,-928.784,-1.4659,0.00104,8.796,7.448,-4.729,0.0,1.347,0.1526,58.87,0.004181,18.24
180.155,1012.351,-928.294,-1.4545,-0.00628,13.358,9.374,18.305,0.0,3.984,0.173,58.96,0.003458,15.4
180.208,1011.713,-927.835,-1.4576,-0.00126,11.032,9.983,38.512,0.0,1.049,-0.1166,59.04,0.003458,18.68
180.261,1011.03,-927.351,-1.4473,-0.00515,11.9,10.439,12.182,0.0,1.461,-0.0001,59.09,0.004331,21.03
180.305,1010.343,-926.872,-1.4488,0.00122,8.918,9.939,9.124,0.0,-1.021,-0.1176,59.22,0.004331,14.47
180.363,1009.692,-926.423,-1.4399,-0.00359,10.91,10.225,-10.006,0.0,0.684,0.0924,59.34,0.002301,22.59
180.408,1008.996,-925.95,-1.4401,0.00385,7.408,9.591,5.725,0.0,-2.183,-0.1185,59.51,0.002301,17.47
180.459,1008.253,-925.452,-1.4303,-0.00136,10.638,9.797,-12.677,0.0,0.841,0.0951,59.64,0.003299,18.04
180.51,1007.589,-925.013,-1.4289,0.00507,7.61,9.268,4.109,0.0,-1.658,-0.0954,59.78,0.003299,18.3
180.566,1006.921,-924.577,-1.4197,-5e-05,10.059,10.088,-10.588,0.0,-0.029,0.1701,59.92,0.002584,23.8
180.612,1006.206,-924.117,-1.4172,0.00643,7.007,10.051,16.418,0.0,-3.044,-0.0912,60.06,0.002584,19.34
180.658,1005.529,-923.688,-1.4084,0.00339,11.508,10.649,-0.753,0.0,0.859,0.0875,60.19,0.0022,15.51
180.71,1004.763,-923.209,-1.3954,0.001,13.593,11.748,11.964,0.0,1.846,0.0908,60.34,0.00218,16.6
180.76,1004.076,-922.787,-1.392,0.00854,10.073,11.375,21.972,0.0,-1.303,-0.167,60.48,0.00218,17.01
180.81,1003.342,-922.344,-1.3785,0.01034,9.083,10.335,-7.442,0.0,-1.253,-0.1062,60.62,0.001543,16.65
180.857,1002.559,-921.88,-1.3653,0.0184,5.223,8.451,-20.8,0.0,-3.228,-0.1542,60.75,0.001543,13.04
180.909,1001.858,-921.471,-1.3457,0.02156,3.333,6.257,-37.684,0.0,-2.924,-0.1091,60.91,0.000945,15.06
180.958,1001.064,-921.017,-1.3227,0.02867,-0.202,3.683,-43.894,0.0,-3.885,-0.1295,61.06,0.000945,13.4
181.011,1000.354,-920.616,-1.2961,0.02984,-2.367,1.49,-51.466,0.0,-3.857,-0.0368,61.21,0.001071,16.1
181.062,999.595,-920.194,-1.2678,0.03469,-4.923,-0.685,-43.866,0.0,-4.238,-0.074,61.35,0.001071,16.66
181.115,998.878,-919.798,-1.2377,0.03373,-4.791,-2.24,-43.492,0.0,-2.551,0.0106,61.51,0.000596,19.01
181.164,998.113,-919.378,-1.2035,0.02976,-3.896,-2.667,-31.1,0.0,-1.229,0.1032,61.67,0.000915,18.44
181.222,997.391,-918.983,-1.179,0.03,-4.33,-2.94,-8.541,0.0,-1.389,0.0065,61.82,0.000915,25.64
181.267,996.576,-918.537,-1.1488,0.02396,-1.133,-2.546,-5.473,0.0,1.413,0.0837,61.98,0.000685,20.8
181.308,995.85,-918.139,-1.1292,0.02317,-1.056,-2.135,7.881,0.0,1.079,0.0162,62.15,0.000685,11.7
181.364,995.032,-917.689,-1.1071,0.0157,0.88,-0.616,8.235,0.0,1.496,0.169,62.33,0.00039,17.11
181.411,994.303,-917.287,-1.0948,0.01401,1.44,0.827,30.38,0.0,0.613,0.0424,62.5,0.00039,13.73
181.465,993.573,-916.883,-1.0833,0.00849,6.218,2.387,28.853,0.0,3.83,0.0668,62.66,-0.001046,17.22
181.512,992.795,-916.453,-1.0717,0.00236,7.503,4.356,31.206,0.0,3.147,0.1115,62.82,-0.000588,14.1
181.563,991.969,-915.997,-1.0691,0.00284,7.214,5.665,39.372,0.0,1.548,-0.0234,62.98,-0.000588,15.05
181.616,991.232,-915.592,-1.0647,0.00104,8.788,6.751,26.183,0.0,2.037,0.0145,63.15,0.001032,17.41
181.663,990.446,-915.161,-1.0625,0.00376,7.52,7.12,21.712,0.0,0.399,-0.0621,63.31,0.001032,13.75
181.716,989.704,-914.758,-1.0574,0.00162,8.826,7.587,7.39,0.0,1.239,0.0265,63.47,0.000701,17.08
181.764,988.911,-914.33,-1.0515,0.00171,8.691,8.155,9.343,0.0,0.536,0.0303,63.65,0.000461,14.47
181.813,988.162,-913.929,-1.0483,0.00627,6.62,7.88,11.35,0.0,-1.26,-0.0978,63.83,0.000461,13.29
181.869,987.362,-913.506,-1.0392,0.00786,6.571,7.464,-5.496,0.0,-0.893,-0.0294,63.99,-0.000477,18.27
181.915,986.51,-913.061,-1.0295,0.01273,4.307,6.539,-8.328,0.0,-2.231,-0.0856,64.15,-0.000477,14.64
181.968,985.748,-912.668,-1.0157,0.01466,4.021,5.557,-18.5,0.0,-1.536,-0.0402,64.32,0.000152,17.19
182.015,984.935,-912.254,-1.0003,0.01924,1.831,4.246,-19.636,0.0,-2.415,-0.0802,64.49,0.000152,13.65
182.067,984.167,-911.867,-0.9823,0.02102,0.678,3.071,-26.222,0.0,-2.393,-0.0268,64.66,-0.000381,15.7
182.119,983.298,-911.433,-0.9595,0.02313,0.073,1.924,-23.503,0.0,-1.851,-0.037,64.84,0.000452,17.06
182.166,982.473,-911.025,-0.9366,0.02642,-1.62,0.592,-22.931,0.0,-2.211,-0.066,65.01,0.000452,13.8
182.22,981.694,-910.642,-0.9123,0.02686,-2.495,-0.509,-26.651,0.0,-1.986,-0.0141,65.19,-0.001701,17.26
182.268,980.863,-910.236,-0.8857,0.02799,-3.008,-1.24,-22.007,0.0,-1.768,0.0132,65.38,0.000251,14.62
182.321,980.078,-909.854,-0.8603,0.02952,-3.955,-1.995,-14.621,0.0,-1.96,-0.0288,65.55,0.000251,17.24
182.369,979.242,-909.448,-0.8318,0.02889,-3.645,-2.159,-15.097,0.0,-1.486,0.0561,65.72,-0.001071,15.73
182.417,978.354,-909.018,-0.8032,0.02934,-4.161,-2.307,-3.285,0.0,-1.854,-0.0034,65.88,-0.001071,13.21
182.47,977.562,-908.634,-0.7776,0.02708,-1.715,-2.267,-2.952,0.0,0.552,0.021,66.05,0.000728,15.95
182.52,976.72,-908.224,-0.7522,0.02567,-1.969,-2.593,0.788,0.0,0.624,-0.0496,66.2,-0.001637,15.93
182.575,975.875,-907.812,-0.7286,0.02446,-1.728,-2.839,-6.515,0.0,1.111,-0.0002,66.38,-0.001637,20.0
182.621,975.03,-907.398,-0.7072,0.02328,-3.471,-2.973,-4.922,0.0,-0.498,0.0071,66.51,-0.000493,16.01
182.668,974.284,-907.03,-0.6888,0.02126,-2.827,-2.843,-2.678,0.0,0.016,0.0322,66.63,-0.000493,11.83
182.723,973.388,-906.586,-0.6683,0.02034,-2.259,-2.525,2.598,0.0,0.266,0.0308,66.76,-0.000161,17.21
182.775,972.54,-906.164,-0.649,0.01694,-0.746,-1.647,6.366,0.0,0.901,0.0892,66.86,-0.00119,18.45
182.818,971.742,-905.765,-0.6347,0.01549,-0.307,-0.819,17.554,0.0,0.512,0.0237,67.02,-0.00119,11.9
182.875,970.892,-905.339,-0.6201,0.01321,1.647,-0.139,16.564,0.0,1.786,0.0082,67.14,-0.000222,18.81
182.921,970.091,-904.936,-0.6087,0.0123,1.891,0.375,13.595,0.0,1.516,0.0006,67.29,-0.000222,13.68
182.976,969.189,-904.481,-0.5969,0.01079,1.605,0.888,10.281,0.0,0.717,0.0178,67.41,-0.001453,18.63
183.026,968.386,-904.076,-0.5879,0.01132,1.938,1.098,10.263,0.0,0.84,-0.0244,67.56,-0.000764,17.69
183.071,967.48,-903.618,-0.5765,0.01115,1.879,1.154,4.201,0.0,0.726,-0.0143,67.69,-0.000764,12.46
183.126,966.724,-903.237,-0.567,0.01091,0.834,1.581,1.108,0.0,-0.747,0.0539,67.84,-0.000645,17.86
183.176,965.814,-902.777,-0.5562,0.01213,2.87,1.591,8.55,0.0,1.279,-0.0434,67.99,-0.000942,17.57
183.221,964.953,-902.344,-0.544,0.01277,2.466,1.328,0.202,0.0,1.138,-0.0378,68.15,-0.000942,12.14
183.277,964.14,-901.935,-0.5314,0.01284,-0.118,1.087,-5.265,0.0,-1.205,-0.0061,68.26,-0.000616,17.41
183.325,963.224,-901.476,-0.5175,0.01393,-0.72,0.773,-4.827,0.0,-1.493,-0.0185,68.42,-0.000616,15.15
183.377,962.407,-901.067,-0.5043,0.01743,-0.669,-0.15,-6.268,0.0,-0.519,-0.0961,68.54,-0.000294,15.81
183.429,961.486,-900.607,-0.486,0.01777,-3.23,-0.671,-18.469,0.0,-2.559,0.024,68.71,-0.001247,17.68
183.474,960.716,-900.223,-0.4706,0.018,-3.486,-0.936,-10.408,0.0,-2.55,0.0174,68.87,-0.001247,11.92
183.529,959.791,-899.761,-0.4525,0.01923,-1.25,-1.348,-5.312,0.0,0.098,-0.0296,69.03,-0.00046,17.16
183.574,958.966,-899.349,-0.4349,0.01895,-1.315,-1.749,-8.231,0.0,0.433,-0.0129,69.18,-0.00046,11.67
183.628,958.037,-898.885,-0.4159,0.01689,-2.085,-1.842,-8.021,0.0,-0.243,0.029,69.36,-0.000125,15.65
183.675,957.209,-898.469,-0.4017,0.0177,-2.971,-2.027,-1.856,0.0,-0.944,-0.0161,69.52,-0.000334,11.65
183.729,956.38,-898.052,-0.3859,0.01613,-2.495,-2.06,-3.703,0.0,-0.435,0.0148,69.72,-0.000334,15.87
183.783,955.446,-897.579,-0.3697,0.01529,-1.041,-1.811,-0.663,0.0,0.77,0.0382,69.85,-0.000116,18.68
183.828,954.614,-897.157,-0.3562,0.01379,-1.768,-1.482,4.977,0.0,-0.286,0.0199,70.01,-0.000193,13.5
183.876,953.729,-896.706,-0.3432,0.01249,-1.377,-1.156,6.585,0.0,-0.221,0.0111,70.19,-0.000193,12.01
183.927,952.843,-896.253,-0.3311,0.01347,-0.371,-1.081,6.527,0.0,0.71,-0.0237,70.35,0.000113,11.62
183.981,951.955,-895.798,-0.3182,0.01305,-1.183,-1.125,1.497,0.0,-0.058,-0.014,70.5,0.000207,15.94
184.027,951.117,-895.368,-0.3064,0.01208,-0.91,-1.058,-0.889,0.0,0.148,0.014,70.66,0.000207,11.63
184.083,950.174,-894.883,-0.294,0.01331,-1.676,-1.193,1.344,0.0,-0.484,-0.0258,70.83,-0.000227,17.47
184.133,949.333,-894.449,-0.2825,0.01335,-1.434,-1.45,-2.694,0.0,0.016,-0.0219,71.0,0.000522,16.4
184.182,948.438,-893.987,-0.2695,0.01225,-1.123,-1.511,-5.151,0.0,0.387,0.0185,71.15,0.000522,15.11
184.233,947.595,-893.55,-0.2584,0.0121,-1.572,-1.455,-1.21,0.0,-0.117,0.0141,71.3,-0.000237,15.85
184.282,946.645,-893.056,-0.2468,0.0124,-2.203,-1.501,1.112,0.0,-0.702,-0.0122,71.45,3.2e-05,14.44
184.334,945.746,-892.587,-0.2346,0.01135,-1.902,-1.473,-0.917,0.0,-0.428,0.0086,71.63,3.2e-05,16.61
184.383,944.899,-892.144,-0.2243,0.01124,-0.777,-1.484,0.551,0.0,0.707,-0.0044,71.81,-5.3e-05,14.99
184.434,943.997,-891.671,-0.2135,0.01099,-1.753,-1.639,-0.222,0.0,-0.114,-0.0204,71.95,-0.000482,16.07
184.481,943.146,-891.225,-0.2035,0.00981,-1.38,-1.649,-3.09,0.0,0.269,0.0148,72.13,-0.000482,12.81
184.535,942.241,-890.748,-0.1942,0.01034,-2.093,-1.731,-0.203,0.0,-0.362,-0.0104,72.29,0.00011,15.88
184.586,941.334,-890.269,-0.1844,0.00999,-1.788,-1.806,-1.641,0.0,0.018,-0.0018,72.47,0.000373,17.49
184.635,940.425,-889.788,-0.1748,0.0087,-1.369,-1.709,-1.495,0.0,0.34,0.0214,72.63,0.000373,15.41
184.684,939.569,-889.333,-0.1671,0.00758,-1.272,-1.555,1.939,0.0,0.283,0.0114,72.79,-0.000285,14.92
184.732,938.658,-888.848,-0.1602,0.00659,-0.854,-1.393,3.083,0.0,0.539,0.0064,72.96,-0.000142,12.48
184.78,937.799,-888.388,-0.1544,0.00549,-0.476,-1.171,3.228,0.0,0.695,0.0141,73.14,-0.000142,9.84
184.836,936.885,-887.898,-0.1491,0.00462,-0.565,-0.923,4.442,0.0,0.359,0.0113,73.3,-8.7e-05,16.19
184.887,935.969,-887.406,-0.1451,0.00373,-0.375,-0.705,4.954,0.0,0.33,0.0046,73.48,-0.000615,16.04
184.935,934.997,-886.882,-0.1415,0.00278,-0.04,-0.457,4.377,0.0,0.417,0.0117,73.66,-0.000615,13.72
184.984,934.132,-886.415,-0.1392,0.00176,0.869,-0.12,4.955,0.0,0.988,0.0211,73.82,-0.00066,12.98
185.036,933.211,-885.917,-0.1376,0.00081,0.291,0.211,6.745,0.0,0.081,0.0108,73.98,-0.001006,14.67
185.085,932.288,-885.417,-0.1369,0.0003,0.479,0.479,6.604,0.0,-0.0,0.0029,74.14,-0.001006,13.42
185.139,931.364,-884.915,-0.1367,0.00055,1.316,0.704,5.374,0.0,0.612,0.0032,74.31,-0.001024,16.51
185.188,930.546,-884.472,-0.1358,-0.0002,1.262,0.987,4.489,0.0,0.275,0.0161,74.47,-0.00077,15.23
185.236,929.618,-883.969,-0.136,0.0,1.18,1.171,5.667,0.0,0.009,-0.0039,74.64,-0.00077,13.29
185.291,928.687,-883.464,-0.1358,0.00074,0.993,1.153,3.686,0.0,-0.16,-0.0219,74.81,-0.000633,17.22
185.34,927.754,-882.959,-0.1349,0.00137,1.273,0.96,-0.366,0.0,0.313,-0.025,74.97,-0.00079,16.67
185.386,926.818,-882.454,-0.1331,0.00171,1.122,0.771,-3.853,0.0,0.351,-0.0063,75.13,-0.00079,12.61
185.437,925.936,-881.977,-0.1314,0.00206,0.24,0.595,-3.792,0.0,-0.355,-0.0047,75.28,-0.001261,13.3
185.495,924.996,-881.47,-0.1293,0.003,-0.465,0.394,-3.515,0.0,-0.859,-0.0097,75.45,-0.001123,21.22
185.538,924.054,-880.962,-0.126,0.00293,0.342,0.301,-4.03,0.0,0.042,0.0081,75.61,-0.000625,13.53
185.587,923.11,-880.453,-0.1229,0.00282,0.356,0.268,-1.858,0.0,0.088,0.0051,75.78,-0.000625,12.49
185.641,922.109,-879.912,-0.1195,0.00273,0.181,0.281,-0.658,0.0,-0.099,0.0052,75.94,-0.001184,15.81
185.689,921.161,-879.401,-0.1168,0.00317,-0.077,0.311,0.258,0.0,-0.389,0.0029,76.1,0.000803,13.2
185.737,920.322,-878.95,-0.1136,0.00361,-0.271,0.268,0.614,0.0,-0.539,-0.0093,76.26,0.000803,11.65
185.791,919.37,-878.437,-0.1095,0.00406,0.176,0.284,-0.868,0.0,-0.108,0.0068,76.42,0.000832,15.24
185.838,918.415,-877.924,-0.1051,0.00479,-0.086,0.281,0.321,0.0,-0.368,-0.0021,76.58,0.000553,11.89
185.889,917.458,-877.41,-0.0997,0.00507,-0.237,0.22,-0.055,0.0,-0.457,-0.0083,76.72,0.000553,11.87
185.943,916.499,-876.895,-0.0938,0.00625,-0.301,0.012,-1.235,0.0,-0.313,-0.0225,76.87,0.001316,16.11
185.996,915.539,-876.38,-0.0872,0.00754,-0.816,-0.39,-4.154,0.0,-0.425,-0.0344,77.03,0.001328,18.48
186.043,914.576,-875.863,-0.0801,0.009,-1.736,-0.901,-8.041,0.0,-0.835,-0.0292,77.2,0.0019,15.06
186.095,913.611,-875.345,-0.0707,0.00849,-1.622,-1.207,-10.218,0.0,-0.416,0.0109,77.36,0.0019,16.39
186.154,912.701,-874.856,-0.0624,0.00925,-2.143,-1.41,-6.108,0.0,-0.733,0.0036,77.51,0.000802,25.71
186.195,911.733,-874.335,-0.0534,0.00962,-2.158,-1.537,-4.067,0.0,-0.621,0.0035,77.66,0.000478,15.86
186.242,910.764,-873.812,-0.0433,0.00872,-1.904,-1.543,-2.548,0.0,-0.362,0.0126,77.81,0.000478,12.24
186.298,909.907,-873.349,-0.0352,0.00885,-1.434,-1.527,-0.105,0.0,0.093,0.0028,77.96,0.001004,18.06
186.347,908.935,-872.822,-0.0263,0.00927,-1.829,-1.716,0.316,0.0,-0.114,-0.028,78.12,0.000217,17.63
186.395,907.962,-872.293,-0.0164,0.00832,-1.555,-1.799,-3.777,0.0,0.244,0.0081,78.27,0.000217,14.75
186.444,906.987,-871.763,-0.0073,0.00914,-2.545,-2.103,-1.673,0.0,-0.442,-0.0336,78.43,0.000505,13.8
186.496,906.01,-871.23,0.0017,0.00937,-2.008,-2.644,-6.069,0.0,0.636,-0.0438,78.6,-1e-05,15.61
186.55,905.033,-870.694,0.0107,0.00864,-4.263,-3.21,-10.83,0.0,-1.054,-0.0223,78.76,0.000425,18.3
186.593,904.054,-870.155,0.0193,0.00648,-3.537,-3.331,-11.311,0.0,-0.206,0.0423,78.9,0.000425,11.21
186.648,903.075,-869.613,0.0255,0.00612,-3.488,-3.332,-2.42,0.0,-0.156,0.0125,79.04,-0.000141,15.74
186.698,902.211,-869.133,0.0312,0.00276,-1.951,-3.113,-0.021,0.0,1.163,0.0306,79.19,0.000397,16.13
186.745,901.173,-868.552,0.0331,0.00034,-1.08,-2.653,4.368,0.0,1.573,0.0414,79.32,0.000397,12.17
186.8,900.193,-868.001,0.0319,-0.00329,-0.684,-2.005,9.208,0.0,1.321,0.0423,79.47,-0.000808,16.94
186.848,899.211,-867.446,0.0271,-0.00641,0.476,-1.155,12.962,0.0,1.631,0.0508,79.62,-0.000373,14.7
186.899,898.287,-866.921,0.0206,-0.0102,1.2,0.009,17.001,0.0,1.191,0.0735,79.77,-0.000116,15.54
186.948,897.305,-866.361,0.0082,-0.01188,1.907,1.063,23.285,0.0,0.845,0.0252,79.93,-0.000116,13.44
186.999,896.263,-865.765,-0.007,-0.01474,4.419,2.242,21.067,0.0,2.176,0.0544,80.07,-0.000479,14.59
187.052,895.394,-865.267,-0.0208,-0.01749,5.923,3.468,23.593,0.0,2.456,0.0475,80.19,-0.000441,16.9
187.101,894.349,-864.669,-0.0405,-0.01815,5.658,4.455,24.503,0.0,1.203,0.0096,80.35,-0.000332,15.8
187.151,893.359,-864.105,-0.0602,-0.01689,5.347,4.964,19.752,0.0,0.383,-0.0323,80.49,-0.000332,15.02
187.203,892.425,-863.574,-0.0774,-0.01574,6.029,5.244,10.185,0.0,0.785,-0.0143,80.65,0.000345,16.83
187.252,891.43,-863.01,-0.0935,-0.0152,5.595,5.435,5.592,0.0,0.159,-0.0026,80.8,-0.00021,15.53
187.3,890.49,-862.481,-0.1086,-0.01276,4.827,5.331,3.823,0.0,-0.504,-0.0346,80.94,-0.00021,13.25
187.352,889.489,-861.921,-0.122,-0.01037,4.699,4.988,-2.084,0.0,-0.29,-0.0369,81.08,-9.4e-05,15.35
187.406,888.424,-861.33,-0.1325,-0.00777,3.299,4.498,-6.851,0.0,-1.198,-0.0327,81.24,0.000426,19.64
187.452,887.534,-860.839,-0.1387,-0.00432,2.805,3.88,-9.816,0.0,-1.075,-0.0348,81.38,0.00088,15.12
187.513,886.522,-860.285,-0.1419,-0.00073,1.538,3.047,-12.346,0.0,-1.509,-0.0517,81.52,0.00088,23.73
187.567,885.446,-859.702,-0.141,0.00207,-0.138,2.19,-16.672,0.0,-2.328,-0.0323,81.67,0.000806,27.32
187.622,884.426,-859.153,-0.1368,0.0056,0.059,1.291,-17.132,0.0,-1.232,-0.0359,81.83,0.000708,31.41
187.657,883.403,-858.607,-0.1287,0.00796,-1.385,0.335,-17.992,0.0,-1.72,-0.0392,81.96,0.000889,15.06
187.707,882.376,-858.062,-0.119,0.01123,-2.941,-0.696,-19.115,0.0,-2.245,-0.0438,82.1,0.000366,15.43
187.757,881.286,-857.487,-0.104,0.01307,-3.708,-1.649,-20.611,0.0,-2.059,-0.0252,82.26,0.000366,14.79
187.808,880.375,-857.007,-0.0899,0.01444,-3.848,-2.459,-19.065,0.0,-1.39,-0.0132,82.4,0.000575,15.13
187.857,879.279,-856.432,-0.0719,0.01485,-4.168,-3.141,-16.192,0.0,-1.027,-0.0105,82.59,0.000638,13.64
187.907,878.364,-855.951,-0.0573,0.01493,-4.438,-3.693,-13.649,0.0,-0.745,-0.0057,82.74,0.000779,14.27
187.957,877.326,-855.404,-0.0403,0.01386,-4.18,-3.974,-11.05,0.0,-0.206,0.0187,82.87,0.000779,13.37
188.009,876.226,-854.823,-0.0236,0.01303,-4.846,-4.019,-5.614,0.0,-0.827,0.0231,83.01,0.000357,15.59
188.06,875.309,-854.336,-0.0113,0.01152,-3.712,-3.997,-0.902,0.0,0.284,0.0079,83.17,0.000489,15.7
188.108,874.268,-853.781,0.0016,0.00871,-2.957,-3.906,0.453,0.0,0.949,0.0103,83.34,0.000959,14.05
188.156,873.166,-853.189,0.011,0.00604,-2.086,-3.559,1.819,0.0,1.473,0.0388,83.48,0.000959,11.4
188.211,872.124,-852.627,0.0168,0.00378,-1.977,-3.157,6.927,0.0,1.18,0.0199,83.59,-0.000433,16.04
188.255,871.205,-852.127,0.0194,0.001,-1.584,-2.585,8.047,0.0,1.001,0.0378,83.72,0.000131,10.17
188.311,870.102,-851.524,0.0196,-0.00227,-0.348,-1.764,11.447,0.0,1.416,0.0546,83.89,1.6e-05,15.28
188.356,869.06,-850.95,0.0153,-0.00481,0.568,-0.887,16.412,0.0,1.455,0.0365,84.04,1.6e-05,10.22
188.41,868.017,-850.373,0.008,-0.00815,1.907,0.074,17.541,0.0,1.833,0.0423,84.15,2.1e-05,13.61
188.462,867.036,-849.827,-0.0021,-0.01088,2.707,1.187,19.217,0.0,1.521,0.0547,84.3,5.6e-05,15.69
188.514,865.992,-849.245,-0.0155,-0.01329,4.283,2.191,22.255,0.0,2.092,0.0237,84.44,-0.000423,17.38
188.563,864.947,-848.66,-0.031,-0.01515,4.777,3.052,20.089,0.0,1.726,0.015,84.59,0.000754,15.7
188.614,863.9,-848.075,-0.0492,-0.01498,4.844,3.639,17.214,0.0,1.205,-0.0081,84.72,0.000754,16.65
188.666,862.851,-847.489,-0.0671,-0.01488,4.859,4.022,11.752,0.0,0.837,-0.0082,84.81,-0.000594,18.26
188.715,861.801,-846.904,-0.084,-0.01473,4.75,4.366,7.647,0.0,0.384,0.0081,84.9,-0.000104,16.02
188.769,860.749,-846.319,-0.1002,-0.01379,5.056,4.526,6.894,0.0,0.53,-0.0139,85.0,-0.000201,19.83
188.818,859.819,-845.805,-0.1137,-0.0114,4.322,4.362,3.186,0.0,-0.04,-0.0395,85.09,-0.000201,18.85
188.867,858.762,-845.224,-0.1264,-0.00979,3.692,4.048,-3.266,0.0,-0.355,-0.0269,85.14,8e-05,17.42
188.921,857.703,-844.646,-0.1366,-0.0075,2.389,3.952,-6.296,0.0,-1.563,0.0197,85.19,-0.000303,20.62
188.967,856.642,-844.07,-0.1437,-0.00538,3.429,3.591,-1.907,0.0,-0.162,-0.0404,85.27,-8e-06,16.02
189.015,855.577,-843.497,-0.1472,-0.00365,2.155,3.104,-7.218,0.0,-0.948,-0.0303,85.36,0.000182,13.88
189.066,854.573,-842.961,-0.1499,-0.00088,1.218,2.481,-9.754,0.0,-1.263,-0.0359,85.43,0.000182,14.47
189.117,853.504,-842.393,-0.1494,0.00279,0.095,1.66,-12.458,0.0,-1.565,-0.0493,85.48,-0.000623,15.66
189.168,852.432,-841.828,-0.1444,0.00507,-0.734,0.793,-16.408,0.0,-1.527,-0.0351,85.53,0.000194,15.76
189.217,851.359,-841.266,-0.1368,0.00746,-1.656,0.018,-17.337,0.0,-1.674,-0.0175,85.61,-0.000185,15.14
189.267,850.346,-840.738,-0.1271,0.00931,-2.358,-0.707,-15.504,0.0,-1.651,-0.0201,85.68,-0.000185,13.87
189.319,849.141,-840.113,-0.1135,0.01079,-2.372,-1.613,-14.513,0.0,-0.759,-0.0505,85.74,-0.000213,15.94
189.37,848.126,-839.587,-0.1005,0.01145,-4.146,-2.036,-18.113,0.0,-2.111,0.0358,85.8,-0.000218,16.32
189.423,847.045,-839.029,-0.0864,0.01228,-2.862,-2.455,-8.452,0.0,-0.408,-0.0143,85.87,-0.000539,18.69
189.469,846.028,-838.503,-0.0717,0.01113,-3.176,-2.696,-8.383,0.0,-0.48,0.0102,85.95,1.8e-05,15.05
189.514,844.946,-837.943,-0.0586,0.0101,-2.916,-2.741,-4.829,0.0,-0.176,0.0191,86.0,1.8e-05,10.07
189.573,843.864,-837.381,-0.0466,0.01,-2.844,-2.82,-0.888,0.0,-0.023,-0.0065,86.04,-0.000314,18.32
189.627,842.782,-836.818,-0.0352,0.00868,-2.82,-2.723,-1.59,0.0,-0.097,0.0219,86.11,1.7e-05,21.47
189.671,841.7,-836.253,-0.0255,0.00743,-1.986,-2.563,1.943,0.0,0.577,0.0121,86.19,8.8e-05,15.21
189.726,840.618,-835.686,-0.0175,0.00544,-1.728,-2.272,3.191,0.0,0.544,0.024,86.26,-0.000457,20.03
189.775,839.536,-835.116,-0.0121,0.00352,-1.107,-1.856,5.83,0.0,0.748,0.0276,86.32,-0.000457,18.93
189.832,838.582,-834.611,-0.0092,0.0021,-0.879,-1.26,8.328,0.0,0.382,0.0395,86.36,-0.000561,25.31
189.877,837.438,-834.002,-0.0075,0.00029,0.726,-0.834,11.906,0.0,1.56,-0.0028,86.44,-0.000837,20.55
189.932,836.42,-833.459,-0.0079,-0.00167,0.383,-0.283,8.525,0.0,0.666,0.0323,86.52,7.6e-05,24.82
189.977,835.34,-832.88,-0.0115,-0.0022,1.059,0.234,11.021,0.0,0.825,0.0144,86.57,-0.000562,19.44
190.024,834.26,-832.299,-0.0151,-0.00327,1.448,0.685,10.335,0.0,0.763,0.0089,86.62,-0.000562,16.45
190.083,833.179,-831.716,-0.0199,-0.00449,1.933,1.142,9.026,0.0,0.791,0.0165,86.68,-1.9e-05,24.75
190.129,832.161,-831.166,-0.0256,-0.0048,2.081,1.558,9.134,0.0,0.523,0.0103,86.77,-0.00048,21.01
190.181,831.08,-830.582,-0.0317,-0.00448,2.413,1.669,8.33,0.0,0.744,-0.0282,86.82,-0.000443,22.06
190.228,829.933,-829.962,-0.0379,-0.00385,1.552,1.668,2.206,0.0,-0.116,-0.0116,86.87,-0.000654,19.13
190.278,828.85,-829.377,-0.0428,-0.00348,1.46,1.655,-0.014,0.0,-0.195,-0.0017,86.94,-0.000654,17.79
190.326,827.829,-828.826,-0.0465,-0.00203,1.403,1.427,-0.255,0.0,-0.024,-0.0305,87.02,-0.000512,16.36
190.372,826.743,-828.242,-0.0483,-0.00144,0.805,1.228,-4.558,0.0,-0.423,-0.004,87.1,-0.000695,11.61
190.426,825.719,-827.692,-0.0496,-0.0001,0.272,1.15,-3.987,0.0,-0.878,0.01,87.14,-0.001342,15.47
190.474,824.631,-827.109,-0.049,0.00074,0.655,1.06,-1.56,0.0,-0.405,-0.0043,87.2,-0.001171,12.94
190.524,823.541,-826.526,-0.0475,0.00172,0.314,0.872,-1.79,0.0,-0.558,-0.0169,87.27,-0.001171,12.75
190.578,822.45,-825.943,-0.0447,0.00241,0.188,0.642,-3.77,0.0,-0.453,-0.0124,87.35,-0.000862,15.14
190.626,821.358,-825.361,-0.0412,0.00386,0.016,0.108,-4.604,0.0,-0.091,-0.0505,87.39,-0.001142,13.45
190.677,820.264,-824.78,-0.036,0.0054,-1.671,-0.352,-10.682,0.0,-1.319,-0.0083,87.44,-0.000723,13.49
190.73,819.234,-824.233,-0.0301,0.00704,-1.474,-0.9,-9.2,0.0,-0.575,-0.0282,87.52,-0.00053,16.28
190.779,818.138,-823.651,-0.0212,0.00736,-1.645,-1.353,-10.944,0.0,-0.291,-0.006,87.59,-0.00053,15.19
190.829,817.042,-823.069,-0.0122,0.00685,-2.203,-1.463,-9.072,0.0,-0.74,0.0321,87.64,-0.000756,15.2
190.882,816.01,-822.52,-0.0047,0.00759,-1.931,-1.587,-2.2,0.0,-0.344,-0.0058,87.68,-0.000519,17.72
190.936,814.912,-821.937,0.0044,0.0071,-1.875,-1.631,-2.475,0.0,-0.244,0.0068,87.75,-0.000574,21.17
190.978,813.815,-821.353,0.0123,0.00736,-1.755,-1.678,-0.876,0.0,-0.077,-0.0021,87.83,-0.000197,13.24
191.027,812.716,-820.767,0.021,0.0066,-1.558,-1.66,-0.954,0.0,0.102,0.0076,87.88,-0.000197,12.0
191.081,811.617,-820.18,0.0289,0.00631,-1.688,-1.511,0.369,0.0,-0.177,0.0189,87.92,-0.00037,15.34
191.131,810.583,-819.627,0.0356,0.0062,-1.468,-1.226,2.985,0.0,-0.242,0.0242,87.97,-0.000329,15.82
191.179,809.485,-819.037,0.0422,0.00567,-0.534,-1.045,5.699,0.0,0.51,-0.0046,88.04,-0.000976,13.84
191.226,808.451,-818.48,0.0484,0.00459,-0.214,-0.864,3.622,0.0,0.65,0.0063,88.08,-0.000976,10.11
191.276,807.352,-817.887,0.0538,0.00439,-0.393,-0.793,3.623,0.0,0.4,-0.0091,88.13,-0.000211,10.09
191.332,806.255,-817.292,0.0587,0.00536,-1.135,-0.851,1.419,0.0,-0.284,-0.0156,88.17,-0.000759,15.16
191.382,805.221,-816.73,0.0638,0.00598,-1.028,-1.11,-1.169,0.0,0.082,-0.03,88.24,-0.000464,14.8
191.431,804.124,-816.132,0.0697,0.00617,-1.647,-1.373,-5.173,0.0,-0.274,-0.0097,88.3,-0.00061,13.69
191.481,802.961,-815.497,0.0756,0.00671,-2.109,-1.554,-5.271,0.0,-0.555,0.0023,88.34,-0.000469,13.07
191.529,801.863,-814.896,0.0833,0.00538,-1.712,-1.532,-3.623,0.0,-0.18,0.0221,88.37,-0.000469,11.55
191.584,800.83,-814.328,0.0891,0.00518,-1.406,-1.557,0.442,0.0,0.152,-0.0058,88.43,-0.000328,15.38
191.632,799.732,-813.723,0.0948,0.00469,-1.571,-1.6,-0.501,0.0,0.028,-0.0033,88.49,-0.000314,13.62
191.683,798.699,-813.152,0.0991,0.00461,-1.502,-1.703,-0.846,0.0,0.201,-0.01,88.54,-0.000223,13.82
191.736,797.602,-812.543,0.1039,0.00326,-1.085,-1.649,-2.064,0.0,0.564,0.0184,88.59,-0.000223,16.55
191.783,796.441,-811.897,0.1076,0.00266,-1.374,-1.452,1.084,0.0,0.079,0.0217,88.63,-0.00028,12.79
191.829,795.409,-811.32,0.11,0.00218,-1.014,-1.234,3.929,0.0,0.22,0.0099,88.68,-8.3e-05,8.86
191.887,794.312,-810.706,0.112,0.00113,-0.727,-0.868,4.359,0.0,0.141,0.0283,88.73,-0.000489,16.19
191.935,793.216,-810.09,0.1125,0.00056,0.261,-0.702,7.322,0.0,0.963,-0.0151,88.79,-0.000604,13.95
191.982,792.184,-809.509,0.1125,-0.00049,0.614,-0.539,3.323,0.0,1.153,0.0054,88.84,-0.000604,10.96
192.035,791.087,-808.89,0.1116,-0.00101,-0.155,-0.209,3.261,0.0,0.054,0.029,88.88,-0.00067,13.46
192.084,789.99,-808.27,0.1102,-0.00047,0.355,-0.077,6.605,0.0,0.432,-0.0162,88.94,-0.000606,12.26
192.137,788.894,-807.648,0.1092,-0.00082,0.113,0.009,2.638,0.0,0.105,-0.0019,89.0,-0.000694,15.05
192.186,787.797,-807.025,0.1074,-0.00018,0.094,-0.033,1.711,0.0,0.127,-0.0148,89.06,-0.000456,13.45
192.233,786.764,-806.438,0.1066,3e-05,-0.146,-0.143,-0.834,0.0,-0.003,-0.011,89.11,-0.000759,10.64
192.284,785.666,-805.814,0.1063,-0.00039,-0.004,-0.17,-2.206,0.0,0.166,0.0079,89.18,-0.000759,11.16
192.338,784.633,-805.225,0.1057,0.00022,-0.376,-0.245,-0.53,0.0,-0.131,-0.0077,89.22,-0.000564,15.19
192.387,783.534,-804.599,0.1059,0.00037,-0.442,-0.365,-1.496,0.0,-0.076,-0.009,89.25,-0.000583,14.43
192.437,782.436,-803.972,0.106,0.00036,-0.55,-0.439,-2.413,0.0,-0.111,0.0023,89.32,-0.000487,13.43
192.487,781.401,-803.381,0.1057,0.00039,-0.489,-0.486,-1.479,0.0,-0.002,0.0011,89.38,-0.000781,13.72
192.538,780.302,-802.752,0.1058,9e-05,-0.632,-0.355,-0.945,0.0,-0.277,0.0232,89.42,-0.000895,14.62
192.584,779.267,-802.159,0.1057,-0.00027,-0.512,-0.194,2.619,0.0,-0.318,0.0089,89.47,-0.000895,9.94
192.637,778.037,-801.454,0.1051,-0.00011,-0.06,-0.076,3.237,0.0,0.017,-0.0006,89.52,-0.001003,13.01
192.688,777.001,-800.86,0.1049,-0.00027,0.139,0.015,2.343,0.0,0.123,0.0006,89.57,-0.000777,13.42
192.733,775.965,-800.266,0.1041,0.00036,0.017,-0.002,1.837,0.0,0.019,-0.012,89.63,-0.001033,8.36
192.788,774.863,-799.633,0.1041,0.00111,-0.308,-0.099,-0.342,0.0,-0.209,-0.0118,89.67,-0.000814,12.97
192.836,773.826,-799.038,0.1052,0.00095,-0.262,-0.15,-1.941,0.0,-0.112,0.003,89.74,-0.000814,10.55
192.887,772.659,-798.367,0.1071,0.00184,-0.459,-0.305,-1.025,0.0,-0.153,-0.0163,89.79,-0.000796,11.35
192.939,771.555,-797.733,0.1093,0.00231,-0.924,-0.435,-3.101,0.0,-0.49,-0.0019,89.85,-0.001135,13.13
192.99,770.516,-797.135,0.1119,0.00301,-0.795,-0.645,-2.591,0.0,-0.15,-0.0158,89.89,-0.000594,13.9
193.043,769.412,-796.499,0.1152,0.00331,-1.155,-0.838,-4.208,0.0,-0.317,-0.0048,89.97,-0.000589,16.72
193.092,768.373,-795.9,0.1181,0.00377,-1.302,-1.002,-3.85,0.0,-0.3,-0.0028,90.02,-0.000679,15.2
193.137,767.268,-795.262,0.1227,0.00307,-1.099,-1.044,-3.288,0.0,-0.055,0.0113,90.05,-0.000679,10.17
193.191,766.228,-794.661,0.1265,0.00311,-1.256,-0.964,-0.847,0.0,-0.293,0.0157,90.1,-0.00052,13.76
193.241,765.058,-793.983,0.1306,0.00321,-0.952,-0.878,1.614,0.0,-0.074,0.0035,90.16,-0.000534,13.11
193.293,763.953,-793.342,0.1343,0.00337,-0.885,-0.851,1.71,0.0,-0.034,-0.0052,90.22,-0.000393,15.05
193.343,762.913,-792.737,0.1375,0.00394,-0.958,-0.956,0.544,0.0,-0.003,-0.0175,90.27,-0.000726,15.31
193.393,761.807,-792.094,0.1412,0.00453,-1.455,-1.059,-2.092,0.0,-0.396,-0.0035,90.31,-0.000768,14.22
193.443,760.637,-791.411,0.1456,0.00511,-1.356,-1.233,-2.064,0.0,-0.123,-0.0135,90.36,-0.000772,13.92
193.491,759.596,-790.803,0.1511,0.00403,-1.037,-1.262,-3.482,0.0,0.225,0.0141,90.42,-0.000772,11.37
193.541,758.556,-790.193,0.1554,0.004,-1.325,-1.236,-0.589,0.0,-0.089,0.0067,90.48,-0.000606,11.67
193.594,757.451,-789.543,0.1597,0.00449,-1.533,-1.245,0.522,0.0,-0.288,-0.004,90.53,-0.000193,14.07
193.647,756.281,-788.854,0.1645,0.00452,-1.153,-1.426,-0.183,0.0,0.273,-0.0243,90.6,-0.000143,16.38
193.694,755.24,-788.239,0.1684,0.00449,-1.835,-1.586,-3.62,0.0,-0.249,-0.0034,90.65,-0.00051,13.33
193.744,754.135,-787.584,0.172,0.00486,-1.987,-1.708,-3.201,0.0,-0.279,-0.0002,90.69,-0.000372,13.56
193.792,753.095,-786.966,0.1771,0.00333,-1.515,-1.632,-2.427,0.0,0.117,0.0233,90.74,-0.000372,10.48
193.845,751.926,-786.268,0.1808,0.00283,-1.261,-1.551,1.512,0.0,0.289,0.0034,90.8,-0.000364,13.08
193.895,750.822,-785.607,0.1833,0.00213,-1.244,-1.452,1.627,0.0,0.207,0.0053,90.85,-0.000425,12.57
193.948,749.784,-784.983,0.1848,0.00168,-1.088,-1.334,1.983,0.0,0.246,0.0061,90.9,-0.000613,15.55
193.999,748.745,-784.358,0.1855,0.00107,-1.068,-1.08,2.36,0.0,0.012,0.0231,90.96,-0.000989,16.47
194.051,747.642,-783.691,0.1854,0.00055,-0.482,-0.824,5.079,0.0,0.342,0.0091,91.0,-0.000456,18.0
194.096,746.475,-782.983,0.1854,-0.00074,-0.059,-0.531,5.113,0.0,0.472,0.0142,91.05,-0.000456,12.26
194.145,745.372,-782.312,0.1839,-0.00136,0.205,-0.293,5.863,0.0,0.498,0.0025,91.11,-0.000766,11.24
194.192,744.334,-781.68,0.1817,-0.00133,0.215,-0.236,4.751,0.0,0.452,-0.0169,91.17,-0.001253,7.94
194.248,743.296,-781.046,0.1793,-0.0011,-0.048,-0.358,1.143,0.0,0.31,-0.023,91.22,-0.001019,14.03
194.298,742.194,-780.371,0.1769,-0.00084,-0.626,-0.458,-2.444,0.0,-0.168,-0.0011,91.27,-0.001167,13.47
194.353,741.156,-779.735,0.1748,-0.00093,-0.644,-0.403,-1.99,0.0,-0.241,0.0181,91.33,-0.000897,18.74
194.396,739.988,-779.017,0.1729,-0.00185,-0.332,-0.235,1.094,0.0,-0.096,0.0177,91.38,-0.000897,12.0
194.456,738.886,-778.338,0.1701,-0.00234,0.301,-0.097,3.355,0.0,0.398,0.0017,91.43,-0.001209,21.23
194.5,737.848,-777.697,0.167,-0.00285,0.315,0.051,2.764,0.0,0.264,0.0062,91.47,-0.001102,14.21
194.553,736.745,-777.016,0.1629,-0.00255,0.236,0.176,2.964,0.0,0.06,0.0019,91.52,-0.001028,17.49
194.6,735.577,-776.293,0.1588,-0.00222,0.232,0.295,2.489,0.0,-0.063,0.0036,91.58,-0.000849,13.78
194.652,734.538,-775.651,0.1558,-0.00208,0.438,0.432,2.389,0.0,0.006,0.0066,91.62,-0.00085,15.33
194.698,733.499,-775.007,0.1531,-0.00194,0.41,0.52,2.743,0.0,-0.111,-0.0021,91.66,-0.00085,11.0
194.753,732.459,-774.364,0.1509,-0.00112,0.624,0.388,1.76,0.0,0.235,-0.0276,91.71,-0.001024,15.52
194.803,731.289,-773.64,0.1495,-0.00013,-0.349,0.287,-2.635,0.0,-0.636,-0.0004,91.77,-0.001026,15.3
194.848,730.183,-772.956,0.1495,0.00147,-0.484,0.207,-2.032,0.0,-0.691,-0.0004,91.83,-0.001283,10.41
194.903,729.141,-772.311,0.1507,0.00204,-0.071,0.031,-1.587,0.0,-0.101,-0.0164,91.86,-0.000597,15.04
194.952,727.969,-771.586,0.1531,0.00307,-0.71,-0.195,-3.538,0.0,-0.516,-0.0129,91.91,-0.001086,13.43
195.0,726.927,-770.941,0.1565,0.00309,-0.736,-0.353,-4.502,0.0,-0.383,0.0014,91.95,-0.001086,11.84
195.054,725.819,-770.255,0.1614,0.00485,-1.156,-0.679,-3.17,0.0,-0.477,-0.0289,91.99,-0.000872,15.45
195.103,724.776,-769.609,0.1675,0.0062,-1.963,-1.022,-6.511,0.0,-0.941,-0.0139,92.05,-0.001012,14.23
195.153,723.602,-768.881,0.1759,0.00741,-2.02,-1.422,-6.868,0.0,-0.598,-0.0199,92.09,-0.000922,13.23
195.206,722.558,-768.234,0.1845,0.00816,-2.446,-1.873,-7.995,0.0,-0.573,-0.0211,92.13,-0.000836,16.36
195.257,721.449,-767.544,0.1938,0.00905,-2.884,-2.304,-9.023,0.0,-0.58,-0.013,92.18,-0.00103,17.67
195.304,720.405,-766.894,0.2031,0.0097,-3.371,-2.622,-8.627,0.0,-0.749,0.0008,92.23,-0.001139,13.57
195.352,719.232,-766.161,0.2154,0.00839,-3.023,-2.703,-6.354,0.0,-0.32,0.0219,92.27,-0.001139,11.91
195.403,718.189,-765.508,0.2253,0.0083,-3.053,-2.701,-1.623,0.0,-0.352,0.0088,92.32,-0.00079,12.13
195.454,717.082,-764.811,0.2351,0.00772,-2.711,-2.633,0.036,0.0,-0.078,0.0093,92.38,-0.000883,12.65
195.504,716.04,-764.153,0.2432,0.007,-2.526,-2.654,1.362,0.0,0.128,-0.0101,92.44,-0.001165,12.32
195.561,714.87,-763.41,0.251,0.00641,-2.065,-2.618,-0.42,0.0,0.553,0.0073,92.47,-0.001287,18.86
195.603,713.83,-762.747,0.2565,0.00559,-2.682,-2.482,0.732,0.0,-0.199,0.015,92.52,-0.001234,10.35
195.658,712.661,-761.997,0.261,0.00501,-1.916,-2.324,2.703,0.0,0.408,0.008,92.56,-0.001501,15.07
195.703,711.689,-761.37,0.2655,0.00261,-1.169,-1.984,3.169,0.0,0.815,0.0308,92.61,-0.001501,9.62
195.756,710.523,-760.614,0.2679,0.00134,-1.036,-1.599,6.79,0.0,0.563,0.0183,92.65,-0.001369,13.3
195.807,709.488,-759.94,0.2681,0.00082,-0.697,-1.322,7.716,0.0,0.625,-0.0017,92.7,-0.001671,13.81
195.858,708.388,-759.221,0.2676,0.00017,-0.594,-1.054,5.538,0.0,0.461,0.0083,92.76,-0.001644,14.77
195.906,707.225,-758.456,0.2658,-0.00018,-0.574,-0.785,5.349,0.0,0.21,0.0096,92.81,-0.001548,12.27
195.959,706.257,-757.817,0.2635,-0.00058,-0.19,-0.628,5.393,0.0,0.438,-0.0064,92.86,-0.001589,14.46
196.008,705.095,-757.048,0.2615,-0.00213,0.321,-0.384,3.124,0.0,0.705,0.0177,92.91,-0.001589,12.51
196.058,704.063,-756.362,0.2585,-0.00232,0.538,-0.171,4.88,0.0,0.708,0.0043,92.95,-0.001511,12.03
196.111,702.967,-755.632,0.255,-0.00191,-0.002,0.008,4.275,0.0,-0.01,0.0026,93.01,-0.001265,15.18
196.16,701.871,-754.9,0.2515,-0.00106,-0.138,0.11,3.582,0.0,-0.248,-0.0046,93.06,-0.00168,13.82
196.209,700.775,-754.167,0.2493,-0.00062,0.087,0.136,2.029,0.0,-0.049,-0.007,93.12,-0.001179,12.81
196.259,699.742,-753.476,0.2476,0.00018,-0.007,0.125,0.517,0.0,-0.132,-0.0041,93.16,-0.001718,12.69
196.307,698.646,-752.741,0.2463,0.00158,-0.51,-0.007,-0.206,0.0,-0.502,-0.0175,93.22,-0.001425,9.63
196.359,697.613,-752.048,0.2478,0.00121,-0.401,-0.083,-2.657,0.0,-0.318,0.0034,93.29,-0.001425,11.68
196.408,696.451,-751.267,0.2502,0.00282,-0.598,-0.214,-1.509,0.0,-0.384,-0.0104,93.33,-0.001243,10.27
196.459,695.418,-750.573,0.2536,0.00438,-1.281,-0.456,-2.618,0.0,-0.825,-0.0201,93.39,-0.001218,11.57
196.515,694.255,-749.791,0.2593,0.00638,-1.58,-0.88,-4.836,0.0,-0.699,-0.034,93.43,-0.001626,16.98
196.563,693.221,-749.095,0.2664,0.00804,-2.184,-1.38,-8.496,0.0,-0.804,-0.0253,93.48,-0.001486,14.41
196.613,692.187,-748.398,0.2746,0.00996,-2.967,-1.947,-9.992,0.0,-1.02,-0.0269,93.53,-0.001487,14.03
196.661,691.023,-747.613,0.2862,0.01165,-3.523,-2.594,-11.344,0.0,-0.929,-0.0309,93.58,-0.001517,12.02
196.711,689.989,-746.914,0.3001,0.01039,-3.204,-2.936,-12.939,0.0,-0.268,0.02,93.64,-0.001517,11.88
196.763,688.891,-746.169,0.3136,0.01118,-3.633,-3.134,-6.839,0.0,-0.499,0.0082,93.7,-0.001194,13.1
196.816,687.729,-745.378,0.3283,0.01168,-4.182,-3.411,-3.95,0.0,-0.772,-0.018,93.75,-0.001486,15.64
196.865,686.698,-744.672,0.3412,0.01179,-3.78,-3.61,-5.54,0.0,-0.17,0.0011,93.79,-0.001222,14.65
196.91,685.667,-743.963,0.3537,0.0113,-4.319,-3.71,-3.995,0.0,-0.609,0.007,93.84,-0.000862,8.86
196.962,684.509,-743.163,0.3663,0.01115,-3.679,-3.86,-1.987,0.0,0.181,-0.0106,93.88,-0.001395,10.27
197.019,683.481,-742.448,0.3785,0.0083,-2.843,-3.719,-3.008,0.0,0.876,0.0355,93.93,-0.001395,17.01
197.066,682.39,-741.685,0.3884,0.00689,-2.815,-3.441,2.825,0.0,0.626,0.024,93.98,-0.001174,13.69
197.117,681.366,-740.963,0.3959,0.00647,-2.947,-3.136,5.563,0.0,0.189,0.0134,94.03,-0.001022,13.9
197.171,680.279,-740.192,0.4027,0.00556,-2.73,-2.846,6.095,0.0,0.116,0.0086,94.08,-0.001492,18.09
197.223,679.13,-739.372,0.4081,0.00433,-1.86,-2.553,5.801,0.0,0.692,0.0105,94.14,-0.001312,19.41
197.266,678.111,-738.639,0.4108,0.00311,-1.667,-2.233,5.862,0.0,0.566,0.014,94.11,-0.001211,12.27
197.316,677.094,-737.904,0.4113,0.00267,-1.532,-2.037,6.406,0.0,0.505,-0.0063,94.05,-0.001171,12.48
197.368,676.017,-737.121,0.4132,-0.00011,-0.659,-1.654,3.907,0.0,0.994,0.0331,94.01,-0.001171,14.2
197.416,674.88,-736.288,0.4121,-0.00056,-0.477,-1.271,7.67,0.0,0.794,0.0133,93.95,-0.00068,11.35
197.468,673.808,-735.499,0.4101,-0.00092,-0.746,-1.036,7.662,0.0,0.29,-0.0073,93.99,-0.001207,13.26
197.52,672.797,-734.751,0.4074,-0.00112,-0.29,-0.987,4.7,0.0,0.697,-0.0178,94.35,-0.001106,15.03
197.565,671.789,-734.001,0.4041,-0.0016,-0.448,-0.84,0.975,0.0,0.392,0.0154,94.29,-0.001149,9.92
197.62,670.655,-733.154,0.3993,-0.00139,-0.929,-0.701,2.934,0.0,-0.229,0.0041,94.31,-0.001246,14.22
197.671,669.65,-732.399,0.3948,-0.00137,-0.249,-0.658,2.79,0.0,0.409,-0.0086,94.32,-0.001105,15.06
197.718,668.645,-731.642,0.3921,-0.00296,0.273,-0.482,0.855,0.0,0.755,0.0201,94.35,-0.001105,12.27
197.767,667.516,-730.789,0.3875,-0.00297,0.033,-0.209,3.518,0.0,0.242,0.0197,94.36,-0.001344,10.65
197.821,666.513,-730.03,0.3832,-0.00163,-0.552,-0.138,5.454,0.0,-0.414,-0.0186,94.4,-0.000975,13.84
197.867,665.385,-729.174,0.3803,-0.00055,-0.294,-0.305,1.428,0.0,0.011,-0.0308,94.42,-0.00121,10.16
197.922,664.382,-728.412,0.3787,0.00026,-0.764,-0.565,-3.348,0.0,-0.199,-0.0187,94.45,-0.000933,14.58
197.972,663.379,-727.649,0.3774,0.0018,-1.367,-0.994,-5.194,0.0,-0.373,-0.0327,94.48,-0.000927,14.25
198.023,662.252,-726.79,0.378,0.00295,-1.784,-1.359,-8.576,0.0,-0.425,-0.0061,94.53,-0.000912,14.77
198.074,661.25,-726.026,0.3811,0.00193,-1.478,-1.471,-7.304,0.0,-0.007,0.0226,94.55,-0.000912,15.3
198.128,660.123,-725.164,0.3838,0.00265,-2.33,-1.535,-2.245,0.0,-0.795,0.0029,94.59,-0.000849,18.81
198.174,659.122,-724.396,0.3869,0.00318,-1.86,-1.661,-1.273,0.0,-0.199,-0.0109,94.6,-0.00097,14.45
198.226,658.06,-723.579,0.3904,0.00296,-1.935,-1.723,-2.52,0.0,-0.212,0.0046,94.64,-0.001063,16.15
198.27,657.06,-722.809,0.3932,0.00365,-2.116,-1.832,-1.232,0.0,-0.284,-0.0088,94.67,-0.000827,10.13
198.321,656.061,-722.037,0.3964,0.00388,-2.087,-1.92,-2.182,0.0,-0.167,-0.0009,94.7,-0.000703,11.4
198.373,654.938,-721.166,0.4002,0.00415,-2.37,-2.057,-1.767,0.0,-0.312,-0.0099,94.74,-0.000859,12.86
198.419,653.941,-720.391,0.4032,0.00454,-2.21,-2.204,-2.749,0.0,-0.006,-0.0061,94.78,-0.000912,8.67
198.471,652.945,-719.613,0.4078,0.00275,-1.67,-2.125,-2.932,0.0,0.455,0.0264,94.82,-0.000912,10.43
198.533,651.824,-718.737,0.4113,0.00254,-2.082,-2.051,1.579,0.0,-0.032,0.0021,94.87,-0.000892,21.69
198.574,650.768,-717.906,0.4141,0.00257,-1.815,-2.081,1.487,0.0,0.266,-0.0121,94.91,-0.000829,12.71
198.625,649.712,-717.073,0.4165,0.00208,-2.015,-2.083,-0.615,0.0,0.068,0.003,94.94,-0.000665,13.32
198.674,648.72,-716.286,0.4175,0.00173,-1.918,-2.038,-0.034,0.0,0.12,0.0065,94.98,-0.000824,11.96
198.722,647.729,-715.497,0.4178,0.00098,-1.697,-1.899,0.912,0.0,0.201,0.0146,95.02,-0.000621,10.09
198.774,646.616,-714.607,0.4172,0.00016,-1.513,-1.676,2.78,0.0,0.163,0.0165,95.06,-0.00064,12.29
198.828,645.628,-713.813,0.4152,-0.00048,-1.146,-1.507,4.445,0.0,0.361,0.0004,95.1,-0.000592,16.02
198.874,644.517,-712.917,0.4133,-0.00231,-0.558,-1.228,3.387,0.0,0.67,0.0212,95.14,-0.000592,11.58
198.926,643.531,-712.119,0.4097,-0.0028,-0.264,-1.005,5.579,0.0,0.741,0.0019,95.18,-0.000653,13.41
198.976,642.546,-711.318,0.4056,-0.00304,-0.455,-0.82,4.462,0.0,0.365,0.0025,95.23,-0.000432,12.61
199.027,641.439,-710.416,0.4005,-0.00297,-0.598,-0.659,3.698,0.0,0.06,0.0032,95.28,-0.000718,13.56
199.07,640.455,-709.612,0.3956,-0.00306,-0.346,-0.527,3.228,0.0,0.181,0.0014,95.32,-0.000432,6.94
199.128,639.472,-708.806,0.3906,-0.00326,-0.187,-0.436,2.628,0.0,0.25,-0.0011,95.36,-0.000795,14.15
199.178,638.305,-707.847,0.3842,-0.00314,-0.208,-0.423,1.815,0.0,0.216,-0.0077,95.42,-0.000985,14.07
199.233,637.323,-707.038,0.3788,-0.00286,-0.341,-0.429,0.261,0.0,0.088,-0.0022,95.47,-0.000548,17.89
199.276,636.341,-706.227,0.3745,-0.0037,-0.049,-0.332,-0.116,0.0,0.283,0.0142,95.53,-0.000548,11.0
199.329,635.237,-705.314,0.369,-0.00313,-0.398,-0.319,1.952,0.0,-0.078,-0.0085,95.58,-0.000631,13.96
199.38,634.255,-704.501,0.3647,-0.00266,-0.319,-0.403,0.249,0.0,0.084,-0.013,95.63,-0.000279,14.24
199.43,633.274,-703.687,0.3608,-0.00246,-0.61,-0.491,-1.673,0.0,-0.12,-0.0035,95.68,-0.000611,13.73
199.481,632.17,-702.769,0.3568,-0.00191,-0.734,-0.586,-1.755,0.0,-0.148,-0.0042,95.72,-6.7e-05,14.92
199.533,631.127,-701.902,0.3535,-0.00175,-0.822,-0.704,-1.916,0.0,-0.118,-0.0064,95.77,-0.000283,16.36
199.58,630.146,-701.084,0.3506,-0.00147,-0.817,-0.777,-2.353,0.0,-0.04,0.0022,95.81,-0.000418,13.16
199.633,629.103,-700.215,0.3477,-0.00123,-1.145,-0.848,-1.455,0.0,-0.298,-0.0023,95.87,-0.000132,15.5
199.708,627.999,-699.292,0.3449,-0.00097,-0.854,-0.857,-1.415,0.0,0.003,0.0061,95.94,-0.000244,37.41
199.735,626.956,-698.42,0.3433,-0.00164,-0.634,-0.78,-0.181,0.0,0.146,0.0117,95.99,-0.000244,13.65
199.788,625.913,-697.546,0.341,-0.00164,-0.97,-0.627,1.542,0.0,-0.343,0.0133,96.06,-0.000453,16.8
199.837,624.932,-696.723,0.3387,-0.00117,-0.653,-0.645,3.06,0.0,-0.009,-0.0186,96.11,-0.000134,15.2
199.887,623.889,-695.847,0.3367,-0.00104,-0.444,-0.758,-0.363,0.0,0.315,-0.0139,96.18,-5e-06,14.62
199.936,622.907,-695.021,0.3346,-0.00036,-1.184,-0.965,-2.267,0.0,-0.219,-0.0171,96.24,-0.000202,13.96
199.988,621.865,-694.143,0.3328,0.00026,-1.26,-1.149,-4.148,0.0,-0.111,-0.0039,96.3,-0.000187,15.45
200.038,620.822,-693.263,0.332,-1e-05,-1.607,-1.316,-3.668,0.0,-0.291,-0.0041,96.34,-9.3e-05,14.86
200.084,619.841,-692.433,0.3311,-0.0013,-1.196,-1.297,-3.34,0.0,0.1,0.0202,96.4,-9.3e-05,10.48
200.133,618.799,-691.55,0.3291,-0.00156,-0.693,-1.227,0.383,0.0,0.534,0.0077,96.46,-0.000128,9.71
200.193,617.758,-690.665,0.3264,-0.00218,-1.156,-1.074,1.39,0.0,-0.082,0.0142,96.52,0.000276,18.65
200.233,616.718,-689.778,0.3227,-0.00234,-0.815,-0.985,3.07,0.0,0.17,-0.0036,96.58,-0.000243,8.91
200.288,615.677,-688.889,0.3188,-0.0031,-0.386,-0.866,1.782,0.0,0.48,0.0073,96.64,-9.3e-05,13.25
200.335,614.697,-688.052,0.3142,-0.00366,-0.538,-0.65,2.381,0.0,0.112,0.0176,96.71,-0.000221,10.16
200.392,613.595,-687.108,0.3082,-0.00392,-0.284,-0.525,4.312,0.0,0.241,-0.0051,96.77,0.0,16.46
200.442,612.616,-686.267,0.3026,-0.00459,0.217,-0.425,2.498,0.0,0.642,0.0009,96.83,0.0,15.99
200.487,611.576,-685.373,0.2955,-0.00538,0.505,-0.255,2.007,0.0,0.76,0.0132,96.9,0.0,10.88
200.54,610.537,-684.477,0.2874,-0.00593,0.33,-0.038,3.397,0.0,0.368,0.0125,96.96,-0.000241,13.97
200.585,609.497,-683.579,0.2788,-0.00605,0.257,0.149,4.345,0.0,0.108,0.0032,97.02,4.3e-05,8.62
200.64,608.457,-682.68,0.2699,-0.00644,0.676,0.3,3.724,0.0,0.376,0.0016,97.07,-0.000594,14.02
200.688,607.478,-681.833,0.2611,-0.00687,0.841,0.394,3.027,0.0,0.447,-0.0027,97.14,-0.00066,11.56
200.742,606.438,-680.933,0.2516,-0.00698,0.815,0.496,1.882,0.0,0.32,0.0043,97.19,-0.000553,15.05
200.792,605.397,-680.031,0.2417,-0.00668,0.822,0.572,2.032,0.0,0.25,-0.0,97.27,-0.000564,14.43
200.843,604.355,-679.129,0.2326,-0.00639,0.287,0.67,1.52,0.0,-0.383,0.0058,97.32,-0.000345,15.38
200.891,603.313,-678.226,0.2238,-0.00606,0.877,0.695,1.973,0.0,0.182,-0.0068,97.39,-0.000133,12.86
200.942,602.269,-677.323,0.2159,-0.00641,0.846,0.721,0.503,0.0,0.125,0.001,97.46,-0.000414,13.28
200.99,601.286,-676.473,0.2076,-0.00605,0.784,0.728,0.514,0.0,0.056,-0.0017,97.51,-0.000414,11.5
201.038,600.241,-675.569,0.1996,-0.0054,0.789,0.675,0.14,0.0,0.113,-0.0081,97.58,-8.6e-05,8.36
201.093,599.195,-674.665,0.1925,-0.0049,0.402,0.588,-1.056,0.0,-0.186,-0.0066,97.64,-0.000319,13.19
201.142,598.271,-673.868,0.1871,-0.00422,0.224,0.549,-1.743,0.0,-0.325,0.0037,97.71,-0.000336,12.5
201.196,597.162,-672.911,0.1812,-0.00379,0.423,0.584,-0.776,0.0,-0.161,0.0088,97.77,-4.6e-05,16.3
201.248,596.112,-672.006,0.176,-0.00336,-0.029,0.664,0.683,0.0,-0.693,0.0076,97.83,-0.00047,17.7
201.297,595.062,-671.101,0.1713,-0.00263,0.56,0.65,1.605,0.0,-0.09,-0.0103,97.9,-0.000111,15.08
201.34,594.011,-670.196,0.168,-0.00235,0.576,0.551,-0.274,0.0,0.025,-0.0124,97.96,-0.000492,8.09
201.398,593.021,-669.345,0.1648,-0.00104,0.063,0.292,-1.986,0.0,-0.23,-0.0257,98.02,-9e-06,15.26
201.449,591.968,-668.44,0.1632,0.00038,-0.351,-0.065,-5.172,0.0,-0.286,-0.0228,98.08,-0.00043,16.57
201.492,590.976,-667.588,0.1639,0.00072,-0.458,-0.341,-7.143,0.0,-0.117,-0.0012,98.14,-0.00043,8.84
201.548,589.858,-666.629,0.1654,0.00176,-1.055,-0.631,-5.527,0.0,-0.424,-0.0115,98.2,-4.1e-05,14.85
201.597,588.802,-665.723,0.1685,0.00252,-1.567,-0.901,-5.795,0.0,-0.665,-0.0074,98.26,-7.4e-05,13.24
201.65,587.808,-664.869,0.1717,0.00291,-1.356,-1.131,-5.402,0.0,-0.226,-0.0038,98.33,0.000412,15.69
201.698,586.751,-663.962,0.1756,0.00268,-1.711,-1.268,-4.59,0.0,-0.444,0.0049,98.39,0.000117,13.93
201.75,585.756,-663.107,0.179,0.00287,-1.498,-1.357,-2.743,0.0,-0.142,0.0019,98.45,0.000301,15.81
201.796,584.699,-662.197,0.1826,0.00249,-1.381,-1.408,-1.779,0.0,0.027,0.0022,98.52,0.000394,11.97
201.85,583.641,-661.286,0.1854,0.00243,-1.736,-1.391,-1.02,0.0,-0.345,0.0076,98.59,-0.000248,15.51
201.899,582.522,-660.32,0.188,0.00228,-1.177,-1.407,0.327,0.0,0.229,-0.0038,98.66,-0.000179,14.49
201.946,581.589,-659.514,0.19,0.0015,-1.394,-1.324,-0.306,0.0,-0.07,0.0132,98.72,7.7e-05,10.78
201.998,580.531,-658.599,0.1912,0.00036,-1.051,-1.13,1.657,0.0,0.08,0.0183,98.78,7.7e-05,12.4
202.05,579.412,-657.628,0.1913,-0.00017,-0.417,-0.986,3.868,0.0,0.569,-0.0,98.84,0.000344,14.82
202.103,578.48,-656.817,0.1902,-0.00133,-0.655,-0.796,2.897,0.0,0.141,0.0113,98.9,-1.8e-05,17.28
202.15,577.362,-655.842,0.1875,-0.00194,0.068,-0.699,3.797,0.0,0.767,-0.0063,98.97,-3.4e-05,13.41
202.201,576.307,-654.919,0.1839,-0.003,-0.069,-0.585,1.941,0.0,0.516,0.0057,99.02,9.3e-05,14.11
202.251,575.376,-654.103,0.1794,-0.00353,0.159,-0.483,2.27,0.0,0.642,0.0024,99.07,-0.000217,13.67
202.303,574.259,-653.123,0.1735,-0.00432,-0.17,-0.331,2.043,0.0,0.16,0.0106,99.15,-0.000202,14.84
202.353,573.204,-652.195,0.1668,-0.00496,0.428,-0.083,3.05,0.0,0.511,0.0186,99.22,-3.7e-05,14.93
202.402,572.211,-651.32,0.1603,-0.00614,0.598,0.307,4.954,0.0,0.292,0.0284,99.27,-3.4e-05,13.63
202.455,571.156,-650.39,0.1516,-0.00671,0.702,0.69,7.788,0.0,0.012,0.0127,99.32,-0.000101,16.8
202.501,570.101,-649.459,0.1419,-0.00689,0.811,0.966,7.667,0.0,-0.155,-0.0017,99.4,-0.000101,12.44
202.553,569.045,-648.528,0.132,-0.00728,1.78,1.098,5.512,0.0,0.682,-0.0103,99.47,7.2e-05,14.2
202.603,567.988,-647.595,0.1216,-0.00781,1.914,1.216,2.653,0.0,0.698,0.0025,99.52,0.000237,13.77
202.651,566.992,-646.718,0.1114,-0.00706,1.424,1.272,2.346,0.0,0.152,-0.0044,99.58,-0.00013,12.08
202.707,565.934,-645.785,0.1015,-0.0065,0.98,1.311,1.131,0.0,-0.331,-0.0005,99.65,0.000182,17.7
202.755,564.812,-644.797,0.0923,-0.00605,1.341,1.329,0.78,0.0,0.012,-0.0015,99.72,-0.000404,15.47
202.805,563.876,-643.974,0.0853,-0.00596,1.374,1.369,0.364,0.0,0.005,0.0036,99.77,0.000433,15.09
202.857,562.813,-643.041,0.0775,-0.00487,0.929,1.334,0.789,0.0,-0.404,-0.009,99.84,-0.000151,16.4
202.905,561.749,-642.11,0.0715,-0.00389,1.049,1.182,-0.702,0.0,-0.133,-0.0175,99.91,0.000103,14.01
202.956,560.746,-641.233,0.0671,-0.00275,0.711,0.944,-3.031,0.0,-0.233,-0.0174,99.98,0.000304,15.33
203.011,559.679,-640.302,0.0638,-0.00131,0.088,0.624,-4.766,0.0,-0.535,-0.0198,100.04,-0.000231,20.45
203.056,558.547,-639.318,0.0627,3e-05,-0.313,0.254,-6.404,0.0,-0.567,-0.0181,100.08,-2.1e-05,14.98
203.106,557.602,-638.497,0.0632,0.00098,-0.602,-0.088,-7.391,0.0,-0.514,-0.009,100.14,-2.1e-05,14.84
203.155,556.467,-637.513,0.0651,0.00161,-0.719,-0.393,-6.836,0.0,-0.326,-0.0068,100.2,0.00014,13.07
203.208,555.457,-636.638,0.0674,0.00216,-1.112,-0.625,-6.107,0.0,-0.487,-0.0004,100.26,-3.4e-05,15.58
203.257,554.383,-635.708,0.0706,0.00272,-1.499,-0.803,-4.637,0.0,-0.696,-0.0006,100.32,-0.000189,14.47
203.308,553.244,-634.724,0.0749,0.00267,-1.054,-0.935,-3.562,0.0,-0.119,0.0002,100.41,8e-06,15.07
203.357,552.295,-633.903,0.0782,0.0023,-1.347,-1.001,-2.643,0.0,-0.346,0.0046,100.47,9e-06,13.99
203.406,551.155,-632.917,0.0815,0.0023,-0.639,-1.096,-1.322,0.0,0.457,-0.0064,100.52,-0.000238,12.49
203.459,550.205,-632.094,0.0844,0.00151,-1.451,-1.067,-1.902,0.0,-0.384,0.0141,100.58,0.000307,15.04
203.509,549.064,-631.106,0.0861,0.00156,-0.753,-1.04,0.59,0.0,0.287,0.0007,100.64,-0.000152,15.32
203.554,547.987,-630.172,0.0881,0.00027,-0.689,-0.891,0.546,0.0,0.201,0.0179,100.71,1.4e-05,10.06
203.615,546.974,-629.291,0.0879,-0.00027,-0.776,-0.684,2.976,0.0,-0.092,0.0133,100.76,-0.000471,20.11
203.661,545.897,-628.354,0.0872,-0.00118,0.164,-0.49,4.136,0.0,0.654,0.0054,100.81,-0.000299,16.38
203.711,544.756,-627.361,0.0852,-0.00224,0.233,-0.247,3.88,0.0,0.48,0.0137,100.88,0.000176,15.73
203.759,543.679,-626.421,0.0813,-0.00244,0.116,-0.016,4.868,0.0,0.132,0.0067,100.93,-0.000261,12.73
203.806,542.729,-625.591,0.0778,-0.00286,0.26,0.176,4.607,0.0,0.084,0.0027,101.0,-0.000261,9.98
203.861,541.588,-624.594,0.073,-0.00318,0.596,0.344,3.839,0.0,0.252,0.0034,101.07,-0.00016,14.74
203.912,540.51,-623.651,0.0683,-0.00363,0.95,0.482,3.36,0.0,0.468,0.0017,101.12,-0.000127,15.26
203.967,539.495,-622.763,0.0632,-0.00372,0.758,0.584,2.769,0.0,0.174,-0.0003,101.18,-0.000138,19.68
204.013,538.417,-621.819,0.058,-0.00337,0.682,0.611,2.037,0.0,0.071,-0.0069,101.23,-0.000126,15.56
204.059,537.401,-620.931,0.0535,-0.00343,1.032,0.639,0.54,0.0,0.392,0.0012,101.3,-0.00052,11.63
204.111,536.32,-619.986,0.0486,-0.00303,0.262,0.719,0.57,0.0,-0.457,0.0082,101.35,0.000287,13.62
204.158,535.239,-619.04,0.0441,-0.0023,0.636,0.735,1.597,0.0,-0.099,-0.0062,101.4,-0.000309,10.09
204.208,534.093,-618.04,0.0407,-0.00237,0.47,0.743,0.314,0.0,-0.273,-0.0005,101.46,-0.000378,9.75
204.265,533.138,-617.206,0.0377,-0.00173,0.895,0.645,0.16,0.0,0.25,-0.0145,101.53,0.000199,16.77
204.318,532.053,-616.26,0.0356,-0.00126,0.554,0.505,-1.952,0.0,0.048,-0.0093,101.6,-0.000133,19.36
204.362,530.968,-615.315,0.0341,-0.00076,0.413,0.372,-2.798,0.0,0.041,-0.004,101.65,-0.000133,12.87
204.415,529.881,-614.37,0.0336,0.00034,-0.5,0.224,-2.665,0.0,-0.723,-0.0068,101.7,3.4e-05,15.9
204.463,528.794,-613.425,0.0347,0.00108,-0.186,0.027,-2.974,0.0,-0.213,-0.0118,101.76,-1.1e-05,13.71
204.515,527.706,-612.479,0.0365,0.00104,-0.308,-0.097,-3.923,0.0,-0.212,0.0032,101.81,-0.000129,15.52
204.572,526.745,-611.644,0.0381,0.00188,-0.606,-0.238,-2.478,0.0,-0.367,-0.0068,101.86,-0.000461,22.14
204.611,525.655,-610.698,0.0408,0.00249,-0.787,-0.407,-2.835,0.0,-0.379,-0.0088,101.93,-0.000158,10.36
204.663,524.564,-609.752,0.0444,0.00297,-0.964,-0.584,-3.381,0.0,-0.38,-0.0069,101.99,-1.1e-05,12.13
204.716,523.472,-608.806,0.0489,0.00318,-0.563,-0.758,-3.53,0.0,0.194,-0.0058,102.05,-0.000243,15.42
204.764,522.379,-607.859,0.0535,0.00338,-1.645,-0.856,-3.475,0.0,-0.789,0.0044,102.1,0.000307,13.22
204.818,521.351,-606.967,0.0575,0.00394,-1.094,-1.024,-1.971,0.0,-0.07,-0.0131,102.17,-0.00026,16.99
204.864,520.257,-606.018,0.0634,0.00302,-0.767,-1.129,-3.358,0.0,0.362,0.0029,102.22,-5.6e-05,12.21
204.915,519.163,-605.068,0.0672,0.00293,-1.474,-1.15,-2.096,0.0,-0.324,0.008,102.28,-0.000175,13.46
204.968,518.134,-604.173,0.0706,0.00291,-1.072,-1.143,-0.419,0.0,0.071,0.0031,102.33,-0.000561,15.97
205.014,517.04,-603.221,0.0745,0.0021,-0.853,-1.076,0.132,0.0,0.223,0.0088,102.4,-0.000561,11.55
205.069,515.947,-602.268,0.0771,0.001,-0.747,-0.866,1.353,0.0,0.12,0.0221,102.45,0.000369,16.47
205.116,514.79,-601.257,0.078,0.00048,-0.54,-0.625,4.186,0.0,0.084,0.0118,102.51,1.6e-05,13.29
205.165,513.697,-600.3,0.0779,-0.00024,-0.183,-0.413,4.834,0.0,0.23,0.0043,102.57,-1.8e-05,12.12
205.219,512.604,-599.342,0.0767,-0.00092,0.435,-0.277,4.24,0.0,0.712,-0.0033,102.64,-6e-06,15.38
205.27,511.576,-598.44,0.0751,-0.00126,0.169,-0.188,2.711,0.0,0.357,-0.0017,102.69,0.000146,15.92
205.32,510.482,-597.48,0.0729,-0.00122,-0.012,-0.137,1.79,0.0,0.125,-0.0023,102.75,-0.000169,15.2
205.371,509.389,-596.519,0.0707,-0.00156,0.387,-0.045,1.008,0.0,0.432,0.0076,102.78,0.00022,16.64
205.419,508.296,-595.556,0.0679,-0.0023,-0.058,0.169,1.84,0.0,-0.227,0.0203,102.84,-0.000139,14.25
205.468,507.203,-594.592,0.0642,-0.00237,0.683,0.342,4.284,0.0,0.341,0.0017,102.9,-8.4e-05,13.43
205.521,506.238,-593.741,0.061,-0.00304,0.644,0.497,3.451,0.0,0.147,0.0036,102.96,3.3e-05,15.31
205.571,505.145,-592.776,0.0566,-0.00264,0.697,0.517,3.11,0.0,0.18,-0.0136,103.01,6.9e-05,15.6
205.62,504.05,-591.811,0.0527,-0.00229,1.093,0.409,0.389,0.0,0.683,-0.017,103.07,-6.6e-05,13.8
205.668,502.955,-590.845,0.0492,-0.00199,-0.128,0.358,-2.142,0.0,-0.485,0.004,103.13,-2.5e-05,11.91
205.726,501.923,-589.935,0.0461,-0.00117,0.082,0.269,-1.034,0.0,-0.187,-0.0069,103.18,-0.000194,19.93
205.768,500.827,-588.968,0.0446,-0.00172,0.293,0.242,-1.771,0.0,0.051,0.0055,103.23,-8e-05,11.1
205.82,499.73,-588.001,0.0422,-0.00169,0.284,0.25,-0.543,0.0,0.034,0.004,103.29,-3.1e-05,13.3
205.871,498.632,-587.033,0.0396,-0.00137,0.015,0.245,0.161,0.0,-0.23,-0.0016,103.34,2.2e-05,13.27
205.918,497.533,-586.065,0.0377,-0.00104,0.318,0.2,-0.103,0.0,0.118,-0.0058,103.41,0.000155,10.12
205.97,496.434,-585.097,0.0366,-0.00088,-0.206,0.173,-0.906,0.0,-0.378,0.001,103.46,8.6e-05,11.8
206.018,495.333,-584.128,0.0356,-0.00057,-0.291,0.136,-0.54,0.0,-0.427,-0.0023,103.51,8.6e-05,10.19
206.073,494.232,-583.16,0.0354,-2e-05,-0.008,0.026,-0.738,0.0,-0.033,-0.0115,103.56,3.5e-05,14.71
206.122,493.194,-582.249,0.0356,-9e-05,-0.054,-0.062,-2.199,0.0,0.008,-0.0008,103.62,-2e-06,13.04
206.17,492.091,-581.281,0.0357,0.0004,-0.342,-0.132,-1.759,0.0,-0.209,-0.0006,103.65,-0.00027,11.47
206.221,490.988,-580.311,0.0362,0.00075,-0.493,-0.186,-1.404,0.0,-0.307,-0.0001,103.68,-0.000157,11.88
206.266,489.883,-579.342,0.0372,0.00075,-0.333,-0.216,-1.07,0.0,-0.117,0.0013,103.73,5.9e-05,6.74
206.322,488.778,-578.373,0.0385,0.00063,-0.352,-0.225,-0.611,0.0,-0.127,0.002,103.78,7.5e-05,11.67
206.373,487.803,-577.517,0.0392,0.00085,-0.211,-0.285,-0.178,0.0,0.075,-0.0075,103.82,-8.7e-05,12.89
206.426,486.697,-576.547,0.0404,0.00082,-0.351,-0.37,-1.203,0.0,0.02,-0.0056,103.87,0.000177,15.21
206.474,485.591,-575.576,0.0414,0.00104,-0.481,-0.471,-1.699,0.0,-0.011,-0.0051,103.91,0.0001,13.42
206.528,484.485,-574.605,0.0428,0.00085,-0.499,-0.519,-2.002,0.0,0.02,0.0037,103.94,0.000103,16.67
206.575,483.378,-573.633,0.0438,0.00068,-0.616,-0.489,-0.973,0.0,-0.126,0.0093,103.98,-0.00017,13.28
206.627,482.271,-572.661,0.0445,0.00037,-0.444,-0.398,0.6,0.0,-0.047,0.0097,104.02,6.9e-05,15.18
206.678,481.295,-571.802,0.0449,-0.00015,-0.232,-0.256,1.833,0.0,0.024,0.0101,104.06,-0.00013,15.46
206.722,480.122,-570.771,0.0446,-0.00034,-0.129,-0.144,2.824,0.0,0.015,0.0009,104.1,-0.000164,8.9
206.777,479.015,-569.796,0.0441,-0.00048,0.247,-0.111,2.243,0.0,0.358,-0.0071,104.16,-0.000233,14.12
206.829,477.907,-568.822,0.0433,-0.00049,0.115,-0.126,0.67,0.0,0.241,-0.0056,104.19,-9.9e-05,15.97
206.879,476.798,-567.846,0.042,-0.00029,-0.207,-0.155,-0.306,0.0,-0.051,-0.0025,104.23,-0.000147,15.61
206.93,475.69,-566.87,0.041,-0.00038,-0.192,-0.172,-0.586,0.0,-0.02,0.0007,104.26,-0.000237,16.31
206.974,474.647,-565.951,0.0402,-0.00093,0.173,-0.142,-0.342,0.0,0.314,0.0061,104.3,0.000251,9.37
207.023,473.538,-564.974,0.0386,-0.00137,0.308,-0.068,0.617,0.0,0.376,0.007,104.34,0.000251,8.67
207.076,472.495,-564.053,0.0364,-0.00173,0.097,0.047,1.464,0.0,0.049,0.0085,104.37,-0.000218,11.31
207.128,471.386,-563.074,0.034,-0.00173,0.205,0.158,2.317,0.0,0.047,0.0033,104.41,0.000287,13.37
207.182,470.277,-562.095,0.0311,-0.00198,0.288,0.275,2.211,0.0,0.013,0.0047,104.45,-0.000241,16.94
207.232,469.168,-561.115,0.0282,-0.00198,0.643,0.367,2.338,0.0,0.276,0.0005,104.49,0.000234,16.64
207.282,468.123,-560.193,0.0257,-0.00199,0.362,0.464,1.832,0.0,-0.102,0.004,104.52,-0.000401,16.08
207.334,466.947,-559.156,0.023,-0.00138,0.445,0.487,1.948,0.0,-0.043,-0.0069,104.56,-0.000147,17.73
207.381,465.901,-558.234,0.0214,-0.00132,0.477,0.48,0.469,0.0,-0.002,-0.0035,104.6,-0.000125,15.12
207.433,464.789,-557.255,0.02,-0.00079,0.416,0.413,-0.154,0.0,0.003,-0.0085,104.63,0.00016,16.73
207.482,463.807,-556.391,0.0193,-0.00033,0.12,0.304,-1.328,0.0,-0.184,-0.0082,104.67,7.1e-05,16.01
207.532,462.629,-555.353,0.0192,0.00028,0.001,0.136,-2.178,0.0,-0.135,-0.0121,104.7,-0.000571,15.67
207.574,461.515,-554.374,0.0201,0.00061,0.013,-0.047,-3.369,0.0,0.06,-0.0078,104.73,-2.2e-05,6.79
207.626,460.466,-553.451,0.021,0.00101,-0.712,-0.181,-3.648,0.0,-0.531,0.0003,104.75,-0.000237,8.67
207.68,459.286,-552.414,0.0224,0.00154,-0.292,-0.315,-2.693,0.0,0.024,-0.0046,104.77,-0.000146,12.15
207.733,458.237,-551.491,0.0247,0.00134,-0.868,-0.344,-2.683,0.0,-0.525,0.0101,104.8,-0.000546,15.26
207.784,457.121,-550.51,0.0264,0.00178,-0.353,-0.383,-0.566,0.0,0.03,-0.0025,104.84,0.000354,15.57
207.832,456.005,-549.53,0.0293,0.00143,-0.854,-0.372,-0.778,0.0,-0.482,0.0056,104.88,-0.000765,13.58
207.879,454.889,-548.549,0.0314,0.00179,-0.182,-0.447,0.218,0.0,0.265,-0.0116,104.92,1.3e-05,9.85
207.931,453.837,-547.626,0.034,0.00189,-0.224,-0.537,-1.5,0.0,0.313,-0.0048,104.94,1.3e-05,11.81
207.985,452.72,-546.644,0.0363,0.00142,-0.414,-0.564,-1.807,0.0,0.15,0.0057,104.98,-0.000301,15.86
208.036,451.668,-545.72,0.0386,0.00179,-0.56,-0.581,-0.535,0.0,0.021,0.0004,105.01,-0.00035,16.02
208.087,450.485,-544.68,0.0412,0.00163,-0.88,-0.529,-0.339,0.0,-0.352,0.009,105.04,-0.000332,16.32
208.138,449.368,-543.696,0.0434,0.00145,-0.729,-0.447,1.042,0.0,-0.282,0.0059,105.06,-0.000125,16.73
208.184,448.316,-542.77,0.0451,0.00085,0.232,-0.379,1.633,0.0,0.611,0.0009,105.1,-0.000179,13.41
208.234,447.199,-541.786,0.0459,0.00043,-0.33,-0.277,1.358,0.0,-0.052,0.0071,105.13,0.0,13.0
208.285,446.082,-540.801,0.0467,0.00103,-0.242,-0.26,2.036,0.0,0.018,-0.0082,105.15,-0.000255,13.62
208.337,445.03,-539.873,0.0478,0.0006,-0.236,-0.237,0.35,0.0,0.001,0.0013,105.19,-4.7e-05,15.24
208.384,443.913,-538.886,0.0484,0.00062,0.252,-0.218,0.456,0.0,0.47,0.0003,105.22,-9.2e-05,11.24
208.439,442.862,-537.957,0.0489,0.00039,-0.799,-0.126,0.385,0.0,-0.674,0.0108,105.25,-5.4e-05,16.32
208.488,441.745,-536.969,0.0494,0.0009,0.435,-0.142,1.843,0.0,0.576,-0.0119,105.29,-3.6e-05,14.41
208.535,440.628,-535.98,0.0502,2e-05,-0.277,-0.066,-0.32,0.0,-0.211,0.0122,105.32,-0.000188,10.73
208.584,439.445,-534.932,0.0503,0.00105,-0.186,-0.092,1.514,0.0,-0.094,-0.0116,105.35,0.000112,9.95
208.635,438.459,-534.059,0.0515,0.00089,-0.083,-0.167,-0.527,0.0,0.084,-0.0076,105.37,-0.000124,10.3
208.687,437.276,-533.011,0.0529,0.00107,-0.165,-0.259,-1.491,0.0,0.094,-0.0051,105.4,-0.000274,12.73
208.739,436.224,-532.078,0.0542,0.0014,-0.522,-0.354,-1.849,0.0,-0.168,-0.0036,105.41,-0.000391,14.14
208.789,435.041,-531.029,0.0564,0.00143,-0.478,-0.426,-1.902,0.0,-0.052,-0.0,105.44,0.000185,13.61
208.839,433.923,-530.037,0.0583,0.0014,-0.699,-0.464,-1.432,0.0,-0.235,0.0021,105.46,-2.1e-05,13.04
208.885,432.938,-529.162,0.0599,0.00138,-0.386,-0.511,-0.768,0.0,0.125,-0.0025,105.49,-0.000244,8.9
208.942,431.755,-528.11,0.0616,0.0011,-0.571,-0.529,-0.927,0.0,-0.042,0.0023,105.51,0.000224,15.49
208.99,430.638,-527.117,0.0629,0.00121,-0.552,-0.551,-0.364,0.0,-0.002,-0.0011,105.54,-8.7e-05,13.54
209.043,429.521,-526.123,0.0643,0.0009,-0.517,-0.538,-0.432,0.0,0.021,0.004,105.55,-9.4e-05,16.51
209.093,428.535,-525.245,0.0651,0.00058,-0.451,-0.488,0.253,0.0,0.038,0.0056,105.57,8e-05,16.14
209.144,427.419,-524.25,0.0657,0.00026,-0.174,-0.407,0.994,0.0,0.233,0.0062,105.61,0.000181,16.13
209.184,426.302,-523.254,0.0656,3e-05,-0.478,-0.28,1.635,0.0,-0.198,0.0091,105.62,0.000263,6.74
209.243,425.186,-522.258,0.0655,-2e-05,-0.171,-0.199,2.529,0.0,0.028,-0.0019,105.64,0.000216,14.99
209.288,424.004,-521.203,0.0653,-0.0003,0.097,-0.183,1.629,0.0,0.28,-0.0064,105.64,0.000196,10.17
209.339,422.887,-520.206,0.0647,-0.00048,0.298,-0.198,0.31,0.0,0.495,-0.0037,105.67,0.000148,10.31
209.391,421.903,-519.325,0.0637,-0.00025,-0.476,-0.196,-0.292,0.0,-0.28,0.0018,105.68,0.000333,11.91
209.438,420.787,-518.327,0.0627,-3e-05,-0.281,-0.215,0.039,0.0,-0.066,-0.0029,105.7,0.000301,8.68
209.49,419.737,-517.388,0.0625,-0.00071,0.192,-0.188,-0.38,0.0,0.38,0.0058,105.71,0.000268,10.84
209.547,418.556,-516.33,0.0609,-0.00099,-0.298,-0.109,0.547,0.0,-0.189,0.0082,105.72,0.000156,16.42
209.591,417.44,-515.33,0.0593,-0.00099,0.096,-0.09,1.578,0.0,0.186,-0.0056,105.73,0.000467,10.24
209.65,416.259,-514.272,0.0578,-0.00131,0.204,-0.108,0.38,0.0,0.312,-0.0045,105.73,0.000482,18.69
209.694,415.275,-513.389,0.0558,-0.0013,-0.004,-0.135,-0.363,0.0,0.131,-0.0019,105.75,0.000519,12.67
209.75,414.16,-512.389,0.0537,-0.00123,-0.14,-0.155,-0.545,0.0,0.015,0.0001,105.76,0.000509,17.61
209.796,413.044,-511.388,0.052,-0.00146,-0.166,-0.135,-0.389,0.0,-0.03,0.0047,105.77,0.000422,13.39
209.848,411.929,-510.388,0.05,-0.00181,0.004,-0.084,0.383,0.0,0.088,0.0051,105.78,0.000283,14.93
209.895,410.748,-509.328,0.0473,-0.00227,0.173,-0.017,1.021,0.0,0.19,0.0041,105.79,0.000321,11.4
209.944,409.763,-508.445,0.0443,-0.00227,0.189,0.034,1.352,0.0,0.155,-0.0,105.79,0.000321,9.91
210.0,408.648,-507.445,0.0407,-0.00258,0.354,0.086,1.013,0.0,0.268,0.002,105.81,1.7e-05,15.95
210.046,407.467,-506.385,0.0365,-0.0029,0.241,0.173,1.048,0.0,0.068,0.0066,105.82,0.00024,12.12
210.098,406.417,-505.443,0.0321,-0.00316,0.374,0.257,1.731,0.0,0.117,0.0027,105.82,0.000137,13.02
210.151,405.301,-504.441,0.0268,-0.00373,0.606,0.331,1.68,0.0,0.275,0.0015,105.83,0.000324,15.71
210.199,404.186,-503.44,0.0209,-0.00417,0.902,0.38,1.475,0.0,0.522,-0.0009,105.83,3.6e-05,13.86
210.246,403.136,-502.498,0.0148,-0.00458,0.666,0.451,0.982,0.0,0.214,0.0048,105.83,0.000388,10.67
210.299,401.954,-501.438,0.0076,-0.0047,0.718,0.539,1.431,0.0,0.18,0.0047,105.83,0.000388,13.38
210.35,400.969,-500.555,0.0015,-0.00519,0.843,0.684,1.747,0.0,0.159,0.0112,105.84,0.000311,13.6
210.4,399.787,-499.495,-0.0066,-0.00556,1.003,0.88,2.914,0.0,0.123,0.012,105.84,0.000428,13.58
210.448,398.67,-498.495,-0.0146,-0.00587,1.239,1.091,3.909,0.0,0.148,0.009,105.85,0.000475,11.3
210.5,397.618,-497.554,-0.0224,-0.006,1.489,1.28,4.226,0.0,0.21,0.0042,105.85,0.000295,12.56
210.549,396.5,-496.555,-0.0308,-0.00592,1.46,1.42,3.776,0.0,0.041,-0.0003,105.86,0.000342,11.27
210.596,395.447,-495.616,-0.0386,-0.00551,1.76,1.459,2.794,0.0,0.301,-0.0091,105.86,0.000338,7.94
210.651,394.327,-494.619,-0.0461,-0.00517,1.421,1.454,0.792,0.0,-0.033,-0.0049,105.87,0.000244,13.09
210.701,393.14,-493.564,-0.0535,-0.00421,1.311,1.364,-0.109,0.0,-0.053,-0.012,105.87,0.000396,13.45
210.753,392.15,-492.686,-0.0583,-0.00354,0.91,1.221,-1.793,0.0,-0.311,-0.0105,105.87,0.000346,14.54
210.799,390.961,-491.634,-0.063,-0.00269,1.047,1.01,-2.852,0.0,0.037,-0.0146,105.88,0.000259,10.61
210.851,389.837,-490.641,-0.066,-0.00217,0.477,0.814,-4.225,0.0,-0.337,-0.0053,105.88,0.000393,11.97
210.902,388.844,-489.766,-0.0682,-0.00117,0.198,0.598,-3.921,0.0,-0.4,-0.0096,105.88,0.000216,12.75
210.952,387.652,-488.717,-0.0689,-0.0007,0.161,0.397,-4.318,0.0,-0.237,-0.0055,105.88,0.000177,12.95
211.002,386.525,-487.728,-0.0688,-0.00033,-0.089,0.251,-4.021,0.0,-0.341,0.0007,105.89,0.00044,12.53
211.052,385.396,-486.74,-0.0683,4e-05,-0.256,0.147,-2.915,0.0,-0.403,0.0007,105.9,0.000157,11.94
211.101,384.4,-485.868,-0.0677,0.00084,-0.489,0.003,-2.08,0.0,-0.492,-0.0092,105.9,0.000157,10.93
211.148,383.204,-484.824,-0.0664,0.00089,-0.29,-0.119,-2.88,0.0,-0.172,-0.002,105.91,0.000188,7.25
211.206,382.139,-483.896,-0.0651,0.00074,-0.311,-0.178,-2.441,0.0,-0.133,0.0044,105.92,0.000392,14.87
211.256,380.941,-482.852,-0.0638,0.00074,-0.312,-0.214,-1.194,0.0,-0.097,0.0012,105.92,-9e-05,15.25
211.298,379.81,-481.867,-0.0628,0.0005,-0.13,-0.228,-0.722,0.0,0.098,0.0019,105.92,0.00017,6.33
211.359,378.678,-480.882,-0.0623,7e-05,-0.2,-0.185,-0.277,0.0,-0.014,0.0075,105.93,4.6e-05,17.09
211.41,377.679,-480.013,-0.0623,-0.00035,-0.016,-0.097,0.86,0.0,0.081,0.0077,105.93,0.000117,17.81
211.456,376.547,-479.028,-0.063,-0.00099,0.282,0.028,1.754,0.0,0.254,0.0083,105.92,0.00026,13.71
211.504,375.415,-478.043,-0.0647,-0.00154,0.281,0.179,2.503,0.0,0.102,0.008,105.93,0.000365,10.4
211.552,374.283,-477.057,-0.0672,-0.00195,0.629,0.312,3.02,0.0,0.317,0.0028,105.94,-0.00025,8.4
211.605,373.151,-476.072,-0.0703,-0.00249,0.85,0.45,2.664,0.0,0.4,0.0053,105.94,0.000304,11.62
211.653,372.019,-475.087,-0.0742,-0.00275,0.618,0.604,2.759,0.0,0.014,0.007,105.95,-2e-06,9.47
211.71,371.02,-474.218,-0.0778,-0.00288,1.025,0.74,3.079,0.0,0.285,0.0029,105.95,0.000195,15.58
211.764,369.821,-473.175,-0.0823,-0.00337,1.149,0.904,2.726,0.0,0.245,0.0086,105.96,0.000189,18.98
211.809,368.688,-472.19,-0.0871,-0.00321,0.875,1.045,3.281,0.0,-0.17,0.0025,105.96,0.00012,13.87
211.86,367.555,-471.206,-0.0915,-0.00299,1.43,1.089,2.82,0.0,0.341,-0.0087,105.96,0.000219,14.13
211.906,366.421,-470.223,-0.0955,-0.00303,1.139,1.099,0.868,0.0,0.04,-0.0031,105.96,-0.000438,9.9
211.958,365.286,-469.24,-0.0996,-0.00222,1.08,1.024,0.21,0.0,0.056,-0.0116,105.96,-0.000119,11.72
212.009,364.218,-468.316,-0.1023,-0.00186,0.901,0.941,-1.501,0.0,-0.04,-0.0037,105.96,-0.000321,11.85
212.062,363.083,-467.334,-0.1046,-0.00129,0.573,0.886,-1.658,0.0,-0.313,0.001,105.96,9e-05,14.84
212.112,361.946,-466.354,-0.1059,-0.00075,0.296,0.822,-1.097,0.0,-0.527,-0.0032,105.96,-0.000406,14.68
212.156,360.809,-465.374,-0.1064,-0.00036,0.946,0.69,-1.282,0.0,0.256,-0.0118,105.96,0.00011,9.12
212.213,359.739,-464.453,-0.1063,-8e-05,0.179,0.563,-2.65,0.0,-0.385,-0.0037,105.97,0.000151,15.43
212.267,358.6,-463.475,-0.1059,0.00108,0.222,0.363,-2.523,0.0,-0.142,-0.0147,105.97,-0.000704,18.7
212.314,357.46,-462.498,-0.1035,0.00142,-0.132,0.201,-4.001,0.0,-0.333,-0.0017,105.97,-9.3e-05,16.04
212.358,356.32,-461.522,-0.1009,0.00194,-0.286,0.108,-3.25,0.0,-0.394,0.0041,105.97,-0.000332,9.89
212.415,355.314,-460.661,-0.0979,0.00215,-0.275,0.1,-1.857,0.0,-0.375,0.0086,105.98,-6.3e-05,16.06
212.466,354.173,-459.686,-0.0942,0.00228,-0.455,0.124,-0.165,0.0,-0.579,0.0042,105.98,-0.000158,16.98
212.509,352.964,-458.653,-0.0902,0.00248,0.282,0.075,0.477,0.0,0.207,-0.0093,105.98,-4.4e-05,10.15
212.562,351.822,-457.679,-0.086,0.00247,-0.132,0.001,-0.976,0.0,-0.133,-0.0052,105.99,-0.000385,13.5
212.611,350.68,-456.705,-0.0824,0.00334,-0.15,-0.156,-1.479,0.0,0.007,-0.0142,105.99,-0.000748,12.03
212.656,349.672,-455.845,-0.0781,0.00367,-0.774,-0.304,-3.143,0.0,-0.47,-0.0042,106.0,-0.000406,6.82
212.714,348.529,-454.871,-0.0731,0.00414,-0.322,-0.445,-2.957,0.0,0.122,-0.0041,106.0,-0.000578,13.72
212.766,347.32,-453.84,-0.0667,0.00398,-0.945,-0.46,-2.808,0.0,-0.485,0.0125,106.0,-0.000137,15.77
212.816,346.177,-452.865,-0.0615,0.00443,-1.153,-0.469,-0.31,0.0,-0.683,0.0003,106.01,-0.000297,15.56
212.863,345.035,-451.891,-0.055,0.00415,-1.104,-0.477,-0.187,0.0,-0.627,-0.0001,106.01,-0.000297,12.01
212.914,344.027,-451.031,-0.0499,0.00361,0.083,-0.513,-0.154,0.0,0.596,-0.0042,106.01,-0.000128,12.76
212.965,342.818,-449.998,-0.0445,0.00294,-0.508,-0.501,-0.714,0.0,-0.007,0.0053,106.01,-0.000138,13.36
213.016,341.677,-449.022,-0.0399,0.00362,-0.43,-0.565,0.226,0.0,0.135,-0.01,106.02,-0.00031,13.44
213.063,340.603,-448.103,-0.035,0.00335,-0.708,-0.568,-1.27,0.0,-0.14,0.0062,106.02,-0.000496,10.32
213.114,339.396,-447.068,-0.0298,0.00347,-0.652,-0.498,-0.06,0.0,-0.155,0.0101,106.03,3.9e-05,11.24
213.168,338.39,-446.206,-0.0257,0.00298,-0.674,-0.33,1.405,0.0,-0.344,0.016,106.03,-0.00048,14.72
213.214,337.183,-445.17,-0.0212,0.00277,-0.212,-0.197,3.343,0.0,-0.015,0.0011,106.03,-0.000232,10.48
213.275,336.178,-444.306,-0.018,0.00232,0.348,-0.153,2.672,0.0,0.501,-0.0078,106.05,-0.000488,21.06
213.322,334.904,-443.212,-0.0141,0.00262,-0.181,-0.209,0.88,0.0,0.028,-0.0125,106.05,-0.000313,18.42
213.369,333.9,-442.347,-0.0109,0.00337,-0.198,-0.38,-1.125,0.0,0.182,-0.0179,106.05,8.6e-05,15.19
213.418,332.694,-441.309,-0.0058,0.0035,-0.807,-0.521,-3.414,0.0,-0.287,-0.0018,106.05,-5.5e-05,13.37
213.47,331.624,-440.386,-0.0012,0.00378,-0.712,-0.627,-2.816,0.0,-0.084,-0.0002,106.05,0.000116,15.23
213.521,330.553,-439.462,0.0038,0.00358,-0.889,-0.661,-2.136,0.0,-0.229,0.0066,106.06,-0.000577,15.95
213.573,329.349,-438.423,0.009,0.00354,-0.893,-0.661,-0.664,0.0,-0.232,0.0034,106.07,-0.000387,17.28
213.614,328.28,-437.498,0.0138,0.00331,-0.635,-0.66,-0.007,0.0,0.025,0.0002,106.07,-0.000514,8.75
213.676,327.077,-436.457,0.0185,0.00299,-0.339,-0.636,0.024,0.0,0.298,0.0032,106.01,0.000209,19.45
213.725,326.01,-435.532,0.0223,0.00287,-0.985,-0.565,0.471,0.0,-0.42,0.0075,105.83,-0.000129,18.01
213.776,324.945,-434.609,0.0258,0.00303,-0.408,-0.561,1.428,0.0,0.153,-0.007,105.63,0.000371,18.82
213.824,323.75,-433.571,0.0302,0.00227,-0.52,-0.559,0.071,0.0,0.039,-0.0001,105.42,-0.001012,17.22
213.875,322.69,-432.649,0.0327,0.00238,-0.25,-0.637,0.041,0.0,0.387,-0.0111,105.22,0.000757,17.5
213.921,321.567,-431.672,0.0356,0.0019,-0.344,-0.685,-1.554,0.0,0.341,0.0015,105.02,-0.000516,13.78
213.973,320.513,-430.752,0.0373,0.00178,-0.813,-0.629,-0.957,0.0,-0.184,0.0128,104.82,0.000697,14.72
214.025,319.331,-429.718,0.0393,0.00146,-0.558,-0.468,1.118,0.0,-0.091,0.0167,104.62,0.000217,16.97
214.076,318.282,-428.801,0.041,0.00058,-0.523,-0.24,3.225,0.0,-0.283,0.0149,104.43,0.000813,17.35
214.127,317.106,-427.769,0.0414,0.00017,0.451,-0.107,4.55,0.0,0.559,-0.0053,104.25,0.000144,18.53
214.179,316.062,-426.854,0.0415,-0.00041,0.384,-0.076,2.657,0.0,0.46,-0.0096,104.06,0.000643,20.83
214.222,315.02,-425.939,0.0407,-0.00085,0.517,-0.022,0.617,0.0,0.538,0.0044,103.86,0.000643,12.9
214.29,313.851,-424.912,0.0397,-0.00037,0.54,-0.041,1.093,0.0,0.58,-0.0084,103.67,-0.000434,30.9
214.327,312.75,-423.943,0.0392,-0.00032,-0.371,-0.027,-0.382,0.0,-0.343,0.0039,103.48,0.000284,17.86
214.381,311.651,-422.976,0.0388,-4e-05,-0.032,-0.014,0.269,0.0,-0.018,0.0005,103.28,0.000394,20.68
214.437,310.683,-422.123,0.0383,-0.00087,-0.403,0.068,0.278,0.0,-0.472,0.01,103.09,-0.000112,26.9
214.488,309.525,-421.101,0.0369,-0.00081,1.299,-0.01,1.638,0.0,1.308,-0.0195,102.9,0.000223,26.77
214.528,308.497,-420.194,0.0355,-0.0016,-0.653,-0.025,-1.561,0.0,-0.629,0.0061,102.73,-3e-06,16.77
214.581,307.407,-419.232,0.0334,-2e-05,0.466,-0.272,-0.3,0.0,0.739,-0.033,102.54,0.000105,19.14
214.628,306.383,-418.329,0.0333,-0.00142,-0.62,-0.355,-4.954,0.0,-0.265,0.0145,102.35,-2.3e-05,16.56
214.68,305.297,-417.37,0.0309,-0.00106,-0.12,-0.346,-1.644,0.0,0.226,0.0098,102.15,-0.00059,17.47
214.727,304.214,-416.412,0.0294,-0.00238,-0.455,-0.123,0.164,0.0,-0.332,0.0303,101.97,-0.000564,14.54
214.779,303.069,-415.4,0.0256,-0.00299,0.574,0.147,4.469,0.0,0.427,0.0142,101.79,-0.001233,15.74
214.827,301.99,-414.446,0.0216,-0.00414,0.32,0.466,5.392,0.0,-0.145,0.0163,101.61,8.9e-05,13.23
214.88,300.977,-413.549,0.0161,-0.00432,1.74,0.641,6.385,0.0,1.099,-0.009,101.43,-0.00014,16.4
214.929,299.901,-412.598,0.0107,-0.00497,1.078,0.835,3.498,0.0,0.243,0.0087,101.25,-0.000151,14.78
214.978,298.891,-411.705,0.0036,-0.00416,0.739,0.953,3.874,0.0,-0.214,-0.0038,101.06,0.000375,13.23
215.025,297.819,-410.758,-0.0022,-0.0039,0.694,0.998,2.363,0.0,-0.303,-0.0061,100.88,0.000375,9.86
215.083,296.811,-409.869,-0.0075,-0.0041,1.41,1.02,0.898,0.0,0.39,-0.0016,100.69,0.000143,17.52
215.131,295.617,-408.815,-0.0141,-0.00436,1.113,1.121,0.448,0.0,-0.008,0.0117,100.52,0.000154,15.24
215.183,294.612,-407.93,-0.0196,-0.00358,1.189,1.211,2.018,0.0,-0.023,0.0021,100.34,0.000685,16.74
215.232,293.547,-406.991,-0.0243,-0.00319,0.966,1.371,1.81,0.0,-0.406,0.0129,100.15,0.000158,15.37
215.284,292.482,-406.056,-0.0282,-0.00232,0.884,1.511,3.2,0.0,-0.627,0.0028,99.98,0.000197,17.43
215.332,291.481,-405.178,-0.0307,-0.00144,1.337,1.49,2.794,0.0,-0.152,-0.0176,99.8,0.000327,14.52
215.383,290.418,-404.247,-0.032,-0.00035,0.98,1.244,-0.431,0.0,-0.264,-0.032,99.61,0.000275,15.25
215.433,289.419,-403.375,-0.0321,0.00162,1.212,0.729,-4.911,0.0,0.483,-0.0462,99.42,0.000518,15.39
215.482,288.358,-402.45,-0.0296,0.00332,-0.953,0.145,-10.3,0.0,-1.099,-0.0275,99.26,0.000611,13.68
215.533,287.361,-401.582,-0.0261,0.00573,-1.424,-0.517,-11.671,0.0,-0.907,-0.0314,99.08,0.000338,14.44
215.577,286.303,-400.661,-0.0176,0.00607,-1.565,-1.064,-13.253,0.0,-0.502,-0.0069,98.9,0.000261,8.81
215.634,285.122,-399.635,-0.0081,0.00646,-2.39,-1.497,-10.932,0.0,-0.893,-0.0033,98.73,0.000566,15.56
215.68,284.13,-398.772,0.0004,0.00647,-2.447,-1.802,-8.668,0.0,-0.645,0.0028,98.56,0.000566,10.9
215.733,283.077,-397.857,0.0094,0.00653,-2.23,-2.029,-6.095,0.0,-0.202,0.0002,98.39,-0.000165,13.87
215.786,282.026,-396.944,0.018,0.00534,-1.93,-2.07,-4.537,0.0,0.139,0.018,98.21,-8.4e-05,16.0
215.828,281.04,-396.085,0.0245,0.00422,-2.285,-1.923,-0.817,0.0,-0.361,0.0247,98.03,-3.6e-05,8.29
215.885,279.995,-395.172,0.0296,0.00284,-1.238,-1.704,2.929,0.0,0.465,0.0153,97.87,-0.000302,14.83
215.938,278.953,-394.26,0.033,0.00067,-0.639,-1.399,4.387,0.0,0.761,0.0196,97.69,-0.000122,17.32
215.984,277.975,-393.402,0.0332,-0.00102,-0.283,-1.064,6.092,0.0,0.781,0.0149,97.52,-0.000132,13.89
216.035,276.938,-392.491,0.0311,-0.00251,0.257,-0.702,6.704,0.0,0.958,0.0155,97.34,-0.000249,14.88
216.087,275.905,-391.58,0.0272,-0.00432,0.537,-0.233,7.25,0.0,0.771,0.0274,97.18,0.000689,15.94
216.136,274.935,-390.722,0.0208,-0.00559,0.969,0.242,9.363,0.0,0.727,0.0174,97.01,0.000689,15.11
216.185,273.908,-389.812,0.0123,-0.00704,1.358,0.715,9.51,0.0,0.643,0.0162,96.84,0.000373,13.42
216.232,272.943,-388.955,0.0025,-0.00858,2.232,1.194,9.45,0.0,1.038,0.0175,96.67,0.000167,10.32
216.289,271.92,-388.046,-0.0094,-0.0098,2.781,1.813,9.588,0.0,0.968,0.0362,96.52,0.000162,17.42
216.338,270.959,-387.192,-0.0221,-0.01031,2.644,2.405,12.376,0.0,0.239,0.0179,96.34,-0.000559,15.46
216.389,269.82,-386.18,-0.0375,-0.01023,3.618,2.795,11.84,0.0,0.824,-0.0076,96.17,-0.000483,15.62
216.438,268.862,-385.33,-0.0498,-0.01028,3.612,3.114,7.796,0.0,0.499,0.0037,96.0,-0.000638,15.28
216.488,267.845,-384.429,-0.0633,-0.00895,3.223,3.234,6.382,0.0,-0.011,-0.0166,95.83,-0.000416,14.64
216.539,266.889,-383.583,-0.074,-0.00764,2.879,3.172,2.404,0.0,-0.292,-0.0213,95.68,-0.000416,15.37
216.591,265.873,-382.688,-0.0833,-0.00585,2.707,2.941,-1.246,0.0,-0.233,-0.0258,95.52,-6.3e-05,17.42
216.64,264.917,-381.848,-0.0897,-0.00392,1.921,2.582,-4.623,0.0,-0.661,-0.0258,95.35,0.000157,15.82
216.693,263.841,-380.908,-0.0938,-0.00134,1.15,1.858,-7.169,0.0,-0.709,-0.0635,95.18,-0.000235,18.21
216.739,262.825,-380.023,-0.0944,0.00089,0.597,1.041,-14.474,0.0,-0.443,-0.0384,95.02,-0.000311,14.43
216.789,261.869,-379.194,-0.0922,0.00293,-1.222,0.397,-16.355,0.0,-1.618,-0.0043,94.85,-0.000232,13.75
216.841,260.913,-378.368,-0.0877,0.00503,-1.52,-0.157,-12.878,0.0,-1.363,-0.0099,94.68,-0.000533,14.83
216.893,259.838,-377.442,-0.0789,0.00563,-1.509,-0.419,-11.073,0.0,-1.09,0.0214,94.52,-0.000714,16.77
216.938,258.823,-376.57,-0.0705,0.00689,-1.961,-0.693,-5.233,0.0,-1.268,-0.0109,94.35,-0.000714,11.48
216.988,257.869,-375.752,-0.0615,0.00731,-2.147,-0.895,-5.482,0.0,-1.251,0.0004,94.19,-0.001252,11.14
217.041,256.796,-374.835,-0.0507,0.00771,-1.45,-1.057,-4.051,0.0,-0.394,-0.0013,94.03,-0.000209,13.7
217.09,255.844,-374.021,-0.0408,0.0078,-1.636,-1.253,-3.23,0.0,-0.383,-0.0105,93.87,-0.001213,12.53
217.143,254.893,-373.209,-0.0312,0.00867,-1.783,-1.639,-3.932,0.0,-0.144,-0.0332,93.71,0.000306,14.65
217.19,253.766,-372.246,-0.0187,0.00913,-2.287,-2.098,-7.706,0.0,-0.19,-0.0238,93.55,-0.000448,11.34
217.245,252.878,-371.487,-0.009,0.00941,-2.877,-2.377,-9.184,0.0,-0.5,0.0091,93.4,-0.000267,16.41
217.29,251.933,-370.678,0.0022,0.00837,-2.617,-2.433,-5.584,0.0,-0.184,0.0215,93.25,-0.000267,11.47
217.345,250.814,-369.716,0.0138,0.00757,-2.708,-2.336,-1.113,0.0,-0.373,0.0194,93.09,-0.000269,15.92
217.397,249.874,-368.907,0.0224,0.00617,-1.831,-2.134,1.938,0.0,0.303,0.018,92.94,0.000209,16.71
217.446,248.937,-368.098,0.0291,0.00432,-1.187,-1.747,4.028,0.0,0.561,0.0329,92.78,6.4e-05,15.41
217.498,248.003,-367.288,0.0335,0.00293,-0.866,-1.211,7.74,0.0,0.345,0.0343,92.63,0.000361,16.9
217.548,246.898,-366.326,0.0365,0.00188,-0.177,-0.606,10.72,0.0,0.429,0.0284,92.47,-0.000214,17.02
217.598,246.028,-365.567,0.0375,0.0007,0.42,-0.251,12.103,0.0,0.671,-0.0138,92.31,-0.000783,16.22
217.645,244.986,-364.656,0.0375,-0.00075,0.889,0.076,7.1,0.0,0.813,0.0086,92.15,-0.000783,13.06
217.698,244.006,-363.796,0.0363,-0.00111,1.678,0.277,6.551,0.0,1.401,-0.0062,91.99,-0.000736,15.3
217.748,243.029,-362.936,0.0341,-0.0014,0.493,0.591,4.019,0.0,-0.097,0.0227,91.83,-0.001696,15.14
217.799,242.054,-362.076,0.0319,-0.00046,1.446,0.391,6.268,0.0,1.055,-0.0607,91.67,-0.00191,16.22
217.848,241.139,-361.268,0.0309,-0.00084,-0.305,0.376,-3.998,0.0,-0.681,0.0188,91.52,-0.003165,14.68
217.9,240.168,-360.41,0.0286,0.00046,0.221,0.275,-0.304,0.0,-0.054,-0.0124,91.37,-0.003477,16.01
217.946,239.257,-359.603,0.0291,0.00032,0.262,0.176,-2.008,0.0,0.085,-0.0033,91.23,-0.003477,12.37
217.999,238.29,-358.747,0.0291,-0.00037,0.265,0.136,-1.98,0.0,0.129,0.0047,91.08,-0.003616,15.05
218.051,237.382,-357.943,0.0288,0.00036,0.029,-0.094,-0.808,0.0,0.122,-0.0278,90.93,-0.004658,16.78
218.101,236.361,-357.039,0.0293,0.00078,-0.705,-0.325,-4.592,0.0,-0.38,-0.0082,90.79,-0.005159,16.39
218.154,235.399,-356.187,0.0302,0.00116,-0.658,-0.513,-4.616,0.0,-0.145,-0.0021,90.65,-0.006404,18.66
218.203,234.495,-355.387,0.0317,0.00068,-0.877,-0.383,-3.76,0.0,-0.495,0.0378,90.49,-0.007099,18.21
218.251,233.593,-354.587,0.0324,0.00031,-0.76,-0.195,2.598,0.0,-0.565,0.0125,90.33,-0.007099,15.54
218.304,232.58,-353.689,0.0326,-3e-05,0.061,0.105,3.746,0.0,-0.044,0.0223,90.19,-0.008043,18.79
218.353,231.681,-352.892,0.0324,-0.00073,0.997,0.489,6.009,0.0,0.508,0.0222,90.04,-0.008421,17.32
218.4,230.729,-352.047,0.0314,-0.00041,0.836,1.058,7.682,0.0,-0.221,0.0391,89.62,-0.009122,13.87
218.452,229.728,-351.159,0.0307,0.00105,1.541,1.495,11.366,0.0,0.047,0.0015,88.98,-0.009926,15.98
218.508,228.843,-350.375,0.0315,0.00267,1.255,1.94,8.743,0.0,-0.685,0.0164,88.31,-0.010426,20.91
218.551,227.965,-349.597,0.0349,0.0032,1.042,2.192,8.907,0.0,-1.15,-0.0114,87.69,-0.010426,14.1
218.605,227.038,-348.778,0.0401,0.00679,1.333,2.026,5.043,0.0,-0.693,-0.0496,87.0,-0.010768,17.35
218.654,226.172,-348.013,0.0483,0.01081,0.269,1.537,-3.324,0.0,-1.268,-0.0508,86.34,-0.010349,16.03
218.702,225.203,-347.161,0.0613,0.01672,-1.711,0.878,-9.773,0.0,-2.589,-0.0409,85.68,-0.009729,13.92
218.755,224.295,-346.363,0.0787,0.02284,-2.704,-0.016,-13.19,0.0,-2.688,-0.0558,85.04,-0.009752,17.19
218.802,223.446,-345.619,0.105,0.02359,-3.22,-0.814,-17.879,0.0,-2.406,-0.0178,84.37,-0.009752,12.94
218.854,222.551,-344.835,0.1342,0.02956,-4.971,-1.615,-15.959,0.0,-3.356,-0.0283,83.7,-0.009786,15.12
218.906,221.663,-344.057,0.1679,0.03682,-6.328,-2.815,-16.021,0.0,-3.513,-0.0837,83.0,-0.009513,17.05
218.957,220.833,-343.331,0.2039,0.04431,-8.513,-4.498,-24.0,0.0,-4.015,-0.1093,82.29,-0.009419,16.95
219.002,219.96,-342.566,0.2549,0.04328,-8.669,-5.735,-33.651,0.0,-2.934,0.0035,81.62,-0.009419,11.62
219.06,219.096,-341.806,0.3055,0.05125,-10.904,-7.237,-24.742,0.0,-3.667,-0.0802,80.9,-0.009628,19.47
219.105,218.291,-341.096,0.3566,0.05941,-13.977,-9.255,-30.042,0.0,-4.722,-0.1245,80.15,-0.010694,15.07
219.16,217.446,-340.345,0.4142,0.06761,-16.794,-11.587,-40.365,0.0,-5.207,-0.1142,79.35,-0.01114,19.03
219.208,216.613,-339.599,0.4875,0.06284,-15.928,-12.883,-46.638,0.0,-3.045,0.0632,78.48,-0.01114,16.79
219.257,215.843,-338.901,0.5496,0.06927,-18.175,-14.325,-25.921,0.0,-3.85,-0.0657,77.46,-0.012475,16.16
219.315,215.04,-338.164,0.6155,0.0755,-20.85,-16.463,-28.848,0.0,-4.387,-0.1474,76.42,-0.014133,23.51
219.361,214.253,-337.43,0.6928,0.06657,-18.559,-17.3,-42.749,0.0,-1.259,0.1069,75.42,-0.014133,18.98
219.41,213.484,-336.698,0.7609,0.07162,-21.107,-18.557,-16.745,0.0,-2.55,-0.0878,74.38,-0.015555,17.67
219.464,212.777,-336.011,0.8203,0.07682,-24.624,-20.785,-25.14,0.0,-3.84,-0.1794,73.41,-0.014903,21.02
219.51,211.959,-335.197,0.9023,0.06439,-21.032,-21.284,-44.55,0.0,0.252,0.1635,72.38,-0.014903,16.9
219.56,211.331,-334.556,0.9558,0.06674,-23.734,-21.81,-9.992,0.0,-1.924,-0.0211,71.35,-0.014774,16.39
219.612,210.639,-333.829,1.0095,0.0681,-25.291,-22.951,-10.517,0.0,-2.34,-0.1042,70.33,-0.016324,17.64
219.665,209.967,-333.102,1.0707,0.05259,-20.168,-22.201,-22.816,0.0,2.033,0.2241,69.3,-0.016324,20.6
219.715,209.316,-332.376,1.1149,0.05182,-20.714,-21.451,14.994,0.0,0.737,0.0263,68.39,-0.016033,19.98
219.765,208.686,-331.647,1.1481,0.04821,-20.209,-21.005,15.009,0.0,0.797,-0.0164,67.81,-0.016334,19.44
219.815,208.108,-330.954,1.184,0.0291,-12.763,-18.372,8.907,0.0,5.609,0.321,67.59,-0.016334,20.12
219.861,207.509,-330.208,1.2001,0.02477,-11.332,-15.513,52.661,0.0,4.181,0.1235,67.4,-0.01448,15.2
219.914,206.927,-329.453,1.2162,0.00694,-4.127,-11.514,57.184,0.0,7.386,0.259,67.23,-0.01448,17.9
219.963,206.36,-328.689,1.2161,0.00344,-2.455,-7.859,79.994,0.0,5.404,0.0914,67.07,-0.014263,16.5
220.015,205.84,-327.963,1.2044,0.00151,-0.25,-5.082,73.09,0.0,4.833,0.005,66.93,-0.013595,19.14
220.062,205.3,-327.185,1.2,-0.01324,5.956,-1.345,55.532,0.0,7.301,0.2311,66.79,-0.013595,15.67
220.114,204.772,-326.401,1.1793,-0.01043,5.52,1.644,74.746,0.0,3.877,0.0259,66.68,-0.015547,16.83
220.161,204.254,-325.612,1.1646,-0.02067,9.965,4.803,59.776,0.0,5.161,0.1282,66.57,-0.015547,13.43
220.213,203.744,-324.82,1.144,-0.01208,8.192,6.659,63.189,0.0,1.533,-0.0717,66.46,-0.016076,14.81
220.267,203.239,-324.026,1.1226,0.00022,5.258,6.545,37.124,0.0,-1.288,-0.2103,66.36,-0.013525,18.67
220.318,202.738,-323.231,1.1214,-0.00243,6.371,6.587,-2.278,0.0,-0.216,0.0177,66.28,-0.013525,19.58
220.364,202.269,-322.482,1.1155,0.01518,0.76,4.535,0.825,0.0,-3.775,-0.2907,66.3,-0.011631,15.95
220.418,201.74,-321.639,1.1149,0.03695,-9.215,-0.344,-41.024,0.0,-8.871,-0.4665,66.33,-0.00818,18.93
220.467,201.3,-320.937,1.1456,0.03668,-9.415,-4.025,-97.591,0.0,-5.39,-0.003,66.36,-0.00818,18.31
220.517,200.801,-320.14,1.1675,0.05916,-19.247,-8.588,-73.628,0.0,-10.659,-0.2515,66.39,-0.011511,18.07
220.564,200.303,-319.341,1.2222,0.05675,-18.805,-11.887,-91.245,0.0,-6.917,0.017,66.43,-0.011511,15.02
220.616,199.837,-318.588,1.2656,0.07484,-24.914,-16.145,-65.993,0.0,-8.769,-0.249,66.45,-0.010624,17.16
220.668,199.317,-317.737,1.3375,0.06836,-22.96,-18.777,-85.161,0.0,-4.183,0.0785,66.47,-0.010624,18.49
220.717,198.889,-317.025,1.3927,0.08282,-29.956,-22.217,-52.622,0.0,-7.739,-0.2048,66.47,-0.011057,17.58
220.768,198.382,-316.167,1.4589,0.09706,-36.232,-27.549,-68.809,0.0,-8.683,-0.3842,66.47,-0.010182,17.94
220.824,197.941,-315.398,1.54,0.08435,-31.8,-30.022,-106.634,0.0,-1.778,0.213,66.47,-0.010182,23.67
220.868,197.483,-314.576,1.608,0.09427,-38.975,-32.774,-49.469,0.0,-6.201,-0.1252,66.44,-0.009321,17.69
220.92,197.012,-313.698,1.6948,0.07892,-33.518,-33.334,-55.029,0.0,-0.183,0.2098,66.41,-0.009321,19.19
220.972,196.607,-312.911,1.7585,0.08607,-37.492,-34.514,-11.214,0.0,-2.978,-0.106,66.37,-0.008858,21.07
221.022,196.167,-312.018,1.8237,0.08922,-40.381,-35.917,-23.59,0.0,-4.464,-0.0724,66.31,-0.009239,20.49
221.072,195.816,-311.267,1.8899,0.06941,-32.86,-34.407,-28.066,0.0,1.547,0.3578,66.25,-0.009239,19.67
221.121,195.434,-310.411,1.9405,0.07025,-31.402,-32.641,30.2,0.0,1.239,0.0884,66.17,-0.008821,18.01
221.171,195.05,-309.496,2.0009,0.05048,-23.8,-29.348,35.313,0.0,5.548,0.2749,66.11,-0.008821,17.57
221.221,194.746,-308.728,2.0337,0.05032,-23.487,-27.593,65.858,0.0,4.106,-0.0997,66.04,-0.008026,17.62
221.272,194.4,-307.801,2.0604,0.05283,-28.038,-28.393,35.106,0.0,0.354,-0.2954,65.97,-0.008626,18.3
221.325,194.075,-306.867,2.1022,0.03166,-19.612,-26.553,-15.988,0.0,6.941,0.3406,65.9,-0.008626,20.91
221.373,193.82,-306.084,2.1116,0.0354,-23.691,-25.962,36.795,0.0,2.272,-0.1102,65.83,-0.008002,18.84
221.423,193.535,-305.139,2.1358,0.01364,-14.791,-23.33,11.807,0.0,8.539,0.3057,65.76,-0.008002,18.43
221.47,193.315,-304.347,2.137,0.01242,-18.601,-20.403,52.644,0.0,1.803,0.133,65.69,-0.007374,15.27
221.52,193.07,-303.393,2.1289,0.00896,-12.957,-17.912,58.538,0.0,4.954,0.0414,65.63,-0.007589,15.19
221.576,192.882,-302.595,2.1294,-0.01103,-4.485,-13.63,49.83,0.0,9.145,0.3369,65.58,-0.007589,19.76
221.621,192.664,-301.58,2.1056,-0.01659,-2.973,-9.459,85.632,0.0,6.486,0.134,65.55,-0.007336,15.08
221.673,192.486,-300.669,2.0818,-0.03335,4.431,-4.524,83.42,0.0,8.955,0.2523,65.52,-0.007336,17.01
221.724,192.341,-299.863,2.0465,-0.03049,4.132,-1.478,98.698,0.0,5.61,-0.0914,65.52,-0.007201,18.26
221.773,192.189,-298.948,2.0012,-0.02646,1.831,-0.68,60.926,0.0,2.51,-0.2075,65.53,-0.006832,16.22
221.826,192.046,-298.03,1.9726,-0.03616,6.286,1.078,15.967,0.0,5.208,0.1619,65.54,-0.006832,19.06
221.876,191.905,-297.057,1.9258,-0.02767,2.127,1.593,35.161,0.0,0.533,-0.1122,65.57,-0.006313,18.85
221.927,191.786,-296.191,1.8986,-0.03428,5.254,2.55,10.302,0.0,2.704,0.0797,65.6,-0.006313,19.14
221.977,191.664,-295.269,1.8623,-0.02345,0.477,2.137,19.138,0.0,-1.66,-0.1579,65.64,-0.006302,19.2
222.025,191.546,-294.346,1.8286,-0.01203,-3.529,-0.033,-8.263,0.0,-3.496,-0.2597,65.68,-0.00576,16.75
222.076,191.436,-293.477,1.8173,-0.01409,-2.511,-1.359,-43.401,0.0,-1.152,0.0421,65.72,-0.00576,17.37
222.13,191.322,-292.553,1.7966,-0.00263,-7.65,-3.538,-26.523,0.0,-4.112,-0.1654,65.78,-0.00471,20.2
222.175,191.215,-291.682,1.7937,-0.0045,-6.798,-5.038,-43.588,0.0,-1.76,0.0188,65.83,-0.00471,15.1
222.228,191.098,-290.701,1.7857,0.00716,-12.617,-7.309,-29.995,0.0,-5.308,-0.1601,65.89,-0.00337,17.54
222.278,190.996,-289.828,1.7908,0.00403,-11.316,-8.688,-45.424,0.0,-2.628,0.0454,65.94,-0.00337,17.81
222.325,190.884,-288.845,1.7944,0.0133,-14.512,-10.699,-27.567,0.0,-3.813,-0.1365,66.0,-0.001855,14.43
222.379,190.79,-287.969,1.7976,0.02028,-18.24,-13.503,-40.228,0.0,-4.737,-0.1809,66.05,-0.000275,17.88
222.428,190.705,-287.148,1.8122,0.01361,-15.553,-14.617,-56.076,0.0,-0.936,0.1381,66.1,-0.000275,17.06
222.479,190.61,-286.16,1.8195,0.01861,-18.502,-15.63,-22.277,0.0,-2.872,-0.0248,66.14,0.000541,16.99
222.531,190.524,-285.172,1.8341,0.01017,-15.076,-15.425,-20.267,0.0,0.35,0.1347,66.17,0.000541,19.01
222.581,190.456,-284.292,1.8398,0.01267,-15.91,-15.423,4.097,0.0,-0.488,-0.0211,66.21,0.001321,17.68
222.63,190.389,-283.3,1.8421,0.01393,-16.753,-15.878,0.048,0.0,-0.875,-0.0637,66.26,0.002518,17.17
222.681,190.341,-282.473,1.8495,0.00345,-12.387,-14.85,-9.095,0.0,2.463,0.1911,66.3,0.002518,17.15
222.732,190.295,-281.479,1.8462,0.00407,-12.757,-13.971,20.547,0.0,1.214,0.0151,66.34,0.00339,18.14
222.779,190.261,-280.54,1.8369,0.00519,-13.568,-13.894,17.578,0.0,0.326,-0.0812,66.39,0.004699,14.91
222.837,190.238,-279.655,1.8369,-0.0054,-9.079,-12.546,1.552,0.0,3.468,0.18,66.43,0.004699,22.51
222.882,190.223,-278.713,1.8218,-0.00532,-9.579,-11.267,26.946,0.0,1.688,0.0376,66.47,0.006311,18.29
222.934,190.218,-277.771,1.8121,-0.01575,-5.062,-9.137,25.592,0.0,4.075,0.1633,66.51,0.006311,19.47
222.981,190.223,-276.884,1.7923,-0.01468,-5.293,-7.72,42.59,0.0,2.427,-0.0251,66.56,0.007362,16.08
223.034,190.236,-275.941,1.7744,-0.02369,-1.286,-5.74,28.344,0.0,4.454,0.128,66.62,0.007362,18.83
223.084,190.259,-274.941,1.7485,-0.02212,-2.317,-4.644,39.6,0.0,2.327,-0.0543,66.69,0.008571,18.6
223.131,190.285,-274.108,1.7227,-0.0197,-4.34,-4.908,21.922,0.0,0.568,-0.1516,66.75,0.008685,15.67
223.186,190.32,-273.162,1.7016,-0.02618,-1.371,-4.298,-5.278,0.0,2.927,0.1128,66.81,0.008685,19.28
223.234,190.361,-272.216,1.6734,-0.02318,-3.969,-4.42,12.2,0.0,0.451,-0.0809,66.87,0.008668,17.28
223.289,190.404,-271.325,1.6452,-0.02159,-6.186,-5.5,-2.436,0.0,-0.686,-0.1381,66.95,0.008918,22.21
223.337,190.455,-270.378,1.6226,-0.02692,-3.691,-5.532,-21.607,0.0,1.841,0.1087,67.02,0.008918,19.68
223.383,190.512,-269.43,1.5931,-0.02689,-5.325,-5.512,-0.64,0.0,0.187,0.0061,67.08,0.008902,15.64
223.436,190.573,-268.481,1.5655,-0.03165,-3.029,-4.894,0.398,0.0,1.865,0.0842,67.14,0.008902,18.68
223.483,190.643,-267.476,1.5314,-0.0333,-2.967,-4.337,12.362,0.0,1.37,0.013,67.21,0.008598,15.03
223.538,190.713,-266.525,1.4974,-0.03693,-2.043,-3.852,11.135,0.0,1.81,0.0094,67.29,0.008678,19.59
223.586,190.778,-265.686,1.4648,-0.04064,-0.134,-2.917,9.699,0.0,2.783,0.0798,67.37,0.008678,16.88
223.635,190.859,-264.678,1.4224,-0.04458,0.488,-1.892,18.703,0.0,2.379,0.0453,67.45,0.007917,15.32
223.688,190.939,-263.726,1.38,-0.0491,1.747,-0.966,20.512,0.0,2.714,0.0218,67.52,0.0089,18.45
223.737,191.017,-262.828,1.3348,-0.05129,3.142,0.075,18.506,0.0,3.068,0.0484,67.59,0.0089,16.74
223.784,191.101,-261.874,1.2865,-0.05669,4.278,1.101,20.817,0.0,3.177,0.0343,67.67,0.008278,13.35
223.835,191.181,-260.975,1.2349,-0.05756,5.183,2.069,20.531,0.0,3.114,0.0277,67.76,0.008278,13.72
223.887,191.272,-259.962,1.1763,-0.06294,6.036,3.105,19.363,0.0,2.931,0.0432,67.83,0.007782,16.16
223.936,191.353,-259.061,1.1238,-0.0694,7.958,4.414,20.711,0.0,3.544,0.0744,67.9,0.007985,14.59
223.984,191.443,-258.045,1.0538,-0.068,8.101,5.394,26.188,0.0,2.707,-0.0003,67.97,0.007985,11.88
224.041,191.522,-257.142,0.9949,-0.07524,10.204,6.928,19.602,0.0,3.275,0.1115,68.06,0.007378,18.84
224.091,191.607,-256.124,0.9272,-0.08309,13.991,9.372,30.679,0.0,4.619,0.1805,68.15,0.008146,18.49
224.141,191.68,-255.218,0.8535,-0.07898,13.044,10.838,48.868,0.0,2.205,-0.0511,68.23,0.008146,18.12
224.192,191.749,-254.31,0.789,-0.08649,16.81,12.637,29.33,0.0,4.173,0.0975,68.31,0.009416,18.33
224.241,191.82,-253.287,0.7037,-0.07997,14.986,13.473,35.97,0.0,1.512,-0.0715,68.39,0.009416,17.94
224.293,191.876,-252.376,0.6336,-0.08573,17.743,14.75,16.737,0.0,2.994,0.0906,68.47,0.009943,19.58
224.35,191.926,-251.465,0.5664,-0.09116,20.665,16.851,25.527,0.0,3.814,0.1597,68.53,0.00838,26.49
224.392,191.971,-250.494,0.4821,-0.08188,17.7,17.434,42.019,0.0,0.266,-0.1386,68.6,0.00838,17.89
224.442,192.007,-249.523,0.4091,-0.08491,20.048,18.084,11.662,0.0,1.965,0.0297,68.66,0.008379,17.84
224.49,192.032,-248.55,0.3404,-0.08742,21.655,19.432,12.994,0.0,2.223,0.1202,68.73,0.007647,14.79
224.544,192.045,-247.633,0.2651,-0.07554,17.535,19.157,26.963,0.0,-1.622,-0.1795,68.8,0.007647,18.43
224.595,192.048,-246.601,0.1959,-0.07678,19.676,18.773,-5.487,0.0,0.903,-0.0249,68.86,0.008513,19.27
224.644,192.039,-245.682,0.1313,-0.06373,14.982,17.205,-7.678,0.0,-2.223,-0.1788,68.91,0.008513,17.2
224.692,192.016,-244.706,0.0734,-0.06367,14.316,16.13,-31.372,0.0,-1.814,0.0141,68.95,0.009252,15.63
224.74,191.979,-243.672,0.0183,-0.06294,15.333,15.948,-21.502,0.0,-0.615,0.0873,69.0,0.009712,12.79
224.8,191.934,-242.753,-0.0336,-0.04966,10.413,14.363,-3.628,0.0,-3.95,-0.2023,69.06,0.009712,23.07
224.85,191.877,-241.833,-0.0737,-0.05117,12.036,13.314,-31.702,0.0,-1.279,0.0195,69.12,0.008548,22.17
224.9,191.8,-240.799,-0.1136,-0.05141,12.274,13.067,-20.978,0.0,-0.793,0.0753,69.17,0.008427,21.33
224.949,191.715,-239.822,-0.1576,-0.03923,7.734,11.535,-4.947,0.0,-3.801,-0.188,69.23,0.008427,20.95
224.997,191.624,-238.903,-0.1864,-0.0392,8.75,9.969,-30.639,0.0,-1.219,-0.0583,69.29,0.009287,18.01
225.046,191.523,-237.985,-0.2179,-0.02807,4.516,7.715,-31.327,0.0,-3.199,-0.1506,69.36,0.009287,16.6
225.099,191.405,-237.008,-0.2439,-0.03112,5.055,6.13,-45.066,0.0,-1.075,0.0146,69.43,0.008921,19.59
225.146,191.278,-236.033,-0.2662,-0.03348,4.653,5.635,-31.714,0.0,-0.982,0.097,69.5,0.010371,15.73
225.219,191.151,-235.114,-0.294,-0.02564,1.732,4.498,-9.893,0.0,-2.766,-0.1069,69.57,0.010371,39.22
225.272,190.991,-234.023,-0.3199,-0.03024,3.188,4.291,-22.735,0.0,-1.103,0.0901,69.66,0.011037,36.12
225.316,190.85,-233.105,-0.339,-0.03806,8.466,5.843,-4.151,0.0,2.623,0.2385,69.76,0.009502,29.35
225.357,190.675,-232.013,-0.378,-0.0321,6.413,6.479,31.048,0.0,-0.066,-0.0737,69.86,0.009502,20.25
225.409,190.522,-231.094,-0.4056,-0.04121,10.358,7.755,12.727,0.0,2.603,0.1115,69.94,0.008917,22.1
225.453,190.363,-230.174,-0.4342,-0.04835,14.406,9.746,25.515,0.0,4.659,0.1444,70.03,0.010068,16.25
225.504,190.188,-229.197,-0.4791,-0.04151,12.06,10.402,39.822,0.0,1.657,-0.1169,70.13,0.010068,16.81
225.557,190.006,-228.22,-0.5157,-0.0471,13.571,10.974,13.122,0.0,2.597,0.0112,70.23,0.010015,19.41
225.607,189.828,-227.3,-0.5489,-0.05126,14.622,12.166,11.44,0.0,2.456,0.1065,70.33,0.009641,18.87
225.656,189.631,-226.323,-0.5966,-0.04356,11.967,12.261,23.829,0.0,-0.294,-0.1114,70.41,0.009641,17.59
225.711,189.414,-225.289,-0.6359,-0.04812,13.592,12.861,1.911,0.0,0.732,0.0737,70.49,0.009243,22.92
225.755,189.199,-224.313,-0.6695,-0.05357,17.514,14.38,11.984,0.0,3.134,0.1495,70.57,0.009582,15.86
225.808,189.003,-223.452,-0.7128,-0.04388,14.018,14.411,30.396,0.0,-0.393,-0.1549,70.67,0.009582,19.2
225.871,188.757,-222.42,-0.7505,-0.04828,16.266,14.632,0.61,0.0,1.634,0.0277,70.75,0.008916,31.15
225.905,188.528,-221.505,-0.7917,-0.0385,12.726,13.888,4.422,0.0,-1.162,-0.127,70.82,0.008916,14.67
225.96,188.275,-220.533,-0.827,-0.04096,12.962,13.311,-14.878,0.0,-0.348,-0.0027,70.9,0.009816,19.65
226.008,188.011,-219.563,-0.8581,-0.04332,14.628,13.168,-11.547,0.0,1.46,0.0405,70.98,0.00966,17.3
226.063,187.754,-218.652,-0.8947,-0.03282,10.758,11.886,-2.864,0.0,-1.128,-0.164,71.08,0.00966,22.36
226.115,187.47,-217.685,-0.9241,-0.03718,10.954,11.308,-25.636,0.0,-0.354,0.0536,71.16,0.009539,24.03
226.158,187.158,-216.664,-0.9525,-0.04064,11.755,11.989,-11.552,0.0,-0.235,0.1556,71.24,0.00964,16.87
226.21,186.872,-215.758,-0.9863,-0.03052,8.023,11.42,13.622,0.0,-3.397,-0.1509,71.32,0.00964,18.77
226.262,186.557,-214.797,-1.0123,-0.03585,12.263,11.466,-11.392,0.0,0.797,0.0661,71.4,0.009126,20.14
226.307,186.252,-213.895,-1.0319,-0.04304,15.999,12.662,0.922,0.0,3.337,0.1622,71.48,0.009392,15.59
226.359,185.898,-212.882,-1.0726,-0.03253,12.182,12.403,23.929,0.0,-0.221,-0.1615,71.56,0.009392,16.97
226.412,185.573,-211.984,-1.0969,-0.03608,12.373,12.198,-5.183,0.0,0.175,-0.0014,71.63,0.009014,19.84
226.458,185.217,-211.033,-1.1202,-0.03922,13.878,12.84,-4.093,0.0,1.037,0.111,71.7,0.009111,15.22
226.515,184.874,-210.141,-1.1533,-0.02921,10.199,12.262,12.835,0.0,-2.063,-0.1479,71.77,0.009111,21.45
226.563,184.476,-209.14,-1.177,-0.03435,12.893,12.298,-11.555,0.0,0.595,0.0655,71.86,0.00875,19.71
226.608,184.113,-208.252,-1.1939,-0.0399,15.704,13.459,0.71,0.0,2.245,0.1584,71.94,0.008714,14.17
226.66,183.741,-207.367,-1.2279,-0.02963,11.942,13.188,23.221,0.0,-1.246,-0.1595,72.01,0.008714,16.81
226.714,183.336,-206.431,-1.2491,-0.03451,13.617,13.15,-5.425,0.0,0.467,0.0232,72.08,0.00825,20.23
226.762,182.946,-205.552,-1.2778,-0.02397,9.703,12.113,-0.746,0.0,-2.41,-0.1409,72.16,0.00825,17.57
226.812,182.496,-204.567,-1.3018,-0.02753,12.128,11.647,-20.743,0.0,0.481,0.0435,72.23,0.007923,16.81
226.864,182.034,-203.586,-1.3226,-0.03167,12.81,12.085,-9.33,0.0,0.725,0.11,72.31,0.007154,18.8
226.912,181.641,-202.771,-1.347,-0.02213,9.255,11.351,8.762,0.0,-2.096,-0.1484,72.38,0.007154,17.14
226.959,181.16,-201.797,-1.3685,-0.02563,10.997,11.006,-14.683,0.0,-0.009,0.0288,72.46,0.007247,14.0
227.014,180.723,-200.935,-1.3831,-0.03066,13.227,11.754,-6.89,0.0,1.473,0.1404,72.54,0.006441,18.08
227.063,180.221,-199.969,-1.4111,-0.02074,9.564,11.259,14.948,0.0,-1.695,-0.1473,72.62,0.006441,16.9
227.113,179.794,-199.167,-1.427,-0.02633,11.753,11.282,-9.892,0.0,0.47,0.055,72.69,0.005513,16.44
227.162,179.273,-198.209,-1.4455,-0.03086,14.301,12.269,0.466,0.0,2.033,0.1353,72.77,0.005165,15.56
227.214,178.801,-197.361,-1.4707,-0.02109,10.68,11.904,19.728,0.0,-1.224,-0.1542,72.85,0.005165,17.12
227.266,178.259,-196.411,-1.491,-0.02558,12.258,11.859,-7.296,0.0,0.399,0.0319,72.93,0.00363,18.8
227.314,177.769,-195.57,-1.5059,-0.02961,14.405,12.701,-0.896,0.0,1.705,0.1222,73.01,0.002566,16.75
227.364,177.271,-194.733,-1.5305,-0.0202,10.927,12.295,16.829,0.0,-1.368,-0.1448,73.09,0.002566,16.65
227.418,176.732,-193.848,-1.5476,-0.02423,12.508,12.215,-8.114,0.0,0.293,0.0313,73.16,0.002831,20.19
227.465,176.216,-193.02,-1.5601,-0.02792,14.475,12.995,-1.596,0.0,1.481,0.1172,73.24,0.001511,16.59
227.518,175.626,-192.093,-1.5859,-0.0176,10.659,12.432,15.594,0.0,-1.772,-0.1603,73.32,0.001511,18.77
227.569,175.092,-191.273,-1.5994,-0.02155,12.335,12.296,-11.263,0.0,0.039,0.0401,73.39,0.000728,19.66
227.615,174.481,-190.356,-1.6128,-0.0246,14.185,13.092,-2.702,0.0,1.093,0.1252,73.48,2.9e-05,15.35
227.668,173.964,-189.597,-1.6309,-0.01415,10.257,12.504,15.913,0.0,-2.247,-0.1654,73.56,2.9e-05,18.33
227.719,173.334,-188.691,-1.643,-0.01711,11.892,12.208,-11.762,0.0,-0.316,0.0203,73.64,-0.00039,19.01
227.766,172.729,-187.84,-1.651,-0.01946,13.79,12.755,-5.92,0.0,1.035,0.1073,73.72,-0.000359,16.05
227.819,172.151,-187.044,-1.6656,-0.00965,10.094,12.074,10.935,0.0,-1.979,-0.1524,73.8,-0.000359,18.61
227.87,171.49,-186.155,-1.6722,-0.01137,10.675,11.656,-13.625,0.0,-0.982,0.0131,73.88,-0.001032,18.49
227.917,170.894,-185.37,-1.674,-0.01181,11.83,11.926,-8.341,0.0,-0.096,0.0813,73.95,-0.001253,15.13
227.97,170.252,-184.541,-1.6814,-0.00158,7.907,10.955,5.392,0.0,-3.048,-0.1638,74.03,-0.001253,18.04
228.02,169.64,-183.767,-1.6795,-0.0024,9.33,10.419,-19.424,0.0,-1.089,0.0269,74.11,-0.001363,17.04
228.068,168.941,-182.901,-1.6741,-0.00304,9.93,10.781,-10.708,0.0,-0.851,0.1065,74.2,-0.001879,14.79
228.121,168.312,-182.137,-1.6724,0.00663,6.155,9.941,7.225,0.0,-3.786,-0.1551,74.28,-0.001879,18.35
228.172,167.595,-181.283,-1.6616,0.00761,7.554,9.135,-16.8,0.0,-1.58,-0.0246,74.37,-0.0027,18.99
228.219,166.991,-180.576,-1.6474,0.00864,8.322,8.846,-16.119,0.0,-0.523,0.0441,74.46,-0.002811,15.03
228.27,166.257,-179.733,-1.6335,0.01684,5.014,7.689,-5.777,0.0,-2.676,-0.1312,74.55,-0.002811,16.59
228.322,165.598,-178.988,-1.6136,0.01971,3.382,6.504,-23.132,0.0,-3.121,-0.0445,74.63,-0.003068,17.55
228.379,164.933,-178.248,-1.5892,0.02353,3.309,5.656,-23.716,0.0,-2.346,0.0058,74.73,-0.003697,24.71
228.418,164.219,-177.465,-1.5611,0.03076,0.262,4.177,-16.96,0.0,-3.915,-0.1177,74.82,-0.003697,13.78
228.47,163.456,-176.641,-1.5247,0.03243,0.251,2.931,-29.572,0.0,-2.68,-0.0191,74.91,-0.004449,15.56
228.521,162.773,-175.911,-1.489,0.0357,-0.471,1.861,-24.915,0.0,-2.332,-0.019,75.0,-0.004466,15.76
228.571,162.0,-175.093,-1.4453,0.03923,-1.703,0.721,-21.405,0.0,-2.424,-0.0471,75.1,-0.00494,15.68
228.62,161.352,-174.413,-1.4067,0.04296,-3.48,-0.662,-22.801,0.0,-2.818,-0.0737,75.2,-0.00494,13.95
228.671,160.57,-173.599,-1.3568,0.04535,-4.885,-1.963,-27.657,0.0,-2.922,-0.0368,75.3,-0.004998,15.33
228.725,159.873,-172.875,-1.3107,0.04753,-5.295,-3.077,-26.02,0.0,-2.218,-0.0194,75.4,-0.005668,18.74
228.767,159.174,-172.151,-1.2626,0.048,-5.904,-3.998,-22.288,0.0,-1.906,-0.0118,75.51,-0.005668,11.04
228.822,158.387,-171.336,-1.2084,0.04799,-6.107,-4.644,-18.409,0.0,-1.463,0.0061,75.61,-0.006027,15.07
228.873,157.687,-170.609,-1.1613,0.04833,-6.515,-5.019,-12.926,0.0,-1.497,0.0154,75.71,-0.006714,16.37
228.92,156.944,-169.835,-1.1105,0.04629,-6.188,-5.148,-7.492,0.0,-1.04,0.0212,75.81,-0.006714,12.43
228.975,156.245,-169.104,-1.0646,0.04556,-5.674,-5.069,-2.584,0.0,-0.605,0.0246,75.91,-0.006529,17.57
229.021,155.46,-168.278,-1.0148,0.04464,-4.744,-4.891,1.586,0.0,0.147,0.0164,76.01,-0.007331,12.73
229.071,154.763,-167.541,-0.9709,0.04143,-3.911,-4.512,3.543,0.0,0.601,0.0345,76.11,-0.007331,12.37
229.124,154.025,-166.755,-0.927,0.04109,-4.027,-4.172,7.596,0.0,0.145,0.0077,76.21,-0.007902,15.48
229.175,153.245,-165.918,-0.8824,0.04175,-4.345,-3.951,6.796,0.0,-0.394,-0.0047,76.31,-0.010249,15.3
229.228,152.553,-165.171,-0.8445,0.04243,-4.147,-3.814,4.419,0.0,-0.333,-0.0041,76.42,-0.010227,18.57
229.278,151.82,-164.373,-0.8004,0.03868,-3.113,-3.393,2.734,0.0,0.281,0.0445,76.52,-0.010227,17.65
229.328,151.089,-163.572,-0.7603,0.0395,-2.835,-3.089,8.421,0.0,0.254,-0.0017,76.61,-0.012382,17.55
229.381,150.403,-162.814,-0.7241,0.04176,-3.973,-3.256,6.077,0.0,-0.717,-0.0551,76.7,-0.001947,20.37
229.424,149.676,-162.005,-0.6804,0.03834,-3.057,-3.157,-3.338,0.0,0.099,0.0314,76.8,-0.001947,13.48
229.478,148.951,-161.193,-0.6391,0.04176,-4.105,-3.335,1.994,0.0,-0.771,-0.0353,76.9,-0.007146,17.29
229.528,148.227,-160.378,-0.597,0.04544,-5.767,-3.954,-3.559,0.0,-1.813,-0.0679,77.0,-0.006842,16.16
229.577,147.548,-159.607,-0.5577,0.04994,-6.951,-4.843,-12.394,0.0,-2.108,-0.0593,77.1,-0.009942,15.35
229.626,146.827,-158.785,-0.5049,0.04639,-6.06,-5.156,-17.784,0.0,-0.904,0.0495,77.2,-0.009942,13.29
229.679,146.109,-157.959,-0.4568,0.05006,-7.386,-5.692,-6.244,0.0,-1.694,-0.0422,77.3,-0.011366,16.53
229.728,145.394,-157.129,-0.4083,0.05471,-8.67,-6.7,-10.722,0.0,-1.97,-0.0847,77.39,-0.011002,15.55
229.776,144.764,-156.394,-0.3571,0.05056,-7.543,-7.09,-20.17,0.0,-0.453,0.0512,77.48,-0.011002,12.94
229.835,144.012,-155.507,-0.2999,0.05485,-9.838,-7.671,-7.793,0.0,-2.167,-0.0403,77.58,-0.002572,21.3
229.891,143.306,-154.664,-0.2457,0.05993,-11.175,-8.362,-11.621,0.0,-2.813,-0.0357,77.67,0.002218,27.34
229.93,142.602,-153.817,-0.1826,0.05438,-9.623,-8.327,-13.831,0.0,-1.296,0.0773,77.76,0.002218,16.77
229.982,141.945,-153.015,-0.1265,0.05862,-10.946,-8.191,0.706,0.0,-2.755,0.0153,77.85,-0.007052,17.63
230.031,141.25,-152.158,-0.0667,0.06352,-10.339,-8.805,2.728,0.0,-1.534,-0.1,77.93,-0.009472,17.3
230.082,140.56,-151.295,-0.0064,0.06919,-12.948,-10.824,-12.284,0.0,-2.124,-0.2175,78.02,-0.004646,17.19
230.131,139.834,-150.376,0.0706,0.06222,-10.984,-11.753,-40.372,0.0,0.769,0.0816,78.11,-0.004646,15.93
230.184,139.235,-149.604,0.1287,0.07032,-11.77,-13.969,-18.585,0.0,2.199,-0.2121,78.2,-0.006841,19.21
230.236,138.561,-148.724,0.1966,0.07753,-27.884,-17.448,-44.316,0.0,-10.436,-0.2537,78.27,-0.006935,20.74
230.284,137.895,-147.837,0.2779,0.06863,-25.266,-19.05,-69.581,0.0,-6.216,0.1406,78.3,-0.006935,18.59
230.335,137.275,-146.996,0.3491,0.07596,-22.069,-19.512,-32.041,0.0,-2.557,0.1032,78.44,-0.006333,18.78
230.391,136.589,-146.04,0.4319,0.0678,-20.112,-18.259,-9.241,0.0,-1.853,0.2233,78.48,-0.006278,24.74
230.436,135.952,-145.129,0.4945,0.06663,-16.355,-16.97,25.06,0.0,0.615,0.0488,78.51,-0.006015,19.96
230.487,135.362,-144.264,0.5576,0.05389,-12.168,-14.982,25.781,0.0,2.814,0.1425,78.57,-0.006015,19.79
230.538,134.746,-143.336,0.6117,0.0511,-9.805,-14.407,39.753,0.0,4.602,-0.1279,78.62,-0.006228,20.27
230.587,134.177,-142.455,0.654,0.05415,-11.718,-16.394,11.5,0.0,4.676,-0.3376,78.65,-0.00619,18.95
230.63,133.548,-141.457,0.6994,0.06068,-24.906,-19.738,-39.737,0.0,-5.168,-0.2588,78.69,-0.005985,12.38
230.687,132.966,-140.505,0.7591,0.04703,-20.365,-20.473,-66.873,0.0,0.108,0.2474,78.75,-0.005985,18.94
230.737,132.43,-139.602,0.8002,0.05153,-28.259,-19.975,-14.713,0.0,-8.285,0.1466,78.82,-0.005747,18.11
230.786,131.839,-138.578,0.8511,0.04176,-13.611,-17.55,9.971,0.0,3.939,0.2863,78.84,-0.005621,17.27
230.834,131.358,-137.718,0.886,0.029,-9.201,-14.248,48.494,0.0,5.047,0.2072,78.88,-0.005621,15.55
230.886,130.794,-136.677,0.9113,0.01169,-0.037,-10.314,66.045,0.0,10.277,0.2035,78.94,-0.005314,16.97
230.935,130.305,-135.745,0.9138,0.00985,-5.344,-7.709,78.68,0.0,2.365,-0.0483,79.0,-0.005151,15.24
230.983,129.767,-134.688,0.9096,0.01246,-3.54,-6.374,52.098,0.0,2.835,-0.0864,79.06,-0.00474,13.54
231.037,129.328,-133.802,0.9167,0.00201,0.249,-4.339,26.692,0.0,4.588,0.1444,79.13,-0.00474,17.49
231.087,128.869,-132.852,0.913,-0.00127,1.61,-2.335,40.708,0.0,3.946,0.0666,79.19,-0.004347,16.95
231.132,128.362,-131.777,0.9017,2e-05,0.495,-1.307,40.074,0.0,1.801,-0.0662,79.26,-0.003897,12.04
231.185,127.892,-130.756,0.8973,-0.00809,3.51,0.156,20.567,0.0,3.354,0.0965,79.34,-0.003897,14.74
231.238,127.457,-129.792,0.8872,-0.00383,1.978,0.88,29.251,0.0,1.098,-0.052,79.43,-0.003866,17.44
231.287,126.973,-128.702,0.8773,0.0006,0.125,0.653,14.496,0.0,-0.528,-0.1077,79.52,-0.00427,15.96
231.337,126.574,-127.791,0.8692,0.00583,-1.445,-0.195,-4.548,0.0,-1.25,-0.0945,79.6,-0.00432,15.11
231.391,126.098,-126.695,0.8743,0.00247,-0.243,-0.382,-16.954,0.0,0.139,0.0626,79.7,-0.00432,19.32
231.439,125.677,-125.719,0.8759,0.00913,-2.713,-1.123,-3.745,0.0,-1.59,-0.0839,79.8,-0.004832,16.92
231.49,125.232,-124.679,0.8817,0.01657,-5.702,-2.795,-14.823,0.0,-2.906,-0.1559,79.91,-0.004554,17.18
231.537,124.788,-123.636,0.8922,0.024,-8.756,-5.017,-33.442,0.0,-3.74,-0.1351,80.02,-0.004769,14.56
231.589,124.32,-122.53,0.9196,0.02138,-8.002,-6.265,-44.433,0.0,-1.737,0.0583,80.12,-0.004769,15.73
231.638,123.932,-121.606,0.9386,0.02756,-10.529,-7.674,-24.97,0.0,-2.855,-0.0659,80.21,-0.004719,15.04
231.689,123.496,-120.556,0.9634,0.03261,-12.91,-9.554,-28.167,0.0,-3.357,-0.115,80.3,-0.005129,15.31
231.74,123.038,-119.442,1.0,0.02789,-11.465,-10.44,-37.603,0.0,-1.025,0.0732,80.4,-0.005129,16.63
231.789,122.661,-118.509,1.0266,0.03094,-12.956,-11.322,-17.719,0.0,-1.634,-0.0303,80.48,-0.005529,15.6
231.836,122.238,-117.45,1.0566,0.03323,-14.509,-12.559,-17.636,0.0,-1.95,-0.0805,80.56,-0.005241,11.65
231.892,121.799,-116.323,1.0879,0.03384,-15.439,-13.734,-24.751,0.0,-1.706,-0.0344,80.64,-0.005786,17.63
231.941,121.415,-115.318,1.1201,0.02587,-12.796,-13.615,-23.488,0.0,0.819,0.1395,80.73,-0.005786,16.63
231.988,121.016,-114.246,1.1458,0.02442,-13.01,-13.181,2.367,0.0,0.171,0.0482,80.81,-0.005451,13.71
232.037,120.648,-113.232,1.1655,0.02264,-12.54,-12.752,8.685,0.0,0.211,0.0145,80.89,-0.006147,12.27
232.089,120.267,-112.151,1.1821,0.01925,-10.934,-12.047,8.588,0.0,1.113,0.0534,80.96,-0.005678,13.63
232.141,119.874,-111.001,1.1996,0.00966,-7.604,-10.44,14.088,0.0,2.835,0.1507,81.04,-0.005678,15.94
232.187,119.555,-110.039,1.2044,0.00595,-6.228,-8.71,32.15,0.0,2.482,0.0732,81.11,-0.004803,10.72
232.241,119.183,-108.881,1.2041,0.00349,-4.69,-7.316,34.595,0.0,2.627,0.0134,81.19,-0.004808,14.83
232.29,118.841,-107.782,1.2033,-0.00487,-1.669,-5.49,27.868,0.0,3.821,0.1092,81.28,-0.004808,13.21
232.344,118.528,-106.744,1.1953,-0.00648,-1.356,-3.896,36.537,0.0,2.539,0.0312,81.37,-0.004367,17.33
232.39,118.184,-105.572,1.1822,-0.00646,-0.982,-2.82,31.876,0.0,1.837,-0.0166,81.45,-0.004113,12.8
232.449,117.904,-104.592,1.1683,-0.00665,-0.854,-2.022,21.524,0.0,1.168,-0.0013,81.53,-0.003779,21.49
232.496,117.576,-103.414,1.1566,-0.01263,1.388,-0.749,15.95,0.0,2.136,0.0943,81.62,-0.003779,18.09
232.549,117.29,-102.363,1.1414,-0.01092,1.414,0.2,25.47,0.0,1.214,-0.0009,81.71,-0.003225,20.37
232.599,116.991,-101.244,1.1253,-0.00806,1.026,0.465,18.969,0.0,0.561,-0.0623,81.81,-0.002709,20.15
232.644,116.696,-100.122,1.1099,-0.00363,-0.779,0.131,5.3,0.0,-0.91,-0.0744,81.91,-0.002381,15.3
232.695,116.421,-99.065,1.1046,-0.00635,0.249,0.204,-6.68,0.0,0.045,0.0451,82.01,-0.002381,15.37
232.745,116.115,-97.873,1.0979,0.00031,-1.382,-0.233,1.455,0.0,-1.148,-0.0686,82.11,-0.002475,15.48
232.798,115.827,-96.745,1.0963,0.00677,-4.064,-1.433,-8.74,0.0,-2.631,-0.1217,82.21,-0.002303,17.76
232.844,115.574,-95.748,1.0967,0.01431,-5.864,-3.259,-23.993,0.0,-2.604,-0.1294,82.31,-0.000965,14.09
232.896,115.271,-94.55,1.1136,0.01281,-5.439,-4.387,-36.527,0.0,-1.052,0.0338,82.41,-0.000965,15.22
232.951,114.988,-93.417,1.1291,0.01926,-8.398,-5.886,-22.547,0.0,-2.512,-0.0912,82.52,-6.9e-05,20.56
232.995,114.739,-92.415,1.1444,0.02606,-11.979,-8.039,-29.978,0.0,-3.941,-0.1437,82.62,-0.000799,14.55
233.048,114.444,-91.211,1.1695,0.031,-13.886,-10.292,-43.063,0.0,-3.594,-0.0892,82.69,-0.001489,17.1
233.104,114.186,-90.138,1.2017,0.02656,-12.536,-11.314,-45.072,0.0,-1.223,0.0934,82.79,-0.001489,21.92
233.147,113.917,-88.996,1.2313,0.02881,-14.077,-12.186,-20.425,0.0,-1.891,-0.0148,82.87,-0.001744,14.44
233.201,113.654,-87.851,1.2603,0.03,-15.008,-13.321,-17.444,0.0,-1.687,-0.0672,82.94,-0.001042,18.81
233.246,113.413,-86.771,1.2863,0.03051,-15.787,-14.509,-22.707,0.0,-1.277,-0.047,82.98,-0.001721,14.0
233.297,113.165,-85.622,1.3185,0.02286,-13.322,-14.495,-23.763,0.0,1.173,0.1265,83.02,-0.001721,13.46
233.351,112.925,-84.471,1.3427,0.02003,-13.185,-14.108,0.292,0.0,0.923,0.0524,83.05,-0.002031,17.05
233.402,112.696,-83.317,1.3605,0.0171,-12.923,-13.698,7.731,0.0,0.775,0.0168,83.06,-0.00185,17.88
233.452,112.466,-82.092,1.3737,0.01293,-11.947,-13.054,8.208,0.0,1.107,0.047,83.12,-0.001294,18.14
233.501,112.259,-80.932,1.3826,0.00321,-8.567,-11.483,12.882,0.0,2.916,0.1518,83.22,-0.001294,16.34
233.551,112.074,-79.837,1.3825,-0.00138,-6.82,-9.976,31.412,0.0,3.156,0.0459,83.29,-0.002971,16.9
233.6,111.887,-78.672,1.3754,-0.00636,-5.216,-8.973,30.132,0.0,3.757,-0.0176,83.36,-0.00227,15.19
233.65,111.721,-77.572,1.3611,-0.01177,-4.853,-7.893,20.071,0.0,3.04,0.0457,83.43,-0.003146,15.43
233.702,111.555,-76.401,1.3418,-0.02146,-1.293,-5.93,21.598,0.0,4.637,0.161,83.5,-0.003146,17.55
233.752,111.409,-75.297,1.3138,-0.02731,-0.133,-3.4,39.259,0.0,3.268,0.1477,83.56,-0.006049,16.87
233.803,111.256,-74.053,1.2745,-0.034,3.415,-0.658,50.594,0.0,4.073,0.1181,83.63,-0.004434,17.17
233.855,111.121,-72.875,1.2292,-0.04154,7.256,2.16,54.856,0.0,5.096,0.1061,83.71,8.8e-05,18.94
233.901,111.002,-71.765,1.1792,-0.04753,9.726,4.849,56.343,0.0,4.877,0.0805,83.79,8.8e-05,14.41
233.953,110.888,-70.653,1.1241,-0.05049,11.486,6.976,53.782,0.0,4.51,0.0154,83.89,-0.000479,16.0
234.002,110.77,-69.469,1.0626,-0.05049,11.07,8.677,42.539,0.0,2.393,0.0149,83.98,-0.002596,15.09
234.053,110.654,-68.285,1.0009,-0.04842,11.641,9.771,34.036,0.0,1.87,-0.0255,84.07,-0.002173,15.81
234.106,110.531,-67.029,0.9393,-0.04559,11.49,10.206,21.869,0.0,1.284,-0.0538,84.17,-0.002031,18.3
234.156,110.419,-65.911,0.8895,-0.04297,10.941,10.266,8.694,0.0,0.675,-0.0371,84.27,-0.002031,17.85
234.208,110.296,-64.723,0.8405,-0.03684,8.941,9.665,1.211,0.0,-0.724,-0.0903,84.36,-0.00136,19.64
234.254,110.176,-63.604,0.8009,-0.02906,5.837,8.812,-12.023,0.0,-2.975,-0.0562,84.47,-0.001381,15.66
234.307,110.042,-62.414,0.7673,-0.02116,5.417,7.558,-17.063,0.0,-2.141,-0.0858,84.57,-0.000741,17.92
234.355,109.911,-61.294,0.7462,-0.01562,3.649,6.089,-25.085,0.0,-2.44,-0.0737,84.67,-0.000741,16.02
234.407,109.764,-60.102,0.7305,-0.00827,0.353,4.882,-29.376,0.0,-4.528,-0.0147,84.77,-0.000597,17.45
234.458,109.602,-58.841,0.7229,0.00143,-1.861,3.552,-24.142,0.0,-5.412,-0.0593,84.86,-0.000646,18.45
234.51,109.442,-57.648,0.7267,0.01007,-1.275,0.674,-26.598,0.0,-1.948,-0.2626,84.96,-0.000449,20.4
234.559,109.276,-56.455,0.7385,0.01938,-6.561,-3.793,-57.561,0.0,-2.768,-0.3223,85.07,-0.000888,18.84
234.607,109.115,-55.332,0.7622,0.02203,-7.634,-7.286,-89.342,0.0,-0.348,-0.0199,85.17,-0.000888,16.58
234.654,108.942,-54.137,0.7905,0.03233,-16.969,-10.052,-69.855,0.0,-6.917,-0.0204,85.26,-0.000812,13.61
234.707,108.779,-53.011,0.8249,0.03864,-18.666,-12.107,-55.318,0.0,-6.559,0.0027,85.35,-0.000652,15.42
234.757,108.607,-51.814,0.8712,0.03736,-15.918,-13.559,-41.099,0.0,-2.36,0.0125,85.43,-0.000395,15.28
234.802,108.446,-50.686,0.9128,0.03488,-15.335,-14.322,-29.032,0.0,-1.013,0.0455,85.55,-0.000395,10.51
234.859,108.27,-49.414,0.9551,0.03104,-14.814,-14.537,-15.261,0.0,-0.277,0.0498,85.66,-0.000624,16.95
234.907,108.119,-48.281,0.9863,0.02898,-14.489,-14.708,-4.312,0.0,0.219,-0.0013,85.74,-0.000473,14.46
234.96,107.976,-47.146,1.0133,0.02358,-13.643,-14.416,-3.421,0.0,0.774,0.0587,85.81,-0.000479,17.54
235.007,107.827,-45.867,1.0384,0.01421,-10.591,-13.144,5.837,0.0,2.553,0.1471,85.9,-0.000479,13.36
235.058,107.697,-44.657,1.0513,0.00747,-8.334,-11.617,25.443,0.0,3.283,0.08,85.98,0.000233,14.87
235.109,107.586,-43.515,1.055,0.00043,-6.729,-9.945,30.548,0.0,3.216,0.0735,86.06,5.6e-05,15.01
235.163,107.48,-42.3,1.0495,-0.007,-4.312,-7.967,33.433,0.0,3.655,0.1011,86.15,0.000128,18.47
235.208,107.39,-41.154,1.0358,-0.01525,-1.327,-5.651,39.559,0.0,4.324,0.1163,86.23,0.000269,12.99
235.258,107.305,-39.935,1.0128,-0.02386,1.786,-3.051,46.327,0.0,4.837,0.1205,86.31,0.000269,12.92
235.309,107.226,-38.642,0.9775,-0.03045,4.045,-0.356,52.006,0.0,4.402,0.1039,86.4,-9.3e-05,14.07
235.362,107.164,-37.491,0.9384,-0.03613,6.805,2.107,53.885,0.0,4.698,0.0619,86.49,-1.7e-05,16.42
235.414,107.105,-36.267,0.8905,-0.04095,8.693,4.291,49.273,0.0,4.402,0.0469,86.59,-0.000152,18.32
235.463,107.056,-35.113,0.84,-0.04363,9.758,6.1,43.679,0.0,3.658,0.0238,86.7,-8.7e-05,16.66
235.509,107.007,-33.885,0.7849,-0.04604,10.962,7.669,36.174,0.0,3.293,0.0297,86.79,-8.7e-05,12.72
235.561,106.958,-32.583,0.7245,-0.04564,10.926,8.883,31.379,0.0,2.044,0.0052,86.9,-0.00016,15.08
235.612,106.914,-31.424,0.6718,-0.04376,10.936,9.506,24.274,0.0,1.43,-0.04,87.0,-0.000309,14.81
235.664,106.868,-30.264,0.6218,-0.04059,10.016,9.554,12.471,0.0,0.462,-0.0586,87.11,0.000237,16.83
235.706,106.812,-28.958,0.5709,-0.03663,9.024,9.225,0.953,0.0,-0.201,-0.0508,87.21,0.000237,8.87
235.767,106.754,-27.723,0.5288,-0.03114,7.461,8.3,-6.566,0.0,-0.839,-0.0948,87.31,-3.9e-05,19.17
235.815,106.693,-26.56,0.4956,-0.0251,4.763,7.053,-18.5,0.0,-2.29,-0.0774,87.42,-0.000294,16.52
235.862,106.622,-25.323,0.4675,-0.01888,3.075,5.583,-24.957,0.0,-2.507,-0.0746,87.54,-0.000308,13.52
235.915,106.549,-24.157,0.4486,-0.01383,1.414,4.075,-29.401,0.0,-2.661,-0.0566,87.64,-0.00032,15.69
235.964,106.464,-22.918,0.4341,-0.00853,-0.272,2.534,-30.153,0.0,-2.806,-0.0572,87.74,-0.00032,14.51
236.016,106.368,-21.605,0.4259,-0.00377,-1.991,1.088,-30.811,0.0,-3.079,-0.0407,87.84,-0.000426,16.67
236.066,106.27,-20.363,0.4245,0.00084,-3.08,-0.372,-28.934,0.0,-2.708,-0.0523,87.94,-0.000355,15.94
236.114,106.173,-19.194,0.4281,0.00453,-4.432,-1.732,-29.197,0.0,-2.7,-0.0369,88.05,-8.5e-05,13.7
236.168,106.065,-17.95,0.4357,0.00794,-5.453,-3.023,-27.189,0.0,-2.43,-0.0379,88.16,-0.000235,17.36
236.213,105.961,-16.779,0.4463,0.00998,-6.202,-4.136,-25.826,0.0,-2.066,-0.0202,88.26,-0.000235,12.19
236.266,105.848,-15.533,0.4595,0.01091,-6.673,-4.979,-22.26,0.0,-1.694,-0.0012,88.38,-0.000578,15.12
236.313,105.74,-14.359,0.4723,0.01084,-6.637,-5.539,-16.86,0.0,-1.098,0.0101,88.5,-0.000463,12.08
236.364,105.627,-13.109,0.4853,0.00962,-6.119,-5.907,-11.2,0.0,-0.212,0.0073,88.61,-0.000636,12.97
236.418,105.516,-11.858,0.4962,0.00767,-6.209,-5.863,-7.354,0.0,-0.346,0.0446,88.71,-0.000747,16.47
236.465,105.415,-10.679,0.5037,0.00469,-5.255,-5.466,0.867,0.0,0.211,0.051,88.82,-0.000747,13.1
236.518,105.299,-9.276,0.5083,0.00164,-3.919,-4.779,7.956,0.0,0.86,0.0542,88.94,-0.000506,15.54
236.571,105.206,-8.093,0.5079,-0.00251,-2.21,-3.836,13.73,0.0,1.625,0.0598,89.05,-0.000405,18.25
236.619,105.111,-6.835,0.5024,-0.00631,-0.888,-2.756,18.868,0.0,1.867,0.052,89.16,-0.000203,15.3
236.664,105.021,-5.574,0.492,-0.00949,0.257,-1.662,21.597,0.0,1.919,0.0397,89.26,-0.000329,10.65
236.718,104.941,-4.386,0.4783,-0.01244,1.464,-0.632,21.879,0.0,2.096,0.0293,89.37,-0.000624,14.08
236.764,104.859,-3.121,0.4606,-0.01564,2.644,0.432,20.603,0.0,2.212,0.0406,89.48,-0.000624,10.0
236.818,104.786,-1.93,0.4406,-0.01777,3.397,1.382,21.274,0.0,2.014,0.0213,89.59,-0.000684,13.45
236.866,104.706,-0.588,0.4155,-0.01895,3.617,2.246,19.003,0.0,1.371,0.0211,89.7,-0.000341,10.78
236.917,104.633,0.682,0.3904,-0.01949,4.149,3.036,17.27,0.0,1.112,0.02,89.81,-0.000121,11.21
236.97,104.565,1.878,0.3667,-0.01968,4.79,3.634,15.816,0.0,1.157,0.0006,89.92,-0.000232,14.73
237.017,104.492,3.151,0.3418,-0.01918,4.786,4.006,11.947,0.0,0.78,-0.0105,90.04,-0.000232,11.36
237.069,104.423,4.35,0.3196,-0.01756,4.257,4.166,7.452,0.0,0.091,-0.0167,90.17,-0.000441,12.91
237.121,104.347,5.626,0.2983,-0.01489,3.729,4.021,3.196,0.0,-0.292,-0.037,90.28,-0.00022,15.03
237.173,104.273,6.828,0.2815,-0.01173,2.939,3.492,-2.907,0.0,-0.553,-0.0586,90.38,-0.000227,15.7
237.223,104.181,8.257,0.266,-0.00835,1.631,2.727,-10.572,0.0,-1.096,-0.0515,90.49,-0.000254,15.32
237.273,104.101,9.462,0.2567,-0.00479,0.398,1.829,-15.305,0.0,-1.432,-0.0452,90.61,-0.000248,15.19
237.322,104.013,10.744,0.2519,-0.00279,-0.223,1.026,-17.952,0.0,-1.249,-0.0181,90.72,-0.000248,13.78
237.372,103.927,11.951,0.2499,-0.00011,-1.338,0.316,-16.063,0.0,-1.654,-0.015,90.84,-0.000278,13.35
237.426,103.834,13.235,0.2509,0.00227,-1.963,-0.337,-14.198,0.0,-1.626,-0.0169,90.95,-0.000315,17.48
237.473,103.744,14.446,0.2545,0.00421,-2.253,-1.017,-13.071,0.0,-1.236,-0.0264,91.06,-0.00019,14.45
237.521,103.647,15.733,0.2604,0.00589,-2.758,-1.791,-13.59,0.0,-0.967,-0.037,91.17,-0.000149,11.82
237.57,103.554,16.945,0.268,0.00662,-3.04,-2.423,-15.486,0.0,-0.617,-0.0071,91.29,-0.000149,10.37
237.623,103.455,18.236,0.2771,0.00742,-3.776,-2.951,-12.635,0.0,-0.825,-0.0075,91.42,-5.5e-05,10.49
237.673,103.35,19.604,0.2872,0.00764,-4.18,-3.302,-10.556,0.0,-0.878,0.0061,91.54,-0.000183,10.37
237.724,103.252,20.898,0.2964,0.00679,-3.817,-3.408,-7.038,0.0,-0.409,0.0221,91.65,-0.000171,11.0
237.778,103.162,22.117,0.3037,0.0053,-3.117,-3.371,-2.112,0.0,0.254,0.0163,91.75,-0.000172,14.17
237.829,103.069,23.414,0.3096,0.00391,-2.969,-3.209,0.747,0.0,0.24,0.0186,91.87,-0.000206,15.49
237.874,102.977,24.714,0.313,0.00261,-2.557,-2.954,3.226,0.0,0.397,0.0187,92.01,-0.000174,9.87
237.925,102.888,26.015,0.3154,0.00049,-1.881,-2.561,5.099,0.0,0.68,0.0283,92.13,-0.000174,10.94
237.98,102.802,27.318,0.3148,-0.00146,-1.207,-2.061,7.875,0.0,0.854,0.0285,92.24,-6.6e-05,15.17
238.026,102.719,28.623,0.3114,-0.00357,-0.508,-1.483,9.993,0.0,0.974,0.0284,92.36,-4.2e-05,10.87
238.075,102.639,29.93,0.3052,-0.00548,0.186,-0.909,11.567,0.0,1.095,0.0195,92.46,-9.7e-05,9.51
238.126,102.562,31.238,0.2966,-0.00717,0.834,-0.368,11.472,0.0,1.203,0.0154,92.56,-1.7e-05,9.95
238.18,102.487,32.548,0.2858,-0.00843,1.153,0.116,10.816,0.0,1.037,0.011,92.66,0.000124,14.05
238.226,102.419,33.782,0.2744,-0.01001,1.734,0.626,9.694,0.0,1.108,0.0203,92.77,0.000124,10.08
238.276,102.348,35.096,0.2606,-0.01072,1.997,1.104,10.184,0.0,0.893,0.0135,92.89,0.000309,9.94
238.326,102.278,36.41,0.246,-0.01124,2.14,1.516,9.568,0.0,0.624,0.0074,93.01,0.000376,9.5
238.377,102.21,37.727,0.2309,-0.0114,2.444,1.835,8.239,0.0,0.609,0.0014,93.12,0.000429,10.18
238.426,102.149,38.89,0.2176,-0.01126,2.467,2.06,6.382,0.0,0.407,-0.0021,93.24,0.000538,8.63
238.48,102.08,40.21,0.2027,-0.01052,2.323,2.15,4.492,0.0,0.173,-0.0109,93.36,0.000854,12.5
238.526,102.01,41.532,0.1892,-0.00979,2.171,2.146,1.803,0.0,0.025,-0.01,93.47,0.000854,8.7
238.577,101.938,42.855,0.177,-0.00851,1.88,2.005,-0.077,0.0,-0.125,-0.0193,93.6,0.001264,9.2
238.628,101.865,44.18,0.1665,-0.00709,1.451,1.753,-2.822,0.0,-0.301,-0.0205,93.72,0.001359,9.97
238.68,101.791,45.506,0.1578,-0.00554,0.876,1.447,-5.047,0.0,-0.571,-0.0162,93.83,0.0011,12.2
238.729,101.719,46.756,0.1516,-0.00404,0.407,1.085,-6.108,0.0,-0.678,-0.0186,93.95,0.001106,10.34
238.784,101.641,48.085,0.1468,-0.00284,0.124,0.668,-7.239,0.0,-0.544,-0.0204,94.06,0.000676,15.2
238.831,101.561,49.416,0.1437,-0.00169,-0.319,0.206,-8.346,0.0,-0.526,-0.0207,94.18,0.000539,12.02
238.887,101.48,50.749,0.1419,-0.00064,-0.815,-0.242,-9.228,0.0,-0.574,-0.0143,94.3,0.00036,17.63
238.933,101.398,52.083,0.1415,9e-05,-1.043,-0.609,-8.962,0.0,-0.434,-0.0044,94.41,0.00036,13.14
238.981,101.315,53.419,0.142,0.00057,-1.425,-0.91,-7.35,0.0,-0.515,-0.0035,94.53,0.000144,10.69
239.036,101.232,54.756,0.1429,0.00058,-1.517,-1.159,-6.019,0.0,-0.358,-0.0032,94.64,6.6e-05,14.99
239.085,101.148,56.095,0.1436,7e-05,-1.423,-1.389,-4.973,0.0,-0.034,-0.0061,94.76,-6.7e-05,14.15
239.137,101.074,57.278,0.1438,-0.0008,-1.282,-1.615,-4.609,0.0,0.333,-0.0073,94.88,-2.3e-05,15.59
239.186,100.991,58.621,0.1427,-0.00196,-1.298,-1.725,-4.509,0.0,0.427,0.0081,95.0,-7.7e-05,14.74
239.254,100.908,59.965,0.1401,-0.00352,-1.298,-1.562,-2.216,0.0,0.265,0.0344,95.12,-3.3e-05,32.05
239.282,100.822,61.39,0.1354,-0.00578,-0.676,-1.131,3.259,0.0,0.455,0.0432,95.24,2.3e-05,10.17
239.334,100.746,62.658,0.1275,-0.00668,-0.343,-0.711,8.631,0.0,0.368,0.0134,95.35,2.3e-05,11.32
239.386,100.667,64.008,0.1172,-0.00946,0.909,-0.056,8.394,0.0,0.964,0.0476,95.46,-2.2e-05,13.4
239.436,100.593,65.279,0.1045,-0.01221,1.838,0.838,13.109,0.0,1.0,0.0562,95.57,0.000287,12.88
239.484,100.515,66.632,0.0877,-0.01427,3.116,1.771,17.876,0.0,1.345,0.0366,95.69,0.000156,10.6
239.534,100.443,67.906,0.07,-0.01598,3.922,2.664,18.654,0.0,1.258,0.0271,95.8,0.000222,10.54
239.587,100.365,69.262,0.049,-0.01659,4.455,3.408,17.867,0.0,1.047,0.0104,95.91,8.4e-05,14.07
239.636,100.286,70.619,0.0274,-0.01658,4.841,3.967,14.885,0.0,0.874,0.0001,96.01,8.3e-05,12.25
239.685,100.206,71.978,0.0056,-0.01528,4.561,4.234,11.178,0.0,0.326,-0.0212,96.13,8.3e-05,10.67
239.737,100.123,73.338,-0.0144,-0.01401,4.373,4.297,5.343,0.0,0.076,-0.0193,96.24,0.000241,13.27
239.785,100.038,74.699,-0.0322,-0.01201,4.017,4.178,1.25,0.0,-0.161,-0.0231,96.34,0.000182,10.23
239.838,99.95,76.062,-0.047,-0.00972,3.333,3.884,-2.371,0.0,-0.551,-0.0287,96.44,0.00031,13.44
239.889,99.857,77.426,-0.0582,-0.00681,2.556,3.379,-5.892,0.0,-0.823,-0.0396,96.53,0.000538,13.75
239.94,99.772,78.63,-0.0648,-0.0039,1.634,2.729,-10.095,0.0,-1.095,-0.0379,96.63,0.000679,15.2
239.993,99.672,79.996,-0.0686,-0.00089,0.649,1.935,-13.001,0.0,-1.285,-0.0428,96.72,0.000664,17.93
240.036,99.569,81.363,-0.0683,0.00171,-0.104,1.097,-15.884,0.0,-1.2,-0.0339,96.81,0.000624,10.11
240.088,99.461,82.731,-0.0643,0.00411,-0.873,0.293,-16.762,0.0,-1.166,-0.0245,96.91,0.000624,11.52
240.143,99.35,84.1,-0.0573,0.00609,-1.908,-0.421,-16.075,0.0,-1.488,-0.0155,97.01,0.000602,15.89
240.188,99.237,85.47,-0.0478,0.0078,-2.332,-1.064,-14.269,0.0,-1.268,-0.0151,97.1,0.000546,11.35
240.239,99.122,86.842,-0.0363,0.0085,-2.694,-1.585,-12.863,0.0,-1.109,-0.0054,97.2,0.000331,12.1
240.291,99.005,88.214,-0.024,0.00909,-2.775,-2.014,-10.422,0.0,-0.762,-0.0053,97.29,-3.4e-05,13.29
240.338,98.894,89.508,-0.0118,0.00908,-2.838,-2.347,-8.573,0.0,-0.491,-0.0017,97.39,9.9e-05,10.09
240.388,98.776,90.883,0.0007,0.0087,-2.988,-2.596,-6.675,0.0,-0.393,0.0003,97.48,0.000369,9.74
240.441,98.658,92.259,0.0123,0.00782,-2.709,-2.766,-4.97,0.0,0.057,0.0023,97.56,0.000356,12.59
240.492,98.542,93.637,0.0227,0.00636,-2.473,-2.798,-3.4,0.0,0.325,0.0133,97.65,0.000241,13.18
240.539,98.441,94.854,0.0296,0.00483,-2.04,-2.662,-0.641,0.0,0.622,0.0223,97.73,0.000241,10.28
240.593,98.328,96.235,0.0353,0.00284,-1.742,-2.381,2.72,0.0,0.639,0.025,97.82,0.000317,13.57
240.645,98.218,97.617,0.0381,0.00064,-1.256,-1.968,5.627,0.0,0.711,0.0282,97.9,0.000228,15.39
240.696,98.11,99.0,0.0378,-0.00204,-0.411,-1.402,8.255,0.0,0.991,0.0358,98.0,0.000149,17.08
240.745,98.005,100.385,0.034,-0.00491,0.54,-0.667,11.317,0.0,1.207,0.0433,98.09,0.000193,15.35
240.79,97.902,101.771,0.0265,-0.0076,1.437,0.222,14.697,0.0,1.214,0.0472,98.17,0.000219,10.18
240.846,97.801,103.159,0.0156,-0.00988,2.265,1.144,17.788,0.0,1.121,0.0355,98.24,0.000214,15.71
240.89,97.701,104.548,0.0017,-0.01189,3.223,1.962,18.429,0.0,1.26,0.0178,98.32,0.000139,9.65
240.941,97.603,105.938,-0.0153,-0.01239,3.473,2.571,16.371,0.0,0.902,-0.0008,98.4,0.000139,10.12
240.996,97.505,107.329,-0.0331,-0.01321,4.274,3.005,12.168,0.0,1.269,-0.003,98.47,0.000138,15.01
241.041,97.418,108.557,-0.0493,-0.01328,4.218,3.308,8.691,0.0,0.91,-0.0032,98.54,6e-06,10.07
241.092,97.319,109.95,-0.0672,-0.01228,3.676,3.451,6.056,0.0,0.225,-0.0118,98.61,0.000206,9.88
241.144,97.217,111.344,-0.0835,-0.01105,3.407,3.455,2.855,0.0,-0.049,-0.0143,98.67,0.000164,11.8
241.193,97.114,112.738,-0.0978,-0.00987,3.269,3.377,0.094,0.0,-0.108,-0.0115,98.72,-1.7e-05,10.51
241.244,97.008,114.133,-0.1102,-0.00843,2.803,3.223,-1.577,0.0,-0.42,-0.0132,98.77,0.00014,11.22
241.297,96.899,115.528,-0.1205,-0.00656,2.399,2.946,-3.071,0.0,-0.547,-0.0227,98.82,0.000425,13.82
241.344,96.8,116.76,-0.1271,-0.0048,1.995,2.57,-5.548,0.0,-0.576,-0.0234,98.87,0.000252,10.43
241.397,96.678,118.238,-0.1323,-0.00262,1.305,2.117,-7.507,0.0,-0.812,-0.024,98.92,0.000239,12.64
241.45,96.558,119.635,-0.1342,-0.00029,0.573,1.595,-9.072,0.0,-1.022,-0.0253,98.97,0.000264,15.29
241.495,96.436,121.032,-0.1329,0.00218,-0.186,0.994,-10.424,0.0,-1.18,-0.0294,99.01,0.000264,10.25
241.548,96.309,122.429,-0.1285,0.00396,-0.749,0.421,-12.035,0.0,-1.17,-0.017,99.06,0.000326,13.74
241.599,96.196,123.663,-0.1225,0.00556,-1.177,-0.124,-11.458,0.0,-1.054,-0.0161,99.11,0.000257,13.9
241.649,96.056,125.143,-0.1132,0.00684,-1.616,-0.635,-10.894,0.0,-0.981,-0.0143,99.16,0.000379,14.46
241.695,95.923,126.542,-0.1028,0.00782,-1.811,-1.084,-10.212,0.0,-0.726,-0.0093,99.21,0.000361,9.88
241.749,95.788,127.941,-0.0911,0.00845,-2.314,-1.453,-8.997,0.0,-0.861,-0.0044,99.26,0.000277,13.48
241.797,95.668,129.176,-0.0803,0.00888,-2.452,-1.797,-7.371,0.0,-0.655,-0.0094,99.29,0.000112,11.54
241.847,95.523,130.659,-0.0669,0.00863,-2.227,-2.075,-6.875,0.0,-0.152,-0.0028,99.34,0.000195,10.91
241.897,95.387,132.06,-0.0549,0.00792,-2.27,-2.212,-5.56,0.0,-0.058,0.01,99.38,0.000186,10.05
241.957,95.252,133.462,-0.0442,0.00719,-2.46,-2.21,-2.743,0.0,-0.25,0.0146,99.42,0.000106,19.73
242.001,95.125,134.782,-0.0353,0.0058,-1.873,-2.088,0.028,0.0,0.214,0.017,99.46,0.00012,13.42
242.047,94.993,136.185,-0.028,0.00443,-1.5,-1.874,2.453,0.0,0.374,0.017,99.5,0.00012,9.6
242.105,94.87,137.506,-0.0232,0.00235,-0.878,-1.544,4.272,0.0,0.666,0.0237,99.54,-3e-06,16.97
242.152,94.734,138.993,-0.0208,0.00057,-0.384,-1.152,6.605,0.0,0.768,0.0201,99.59,0.00011,13.4
242.2,94.622,140.233,-0.0208,-0.00106,0.035,-0.736,7.833,0.0,0.771,0.0171,99.63,-7e-06,11.29
242.251,94.49,141.722,-0.0233,-0.00275,0.645,-0.287,8.326,0.0,0.932,0.0191,99.67,0.000148,12.11
242.303,94.366,143.129,-0.028,-0.00449,1.047,0.228,8.985,0.0,0.819,0.0249,99.71,5.4e-05,14.21
242.354,94.245,144.536,-0.035,-0.00597,1.554,0.767,10.3,0.0,0.786,0.0214,99.75,0.000115,14.58
242.404,94.124,145.945,-0.0439,-0.00734,2.121,1.291,10.785,0.0,0.83,0.0166,99.79,2e-05,13.82
242.456,94.019,147.188,-0.053,-0.00836,2.685,1.749,10.467,0.0,0.935,0.0092,99.83,2.3e-05,15.6
242.505,93.9,148.597,-0.0647,-0.0089,2.809,2.14,9.168,0.0,0.669,0.0065,99.87,8.3e-05,14.37
242.552,93.78,150.007,-0.0771,-0.00857,2.776,2.388,7.809,0.0,0.388,-0.0062,99.91,8.3e-05,11.35
242.602,93.66,151.418,-0.089,-0.00811,2.712,2.527,4.968,0.0,0.185,-0.0066,99.96,0.000225,11.23
242.654,93.539,152.829,-0.1,-0.00741,2.658,2.581,2.779,0.0,0.077,-0.007,100.01,8.3e-05,12.85
242.703,93.423,154.158,-0.1092,-0.00639,2.383,2.536,1.082,0.0,-0.153,-0.012,100.06,3.8e-05,11.81
242.757,93.298,155.57,-0.1173,-0.00491,2.133,2.356,-0.904,0.0,-0.223,-0.0204,100.11,5.2e-05,14.9
242.806,93.163,157.066,-0.1235,-0.00333,1.549,2.073,-3.597,0.0,-0.524,-0.0207,100.17,7.4e-05,13.11
242.857,93.033,158.48,-0.127,-0.00151,1.162,1.701,-5.663,0.0,-0.539,-0.0223,100.23,0.000107,13.77
242.903,92.908,159.811,-0.1277,0.00016,0.472,1.299,-7.436,0.0,-0.827,-0.0173,100.3,8.9e-05,9.65
242.953,92.772,161.226,-0.1263,0.0019,0.056,0.864,-8.051,0.0,-0.808,-0.0185,100.38,5.5e-05,9.59
243.006,92.643,162.559,-0.1226,0.00328,-0.458,0.425,-8.689,0.0,-0.884,-0.0158,100.45,0.000165,12.83
243.054,92.494,164.059,-0.1166,0.00451,-0.741,-0.016,-8.776,0.0,-0.725,-0.0157,100.53,9e-05,9.74
243.104,92.352,165.476,-0.1093,0.00571,-1.142,-0.445,-8.835,0.0,-0.697,-0.0135,100.62,9e-05,9.77
243.154,92.217,166.812,-0.101,0.0064,-1.4,-0.827,-8.565,0.0,-0.573,-0.0085,100.71,0.000173,9.45
243.207,92.08,168.148,-0.0921,0.00695,-1.687,-1.136,-7.647,0.0,-0.55,-0.0032,100.8,0.000367,11.73
243.259,91.926,169.653,-0.0813,0.00715,-1.978,-1.352,-6.188,0.0,-0.626,0.0024,100.89,0.000334,13.39
243.307,91.78,171.075,-0.0711,0.00696,-1.801,-1.487,-4.303,0.0,-0.314,0.0037,100.97,0.000292,10.94
243.354,91.643,172.415,-0.0619,0.0063,-1.595,-1.534,-2.703,0.0,-0.061,0.0076,101.06,-4.7e-05,8.19
243.409,91.489,173.924,-0.0527,0.00566,-1.47,-1.517,-0.939,0.0,0.047,0.0072,101.15,-5.7e-05,12.83
243.46,91.353,175.267,-0.0455,0.0049,-1.31,-1.445,0.33,0.0,0.135,0.0083,101.24,-5.3e-05,13.31
243.51,91.21,176.694,-0.039,0.00403,-1.124,-1.318,1.434,0.0,0.194,0.0102,101.33,-0.00012,13.38
243.561,91.076,178.039,-0.0342,0.00289,-0.79,-1.131,2.543,0.0,0.341,0.0128,101.42,-4.5e-05,13.75
243.61,90.927,179.554,-0.0304,0.00166,-0.397,-0.906,3.746,0.0,0.509,0.0118,101.51,-4.3e-05,12.23
243.657,90.795,180.902,-0.0289,0.00056,-0.08,-0.652,4.499,0.0,0.573,0.0119,101.61,-4.3e-05,9.51
243.71,90.665,182.251,-0.0289,-0.00056,0.118,-0.398,5.073,0.0,0.516,0.0089,101.7,4.4e-05,12.24
243.758,90.528,183.686,-0.0304,-0.00162,0.534,-0.169,5.086,0.0,0.704,0.0053,101.79,3.7e-05,9.82
243.809,90.392,185.122,-0.0334,-0.00276,0.785,0.09,4.575,0.0,0.696,0.0122,101.89,7.2e-05,10.38
243.859,90.265,186.476,-0.0376,-0.00361,0.819,0.41,5.184,0.0,0.41,0.0175,101.98,9.2e-05,9.83
243.907,90.124,187.999,-0.0435,-0.00437,1.118,0.777,6.394,0.0,0.341,0.0178,102.07,8e-06,8.09
243.96,89.998,189.355,-0.0495,-0.00522,1.45,1.167,7.346,0.0,0.283,0.016,102.17,-4e-06,10.9
244.011,89.857,190.882,-0.0574,-0.00575,2.068,1.498,7.802,0.0,0.57,0.0053,102.26,3.7e-05,11.13
244.061,89.731,192.24,-0.0648,-0.00592,2.167,1.738,6.615,0.0,0.43,-0.0012,102.36,0.000106,10.28
244.113,89.604,193.6,-0.0727,-0.00532,2.026,1.839,4.795,0.0,0.186,-0.0109,102.45,5.3e-05,12.32
244.159,89.477,194.961,-0.0796,-0.00463,1.856,1.837,2.037,0.0,0.019,-0.011,102.54,5.3e-05,8.33
244.211,89.324,196.578,-0.0864,-0.00365,1.683,1.732,-0.05,0.0,-0.05,-0.0144,102.64,9e-06,10.36
244.265,89.194,197.941,-0.0906,-0.00255,1.289,1.54,-2.094,0.0,-0.251,-0.0159,102.73,6e-05,13.34
244.314,89.062,199.305,-0.0934,-0.00122,0.907,1.267,-3.85,0.0,-0.36,-0.0179,102.83,0.000184,11.61
244.365,88.912,200.84,-0.0944,-4e-05,0.456,0.966,-5.451,0.0,-0.51,-0.0135,102.91,-4.9e-05,12.9
244.412,88.777,202.207,-0.0937,0.00121,0.09,0.65,-6.017,0.0,-0.56,-0.0126,103.0,3.2e-05,9.91
244.463,88.632,203.659,-0.0911,0.00228,-0.282,0.339,-6.324,0.0,-0.621,-0.0104,103.1,1.4e-05,10.38
244.516,88.493,205.028,-0.0873,0.00322,-0.604,0.041,-6.226,0.0,-0.644,-0.009,103.19,-0.000103,13.62
244.567,88.336,206.568,-0.0817,0.00396,-0.746,-0.246,-5.961,0.0,-0.5,-0.0088,103.29,-7.1e-05,13.45
244.618,88.195,207.939,-0.0757,0.00444,-0.903,-0.5,-5.731,0.0,-0.403,-0.0055,103.38,-8.1e-05,13.63
244.67,88.036,209.482,-0.0685,0.00488,-1.12,-0.725,-5.081,0.0,-0.395,-0.0048,103.47,5.5e-05,15.48
244.717,87.893,210.855,-0.0616,0.0051,-1.304,-0.9,-4.494,0.0,-0.404,-0.001,103.57,-2.1e-05,11.79
244.764,87.751,212.229,-0.0545,0.00511,-1.343,-1.026,-3.511,0.0,-0.318,0.0009,103.67,-2.1e-05,8.49
244.818,87.599,213.691,-0.0471,0.00485,-1.241,-1.103,-2.507,0.0,-0.137,0.0023,103.77,-1e-06,12.24
244.867,87.439,215.24,-0.0399,0.00438,-1.087,-1.127,-1.555,0.0,0.04,0.0048,103.87,-1e-05,11.11
244.918,87.297,216.618,-0.0342,0.00383,-1.016,-1.083,-0.475,0.0,0.067,0.0087,103.97,-2.6e-05,11.7
244.972,87.155,217.998,-0.0292,0.00322,-1.016,-0.972,0.887,0.0,-0.044,0.0108,104.07,7.9e-05,15.91
245.019,86.997,219.551,-0.0247,0.00243,-0.521,-0.821,2.214,0.0,0.301,0.0094,104.18,-4.7e-05,12.13
245.068,86.857,220.934,-0.0218,0.00141,-0.337,-0.611,3.012,0.0,0.274,0.0136,104.27,0.000106,11.2
245.116,86.709,222.404,-0.0202,0.00074,-0.13,-0.395,4.206,0.0,0.266,0.0081,104.36,-1.4e-05,9.03
245.17,86.554,223.963,-0.0196,-4e-05,0.241,-0.199,4.314,0.0,0.44,0.0048,104.47,2.7e-05,12.73
245.221,86.417,225.35,-0.0202,-0.00075,0.41,-0.015,3.925,0.0,0.425,0.0052,104.57,0.000123,12.96
245.276,86.28,226.738,-0.0217,-0.00116,0.548,0.143,3.686,0.0,0.405,0.0027,104.66,2e-05,17.24
245.326,86.136,228.214,-0.0238,-0.00154,0.5,0.294,3.154,0.0,0.206,0.0046,104.76,8e-05,17.72
245.371,85.983,229.779,-0.0266,-0.00182,0.69,0.426,3.02,0.0,0.264,0.0027,104.87,6e-06,12.01
245.424,85.857,231.085,-0.0291,-0.00216,0.776,0.545,2.649,0.0,0.231,0.0027,104.97,0.000119,15.03
245.477,85.714,232.566,-0.0325,-0.0023,0.834,0.644,2.373,0.0,0.19,0.0014,105.07,0.000119,17.69
245.518,85.562,234.135,-0.0361,-0.00223,0.839,0.699,1.975,0.0,0.14,-0.0026,105.17,6e-06,8.29
245.568,85.427,235.531,-0.0391,-0.00205,0.822,0.719,1.113,0.0,0.103,-0.0031,105.27,3.7e-05,7.7
245.622,85.291,236.929,-0.0418,-0.00176,0.622,0.707,0.393,0.0,-0.085,-0.0038,105.37,0.000123,11.79
245.672,85.138,238.503,-0.0443,-0.00136,0.674,0.654,-0.245,0.0,0.02,-0.0061,105.47,3.6e-05,11.43
245.717,85.001,239.903,-0.046,-0.00113,0.428,0.598,-1.057,0.0,-0.17,-0.0024,105.57,1.1e-05,6.64
245.775,84.855,241.392,-0.0474,-0.0006,0.43,0.506,-1.13,0.0,-0.077,-0.0068,105.67,-1.2e-05,13.45
245.823,84.716,242.795,-0.0479,-0.00031,0.295,0.409,-1.825,0.0,-0.114,-0.0041,105.77,2.9e-05,11.91
245.871,84.56,244.375,-0.0481,0.00017,0.04,0.312,-1.949,0.0,-0.272,-0.0033,105.87,-8.4e-05,9.74
245.92,84.42,245.78,-0.0476,0.00051,0.065,0.212,-1.935,0.0,-0.147,-0.0038,105.97,-0.000118,8.12
245.975,84.271,247.275,-0.0465,0.00069,-0.064,0.126,-1.997,0.0,-0.189,-0.0016,106.08,1.9e-05,12.58
246.025,84.112,248.859,-0.0452,0.00099,-0.065,0.038,-1.729,0.0,-0.103,-0.0032,106.18,3.7e-05,12.12
246.07,83.97,250.268,-0.0436,0.00112,-0.252,-0.036,-1.755,0.0,-0.216,-0.0011,106.29,-7.8e-05,6.93
246.126,83.828,251.679,-0.0419,0.00132,-0.177,-0.113,-1.479,0.0,-0.064,-0.003,106.39,-6.2e-05,13.08
246.167,83.677,253.179,-0.0397,0.00131,-0.222,-0.162,-1.538,0.0,-0.06,0.0011,106.49,-0.000166,3.01
246.227,83.516,254.769,-0.0376,0.00139,-0.364,-0.186,-0.991,0.0,-0.178,0.0019,106.6,-0.000186,12.98
246.271,83.373,256.184,-0.0355,0.00136,-0.258,-0.192,-0.469,0.0,-0.066,0.0016,106.71,-6.6e-05,7.32
246.322,83.229,257.601,-0.0336,0.00115,-0.176,-0.169,-0.129,0.0,-0.006,0.0039,106.81,-0.000248,8.42
246.371,83.068,259.196,-0.0318,0.00105,-0.128,-0.139,0.458,0.0,0.011,0.0018,106.92,-0.000155,6.35
246.428,82.925,260.615,-0.0303,0.00099,-0.17,-0.11,0.607,0.0,-0.06,0.0009,107.03,-0.000201,13.55
246.481,82.772,262.124,-0.0288,0.00093,-0.019,-0.105,0.583,0.0,0.086,-0.0024,107.14,-0.000203,16.19
246.528,82.629,263.546,-0.0275,0.00082,0.048,-0.107,0.098,0.0,0.155,-0.0008,107.25,-0.000166,12.93
246.573,82.467,265.148,-0.0264,0.00078,-0.115,-0.086,-0.037,0.0,-0.03,0.0031,107.36,-0.000191,7.47
246.622,82.324,266.573,-0.0254,0.00077,-0.139,-0.044,0.422,0.0,-0.096,0.0037,107.46,-0.000197,6.18
246.673,82.181,267.999,-0.0245,0.00046,0.086,0.025,0.84,0.0,0.061,0.0052,107.57,-0.000135,6.7
246.723,82.02,269.605,-0.0239,0.00022,0.13,0.107,1.381,0.0,0.023,0.0042,107.68,-0.000274,6.77
246.774,81.868,271.124,-0.0237,0.00023,0.256,0.157,1.64,0.0,0.099,-0.0016,107.79,-0.000196,6.77
246.825,81.725,272.555,-0.0234,0.00037,0.24,0.173,0.997,0.0,0.066,-0.0029,107.89,-0.000176,8.15
246.879,81.564,274.166,-0.0228,0.00065,0.009,0.17,0.327,0.0,-0.161,-0.0022,107.99,-0.000305,12.24
246.929,81.42,275.6,-0.0219,0.00101,0.128,0.129,-0.072,0.0,-0.001,-0.0053,108.1,-0.000188,11.39
246.981,81.277,277.034,-0.0205,0.00113,-0.028,0.085,-0.817,0.0,-0.113,-0.0019,108.2,-0.000298,12.97
247.03,81.133,278.471,-0.0191,0.00152,-0.087,0.02,-0.881,0.0,-0.106,-0.0045,108.31,-0.000136,11.72
247.081,80.962,280.178,-0.0165,0.00175,-0.161,-0.056,-1.309,0.0,-0.105,-0.0037,108.42,-0.000225,13.17
247.131,80.818,281.617,-0.0142,0.00201,-0.293,-0.131,-1.51,0.0,-0.161,-0.0026,108.53,-0.000126,12.31
247.183,80.674,283.058,-0.0115,0.00223,-0.336,-0.205,-1.508,0.0,-0.131,-0.0024,108.63,-5e-05,14.55
247.234,80.512,284.68,-0.008,0.00239,-0.388,-0.266,-1.471,0.0,-0.122,-0.0009,108.74,-0.00018,14.18
247.283,80.367,286.123,-0.0048,0.00258,-0.533,-0.319,-1.23,0.0,-0.214,-0.0009,108.84,-0.000199,13.09
247.33,80.223,287.568,-0.0014,0.00275,-0.426,-0.379,-1.053,0.0,-0.047,-0.0029,108.95,-0.00015,9.99
247.383,80.061,289.195,0.0029,0.00281,-0.56,-0.424,-1.204,0.0,-0.135,-0.0,109.06,-0.000115,12.5
247.429,79.917,290.643,0.0066,0.00304,-0.666,-0.471,-0.906,0.0,-0.196,-0.0017,109.15,-0.000124,8.83
247.487,79.774,292.092,0.0107,0.00309,-0.538,-0.526,-0.923,0.0,-0.013,-0.0028,109.25,-0.000208,16.09
247.531,79.612,293.723,0.0153,0.00302,-0.686,-0.573,-1.1,0.0,-0.113,-0.0008,109.36,-7.1e-05,10.57
247.579,79.469,295.175,0.0192,0.00314,-0.598,-0.64,-0.94,0.0,0.042,-0.0045,109.46,-0.000169,7.66
247.635,79.309,296.81,0.0238,0.00298,-0.778,-0.688,-1.349,0.0,-0.089,0.0003,109.57,-0.000129,13.25
247.685,79.167,298.265,0.0275,0.0029,-0.661,-0.722,-0.967,0.0,0.06,0.0004,109.67,-4.7e-05,13.88
247.733,79.025,299.721,0.0312,0.00254,-0.7,-0.707,-0.663,0.0,0.006,0.0056,109.78,5.6e-05,11.79
247.778,78.867,301.361,0.0347,0.00231,-0.745,-0.658,0.301,0.0,-0.087,0.0052,109.88,-4.4e-05,6.3
247.835,78.727,302.82,0.0376,0.00191,-0.487,-0.604,0.965,0.0,0.117,0.0026,109.98,6.9e-05,11.94
247.882,78.571,304.463,0.0402,0.0014,-0.331,-0.536,1.091,0.0,0.205,0.0037,110.08,6.4e-05,9.21
247.935,78.432,305.925,0.0416,0.00112,-0.322,-0.464,1.35,0.0,0.142,0.003,110.19,5.8e-05,11.78
247.985,78.294,307.388,0.0429,0.00059,-0.178,-0.369,1.444,0.0,0.191,0.0057,110.28,5.8e-05,11.73
248.036,78.149,308.945,0.0436,0.00034,-0.156,-0.273,1.9,0.0,0.117,0.0035,110.38,5.3e-05,12.04
248.085,78.012,310.411,0.0439,2e-05,-0.058,-0.185,1.921,0.0,0.127,0.0022,110.49,1.3e-05,11.08
248.134,77.859,312.062,0.0436,-0.0001,-0.087,-0.13,1.755,0.0,0.042,-0.0014,110.59,-0.000109,9.47
248.189,77.724,313.531,0.0431,-0.00054,0.037,-0.059,1.11,0.0,0.096,0.0041,110.7,-0.000109,14.3
248.236,77.573,315.185,0.0421,-0.00049,0.1,-0.051,1.424,0.0,0.151,-0.0064,110.8,0.0,10.69
248.288,77.438,316.657,0.0411,-0.0008,0.19,-0.033,0.155,0.0,0.223,0.0017,110.9,0.0,12.58
248.339,77.287,318.314,0.0396,-0.00062,-0.081,-0.035,0.362,0.0,-0.046,-0.0023,111.0,-8.6e-05,12.45
248.387,77.154,319.789,0.0385,-0.00084,-0.015,-0.022,-0.052,0.0,0.007,0.0021,111.1,-8.6e-05,10.65
248.441,77.02,321.265,0.0372,-0.00096,0.148,-0.008,0.268,0.0,0.156,0.0005,111.19,-0.00015,14.01
248.494,76.87,322.927,0.0354,-0.00119,0.081,0.024,0.276,0.0,0.057,0.0031,111.29,3.3e-05,16.96
248.531,76.736,324.405,0.0336,-0.00126,0.114,0.06,0.648,0.0,0.054,0.0016,111.39,-0.000105,3.38
248.592,76.603,325.885,0.0315,-0.00149,0.193,0.119,0.722,0.0,0.075,0.0044,111.49,-1.5e-05,14.32
248.641,76.453,327.552,0.0289,-0.00167,0.262,0.198,1.166,0.0,0.064,0.005,111.59,2.2e-05,12.79
248.694,76.32,329.034,0.0264,-0.00178,0.352,0.284,1.586,0.0,0.068,0.0037,111.69,4e-06,15.5
248.74,76.17,330.703,0.0233,-0.00184,0.343,0.367,1.72,0.0,-0.025,0.0026,111.78,0.000174,11.28
248.786,76.028,332.282,0.0205,-0.00177,0.529,0.412,1.666,0.0,0.117,-0.0025,111.88,0.000187,6.92
248.838,75.894,333.768,0.0179,-0.00169,0.557,0.429,0.885,0.0,0.128,-0.0022,111.98,0.000267,9.09
248.893,75.751,335.349,0.0155,-0.00132,0.292,0.424,0.352,0.0,-0.132,-0.0026,112.08,0.000244,13.7
248.938,75.616,336.838,0.0138,-0.00087,0.331,0.374,-0.112,0.0,-0.043,-0.0064,112.18,0.000222,8.22
248.989,75.464,338.514,0.0125,-0.00061,0.217,0.307,-0.997,0.0,-0.09,-0.0041,112.28,0.000114,9.12
249.043,75.32,340.099,0.0119,-0.00011,0.162,0.21,-1.333,0.0,-0.048,-0.0065,112.37,-2.7e-05,12.3
249.089,75.184,341.592,0.012,0.00024,-0.161,0.111,-1.938,0.0,-0.272,-0.0038,112.48,0.000212,7.7
249.143,75.038,343.18,0.0127,0.00069,-0.115,-0.013,-1.992,0.0,-0.102,-0.0068,112.57,-5e-06,11.63
249.189,74.893,344.768,0.0139,0.00079,-0.259,-0.13,-2.474,0.0,-0.129,-0.0034,112.67,0.000137,8.16
249.247,74.755,346.265,0.0153,0.0011,-0.397,-0.268,-2.336,0.0,-0.129,-0.007,112.77,6e-06,15.4
249.296,74.609,347.857,0.0172,0.00121,-0.411,-0.413,-2.756,0.0,0.001,-0.0058,112.87,3.4e-05,13.57
249.342,74.462,349.45,0.0191,0.00115,-0.63,-0.515,-2.897,0.0,-0.115,0.0008,112.97,1.3e-05,9.63
249.389,74.324,350.95,0.0209,0.00075,-0.629,-0.521,-2.054,0.0,-0.108,0.0099,113.07,0.000196,6.44
249.439,74.178,352.546,0.0221,0.00024,-0.466,-0.443,-0.116,0.0,-0.024,0.0116,113.17,2.3e-05,6.36
249.493,74.032,354.143,0.0224,-0.00041,-0.264,-0.308,1.568,0.0,0.043,0.0106,113.27,0.000191,9.9
249.545,73.886,355.742,0.0217,-0.00103,0.043,-0.166,2.697,0.0,0.209,0.0056,113.36,0.00027,11.73
249.598,73.74,357.342,0.02,-0.00155,0.365,-0.034,2.831,0.0,0.399,0.0036,113.46,0.000253,14.24
249.646,73.595,358.944,0.0174,-0.00193,0.184,0.108,2.639,0.0,0.076,0.006,113.55,0.0002,12.22
249.693,73.449,360.547,0.0141,-0.00203,0.493,0.221,2.844,0.0,0.272,0.0009,113.66,0.000154,9.22
249.746,73.321,361.962,0.0111,-0.00256,0.474,0.355,2.267,0.0,0.119,0.0067,113.76,2.4e-05,11.22
249.797,73.176,363.568,0.0069,-0.00269,0.687,0.465,2.666,0.0,0.222,0.0015,113.85,-0.000121,12.11
249.846,73.031,365.175,0.0025,-0.00295,0.745,0.554,2.209,0.0,0.191,0.0008,113.95,-0.000114,10.8
249.894,72.886,366.784,-0.0022,-0.0029,0.761,0.599,1.77,0.0,0.162,-0.0029,114.05,5.5e-05,8.74
249.944,72.741,368.393,-0.0068,-0.00279,0.765,0.599,0.912,0.0,0.166,-0.0048,114.15,1.1e-05,8.58
249.998,72.595,370.005,-0.0112,-0.00262,0.513,0.576,0.003,0.0,-0.064,-0.0032,114.24,0.000107,11.56
250.05,72.449,371.617,-0.0152,-0.00238,0.68,0.511,-0.461,0.0,0.168,-0.0067,114.34,-8e-05,13.69
250.111,72.31,373.136,-0.0188,-0.00243,0.499,0.469,-1.298,0.0,0.031,0.0008,114.44,4.9e-05,24.36
250.146,72.172,374.656,-0.0223,-0.00214,0.339,0.448,-0.855,0.0,-0.109,0.0016,114.54,0.000138,9.51
250.202,72.023,376.273,-0.0257,-0.00214,0.374,0.479,-0.41,0.0,-0.105,0.0065,114.63,-1e-06,14.72
250.252,71.875,377.891,-0.0291,-0.00215,0.459,0.557,0.62,0.0,-0.099,0.0077,114.73,0.000124,14.74
250.303,71.725,379.51,-0.0326,-0.00212,0.52,0.645,1.565,0.0,-0.125,0.0041,114.82,0.000205,16.02
250.349,71.575,381.13,-0.0358,-0.0022,0.896,0.688,1.756,0.0,0.208,-0.0033,114.92,0.000145,11.61
250.396,71.433,382.657,-0.0388,-0.00178,0.787,0.651,0.848,0.0,0.136,-0.0096,115.01,0.000106,7.36
250.454,71.28,384.28,-0.0415,-0.00114,0.417,0.573,-0.735,0.0,-0.156,-0.007,115.12,6.3e-05,15.5
250.503,71.127,385.904,-0.0431,-0.00051,0.31,0.473,-1.556,0.0,-0.163,-0.0058,115.22,0.000215,14.97
250.547,70.974,387.53,-0.0435,-0.00015,0.095,0.373,-2.0,0.0,-0.278,-0.0035,115.32,-3.6e-05,8.37
250.599,70.828,389.061,-0.0434,0.00024,0.223,0.254,-1.995,0.0,-0.031,-0.0062,115.4,0.000126,10.06
250.654,70.673,390.689,-0.0426,0.00057,-0.028,0.135,-2.382,0.0,-0.163,-0.0042,115.49,0.000291,14.41
250.702,70.507,392.414,-0.0413,0.00113,-0.295,0.005,-2.391,0.0,-0.299,-0.0056,115.59,0.000175,11.96
250.761,70.35,394.045,-0.0391,0.00142,-0.208,-0.129,-2.601,0.0,-0.079,-0.005,115.7,0.000238,20.79
250.804,70.201,395.581,-0.0367,0.00144,-0.38,-0.217,-2.674,0.0,-0.163,0.0017,115.79,0.000228,13.83
250.855,70.052,397.119,-0.0343,0.00159,-0.53,-0.274,-1.76,0.0,-0.255,0.0012,115.89,0.000277,14.1
250.897,69.894,398.753,-0.0317,0.00147,-0.289,-0.312,-1.144,0.0,0.024,0.0007,115.98,0.000204,6.0
250.949,69.735,400.39,-0.0294,0.00111,-0.349,-0.303,-0.761,0.0,-0.046,0.0053,116.08,0.000186,7.44
251.001,69.576,402.027,-0.0276,0.001,-0.279,-0.281,0.186,0.0,0.002,0.0021,116.18,0.00025,10.01
251.053,69.417,403.666,-0.0262,0.00063,-0.133,-0.245,0.447,0.0,0.111,0.0027,116.27,0.000151,11.55
251.102,69.277,405.113,-0.0255,0.00026,-0.228,-0.194,0.724,0.0,-0.034,0.0033,116.37,0.000205,10.52
251.154,69.119,406.755,-0.0252,-2e-05,0.157,-0.171,1.021,0.0,0.328,-0.0022,116.47,9.8e-05,12.19
251.2,68.951,408.494,-0.0257,-0.00056,0.101,-0.128,0.454,0.0,0.228,0.0036,116.55,0.000159,8.37
251.253,68.794,410.139,-0.0267,-0.0007,-0.062,-0.072,0.86,0.0,0.011,0.0033,116.65,5.1e-05,10.49
251.305,68.654,411.591,-0.028,-0.00115,0.206,-0.004,1.111,0.0,0.21,0.0037,116.74,-0.000169,12.08
251.357,68.497,413.238,-0.0305,-0.00181,0.313,0.104,1.365,0.0,0.209,0.0079,116.84,2.9e-05,13.28
251.407,68.33,414.983,-0.0338,-0.00261,0.49,0.268,2.159,0.0,0.222,0.0116,116.94,-0.000203,12.77
251.458,68.173,416.633,-0.0381,-0.00307,0.718,0.432,3.275,0.0,0.286,0.0057,117.03,-0.000148,13.68
251.507,68.025,418.187,-0.0427,-0.0035,0.873,0.578,3.28,0.0,0.295,0.0033,117.12,-0.000146,12.74
251.555,67.868,419.84,-0.0483,-0.00374,0.88,0.713,2.934,0.0,0.168,0.0034,117.22,-2e-05,9.51
251.602,67.719,421.396,-0.054,-0.00383,1.048,0.828,2.685,0.0,0.22,0.002,117.31,-2.7e-05,6.53
251.658,67.552,423.149,-0.0605,-0.00398,1.047,0.943,2.303,0.0,0.105,0.004,117.41,2.3e-05,11.73
251.716,67.402,424.707,-0.0664,-0.00387,1.176,1.046,2.3,0.0,0.129,0.0024,117.51,2.6e-05,20.17
251.756,67.233,426.463,-0.073,-0.00386,1.122,1.161,2.066,0.0,-0.039,0.0052,117.6,-6.9e-05,9.1
251.807,67.082,428.024,-0.0787,-0.00348,1.181,1.239,2.3,0.0,-0.058,-0.0012,117.7,-7.1e-05,10.21
251.863,66.921,429.684,-0.0841,-0.00314,1.384,1.27,1.559,0.0,0.114,-0.0038,117.79,-2.5e-05,15.83
251.912,66.768,431.248,-0.0886,-0.00258,1.011,1.272,0.624,0.0,-0.261,-0.0031,117.89,-0.000152,15.29
251.962,66.594,433.009,-0.0923,-0.00147,1.012,1.17,0.029,0.0,-0.158,-0.0144,117.99,-0.000202,14.86
252.01,66.438,434.575,-0.094,-0.00061,0.802,0.991,-2.037,0.0,-0.189,-0.0143,118.08,0.000177,12.43
252.058,66.281,436.142,-0.0941,0.0007,0.392,0.737,-3.583,0.0,-0.346,-0.0166,118.18,-8.3e-05,10.2
252.114,66.112,437.808,-0.092,0.00198,0.044,0.425,-5.064,0.0,-0.381,-0.017,118.27,-0.000109,15.69
252.164,65.931,439.574,-0.0878,0.00326,-0.454,0.102,-6.24,0.0,-0.556,-0.0126,118.36,-3.8e-05,15.97
252.215,65.769,441.144,-0.082,0.00408,-0.756,-0.175,-6.478,0.0,-0.58,-0.0048,118.46,-2.3e-05,15.8
252.265,65.585,442.912,-0.0742,0.00473,-0.961,-0.405,-5.539,0.0,-0.556,-0.0031,118.55,-8.7e-05,15.97
252.31,65.431,444.387,-0.0668,0.00517,-0.986,-0.594,-4.601,0.0,-0.392,-0.0023,118.65,-6e-05,10.34
252.36,65.245,446.158,-0.0573,0.00545,-1.096,-0.749,-3.776,0.0,-0.347,-0.0018,118.74,-0.000159,10.48
252.411,65.069,447.831,-0.048,0.0057,-1.256,-0.893,-3.094,0.0,-0.363,-0.0039,118.83,-1.9e-05,11.35
252.459,64.914,449.309,-0.0396,0.00578,-1.153,-1.035,-2.88,0.0,-0.118,-0.0048,118.93,-4e-06,9.08
252.515,64.727,451.084,-0.0294,0.00558,-1.082,-1.143,-2.846,0.0,0.061,-0.0001,119.03,-4.4e-05,14.51
252.557,64.572,452.564,-0.0214,0.00538,-1.531,-1.18,-2.151,0.0,-0.351,0.0061,119.12,9.7e-05,6.6
252.613,64.387,454.342,-0.0121,0.00511,-1.174,-1.201,-0.74,0.0,0.027,0.0009,119.21,-0.000245,11.96
252.665,64.213,456.023,-0.0042,0.00409,-0.909,-1.15,-0.422,0.0,0.242,0.0092,119.31,7.1e-05,13.38
252.718,64.05,457.606,0.0018,0.00342,-1.01,-1.033,1.008,0.0,0.023,0.0112,119.4,9e-05,15.76
252.766,63.879,459.289,0.0071,0.00276,-0.696,-0.892,2.354,0.0,0.196,0.0073,119.49,-0.000202,13.94
252.818,63.699,461.073,0.011,0.00171,-0.381,-0.715,2.813,0.0,0.335,0.01,119.58,-6.8e-05,14.93
252.868,63.54,462.66,0.013,0.0008,-0.186,-0.523,3.536,0.0,0.337,0.0083,119.67,-2e-06,14.77
252.914,63.373,464.348,0.0135,2e-05,0.138,-0.353,3.845,0.0,0.49,0.0036,119.76,6.2e-05,10.82
252.965,63.197,466.137,0.0128,-0.00073,0.162,-0.182,3.403,0.0,0.344,0.006,119.85,9e-06,11.09
253.014,63.052,467.628,0.011,-0.00128,0.292,-0.007,3.417,0.0,0.299,0.0065,119.93,0.000121,10.42
253.064,62.879,469.42,0.008,-0.00198,0.534,0.177,3.5,0.0,0.357,0.0074,120.0,9.2e-05,10.03
253.113,62.735,470.913,0.0046,-0.00258,0.528,0.362,3.682,0.0,0.167,0.0065,120.08,0.000231,8.54
253.163,62.574,472.607,-0.0,-0.00287,1.044,0.498,3.69,0.0,0.547,-0.0003,120.13,0.000257,8.48
253.215,62.403,474.401,-0.0055,-0.00327,0.778,0.645,2.728,0.0,0.132,0.0063,120.15,-8.6e-05,10.34
253.263,62.261,475.896,-0.0103,-0.003,0.704,0.752,2.949,0.0,-0.048,-0.0006,120.16,0.000231,8.09
253.316,62.091,477.69,-0.0157,-0.00325,0.938,0.808,2.131,0.0,0.13,-0.0033,120.16,3.6e-05,11.02
253.366,61.93,479.385,-0.0213,-0.00278,0.888,0.791,1.121,0.0,0.096,-0.0082,120.14,9.5e-05,10.38
253.42,61.769,481.079,-0.0259,-0.00249,0.748,0.741,-0.332,0.0,0.007,-0.0052,120.13,5.1e-05,13.69
253.469,61.616,482.673,-0.0296,-0.00204,0.568,0.667,-0.998,0.0,-0.099,-0.0052,120.1,-7e-05,12.33
253.524,61.454,484.366,-0.0328,-0.00163,0.543,0.561,-1.489,0.0,-0.018,-0.007,120.07,-5.3e-05,17.12
253.572,61.281,486.159,-0.0353,-0.00128,0.324,0.45,-2.125,0.0,-0.126,-0.0043,120.0,1.4e-05,14.97
253.621,61.137,487.651,-0.0369,-0.00083,0.25,0.346,-2.206,0.0,-0.096,-0.003,119.95,-7.2e-05,13.63
253.671,60.973,489.342,-0.038,-0.00054,0.007,0.27,-2.09,0.0,-0.263,0.0004,119.88,-8.6e-05,13.01
253.719,60.808,491.032,-0.0386,-0.00016,-0.121,0.198,-1.514,0.0,-0.319,-0.0022,119.82,-0.000134,11.32
253.771,60.632,492.82,-0.0383,-0.00036,-0.036,0.168,-1.445,0.0,-0.204,0.0034,119.75,0.000215,12.64
253.823,60.485,494.309,-0.0386,0.00025,-0.142,0.122,-0.599,0.0,-0.265,-0.0032,119.69,0.000151,15.08
253.871,60.317,495.996,-0.0376,0.00035,0.019,0.082,-0.914,0.0,-0.064,-0.0008,119.62,-1e-05,12.05
253.923,60.149,497.681,-0.0366,0.0004,-0.073,0.074,-0.798,0.0,-0.147,0.003,119.55,0.00011,14.68
253.971,59.981,499.366,-0.0357,0.00067,-0.091,0.066,-0.171,0.0,-0.157,-0.0001,119.48,0.000109,11.75
254.023,59.812,501.05,-0.0343,0.00083,0.012,0.04,-0.149,0.0,-0.028,-0.0029,119.4,-6.5e-05,13.57
254.071,59.653,502.633,-0.0328,0.00095,-0.047,0.012,-0.529,0.0,-0.059,-0.0011,119.31,-7e-06,10.51
254.122,59.483,504.314,-0.031,0.00122,-0.207,-0.018,-0.555,0.0,-0.189,-0.0013,119.21,-1e-05,11.65
254.174,59.314,505.993,-0.0288,0.00142,-0.163,-0.074,-0.609,0.0,-0.089,-0.0046,119.11,4.3e-05,13.45
254.222,59.145,507.671,-0.0264,0.0015,-0.175,-0.166,-1.123,0.0,-0.009,-0.0069,119.0,-7.5e-05,10.66
254.274,58.975,509.348,-0.0237,0.00167,-0.171,-0.289,-1.83,0.0,0.118,-0.0076,118.9,3.5e-05,12.41
254.325,58.826,510.826,-0.0212,0.00177,-0.438,-0.383,-2.454,0.0,-0.055,-0.0004,118.77,-1.2e-05,13.61
254.372,58.657,512.499,-0.018,0.00179,-0.581,-0.414,-1.895,0.0,-0.167,0.0057,118.59,0.000135,10.1
254.422,58.478,514.267,-0.0149,0.00129,-0.262,-0.385,-0.605,0.0,0.123,0.0071,118.39,-0.000105,9.71
254.475,58.31,515.934,-0.0128,0.00085,-0.305,-0.308,0.565,0.0,0.004,0.0078,118.2,5e-05,12.96
254.528,58.143,517.599,-0.0116,0.00062,-0.247,-0.223,1.542,0.0,-0.024,0.0038,118.02,0.000174,14.89
254.576,57.986,519.163,-0.0108,0.00023,0.066,-0.147,1.702,0.0,0.212,0.0018,117.81,-0.000305,12.31
254.625,57.82,520.822,-0.0107,-0.00016,0.095,-0.068,1.529,0.0,0.163,0.003,117.62,1.8e-05,11.64
254.68,57.655,522.479,-0.0111,-0.00027,0.129,0.004,1.576,0.0,0.125,0.0018,117.42,-2e-06,16.16
254.731,57.5,524.036,-0.0116,-0.00048,0.122,0.069,1.444,0.0,0.054,0.0014,117.23,-4.7e-05,16.51
254.779,57.336,525.687,-0.0126,-0.00068,0.327,0.12,1.286,0.0,0.206,0.0005,117.04,3.7e-05,13.8
254.829,57.173,527.335,-0.0139,-0.00094,0.263,0.175,1.033,0.0,0.088,0.0022,116.85,0.000115,13.48
254.878,57.0,529.078,-0.0155,-0.00098,0.332,0.214,1.084,0.0,0.118,-0.0002,116.66,-4.2e-05,11.85
254.933,56.857,530.528,-0.017,-0.00104,0.18,0.256,0.787,0.0,-0.076,0.0018,116.47,0.00013,16.95
254.977,56.695,532.169,-0.0187,-0.00101,0.479,0.287,0.849,0.0,0.192,-0.0002,116.29,0.000259,10.77
255.03,56.523,533.903,-0.0204,-0.00114,0.329,0.345,0.61,0.0,-0.016,0.0049,116.09,-0.000145,13.36
255.08,56.361,535.538,-0.0222,-0.00085,0.107,0.385,1.162,0.0,-0.278,-0.0005,115.9,0.000137,12.93
255.132,56.218,536.978,-0.0233,-0.00072,0.669,0.355,0.802,0.0,0.314,-0.0084,115.71,0.000242,15.12
255.183,56.056,538.608,-0.0243,-0.00083,0.303,0.336,-0.596,0.0,-0.033,0.0004,115.51,8e-05,15.16
255.235,55.894,540.235,-0.0255,-0.00017,0.159,0.272,-0.389,0.0,-0.113,-0.0069,115.34,6.5e-05,17.27
255.28,55.733,541.86,-0.0257,-0.00012,0.2,0.208,-1.274,0.0,-0.007,-0.0023,115.16,5.2e-05,11.46
255.332,55.561,543.577,-0.0258,-1e-05,0.069,0.169,-1.287,0.0,-0.1,0.0013,114.97,0.000186,13.53
255.378,55.418,545.006,-0.0257,0.00022,-0.089,0.128,-0.774,0.0,-0.216,-0.0017,114.78,2.9e-05,8.96
255.426,55.257,546.622,-0.0253,0.00036,0.103,0.054,-0.826,0.0,0.05,-0.006,114.61,-0.000149,7.17
255.482,55.095,548.236,-0.0246,0.00045,0.04,-0.022,-1.48,0.0,0.062,-0.0029,114.41,-0.000262,12.98
255.532,54.933,549.848,-0.0236,0.00079,-0.27,-0.087,-1.52,0.0,-0.183,-0.0011,114.23,-0.000251,12.26
255.583,54.771,551.456,-0.022,0.00078,0.067,-0.16,-1.298,0.0,0.227,-0.0034,114.04,0.000231,13.09
255.632,54.609,553.062,-0.0204,0.00053,-0.224,-0.184,-1.456,0.0,-0.039,0.0042,113.85,-0.000107,12.13
255.684,54.447,554.665,-0.0196,0.0008,-0.428,-0.199,-0.487,0.0,-0.23,0.0006,113.67,8e-06,13.32
255.734,54.285,556.266,-0.0181,0.00066,-0.196,-0.211,-0.283,0.0,0.015,-0.0002,113.49,0.000181,13.47
255.787,54.124,557.864,-0.0171,0.00018,-0.053,-0.172,-0.247,0.0,0.119,0.0067,113.31,0.000169,15.86
255.824,53.972,559.366,-0.0168,-2e-05,0.018,-0.086,0.772,0.0,0.103,0.008,113.12,-9.4e-05,3.15
255.885,53.811,560.959,-0.0169,-0.00022,-0.094,0.058,1.729,0.0,-0.152,0.011,112.95,-0.000281,13.89
255.931,53.67,562.362,-0.0173,-0.00039,0.149,0.207,2.867,0.0,-0.058,0.0059,112.76,-0.000112,9.95
255.985,53.51,563.951,-0.0179,-0.00072,0.461,0.327,2.994,0.0,0.134,0.001,112.58,2.6e-05,13.85
256.034,53.351,565.536,-0.019,-0.00068,0.597,0.358,2.391,0.0,0.239,-0.0081,112.4,5.4e-05,11.68
256.09,53.191,567.119,-0.02,-0.00036,0.5,0.293,0.633,0.0,0.207,-0.0125,112.22,3.1e-05,16.91
256.139,53.032,568.699,-0.0205,9e-05,0.283,0.177,-1.312,0.0,0.105,-0.0092,112.04,4.8e-05,16.02
256.187,52.873,570.277,-0.0203,0.00041,-0.306,0.079,-2.307,0.0,-0.385,-0.0017,111.86,0.000275,13.71
256.237,52.714,571.852,-0.0196,0.00068,0.034,-0.029,-1.971,0.0,0.063,-0.0047,111.67,-3.2e-05,12.91
256.289,52.546,573.517,-0.0186,0.00032,-0.012,-0.059,-2.154,0.0,0.047,0.0071,111.48,8.2e-05,14.88
256.338,52.406,574.903,-0.0181,0.00059,-0.303,-0.03,-0.603,0.0,-0.272,0.0072,111.32,-0.000185,13.35
256.389,52.248,576.47,-0.0171,0.00065,-0.309,0.026,0.574,0.0,-0.336,0.0049,111.14,-2.3e-05,13.53
256.438,52.081,578.128,-0.0161,0.00045,0.066,0.063,1.128,0.0,0.004,-0.0008,110.96,-0.000232,12.07
256.489,51.941,579.506,-0.0155,0.00028,0.341,0.049,0.733,0.0,0.292,-0.0058,110.78,-0.00056,12.97
256.543,51.783,581.066,-0.015,0.00051,0.067,-0.013,-0.278,0.0,0.08,-0.0072,110.61,-0.000382,17.21
256.59,51.616,582.715,-0.0139,0.00097,-0.237,-0.113,-1.244,0.0,-0.124,-0.0075,110.43,-0.000521,12.75
256.641,51.477,584.088,-0.0125,0.00111,-0.317,-0.209,-2.003,0.0,-0.108,-0.0029,110.25,-0.000597,13.78
256.691,51.311,585.732,-0.0107,0.00102,-0.272,-0.275,-1.917,0.0,0.004,0.0008,110.07,-0.000462,13.56
256.735,51.154,587.282,-0.0092,0.00086,-0.254,-0.289,-1.318,0.0,0.035,0.0049,109.89,-0.000264,6.57
256.79,50.998,588.829,-0.008,0.00063,-0.48,-0.236,-0.285,0.0,-0.244,0.009,109.71,-0.00056,10.99
256.843,50.851,590.283,-0.0072,0.0004,-0.038,-0.153,1.069,0.0,0.115,0.006,109.55,-0.000489,13.73
256.891,50.696,591.826,-0.0068,-0.00028,0.008,-0.0,1.663,0.0,0.008,0.0126,109.37,-0.000389,11.8
256.945,50.532,593.457,-0.0074,-0.00037,0.367,0.163,3.049,0.0,0.204,0.0068,109.19,-0.000354,15.75
256.99,50.396,594.814,-0.008,-0.00063,0.243,0.36,3.259,0.0,-0.116,0.0104,109.01,-0.000361,10.03
257.044,50.233,596.44,-0.0091,-0.00042,0.448,0.511,3.939,0.0,-0.064,0.0005,108.84,-0.000544,13.62
257.087,50.08,597.972,-0.0097,-0.00032,0.831,0.592,3.033,0.0,0.239,-0.0047,108.67,4.7e-05,6.87
257.139,49.935,599.413,-0.0102,0.0001,0.495,0.609,1.607,0.0,-0.114,-0.006,108.49,-0.000278,8.35
257.194,49.782,600.941,-0.01,0.00118,0.36,0.5,0.347,0.0,-0.14,-0.017,108.32,-4e-06,12.94
257.247,49.638,602.377,-0.0083,0.00198,0.22,0.31,-2.172,0.0,-0.09,-0.0153,108.15,-5.5e-05,15.61
257.3,49.484,603.9,-0.0053,0.00301,-0.254,0.094,-3.814,0.0,-0.348,-0.0101,107.99,-0.000253,18.15
257.346,49.331,605.42,-0.0007,0.00415,-0.846,-0.14,-4.313,0.0,-0.706,-0.0101,107.81,-0.000162,13.88
257.398,49.168,607.028,0.0059,0.00498,-0.749,-0.408,-4.679,0.0,-0.341,-0.013,107.64,-0.000193,15.97
257.444,49.033,608.365,0.0125,0.00551,-1.02,-0.665,-5.364,0.0,-0.356,-0.0077,107.47,-0.000128,11.67
257.498,48.879,609.879,0.0205,0.00638,-1.434,-0.928,-5.127,0.0,-0.506,-0.01,107.3,-0.000298,15.22
257.546,48.717,611.479,0.0303,0.007,-1.707,-1.205,-5.279,0.0,-0.501,-0.011,107.13,-0.000161,12.66
257.596,48.583,612.81,0.0391,0.00719,-1.796,-1.473,-5.538,0.0,-0.323,-0.0084,106.97,3.3e-05,12.91
257.646,48.422,614.405,0.0499,0.0072,-1.629,-1.721,-5.352,0.0,0.092,-0.0067,106.78,-4.7e-05,11.97
257.696,48.272,615.909,0.0599,0.00705,-2.371,-1.879,-4.967,0.0,-0.492,0.004,106.62,0.000168,12.26
257.743,48.141,617.234,0.0687,0.00615,-2.159,-1.9,-3.149,0.0,-0.259,0.0135,106.46,0.000168,9.1
257.8,47.985,618.822,0.0784,0.00589,-1.738,-1.906,-0.429,0.0,0.168,0.0015,106.29,-1.6e-05,15.69
257.85,47.84,620.319,0.0863,0.00449,-1.716,-1.778,-0.107,0.0,0.062,0.0184,106.12,0.00013,15.16
257.897,47.697,621.815,0.0923,0.00358,-1.425,-1.577,2.548,0.0,0.152,0.0147,105.96,0.000221,11.46
257.95,47.565,623.22,0.0963,0.00206,-0.765,-1.313,4.023,0.0,0.549,0.0157,105.79,0.00026,14.64
257.998,47.427,624.711,0.0984,0.00066,-0.485,-1.0,5.271,0.0,0.515,0.0162,105.62,-0.00017,12.67
258.049,47.284,626.287,0.0984,-0.00039,-0.146,-0.691,6.27,0.0,0.545,0.0103,105.44,9.5e-05,12.78
258.101,47.166,627.599,0.0971,-0.00145,0.086,-0.406,6.183,0.0,0.492,0.0073,105.29,-6.4e-05,14.93
258.159,47.035,629.083,0.0941,-0.00241,0.588,-0.166,5.686,0.0,0.754,0.0038,105.12,0.000137,22.77
258.202,46.898,630.653,0.0894,-0.00345,0.744,0.069,4.804,0.0,0.676,0.0076,104.94,-0.0002,14.41
258.254,46.786,631.958,0.0842,-0.00401,0.693,0.279,4.698,0.0,0.413,0.0048,104.78,-3.8e-05,16.48
258.301,46.661,633.436,0.0776,-0.00467,1.019,0.469,4.214,0.0,0.55,0.0044,104.62,0.000278,13.45
258.35,46.529,634.999,0.0698,-0.00536,0.995,0.665,3.793,0.0,0.33,0.0075,104.46,-3.6e-05,12.04
258.402,46.406,636.472,0.0615,-0.00576,1.383,0.835,3.919,0.0,0.548,0.0032,104.3,0.000353,13.93
258.454,46.298,637.77,0.0539,-0.00624,1.382,1.015,3.396,0.0,0.367,0.0074,104.13,0.000393,15.32
258.501,46.176,639.239,0.0446,-0.00623,1.317,1.195,3.611,0.0,0.122,0.0062,103.96,0.000278,12.41
258.555,46.047,640.792,0.0352,-0.00622,1.315,1.361,3.593,0.0,-0.046,0.0044,103.81,0.000351,16.4
258.605,45.924,642.256,0.0265,-0.00604,1.842,1.449,3.328,0.0,0.392,-0.0051,103.65,0.000324,15.18
258.652,45.815,643.546,0.0194,-0.00573,1.461,1.492,1.76,0.0,-0.03,-0.0033,103.48,0.000422,12.32
258.706,45.684,645.091,0.011,-0.00453,1.354,1.432,0.847,0.0,-0.079,-0.0127,103.31,0.000396,15.92
258.752,45.559,646.548,0.0051,-0.00376,0.91,1.314,-1.189,0.0,-0.404,-0.0103,103.15,0.000176,11.1
258.801,45.432,648.003,0.0003,-0.00286,0.672,1.159,-2.367,0.0,-0.487,-0.0092,103.0,0.000176,10.28
258.853,45.312,649.37,-0.0029,-0.00165,0.75,0.889,-3.099,0.0,-0.138,-0.0215,102.91,0.000173,11.32
258.91,45.183,650.822,-0.0046,-0.00084,0.318,0.581,-5.408,0.0,-0.262,-0.0147,102.86,0.000428,17.62
258.953,45.045,652.358,-0.0049,0.00054,-0.478,0.23,-6.155,0.0,-0.708,-0.0168,102.83,-5.4e-05,10.88
259.006,44.928,653.638,-0.0037,0.00144,-0.36,-0.143,-7.024,0.0,-0.217,-0.0153,102.78,-0.000213,13.41
259.057,44.795,655.087,-0.0012,0.00161,-0.905,-0.41,-7.453,0.0,-0.495,0.0017,102.75,-0.000162,14.36
259.111,44.661,656.536,0.0015,0.00218,-1.139,-0.63,-5.342,0.0,-0.509,-0.0027,102.72,-4.7e-05,17.75
259.159,44.519,658.07,0.005,0.00191,-0.936,-0.774,-4.39,0.0,-0.162,0.0029,102.69,-0.000272,14.59
259.208,44.4,659.348,0.0077,0.00149,-0.915,-0.822,-2.882,0.0,-0.094,0.0084,102.65,-0.00056,13.47
259.26,44.266,660.796,0.01,0.00113,-0.788,-0.804,-0.955,0.0,0.016,0.0075,102.63,-0.000326,15.09
259.311,44.123,662.328,0.0118,0.00051,-0.736,-0.718,0.351,0.0,-0.017,0.0101,102.6,-0.000204,15.85
259.362,43.989,663.775,0.0125,-0.00013,-0.519,-0.577,1.712,0.0,0.058,0.0108,102.57,4.8e-05,16.17
259.412,43.87,665.052,0.0125,-0.00104,0.023,-0.371,2.838,0.0,0.394,0.0138,102.56,0.000182,16.02
259.461,43.729,666.583,0.011,-0.00191,0.293,-0.086,4.101,0.0,0.379,0.0183,102.54,0.000105,15.04
259.511,43.595,668.03,0.0081,-0.00248,0.16,0.246,5.703,0.0,-0.086,0.0165,102.51,-6.9e-05,14.89
259.557,43.471,669.391,0.0046,-0.0031,0.959,0.539,6.641,0.0,0.419,0.0062,102.5,0.000367,10.49
259.614,43.338,670.837,0.0003,-0.00395,1.43,0.826,5.866,0.0,0.605,0.0093,102.49,3.2e-05,17.08
259.659,43.214,672.197,-0.0052,-0.00415,1.519,1.051,5.734,0.0,0.468,0.0014,102.47,3.2e-05,12.29
259.711,43.074,673.728,-0.0114,-0.00397,1.436,1.233,4.503,0.0,0.204,0.0018,102.46,0.000548,13.54
259.761,42.942,675.173,-0.0169,-0.00346,1.173,1.367,3.631,0.0,-0.194,-0.0003,102.44,0.000295,13.29
259.815,42.825,676.448,-0.0209,-0.00276,1.264,1.372,2.681,0.0,-0.108,-0.0133,102.42,0.000398,17.29
259.863,42.684,677.978,-0.0247,-0.00204,1.427,1.212,0.11,0.0,0.215,-0.0229,102.42,0.000362,15.11
259.913,42.55,679.422,-0.027,-0.00085,0.798,0.908,-3.202,0.0,-0.11,-0.0256,102.4,0.000382,14.67
259.962,42.415,680.867,-0.0276,0.0008,0.163,0.507,-6.072,0.0,-0.344,-0.0242,102.37,0.000132,13.09
260.01,42.286,682.226,-0.0261,0.00187,-0.474,0.125,-8.024,0.0,-0.599,-0.0114,102.37,0.000237,10.62
260.06,42.149,683.669,-0.0231,0.00271,-0.905,-0.19,-7.647,0.0,-0.715,-0.004,102.36,1.4e-05,10.6
260.111,42.011,685.112,-0.0188,0.00304,-0.931,-0.465,-6.304,0.0,-0.467,-0.0053,102.34,5.3e-05,10.92
260.166,41.881,686.471,-0.0143,0.00311,-0.759,-0.71,-5.484,0.0,-0.049,-0.0056,102.32,-7.2e-05,14.92
260.222,41.734,687.998,-0.0094,0.00303,-1.301,-0.893,-4.915,0.0,-0.408,0.0002,102.31,-2.2e-05,21.67
260.261,41.612,689.271,-0.0055,0.00302,-1.319,-1.013,-3.653,0.0,-0.307,0.0024,102.3,-2.2e-05,9.5
260.315,41.465,690.798,-0.0008,0.00298,-0.917,-1.131,-2.393,0.0,0.214,-0.004,102.27,0.00023,13.24
260.364,41.327,692.24,0.0029,0.0021,-1.317,-1.127,-2.369,0.0,-0.19,0.013,102.25,0.000105,11.91
260.412,41.19,693.682,0.0057,0.00174,-0.91,-1.069,0.082,0.0,0.158,0.0077,102.23,0.000152,10.52
260.462,41.069,694.954,0.0074,0.00033,-0.632,-0.884,1.168,0.0,0.252,0.0197,102.22,0.000405,10.03
260.516,40.925,696.48,0.0075,-0.00072,-0.275,-0.608,3.7,0.0,0.332,0.0191,102.2,0.000293,14.21
260.571,40.789,697.921,0.0059,-0.00205,0.102,-0.253,5.516,0.0,0.355,0.0207,102.18,-1.9e-05,18.7
260.617,40.655,699.363,0.0025,-0.00325,0.789,0.139,7.097,0.0,0.649,0.0176,102.15,0.000268,13.8
260.674,40.522,700.804,-0.0027,-0.00445,1.041,0.56,7.845,0.0,0.482,0.0176,102.13,6.1e-05,20.64
260.719,40.389,702.244,-0.0094,-0.00504,1.528,0.913,8.406,0.0,0.616,0.0053,102.12,0.000157,15.56
260.77,40.257,703.685,-0.0167,-0.00564,1.698,1.196,7.066,0.0,0.502,0.0026,102.11,-3.4e-05,16.11
260.821,40.133,705.04,-0.0244,-0.00565,1.897,1.363,5.672,0.0,0.534,-0.0065,102.09,-0.000267,17.15
260.869,40.001,706.48,-0.0324,-0.00554,1.846,1.432,3.329,0.0,0.414,-0.0078,102.06,-0.000122,14.03
260.917,39.877,707.835,-0.0398,-0.00509,1.441,1.429,1.384,0.0,0.012,-0.0077,102.05,-0.000285,12.42
260.969,39.744,709.275,-0.0469,-0.00453,1.467,1.364,-0.07,0.0,0.103,-0.0087,102.04,-0.000124,13.43
261.016,39.618,710.629,-0.0526,-0.00383,1.289,1.258,-1.297,0.0,0.03,-0.0079,102.02,-0.000124,10.81
261.074,39.483,712.068,-0.0579,-0.00341,1.133,1.161,-2.105,0.0,-0.028,-0.0026,102.0,-8e-05,18.19
261.127,39.339,713.591,-0.0625,-0.00271,0.638,1.084,-1.948,0.0,-0.446,-0.0005,101.99,-0.000264,20.78
261.172,39.218,714.86,-0.0654,-0.00195,0.566,0.976,-1.533,0.0,-0.41,-0.0071,101.97,-0.000621,15.57
261.221,39.071,716.382,-0.0678,-0.00153,0.842,0.846,-2.164,0.0,-0.004,-0.0069,101.95,-0.000341,14.17
261.265,38.939,717.735,-0.0692,-0.00099,0.333,0.75,-2.607,0.0,-0.417,0.0002,101.93,-6.6e-05,7.95
261.322,38.798,719.172,-0.07,0.00011,0.266,0.626,-1.926,0.0,-0.36,-0.0071,101.91,-9.6e-05,14.42
261.371,38.655,720.608,-0.0691,0.00056,0.01,0.545,-2.465,0.0,-0.536,0.0016,101.9,0.000107,14.12
261.423,38.511,722.044,-0.0677,0.00132,0.011,0.443,-1.623,0.0,-0.431,-0.0058,101.8,-0.000234,15.47
261.473,38.365,723.478,-0.0651,0.00179,0.147,0.294,-2.05,0.0,-0.147,-0.0101,101.65,0.000313,15.41
261.524,38.219,724.909,-0.062,0.00257,-0.282,0.102,-2.979,0.0,-0.384,-0.0112,101.48,-0.00012,16.52
261.57,38.073,726.338,-0.0581,0.00356,-0.398,-0.122,-3.838,0.0,-0.275,-0.0112,101.33,-4.1e-05,12.27
261.621,37.943,727.596,-0.0533,0.00405,-0.571,-0.331,-4.486,0.0,-0.24,-0.0056,101.16,-4.1e-05,12.31
261.672,37.795,729.021,-0.0472,0.00449,-0.934,-0.461,-4.167,0.0,-0.474,0.0037,101.01,0.00053,13.43
261.725,37.648,730.443,-0.0405,0.00506,-1.199,-0.562,-2.598,0.0,-0.636,-0.0006,100.85,0.000572,15.21
261.776,37.509,731.779,-0.0336,0.00523,-1.06,-0.686,-2.037,0.0,-0.373,-0.0066,100.69,0.000883,16.07
261.823,37.362,733.197,-0.0262,0.00531,-0.684,-0.885,-2.476,0.0,0.201,-0.0147,100.53,-0.000166,13.17
261.875,37.215,734.612,-0.0187,0.00546,-1.12,-1.098,-3.965,0.0,-0.022,-0.0091,100.32,0.000515,14.81
261.925,37.07,736.025,-0.0113,0.006,-1.667,-1.319,-4.274,0.0,-0.347,-0.0085,100.11,1.5e-05,14.16
261.976,36.925,737.434,-0.0034,0.00575,-1.601,-1.468,-4.419,0.0,-0.133,0.0023,99.92,-0.0003,14.56
262.028,36.782,738.841,0.004,0.00492,-1.645,-1.469,-2.98,0.0,-0.176,0.0155,99.72,0.000437,16.63
262.077,36.657,740.08,0.0096,0.00407,-0.998,-1.41,-0.015,0.0,0.411,0.0083,99.54,0.000281,15.54
262.127,36.5,741.647,0.0154,0.00297,-1.375,-1.298,1.184,0.0,-0.077,0.0094,99.39,0.000799,15.08
262.176,36.37,742.964,0.0186,0.00188,-1.062,-1.117,2.237,0.0,0.055,0.0135,99.23,0.000799,13.5
262.227,36.233,744.362,0.0208,0.00119,-0.331,-1.037,3.61,0.0,0.706,-0.0077,99.07,-2.3e-05,13.58
262.284,36.098,745.758,0.0215,-0.00042,0.057,-0.985,1.608,0.0,1.042,-0.0012,98.91,0.000582,20.38
262.329,35.965,747.151,0.0202,-0.0014,-0.344,-0.757,1.032,0.0,0.413,0.0265,98.75,0.00037,15.25
262.378,35.834,748.543,0.0175,-0.00242,-0.069,-0.43,4.567,0.0,0.361,0.0218,98.6,0.000378,13.92
262.433,35.72,749.769,0.014,-0.00433,0.154,0.098,6.546,0.0,0.056,0.0395,98.43,0.000334,18.89
262.478,35.592,751.156,0.0078,-0.0058,1.94,0.677,10.563,0.0,1.263,0.0255,98.26,0.000114,13.43
262.528,35.457,752.623,-0.0004,-0.00737,1.627,1.234,11.573,0.0,0.394,0.0171,98.11,0.000681,12.89
262.575,35.33,754.005,-0.0108,-0.00693,2.174,1.518,11.13,0.0,0.656,-0.0185,97.96,0.00044,9.3
262.626,35.202,755.386,-0.0197,-0.00748,2.787,1.587,5.698,0.0,1.199,-0.0202,97.75,0.000702,10.23
262.678,35.083,756.681,-0.0293,-0.00724,2.774,1.622,1.378,0.0,1.151,-0.0023,97.47,0.000702,12.38
262.731,34.956,758.054,-0.0391,-0.00702,1.858,1.72,0.7,0.0,0.137,0.01,97.17,0.000801,14.95
262.782,34.836,759.342,-0.0478,-0.00612,1.828,1.706,1.958,0.0,0.122,-0.0122,96.9,0.001157,15.69
262.832,34.708,760.707,-0.0559,-0.00624,1.28,1.714,-0.275,0.0,-0.433,0.0025,96.6,0.000948,15.05
262.879,34.573,762.147,-0.0643,-0.0057,2.183,1.68,0.147,0.0,0.504,-0.0055,96.31,0.00094,11.91
262.927,34.458,763.344,-0.0701,-0.00566,1.464,1.686,-0.679,0.0,-0.222,0.0044,96.03,0.000955,9.75
262.981,34.32,764.775,-0.0774,-0.00417,1.311,1.59,0.128,0.0,-0.278,-0.0142,95.73,0.001662,13.18
263.034,34.196,766.043,-0.0812,-0.00355,1.135,1.49,-1.935,0.0,-0.356,-0.0037,95.46,0.001913,16.01
263.081,34.062,767.387,-0.0851,-0.00206,0.691,1.295,-1.982,0.0,-0.604,-0.0169,95.16,0.001913,12.25
263.13,33.934,768.647,-0.0871,-0.00098,0.422,0.935,-3.904,0.0,-0.513,-0.0299,94.85,0.003042,11.44
263.179,33.789,770.06,-0.0876,4e-05,0.38,0.551,-7.205,0.0,-0.171,-0.0159,94.55,0.003081,10.16
263.235,33.65,771.39,-0.0868,0.00075,-0.551,0.187,-7.682,0.0,-0.738,-0.0106,94.28,0.003132,16.36
263.279,33.518,772.638,-0.085,0.00185,-0.613,-0.241,-7.279,0.0,-0.372,-0.0216,93.99,0.002653,10.0
263.334,33.377,773.96,-0.0816,0.00161,-0.88,-0.616,-8.552,0.0,-0.263,-0.0077,93.7,0.003052,14.99
263.386,33.243,775.2,-0.0787,0.00166,-1.034,-0.842,-7.513,0.0,-0.191,0.0078,93.4,0.004436,16.87
263.432,33.102,776.514,-0.0763,0.00201,-1.16,-1.009,-4.523,0.0,-0.15,0.0004,93.11,0.004436,12.22
263.485,32.951,777.9,-0.074,0.00114,-1.335,-0.999,-3.338,0.0,-0.335,0.0189,92.79,0.00405,14.59
263.534,32.827,779.051,-0.073,-9e-05,-0.683,-0.848,0.199,0.0,0.165,0.0201,92.44,0.004854,14.37
263.586,32.678,780.426,-0.0732,-0.00197,-0.06,-0.619,3.026,0.0,0.559,0.0162,92.01,0.004837,15.6
263.638,32.538,781.718,-0.0757,-0.0036,0.476,-0.566,4.59,0.0,1.042,-0.0167,91.53,0.004981,16.73
263.687,32.415,782.852,-0.0791,-0.00529,0.185,-0.591,1.044,0.0,0.776,-0.0089,90.99,0.005375,16.05
263.739,32.27,784.205,-0.0855,-0.00725,0.576,-0.677,-0.492,0.0,1.252,-0.0094,90.44,0.005885,17.62
263.787,32.134,785.475,-0.0951,-0.00785,0.854,-0.647,-1.711,0.0,1.502,0.0131,89.87,0.005885,14.71
263.837,32.007,786.663,-0.1054,-0.0111,0.625,-0.199,0.586,0.0,0.824,0.0595,89.32,0.006137,14.96
263.883,31.867,787.991,-0.1208,-0.01447,1.831,0.598,8.959,0.0,1.234,0.0644,88.8,0.006465,10.58
263.942,31.743,789.164,-0.1366,-0.01942,3.569,1.797,15.94,0.0,1.772,0.084,88.24,0.006295,19.71
263.988,31.613,790.403,-0.1579,-0.024,5.898,2.962,23.983,0.0,2.936,0.0371,87.66,0.006605,15.2
264.037,31.49,791.562,-0.1854,-0.02313,5.851,3.674,23.298,0.0,2.178,-0.0226,87.09,0.006605,13.92
264.091,31.36,792.784,-0.2143,-0.0266,6.809,4.143,14.239,0.0,2.666,-0.009,86.46,0.007146,17.11
264.141,31.22,794.067,-0.2477,-0.02908,6.264,4.884,9.395,0.0,1.381,0.0542,85.78,0.007264,17.27
264.188,31.104,795.128,-0.2758,-0.03158,7.91,5.631,14.804,0.0,2.279,0.0268,85.02,0.007506,13.65
264.24,30.962,796.389,-0.3099,-0.03573,8.736,6.676,14.939,0.0,2.06,0.0677,84.18,0.007692,15.54
264.287,30.826,797.566,-0.3504,-0.03256,8.079,7.234,20.901,0.0,0.845,-0.0315,83.27,0.007692,12.74
264.34,30.703,798.594,-0.382,-0.0346,9.215,7.751,11.16,0.0,1.464,0.0138,82.36,0.007971,15.55
264.391,30.553,799.813,-0.4197,-0.03745,10.518,8.497,10.342,0.0,2.022,0.05,81.44,0.008023,15.8
264.438,30.406,800.951,-0.4545,-0.03937,11.188,9.259,14.916,0.0,1.929,0.0284,80.52,0.00808,13.14
264.49,30.264,802.008,-0.4937,-0.03345,9.542,9.217,15.255,0.0,0.326,-0.0858,79.62,0.00808,14.47
264.548,30.098,803.183,-0.5293,-0.03398,9.603,9.114,-0.851,0.0,0.489,-0.0099,78.66,0.007919,21.76
264.59,29.954,804.149,-0.5549,-0.03469,9.978,9.295,-2.058,0.0,0.683,0.0361,77.72,0.007876,13.45
264.642,29.776,805.295,-0.5911,-0.02661,7.456,8.686,3.62,0.0,-1.231,-0.1039,76.86,0.007876,14.56
264.691,29.599,806.365,-0.6173,-0.02724,7.615,8.196,-12.169,0.0,-0.581,-0.0048,76.38,0.007841,13.82
264.742,29.425,807.366,-0.6374,-0.02782,8.258,8.039,-9.819,0.0,0.219,0.0296,76.21,0.00771,13.98
264.795,29.231,808.427,-0.6628,-0.01867,5.046,6.954,-3.124,0.0,-1.908,-0.1351,76.07,0.00771,16.61
264.845,29.015,809.547,-0.6824,-0.01961,5.216,6.016,-21.701,0.0,-0.8,-0.0174,75.93,0.007928,16.09
264.891,28.828,810.476,-0.6948,-0.02065,5.078,5.597,-18.771,0.0,-0.519,0.0398,75.8,0.007881,12.85
264.942,28.594,811.588,-0.7079,-0.02318,6.03,5.683,-8.373,0.0,0.348,0.0558,75.69,0.007741,13.27
264.996,28.366,812.635,-0.7284,-0.01553,3.328,4.906,1.71,0.0,-1.577,-0.1174,75.57,0.007741,16.95
265.042,28.158,813.556,-0.7385,-0.01934,4.592,4.533,-15.535,0.0,0.06,0.0292,75.46,0.00825,13.21
265.095,27.902,814.657,-0.751,-0.02447,6.451,5.079,-7.464,0.0,1.372,0.1153,75.34,0.008387,15.71
265.155,27.655,815.695,-0.7742,-0.01898,4.585,4.988,10.919,0.0,-0.403,-0.0698,75.24,0.008387,25.1
265.197,27.402,816.729,-0.7915,-0.02501,6.725,5.409,-1.815,0.0,1.317,0.0683,75.13,0.00896,16.97
265.249,27.159,817.7,-0.8078,-0.03146,9.304,6.747,8.418,0.0,2.557,0.1428,75.02,0.009122,18.15
265.297,26.895,818.729,-0.8385,-0.02591,7.485,7.193,26.761,0.0,0.293,-0.0779,74.9,0.009122,16.37
265.348,26.627,819.754,-0.8639,-0.03218,10.07,8.052,8.918,0.0,2.018,0.0734,74.79,0.009162,16.17
265.4,26.369,820.716,-0.8877,-0.03851,12.948,9.747,17.197,0.0,3.2,0.1466,74.68,0.009652,17.87
265.45,26.088,821.736,-0.9252,-0.03179,10.738,10.304,33.898,0.0,0.434,-0.0998,74.57,0.009652,17.5
265.502,25.801,822.751,-0.9568,-0.03653,12.936,11.038,11.13,0.0,1.898,0.0442,74.45,0.009455,19.44
265.549,25.507,823.763,-0.9869,-0.04089,14.969,12.363,14.679,0.0,2.607,0.1082,74.33,0.00971,16.15
265.614,25.223,824.712,-1.0237,-0.03225,12.0,12.405,26.501,0.0,-0.405,-0.1328,74.25,0.00971,29.57
265.65,24.913,825.717,-1.0552,-0.03518,13.597,12.539,0.853,0.0,1.058,0.0142,74.19,0.010095,16.07
265.702,24.593,826.718,-1.0837,-0.03835,14.817,13.311,2.676,0.0,1.505,0.0938,74.16,0.010086,17.35
265.752,24.264,827.715,-1.1192,-0.02849,11.343,12.839,15.444,0.0,-1.496,-0.1468,74.13,0.010086,16.69
265.802,23.926,828.709,-1.1464,-0.02999,12.238,12.407,-9.45,0.0,-0.169,-0.0109,74.1,0.010755,16.82
265.851,23.556,829.757,-1.1714,-0.0318,13.346,12.519,-8.648,0.0,0.828,0.0609,74.07,0.011017,15.04
265.905,23.24,830.627,-1.1964,-0.02201,9.799,11.564,2.24,0.0,-1.764,-0.1451,74.05,0.011017,19.1
265.951,22.871,831.609,-1.2172,-0.02343,9.913,10.689,-19.1,0.0,-0.776,-0.0221,74.03,0.011932,15.32
265.999,22.493,832.587,-1.2336,-0.02524,10.597,10.418,-17.496,0.0,0.179,0.0538,74.01,0.011656,13.11
266.054,22.128,833.503,-1.2541,-0.01529,6.941,9.175,-5.418,0.0,-2.235,-0.1451,74.0,0.011656,17.31
266.104,21.731,834.474,-1.2687,-0.01885,7.747,8.42,-24.848,0.0,-0.673,0.0247,73.98,0.011866,17.19
266.151,21.301,835.496,-1.2817,-0.02229,8.995,8.526,-15.1,0.0,0.469,0.0939,73.98,0.011302,14.74
266.206,20.935,836.346,-1.2984,-0.01322,5.634,7.632,2.12,0.0,-1.998,-0.1359,73.99,0.011302,19.37
266.257,20.486,837.361,-1.3124,-0.01837,7.703,7.328,-17.88,0.0,0.374,0.0512,73.99,0.011686,19.71
266.303,20.08,838.26,-1.3227,-0.02379,9.282,8.024,-6.081,0.0,1.258,0.129,74.01,0.011903,15.0
266.353,19.614,839.268,-1.335,-0.02932,11.767,9.293,13.917,0.0,2.473,0.1043,74.03,0.011849,15.48
266.406,19.192,840.16,-1.3597,-0.0207,8.654,9.134,25.383,0.0,-0.481,-0.1551,74.04,0.011849,17.58
266.457,18.736,841.105,-1.3746,-0.02741,11.056,9.438,-3.183,0.0,1.618,0.0591,74.07,0.012282,19.02
266.504,18.3,841.991,-1.3875,-0.03346,13.024,10.608,6.075,0.0,2.416,0.1316,74.09,0.011826,15.8
266.558,17.856,842.874,-1.4169,-0.02496,9.999,10.546,23.401,0.0,-0.547,-0.1311,74.11,0.011826,19.14
266.608,17.349,843.863,-1.4377,-0.0314,12.675,10.838,-1.235,0.0,1.836,0.0472,74.13,0.011713,19.14
266.657,16.89,844.739,-1.4532,-0.03875,14.813,11.983,5.839,0.0,2.83,0.1293,74.15,0.0117,17.83
266.707,16.394,845.665,-1.4895,-0.02966,11.627,11.865,22.901,0.0,-0.238,-0.1364,74.17,0.0117,17.47
266.759,15.89,846.587,-1.5125,-0.03571,13.837,12.061,-2.362,0.0,1.776,0.0397,74.19,0.011047,19.47
266.806,15.377,847.504,-1.5333,-0.04264,15.553,13.256,3.909,0.0,2.297,0.1464,74.21,0.011172,15.67
266.858,14.886,848.363,-1.5711,-0.03255,12.002,13.091,23.897,0.0,-1.088,-0.1481,74.22,0.011172,17.15
266.908,14.323,849.323,-1.599,-0.03967,15.328,13.597,-3.294,0.0,1.731,0.0879,74.23,0.011124,16.89
266.957,13.814,850.172,-1.6191,-0.04747,18.244,15.306,10.125,0.0,2.939,0.1855,74.25,0.011254,15.57
267.011,13.296,851.016,-1.6613,-0.03617,14.27,15.346,34.168,0.0,-1.075,-0.1733,74.26,0.011254,19.32
267.06,12.702,851.959,-1.6918,-0.04241,17.64,15.703,0.801,0.0,1.937,0.0457,74.26,0.011998,18.45
267.11,12.165,852.79,-1.7287,-0.03062,13.434,14.889,7.15,0.0,-1.455,-0.151,74.27,0.011998,17.92
267.164,11.549,853.719,-1.7625,-0.0375,15.909,14.908,-16.274,0.0,1.0,0.0878,74.27,0.012113,21.36
267.207,11.027,854.486,-1.7861,-0.04276,17.872,15.899,0.377,0.0,1.973,0.1363,74.28,0.011771,14.28
267.265,10.389,855.4,-1.8277,-0.03026,13.439,15.233,19.813,0.0,-1.794,-0.1967,74.27,0.011771,22.05
267.314,9.812,856.205,-1.8554,-0.03622,16.05,15.113,-13.318,0.0,0.936,0.053,74.27,0.012377,21.0
267.359,9.151,857.102,-1.8844,-0.04134,17.742,16.112,-2.395,0.0,1.63,0.1519,74.27,0.011875,15.48
267.415,8.554,857.891,-1.9189,-0.0283,13.042,15.436,19.967,0.0,-2.394,-0.1989,74.26,0.011875,20.79
267.461,7.908,858.722,-1.9469,-0.03311,15.708,15.221,-13.515,0.0,0.487,0.0407,74.27,0.012185,16.61
267.511,7.291,859.496,-1.9682,-0.03859,18.148,16.251,-4.304,0.0,1.897,0.1664,74.26,0.011985,16.43
267.563,6.585,860.358,-1.9911,-0.0434,20.221,17.904,20.608,0.0,2.317,0.1229,74.26,0.011719,17.38
267.615,5.907,861.162,-2.0299,-0.0303,15.535,17.474,33.059,0.0,-1.938,-0.2332,74.25,0.011719,19.29
267.665,5.259,861.91,-2.0476,-0.03406,17.955,17.264,-8.608,0.0,0.69,0.0159,74.24,0.012264,19.08
267.718,4.559,862.695,-2.0764,-0.01998,12.802,15.799,-4.185,0.0,-2.997,-0.1827,74.23,0.012264,21.59
267.767,3.849,863.471,-2.0946,-0.025,14.747,15.159,-29.307,0.0,-0.413,0.0641,74.22,0.012542,20.78
267.814,3.128,864.236,-2.1088,-0.02813,16.139,15.383,-12.793,0.0,0.756,0.0983,74.22,0.012736,17.24
267.864,2.397,864.991,-2.1176,-0.03165,17.416,15.93,4.479,0.0,1.486,0.0528,74.21,0.01202,17.07
267.915,1.743,865.65,-2.141,-0.01797,12.361,14.62,10.925,0.0,-2.259,-0.2401,74.21,0.01202,17.88
267.966,0.993,866.386,-2.1475,-0.02145,12.845,13.67,-26.195,0.0,-0.824,0.0045,74.2,0.012447,18.7
268.014,0.188,867.154,-2.1647,-0.0089,8.161,11.852,-19.004,0.0,-3.692,-0.1543,74.2,0.012447,16.54
268.065,-0.537,867.828,-2.1702,-0.01311,9.686,10.885,-36.35,0.0,-1.199,0.0553,74.21,0.012312,16.96
268.116,-1.316,868.534,-2.1719,-0.01916,12.458,11.302,-19.335,0.0,1.157,0.1594,74.21,0.012497,17.6
268.167,-2.103,869.232,-2.1861,-0.00718,7.96,10.312,8.33,0.0,-2.351,-0.1819,74.22,0.012497,18.27
268.217,-2.898,869.919,-2.1915,-0.01387,9.837,9.944,-19.804,0.0,-0.106,0.0523,74.23,0.012304,17.73
268.269,-3.702,870.598,-2.1945,-0.02153,13.429,11.038,-7.359,0.0,2.391,0.1913,74.24,0.012043,19.78
268.318,-4.465,871.228,-2.2103,-0.01036,9.258,10.661,21.884,0.0,-1.403,-0.1672,74.26,0.012043,18.6
268.369,-5.235,871.851,-2.2175,-0.01801,11.881,10.9,-7.536,0.0,0.981,0.0728,74.27,0.012966,18.88
268.418,-6.06,872.504,-2.2247,-0.02596,15.248,12.395,4.783,0.0,2.853,0.1836,74.28,0.012029,18.25
268.47,-6.892,873.149,-2.2468,-0.01515,11.274,12.309,29.888,0.0,-1.035,-0.1685,74.31,0.012029,19.67
268.519,-7.731,873.784,-2.2599,-0.02308,14.764,12.649,-1.722,0.0,2.114,0.0566,74.32,0.012661,18.8
268.565,-8.577,874.411,-2.272,-0.03079,17.15,14.043,6.816,0.0,3.107,0.1589,74.34,0.011476,14.23
268.619,-9.43,875.028,-2.2989,-0.02028,13.343,13.926,27.867,0.0,-0.582,-0.1623,74.35,0.011476,18.09
268.67,-10.291,875.636,-2.3166,-0.02727,15.836,14.324,-2.343,0.0,1.512,0.0678,74.37,0.011719,19.0
268.721,-11.055,876.165,-2.327,-0.03516,18.711,15.949,7.961,0.0,2.762,0.1853,74.39,0.012256,19.28
268.774,-11.929,876.755,-2.359,-0.02339,14.461,15.872,32.511,0.0,-1.411,-0.1811,74.42,0.012256,21.67
268.822,-12.809,877.335,-2.3789,-0.03022,18.134,16.217,-1.551,0.0,1.917,0.0564,74.44,0.012571,19.28
268.872,-13.697,877.904,-2.3961,-0.03809,20.766,17.735,6.908,0.0,3.031,0.1758,74.46,0.012012,18.74
268.924,-14.645,878.495,-2.4316,-0.02516,16.112,17.456,30.357,0.0,-1.344,-0.198,74.48,0.012012,21.21
268.973,-15.548,879.041,-2.4527,-0.03025,18.409,17.439,-5.587,0.0,0.97,0.027,74.49,0.011989,18.73
269.021,-16.351,879.513,-2.4646,-0.03583,20.417,18.484,-0.321,0.0,1.933,0.1475,74.51,0.012193,16.04
269.072,-17.268,880.036,-2.4965,-0.02182,15.325,17.741,20.886,0.0,-2.416,-0.2131,74.51,0.012193,16.62
269.123,-18.247,880.575,-2.5145,-0.02649,17.513,17.282,-14.859,0.0,0.231,0.0137,74.52,0.01169,18.12
269.171,-19.179,881.071,-2.5269,-0.03182,19.984,17.96,-9.18,0.0,2.023,0.1428,74.53,0.011893,15.45
269.229,-20.007,881.497,-2.5501,-0.01718,14.578,16.882,13.572,0.0,-2.304,-0.2216,74.53,0.011893,22.71
269.28,-21.009,881.995,-2.5628,-0.02125,15.105,16.098,-21.569,0.0,-0.993,0.0035,74.54,0.012048,23.23
269.324,-22.017,882.477,-2.5709,-0.02499,17.769,16.567,-15.676,0.0,1.203,0.1475,74.54,0.012605,17.79
269.376,-22.864,882.867,-2.5878,-0.0105,12.358,15.367,9.367,0.0,-3.009,-0.2166,74.55,0.012605,18.97
269.422,-23.886,883.32,-2.5938,-0.01689,14.074,14.907,-23.999,0.0,-0.833,0.0615,74.56,0.012885,14.84
269.473,-24.858,883.735,-2.5951,-0.02129,17.235,15.558,-9.186,0.0,1.676,0.139,74.57,0.012511,15.1
269.527,-25.778,884.112,-2.6094,-0.00727,11.977,14.439,13.015,0.0,-2.462,-0.2244,74.58,0.012511,18.73
269.577,-26.761,884.5,-2.61,-0.013,13.873,13.698,-22.384,0.0,0.174,0.0138,74.59,0.01282,18.59
269.623,-27.691,884.853,-2.6059,-0.01808,15.116,14.101,-14.81,0.0,1.016,0.1337,74.6,0.013007,14.38
269.678,-28.684,885.215,-2.6185,-0.00486,10.15,12.964,8.05,0.0,-2.815,-0.2008,74.62,0.013007,18.7
269.729,-29.682,885.564,-2.6161,-0.00941,11.475,12.298,-22.729,0.0,-0.823,0.0259,74.64,0.012338,18.97
269.775,-30.684,885.901,-2.6095,-0.01547,14.416,12.933,-13.337,0.0,1.483,0.1586,74.66,0.011957,15.3
269.834,-31.632,886.206,-2.6194,-0.00312,9.758,12.076,12.709,0.0,-2.318,-0.1862,74.68,0.011957,23.05
269.882,-32.643,886.518,-2.616,-0.01072,12.659,11.968,-17.141,0.0,0.691,0.0747,74.7,0.011926,20.62
269.93,-33.658,886.818,-2.6104,-0.01711,14.794,13.074,-2.153,0.0,1.721,0.1656,74.72,0.011039,18.2
269.98,-34.736,887.123,-2.6231,-0.0053,10.371,12.552,22.108,0.0,-2.181,-0.1886,74.75,0.011039,18.51
270.029,-35.759,887.398,-2.622,-0.01185,13.477,12.502,-10.433,0.0,0.975,0.0476,74.77,0.011297,16.86
270.079,-36.664,887.632,-2.6157,-0.01918,15.959,13.536,-1.01,0.0,2.423,0.1497,74.8,0.010612,16.46
270.13,-37.693,887.885,-2.6311,-0.00832,11.928,13.103,20.688,0.0,-1.176,-0.1687,74.82,0.010612,16.68
270.182,-38.726,888.127,-2.6317,-0.01489,14.243,13.019,-8.65,0.0,1.223,0.0335,74.85,0.010922,18.25
270.23,-39.761,888.356,-2.6293,-0.02195,16.214,14.039,-1.687,0.0,2.175,0.1513,74.87,0.010893,16.43
270.282,-40.799,888.574,-2.6467,-0.01021,11.869,13.518,20.404,0.0,-1.649,-0.1797,74.89,0.010893,18.54
270.333,-41.84,888.78,-2.6498,-0.01729,14.244,13.52,-10.433,0.0,0.724,0.055,74.91,0.010674,19.38
270.38,-42.822,888.962,-2.6486,-0.02462,17.487,14.709,0.052,0.0,2.778,0.1657,74.93,0.010257,16.12
270.433,-43.868,889.144,-2.6688,-0.01265,13.081,14.275,23.774,0.0,-1.194,-0.185,74.96,0.010257,18.93
270.483,-44.917,889.313,-2.674,-0.02009,15.572,14.415,-8.676,0.0,1.158,0.0649,74.98,0.010207,18.28
270.533,-45.968,889.47,-2.6775,-0.02771,18.272,15.916,2.795,0.0,2.356,0.1949,74.99,0.009789,17.95
270.584,-47.02,889.614,-2.7003,-0.01537,13.754,15.688,30.019,0.0,-1.934,-0.1889,75.01,0.009789,18.86
270.636,-48.013,889.737,-2.7066,-0.02218,17.226,15.979,-4.551,0.0,1.247,0.0644,75.02,0.009086,20.36
270.681,-49.069,889.855,-2.7107,-0.02951,20.518,17.596,5.81,0.0,2.922,0.1954,75.04,0.008765,15.69
270.738,-50.127,889.96,-2.7356,-0.01712,16.01,17.451,32.351,0.0,-1.441,-0.1897,75.05,0.008765,22.26
270.786,-51.124,890.045,-2.7423,-0.02258,18.189,17.595,-2.903,0.0,0.594,0.0353,75.05,0.007884,19.51
270.836,-52.122,890.118,-2.7443,-0.02757,21.205,18.79,2.873,0.0,2.415,0.1518,75.05,0.008272,19.27
270.95,-53.183,890.181,-2.7675,-0.01342,16.014,18.11,23.893,0.0,-2.096,-0.2199,75.05,0.008272,83.73
270.979,-54.995,890.253,-2.7808,-0.00811,13.79,16.515,-13.585,0.0,-2.725,-0.1515,75.04,0.008562,28.76
271.029,-55.996,890.274,-2.7803,-0.01156,15.953,15.958,-31.897,0.0,-0.005,0.0892,75.04,0.008568,28.25
271.068,-57.059,890.281,-2.7751,-0.0143,16.569,16.247,-11.147,0.0,0.322,0.0987,75.04,0.008649,16.57
271.123,-58.122,890.273,-2.7832,-2e-05,11.188,14.747,5.781,0.0,-3.559,-0.2398,75.03,0.008649,21.32
271.169,-59.184,890.25,-2.7755,-0.00176,11.821,13.509,-30.009,0.0,-1.687,-0.0157,75.04,0.008233,16.84
271.219,-60.247,890.212,-2.7616,-0.00457,13.037,13.364,-24.76,0.0,-0.327,0.1095,75.04,0.008324,16.32
271.273,-61.309,890.159,-2.7598,0.00811,8.172,11.898,-2.888,0.0,-3.726,-0.1896,75.05,0.008324,19.69
271.322,-62.37,890.093,-2.7442,0.00464,9.873,10.958,-29.33,0.0,-1.085,0.0224,75.06,0.007886,18.52
271.369,-63.368,890.017,-2.7244,0.00095,11.162,11.16,-18.796,0.0,0.002,0.1266,75.08,0.008081,15.39
271.424,-64.427,889.925,-2.7173,0.01326,6.389,9.929,4.036,0.0,-3.54,-0.193,75.09,0.008081,20.74
271.475,-65.486,889.819,-2.6973,0.00876,8.44,9.344,-24.617,0.0,-0.904,0.0472,75.11,0.007546,21.07
271.527,-66.544,889.701,-2.6737,0.0043,10.795,10.036,-11.707,0.0,0.758,0.158,75.13,0.00765,21.92
271.583,-67.601,889.572,-2.663,0.01517,6.535,9.316,13.857,0.0,-2.781,-0.1731,75.16,0.00765,27.46
271.624,-68.656,889.431,-2.6415,0.01074,8.427,8.96,-14.405,0.0,-0.533,0.0257,75.18,0.007244,19.26
271.673,-69.587,889.297,-2.6184,0.00619,11.038,9.495,-7.128,0.0,1.543,0.1121,75.21,0.007494,18.11
271.724,-70.64,889.136,-2.607,0.0159,7.218,8.767,10.706,0.0,-1.549,-0.1577,75.24,0.007494,18.92
271.773,-71.754,888.955,-2.5837,0.01163,8.149,8.23,-14.56,0.0,-0.081,0.0013,75.27,0.007183,17.25
271.82,-72.743,888.784,-2.5604,0.00808,8.919,8.396,-10.731,0.0,0.523,0.0793,75.31,0.007097,13.5
271.873,-73.732,888.605,-2.5484,0.01641,5.62,7.571,3.317,0.0,-1.951,-0.1327,75.35,0.007097,16.72
271.926,-74.781,888.407,-2.526,0.011,7.463,7.335,-16.516,0.0,0.129,0.0535,75.39,0.006596,19.11
271.972,-75.891,888.188,-2.5026,0.00588,9.093,8.039,-4.718,0.0,1.053,0.1231,75.43,0.006722,15.18
272.024,-76.876,887.986,-2.4929,0.01347,6.096,7.67,14.093,0.0,-1.574,-0.1254,75.47,0.006722,16.78
272.078,-77.861,887.777,-2.4754,0.00828,8.418,7.732,-7.387,0.0,0.687,0.0473,75.51,0.006891,20.14
272.123,-78.906,887.547,-2.4567,0.00214,10.46,8.737,1.233,0.0,1.723,0.1339,75.54,0.006925,15.24
272.18,-80.011,887.294,-2.4501,0.00967,7.522,8.613,20.108,0.0,-1.091,-0.1226,75.58,0.006925,21.49
272.23,-81.053,887.047,-2.4372,0.00488,9.754,8.794,-2.477,0.0,0.959,0.0383,75.63,0.00703,20.67
272.277,-82.033,886.808,-2.4236,-0.00027,11.328,9.773,3.627,0.0,1.555,0.1177,75.67,0.007443,17.72
272.331,-83.073,886.546,-2.42,0.00751,8.322,9.595,19.574,0.0,-1.273,-0.1273,75.72,0.007443,21.81
272.38,-84.05,886.291,-2.4105,0.00313,10.548,9.726,-3.556,0.0,0.822,0.0368,75.76,0.007786,19.52
272.427,-85.087,886.012,-2.399,-0.00128,11.975,10.552,2.608,0.0,1.423,0.1017,75.8,0.007834,16.43
272.479,-86.061,885.742,-2.3967,0.0071,8.759,10.181,16.526,0.0,-1.422,-0.1384,75.84,0.007834,18.04
272.527,-87.094,885.447,-2.3873,0.00408,10.308,9.957,-7.429,0.0,0.351,0.0077,75.88,0.007995,16.66
272.578,-88.125,885.142,-2.3754,0.00037,11.286,10.448,-4.474,0.0,0.838,0.0921,75.91,0.008136,17.05
272.629,-89.154,884.828,-2.3705,0.00917,7.893,9.822,9.832,0.0,-1.929,-0.139,75.95,0.008136,18.31
272.682,-90.12,884.524,-2.3597,0.00681,9.065,9.44,-12.536,0.0,-0.376,0.0124,75.98,0.007984,20.41
272.727,-91.145,884.193,-2.3456,0.00388,10.141,9.774,-7.627,0.0,0.367,0.0865,76.03,0.00813,14.6
272.777,-92.227,883.832,-2.3289,0.00141,11.538,10.396,6.672,0.0,1.141,0.052,76.06,0.007995,14.62
272.832,-93.246,883.482,-2.3228,0.00985,8.278,9.73,12.448,0.0,-1.452,-0.1582,76.09,0.007995,19.21
272.882,-94.263,883.123,-2.3057,0.00777,8.748,9.129,-13.328,0.0,-0.381,-0.0141,76.13,0.007827,18.26
272.923,-95.277,882.754,-2.2859,0.00619,8.95,9.011,-12.021,0.0,-0.062,0.0465,76.17,0.00797,9.38
272.988,-96.229,882.399,-2.2753,0.01467,5.636,7.959,-2.353,0.0,-2.323,-0.1346,76.21,0.00797,23.54
273.029,-97.178,882.036,-2.2547,0.01256,6.197,7.098,-21.049,0.0,-0.902,-0.0099,76.26,0.007794,14.01
273.08,-98.244,881.62,-2.23,0.00909,7.145,6.913,-17.208,0.0,0.233,0.0642,76.3,0.007863,15.38
273.132,-99.248,881.218,-2.2157,0.01676,4.113,5.929,-3.711,0.0,-1.816,-0.1179,76.34,0.007863,16.66
273.183,-100.19,880.833,-2.1939,0.01309,4.784,5.265,-19.674,0.0,-0.481,0.0102,76.39,0.007885,18.01
273.231,-101.189,880.416,-2.1704,0.00937,5.544,5.302,-13.288,0.0,0.242,0.0748,76.43,0.007444,15.4
273.283,-102.128,880.018,-2.1579,0.01538,3.156,4.664,0.746,0.0,-1.508,-0.093,76.48,0.007444,16.91
273.334,-103.123,879.588,-2.1384,0.01031,4.824,4.496,-12.763,0.0,0.328,0.0434,76.52,0.007438,17.37
273.382,-104.057,879.179,-2.1197,0.00432,6.7,5.219,-3.35,0.0,1.481,0.1185,76.57,0.00724,15.43
273.435,-105.107,878.712,-2.112,0.00985,4.539,5.138,14.457,0.0,-0.599,-0.087,76.62,0.00724,18.16
273.487,-106.097,878.264,-2.1011,0.00329,6.721,5.531,-1.624,0.0,1.19,0.0634,76.67,0.007165,20.44
273.534,-107.084,877.812,-2.0917,-0.0035,9.358,6.813,7.859,0.0,2.545,0.1378,76.72,0.006678,16.37
273.581,-108.012,877.38,-2.0831,-0.01026,11.625,8.618,25.635,0.0,3.007,0.1178,76.76,0.006785,13.72
273.638,-108.938,876.943,-2.0909,-0.00404,9.339,9.092,36.103,0.0,0.248,-0.1228,76.81,0.006785,20.24
273.688,-109.92,876.473,-2.0901,-0.00999,11.714,9.793,9.482,0.0,1.921,0.0483,76.85,0.006284,20.31
273.734,-110.956,875.967,-2.0904,-0.01551,13.977,11.181,14.023,0.0,2.796,0.1204,76.89,0.006528,15.75
273.785,-111.875,875.511,-2.1025,-0.00795,11.23,11.352,27.765,0.0,-0.122,-0.1215,76.93,0.006528,16.69
273.837,-112.847,875.019,-2.1068,-0.01215,12.649,11.619,3.42,0.0,1.03,0.0193,76.97,0.00619,18.8
273.882,-113.816,874.518,-2.1099,-0.01626,14.413,12.492,5.329,0.0,1.921,0.094,77.01,0.00593,12.98
273.936,-114.725,874.039,-2.1221,-0.00735,11.17,12.156,17.467,0.0,-0.985,-0.1384,77.04,0.00593,17.12
273.986,-115.686,873.522,-2.1263,-0.01029,12.206,11.994,-6.723,0.0,0.212,0.0126,77.07,0.005786,17.01
274.035,-116.586,873.026,-2.1269,-0.01283,13.123,12.452,-3.235,0.0,0.671,0.0808,77.1,0.005542,15.31
274.087,-117.538,872.491,-2.1366,-0.00366,9.761,11.788,9.151,0.0,-2.026,-0.1406,77.13,0.005542,17.63
274.137,-118.43,871.978,-2.1369,-0.00589,11.13,11.36,-13.281,0.0,-0.229,0.0098,77.16,0.005542,17.59
274.189,-119.483,871.358,-2.1351,-0.0081,11.937,11.568,-8.562,0.0,0.369,0.0739,77.19,0.005886,18.74
274.246,-120.31,870.86,-2.1383,0.002,8.179,10.602,4.162,0.0,-2.423,-0.1567,77.22,0.005886,25.0
274.297,-121.241,870.286,-2.134,2e-05,9.12,9.937,-19.321,0.0,-0.817,0.0083,77.25,0.006068,26.22
274.334,-122.168,869.703,-2.1258,-0.0016,9.735,9.951,-13.299,0.0,-0.215,0.0716,77.28,0.006404,12.35
274.392,-123.035,869.146,-2.123,0.00821,6.035,8.873,0.277,0.0,-2.837,-0.1519,77.31,0.006404,20.99
274.434,-124.058,868.473,-2.1119,0.00657,7.147,8.09,-21.557,0.0,-0.943,0.0036,77.34,0.006249,12.11
274.487,-124.914,867.898,-2.0989,0.00399,7.855,8.082,-15.653,0.0,-0.227,0.0808,77.38,0.006041,14.96
274.536,-125.766,867.316,-2.0829,0.00251,8.878,8.396,-0.162,0.0,0.482,0.0447,77.42,0.006006,14.08
274.591,-126.666,866.689,-2.0756,0.01131,5.522,7.49,6.275,0.0,-1.967,-0.1594,77.45,0.006006,18.95
274.641,-127.509,866.092,-2.0583,0.00931,5.811,6.808,-18.121,0.0,-0.997,-0.0004,77.48,0.005971,18.23
274.689,-128.452,865.412,-2.0376,0.00694,6.927,6.898,-13.641,0.0,0.029,0.084,77.52,0.006219,15.98
274.74,-129.285,864.8,-2.0264,0.01472,3.922,6.127,1.805,0.0,-2.205,-0.1171,77.55,0.006219,17.22
274.789,-130.167,864.144,-2.0066,0.01225,4.987,5.64,-15.422,0.0,-0.653,0.0128,77.59,0.00644,15.0
274.841,-130.992,863.52,-1.9865,0.00974,5.916,5.787,-9.732,0.0,0.129,0.0715,77.63,0.006291,17.32
274.895,-131.917,862.811,-1.9718,0.01603,3.44,5.185,2.938,0.0,-1.745,-0.0995,77.67,0.006291,20.55
274.943,-132.786,862.136,-1.9529,0.01327,4.598,4.799,-12.044,0.0,-0.201,0.0092,77.71,0.006317,18.98
274.991,-133.601,861.495,-1.9343,0.0103,5.536,4.9,-7.721,0.0,0.636,0.0545,77.75,0.006212,16.96
275.035,-134.412,860.85,-1.9151,0.0074,6.016,5.228,2.021,0.0,0.788,0.0352,77.79,0.006235,10.48
275.092,-135.272,860.16,-1.9045,0.01257,3.991,4.78,6.561,0.0,-0.789,-0.0968,77.84,0.006235,17.15
275.138,-136.178,859.423,-1.887,0.0093,4.823,4.564,-8.952,0.0,0.259,0.0167,77.88,0.005991,13.09
275.192,-136.981,858.764,-1.8706,0.00522,5.775,5.021,-4.319,0.0,0.754,0.0864,77.91,0.006008,16.19
275.241,-137.781,858.101,-1.8629,0.01014,3.871,4.829,9.131,0.0,-0.958,-0.0747,77.96,0.006008,15.11
275.295,-138.678,857.35,-1.8504,0.00564,5.614,5.032,-3.846,0.0,0.583,0.0485,78.01,0.005839,18.36
275.34,-139.473,856.679,-1.8394,0.00034,7.733,5.971,4.06,0.0,1.762,0.1099,78.05,0.006041,13.86
275.394,-140.265,856.004,-1.8369,0.00523,5.887,6.116,18.788,0.0,-0.229,-0.0782,78.09,0.006041,17.11
275.444,-141.201,855.196,-1.8314,0.00092,7.468,6.411,2.895,0.0,1.057,0.0261,78.13,0.005741,17.01
275.49,-141.987,854.512,-1.8269,-0.003,8.916,7.154,5.91,0.0,1.763,0.0727,78.17,0.005867,12.8
275.545,-142.77,853.823,-1.8219,-0.00692,10.007,8.128,14.847,0.0,1.879,0.0583,78.2,0.005836,17.34
275.596,-143.597,853.086,-1.8265,-0.00075,7.75,8.049,19.492,0.0,-0.299,-0.1131,78.24,0.005836,18.0
275.646,-144.469,852.299,-1.8249,-0.0036,8.503,8.06,-1.581,0.0,0.443,0.0098,78.28,0.005803,17.72
275.695,-145.287,851.551,-1.8221,-0.00685,9.851,8.631,0.224,0.0,1.22,0.0785,78.32,0.005621,15.83
275.747,-146.054,850.841,-1.8258,-0.00051,7.528,8.377,11.415,0.0,-0.849,-0.0953,78.35,0.005621,17.84
275.797,-146.816,850.126,-1.8247,-0.00353,8.594,8.32,-5.084,0.0,0.274,0.0186,78.39,0.005611,17.89
275.846,-147.574,849.406,-1.822,-0.00628,9.705,8.791,-1.144,0.0,0.914,0.0718,78.42,0.005551,16.39
275.894,-148.468,848.544,-1.8193,-0.00879,10.571,9.52,9.42,0.0,1.05,0.0525,78.45,0.0056,14.46
275.948,-149.215,847.812,-1.8245,-0.00158,7.941,9.149,14.589,0.0,-1.208,-0.1282,78.48,0.0056,17.53
275.998,-150.004,847.028,-1.821,-0.00334,8.856,8.861,-7.423,0.0,-0.004,-0.0014,78.51,0.005611,17.08
276.047,-150.74,846.284,-1.8147,-0.00516,9.444,9.047,-5.769,0.0,0.396,0.0563,78.54,0.005461,15.5
276.1,-151.472,845.534,-1.8164,0.00282,6.506,8.318,3.732,0.0,-1.812,-0.1214,78.57,0.005461,18.18
276.148,-152.288,844.684,-1.8095,0.0015,7.138,7.715,-14.594,0.0,-0.577,-0.0077,78.59,0.005449,15.95
276.198,-153.053,843.874,-1.7999,-0.00071,7.613,7.701,-12.049,0.0,-0.088,0.0611,78.62,0.005338,16.28
276.249,-153.767,843.107,-1.7967,0.00686,4.786,6.889,-0.281,0.0,-2.103,-0.1119,78.66,0.005338,16.95
276.3,-154.565,842.237,-1.7862,0.00518,5.684,6.278,-16.234,0.0,-0.594,-0.0003,78.69,0.005401,17.12
276.343,-155.269,841.458,-1.7743,0.0027,6.335,6.275,-12.221,0.0,0.06,0.0636,78.72,0.005422,9.9
276.393,-156.011,840.626,-1.7607,0.00013,7.2,6.669,-0.056,0.0,0.531,0.0552,78.75,0.005431,9.94
276.448,-156.705,839.837,-1.757,0.00701,4.627,6.108,7.871,0.0,-1.481,-0.1195,78.78,0.005431,14.47
276.501,-157.436,838.994,-1.7445,0.00492,5.324,5.718,-11.22,0.0,-0.394,0.0043,78.82,0.005258,17.29
276.547,-158.12,838.196,-1.7313,0.00244,6.343,5.907,-7.805,0.0,0.437,0.0672,78.86,0.005385,13.33
276.601,-158.885,837.293,-1.7252,0.00825,4.149,5.428,3.776,0.0,-1.279,-0.0866,78.89,0.005385,16.55
276.651,-159.601,836.435,-1.714,0.00564,5.019,5.16,-9.57,0.0,-0.141,0.0127,78.93,0.00542,16.49
276.699,-160.272,835.623,-1.7026,0.00284,6.019,5.416,-5.363,0.0,0.602,0.0639,78.96,0.00522,13.71
276.746,-160.979,834.756,-1.6906,3e-05,6.882,5.978,5.129,0.0,0.904,0.0516,79.0,0.005267,10.63
276.799,-161.682,833.885,-1.6875,0.00552,4.831,5.69,11.231,0.0,-0.858,-0.0991,79.03,0.005267,14.1
276.852,-162.34,833.061,-1.6782,0.00289,5.698,5.582,-5.769,0.0,0.116,0.0152,79.07,0.005119,17.05
276.901,-163.033,832.182,-1.6683,-2e-05,6.861,6.013,-2.152,0.0,0.848,0.0714,79.1,0.005113,15.61
276.955,-163.723,831.298,-1.6653,0.00559,4.769,5.721,8.616,0.0,-0.952,-0.0858,79.13,0.005113,18.46
277.003,-164.367,830.462,-1.6584,0.00264,5.8,5.63,-5.829,0.0,0.17,0.0178,79.17,0.005014,16.72
277.052,-165.047,829.57,-1.6511,-0.00053,7.029,6.064,-1.823,0.0,0.965,0.0701,79.21,0.005076,15.07
277.102,-165.723,828.674,-1.6436,-0.00343,7.943,6.759,8.68,0.0,1.185,0.0515,79.24,0.005099,15.0
277.154,-166.394,827.773,-1.6444,0.00228,5.848,6.537,13.888,0.0,-0.689,-0.1036,79.28,0.005099,16.44
277.205,-167.06,826.869,-1.6393,-9e-05,6.641,6.426,-4.428,0.0,0.215,0.0076,79.31,0.005198,17.6
277.253,-167.721,825.96,-1.6336,-0.00301,7.643,6.837,-2.23,0.0,0.806,0.0691,79.35,0.005231,15.1
277.303,-168.378,825.047,-1.6272,-0.00547,8.694,7.486,8.228,0.0,1.208,0.0475,79.38,0.005486,14.19
277.358,-168.991,824.184,-1.6298,0.00067,6.458,7.184,12.976,0.0,-0.725,-0.1101,79.42,0.005486,19.02
277.411,-169.637,823.263,-1.6246,-0.00141,7.014,6.967,-6.043,0.0,0.047,0.0014,79.44,0.005622,21.32
277.452,-170.277,822.337,-1.6184,-0.0033,7.601,7.2,-4.328,0.0,0.401,0.0552,79.48,0.005532,13.07
277.507,-170.912,821.407,-1.6188,0.00264,5.426,6.741,4.656,0.0,-1.315,-0.0884,79.51,0.005532,17.36
277.557,-171.467,820.583,-1.6133,0.0007,6.328,6.464,-9.173,0.0,-0.136,0.0093,79.54,0.005614,16.84
277.601,-172.165,819.534,-1.6064,-0.00153,7.019,6.675,-5.547,0.0,0.344,0.0585,79.58,0.005412,10.13
277.659,-172.711,818.702,-1.605,0.0048,4.689,6.146,4.216,0.0,-1.457,-0.096,79.61,0.005412,18.45
277.709,-173.324,817.755,-1.5989,0.00263,5.607,5.828,-10.587,0.0,-0.221,0.0111,79.64,0.005649,18.12
277.756,-173.931,816.804,-1.5914,0.0006,6.285,5.986,-6.357,0.0,0.299,0.0554,79.68,0.005397,14.59
277.805,-174.498,815.905,-1.5828,-0.00124,7.0,6.358,3.168,0.0,0.642,0.0353,79.71,0.005141,13.85
277.856,-175.094,814.946,-1.5813,0.00498,4.714,5.853,7.43,0.0,-1.138,-0.1094,79.75,0.005141,14.76
277.908,-175.685,813.983,-1.5732,0.00268,5.404,5.524,-10.103,0.0,-0.12,0.007,79.77,0.005046,16.06
277.956,-176.271,813.016,-1.564,0.00071,6.008,5.633,-6.58,0.0,0.374,0.0497,79.81,0.004688,13.64
278.006,-176.817,812.102,-1.5605,0.0065,3.867,5.087,2.191,0.0,-1.221,-0.0877,79.84,0.004688,14.2
278.061,-177.392,811.128,-1.5524,0.00413,4.531,4.722,-10.913,0.0,-0.191,0.0061,79.88,0.004545,17.92
278.107,-177.995,810.093,-1.5434,0.0015,5.367,4.829,-7.309,0.0,0.537,0.0533,79.91,0.004406,14.08
278.158,-178.56,809.112,-1.5342,-0.00171,6.137,5.281,2.146,0.0,0.855,0.0518,79.94,0.004308,14.2
278.207,-179.12,808.127,-1.533,0.00342,4.256,4.989,9.035,0.0,-0.733,-0.0881,79.98,0.004308,13.15
278.268,-179.643,807.197,-1.5269,0.00025,5.18,4.931,-5.845,0.0,0.248,0.0226,80.02,0.004338,23.78
278.31,-180.194,806.206,-1.5204,-0.00339,6.552,5.458,-1.149,0.0,1.094,0.0795,80.06,0.004539,15.33
278.361,-180.74,805.212,-1.5217,0.00121,4.884,5.37,10.525,0.0,-0.486,-0.0674,80.09,0.004539,16.47
278.413,-181.25,804.273,-1.5195,-0.00253,6.113,5.526,-1.762,0.0,0.587,0.0311,80.13,0.0049,18.31
278.458,-181.787,803.273,-1.5175,-0.00621,7.672,6.211,3.132,0.0,1.461,0.0792,80.16,0.005088,12.88
278.505,-182.319,802.27,-1.5157,-0.00984,8.673,7.202,13.692,0.0,1.47,0.0668,80.19,0.004909,9.74
278.564,-182.846,801.263,-1.5238,-0.00451,6.796,7.261,19.833,0.0,-0.465,-0.0957,80.23,0.004909,18.04
278.613,-183.337,800.312,-1.5249,-0.00724,8.095,7.467,1.166,0.0,0.628,0.0226,80.26,0.004727,16.96
278.657,-183.852,799.299,-1.526,-0.00966,9.293,8.138,4.117,0.0,1.155,0.0722,80.28,0.004559,9.7
278.715,-184.362,798.282,-1.5337,-0.0033,7.043,7.947,13.435,0.0,-0.904,-0.0971,80.31,0.004559,17.52
278.762,-184.866,797.261,-1.5364,-0.00478,7.708,7.831,-3.825,0.0,-0.123,0.0038,80.34,0.004568,14.38
278.808,-185.362,796.237,-1.5377,-0.00624,8.684,8.147,-2.323,0.0,0.537,0.0563,80.37,0.004693,9.9
278.86,-185.852,795.209,-1.5373,-0.00711,9.164,8.597,6.32,0.0,0.567,0.0298,80.4,0.004326,11.68
278.917,-186.335,794.177,-1.5411,1e-05,6.611,8.048,9.003,0.0,-1.437,-0.1238,80.42,0.004326,17.86
278.963,-186.783,793.203,-1.539,1e-05,6.76,7.469,-10.975,0.0,-0.709,-0.0234,80.45,0.004338,13.69
279.011,-187.252,792.164,-1.5343,6e-05,6.817,7.164,-11.585,0.0,-0.346,0.018,80.48,0.004233,11.95
279.063,-187.687,791.182,-1.5269,-5e-05,6.758,6.931,-6.104,0.0,-0.173,-0.0006,80.51,0.004324,13.24
279.114,-188.116,790.198,-1.5237,0.00697,4.187,5.922,-4.664,0.0,-1.735,-0.1164,80.54,0.004324,13.9
279.164,-188.565,789.149,-1.5131,0.00728,3.736,4.898,-20.171,0.0,-1.162,-0.0374,80.56,0.004308,13.72
279.224,-189.007,788.096,-1.4998,0.0071,3.24,4.239,-20.486,0.0,-0.999,0.0153,80.59,0.00398,21.13
279.267,-189.493,786.916,-1.4835,0.00612,3.227,3.974,-13.178,0.0,-0.747,0.0321,80.63,0.004217,13.69
279.318,-189.897,785.92,-1.4739,0.01167,1.138,3.157,-5.289,0.0,-2.019,-0.0864,80.67,0.004217,14.8
279.367,-190.321,784.858,-1.4588,0.00927,2.1,2.736,-16.345,0.0,-0.636,0.0268,80.7,0.004072,13.16
279.414,-190.739,783.794,-1.4439,0.00589,3.421,3.006,-8.424,0.0,0.416,0.0818,80.74,0.00389,10.1
279.465,-191.154,782.728,-1.4298,0.00292,4.582,3.605,5.393,0.0,0.977,0.0554,80.77,0.003925,10.56
279.521,-191.515,781.785,-1.4247,0.00726,2.971,3.467,11.983,0.0,-0.496,-0.082,80.8,0.003925,16.65
279.571,-191.968,780.588,-1.4138,0.00425,3.949,3.505,-2.753,0.0,0.445,0.0197,80.84,0.003869,16.55
279.621,-192.323,779.641,-1.405,0.0009,4.927,4.08,0.75,0.0,0.846,0.0765,80.88,0.003882,15.71
279.669,-192.697,778.63,-1.4023,0.0047,3.528,4.111,11.518,0.0,-0.582,-0.0561,80.91,0.003882,14.34
279.721,-193.091,777.553,-1.3972,0.00154,5.069,4.338,0.609,0.0,0.73,0.0286,80.96,0.003798,15.43
279.771,-193.482,776.474,-1.3931,-0.00192,6.259,5.002,4.55,0.0,1.256,0.0689,81.01,0.003701,15.34
279.824,-193.868,775.393,-1.3903,-0.00477,7.381,5.852,13.281,0.0,1.529,0.049,81.05,0.003675,18.48
279.87,-194.25,774.31,-1.3934,-0.00048,5.856,5.915,16.981,0.0,-0.059,-0.0801,81.09,0.003675,13.71
279.92,-194.628,773.225,-1.3934,-0.00252,6.465,6.008,1.261,0.0,0.458,0.0064,81.13,0.003545,14.19
279.969,-194.978,772.201,-1.3928,-0.00432,7.114,6.422,1.864,0.0,0.692,0.048,81.18,0.003595,12.02
280.018,-195.346,771.111,-1.3918,-0.00613,8.153,6.995,8.28,0.0,1.158,0.0367,81.22,0.003448,10.68
280.071,-195.709,770.019,-1.396,-0.0009,6.302,6.778,11.474,0.0,-0.476,-0.0905,81.26,0.003448,13.8
280.121,-196.066,768.924,-1.3954,-0.00193,6.364,6.563,-4.355,0.0,-0.198,-0.0072,81.3,0.003485,14.11
280.169,-196.416,767.827,-1.3934,-0.00233,6.663,6.61,-4.302,0.0,0.053,0.0291,81.34,0.003419,11.52
280.216,-196.741,766.792,-1.389,-0.00339,7.226,6.828,0.945,0.0,0.398,0.0255,81.36,0.003548,8.65
280.279,-197.079,765.69,-1.3895,0.00276,5.02,6.266,4.367,0.0,-1.246,-0.1013,81.4,0.003548,20.97
280.324,-197.411,764.585,-1.3837,0.0026,4.979,5.7,-11.238,0.0,-0.722,-0.0202,81.44,0.003609,15.45
280.37,-197.737,763.478,-1.3758,0.00257,4.994,5.422,-11.322,0.0,-0.428,0.0205,81.47,0.003495,11.05
280.419,-198.056,762.368,-1.3657,0.00192,5.123,5.364,-5.558,0.0,-0.24,0.0209,81.5,0.003307,10.45
280.473,-198.35,761.322,-1.3605,0.00762,3.033,4.659,-1.175,0.0,-1.626,-0.0923,81.54,0.003307,13.51
280.52,-198.657,760.208,-1.3488,0.00707,3.235,4.077,-14.095,0.0,-0.843,-0.0074,81.59,0.0032,10.41
280.569,-198.959,759.092,-1.3356,0.00608,3.602,3.905,-11.629,0.0,-0.303,0.0368,81.62,0.003023,8.83
280.622,-199.255,757.974,-1.3215,0.00477,3.984,3.995,-3.445,0.0,-0.011,0.0307,81.66,0.003071,11.55
280.681,-199.546,756.854,-1.3131,0.00943,2.247,3.496,1.808,0.0,-1.249,-0.0791,81.7,0.003071,20.63
280.722,-199.798,755.864,-1.3004,0.00826,2.72,3.121,-9.98,0.0,-0.401,-0.0002,81.73,0.003259,11.5
280.776,-200.096,754.675,-1.2853,0.0067,3.094,3.132,-7.507,0.0,-0.038,0.0409,81.78,0.003681,14.51
280.826,-200.373,753.549,-1.2753,0.01046,1.665,2.746,0.226,0.0,-1.081,-0.0552,81.82,0.003681,14.34
280.872,-200.646,752.422,-1.2625,0.00864,2.394,2.539,-7.737,0.0,-0.144,0.0116,81.86,0.003782,10.3
280.922,-200.915,751.294,-1.2498,0.00645,3.024,2.695,-4.14,0.0,0.329,0.0435,81.91,0.003855,10.05
280.973,-201.15,750.297,-1.2381,0.00446,3.717,3.033,3.131,0.0,0.684,0.0307,81.95,0.003764,10.96
281.03,-201.412,749.166,-1.2313,0.00777,2.478,2.851,6.753,0.0,-0.372,-0.0608,81.98,0.003764,17.51
281.078,-201.671,748.033,-1.2213,0.00546,3.057,2.817,-3.643,0.0,0.24,0.0144,82.03,0.003742,14.79
281.125,-201.941,746.832,-1.2116,0.00317,3.714,3.163,-0.673,0.0,0.551,0.0519,82.08,0.003558,12.01
281.173,-202.178,745.764,-1.2026,0.00076,4.641,3.776,6.931,0.0,0.865,0.0492,82.11,0.003457,9.71
281.229,-202.426,744.627,-1.2,0.00397,3.468,3.816,12.247,0.0,-0.349,-0.0585,82.16,0.003457,15.08
281.279,-202.685,743.422,-1.1939,0.00168,4.46,3.994,0.81,0.0,0.466,0.0205,82.2,0.003686,14.99
281.327,-202.898,742.416,-1.1884,-0.00064,5.369,4.511,3.551,0.0,0.858,0.0536,82.24,0.003562,12.0
281.378,-203.135,741.275,-1.1873,0.0029,4.094,4.503,10.346,0.0,-0.41,-0.0553,82.29,0.003562,13.05
281.427,-203.369,740.133,-1.1838,0.00147,4.789,4.476,-0.155,0.0,0.314,-0.0031,82.33,0.003949,11.7
281.475,-203.598,738.989,-1.1798,0.00019,5.143,4.577,-0.558,0.0,0.566,0.0171,82.37,0.003762,9.98
281.524,-203.823,737.843,-1.1754,-0.00092,5.264,4.684,2.029,0.0,0.58,0.0043,82.42,0.003922,8.54
281.58,-204.044,736.696,-1.174,0.00314,3.808,4.271,2.138,0.0,-0.463,-0.0688,82.46,0.003922,13.98
281.627,-204.26,735.548,-1.1693,0.00236,3.515,3.879,-8.254,0.0,-0.363,-0.0116,82.51,0.003273,10.64
281.679,-204.459,734.466,-1.1637,0.00115,3.771,3.793,-7.85,0.0,-0.022,0.0292,82.55,0.002934,11.98
281.733,-204.667,733.314,-1.1569,-0.00084,4.326,4.019,-1.707,0.0,0.306,0.0405,82.58,0.002525,15.96
281.781,-204.87,732.162,-1.1553,0.00332,2.833,3.716,4.524,0.0,-0.883,-0.066,82.63,0.002525,13.98
281.831,-205.045,731.144,-1.1502,0.00139,3.585,3.599,-6.063,0.0,-0.013,0.0153,82.66,0.002207,13.55
281.881,-205.239,729.988,-1.1445,-0.00066,4.288,3.888,-2.35,0.0,0.401,0.0526,82.7,0.001671,13.57
281.93,-205.429,728.832,-1.1388,-0.00291,5.262,4.408,5.774,0.0,0.854,0.0424,82.75,0.001618,13.0
281.982,-205.614,727.674,-1.1399,0.00128,3.781,4.276,10.408,0.0,-0.496,-0.0729,82.79,0.001618,14.12
282.033,-205.784,726.583,-1.1361,-0.00061,4.539,4.198,-2.631,0.0,0.342,0.0028,82.83,0.001862,14.77
282.091,-205.96,725.422,-1.132,-0.00242,4.857,4.392,-1.573,0.0,0.466,0.0353,82.87,0.001272,22.89
282.134,-206.132,724.26,-1.1326,0.00158,3.441,4.137,3.877,0.0,-0.696,-0.0559,82.92,0.001272,15.42
282.185,-206.299,723.097,-1.13,0.00012,4.082,3.875,-5.097,0.0,0.207,-0.0098,82.96,0.001554,15.4
282.235,-206.461,721.933,-1.1274,-0.00156,4.169,3.993,-5.226,0.0,0.175,0.0438,83.0,0.001521,15.24
282.285,-206.619,720.767,-1.1249,-0.00294,4.863,4.326,2.353,0.0,0.537,0.0341,83.04,0.001094,16.1
282.336,-206.773,719.601,-1.1219,-0.00515,5.412,5.008,6.655,0.0,0.405,0.0603,83.08,0.000776,16.25
282.384,-206.922,718.433,-1.1255,-0.00099,3.963,5.047,13.633,0.0,-1.085,-0.0659,83.14,0.000776,13.52
282.439,-207.057,717.332,-1.1243,-0.00215,5.157,5.16,0.79,0.0,-0.002,0.0116,83.18,0.000586,17.72
282.488,-207.196,716.162,-1.1228,-0.00391,6.178,5.701,2.251,0.0,0.477,0.0639,83.22,0.000974,16.51
282.537,-207.33,714.99,-1.1217,-0.00405,6.722,6.31,10.836,0.0,0.413,0.0282,83.25,0.00037,15.43
282.586,-207.459,713.817,-1.1238,0.00051,5.124,6.161,12.163,0.0,-1.037,-0.0844,83.3,0.00037,14.53
282.637,-207.574,712.712,-1.121,0.00131,5.21,5.936,-2.973,0.0,-0.726,-0.0159,83.33,0.00087,14.97
282.686,-207.691,711.537,-1.1159,0.00272,5.333,5.714,-4.507,0.0,-0.381,-0.0074,83.38,0.000588,13.46
282.739,-207.802,710.36,-1.108,0.00462,4.667,5.315,-4.434,0.0,-0.648,-0.0324,83.42,0.00088,15.71
282.788,-207.9,709.252,-1.1003,0.00976,2.797,4.405,-7.97,0.0,-1.608,-0.0855,83.47,0.00088,14.21
282.84,-208.011,707.935,-1.0853,0.01215,1.534,3.522,-18.217,0.0,-1.988,-0.0279,83.52,0.000915,15.47
282.892,-208.098,706.824,-1.0691,0.01402,1.483,2.685,-17.653,0.0,-1.202,-0.0244,83.56,0.001065,16.9
282.94,-208.186,705.644,-1.0488,0.01542,0.49,1.978,-16.738,0.0,-1.488,-0.0111,83.59,0.000731,14.29
282.99,-208.27,704.462,-1.0268,0.0173,-0.299,1.419,-14.142,0.0,-1.718,-0.0039,83.65,0.000886,14.58
283.038,-208.344,703.349,-1.0054,0.0208,-1.687,0.61,-11.17,0.0,-2.297,-0.0546,83.69,0.000886,12.15
283.092,-208.42,702.165,-0.9793,0.02108,-1.456,-0.022,-16.193,0.0,-1.434,-0.0034,83.73,0.000576,15.22
283.137,-208.492,700.981,-0.9521,0.02132,-1.352,-0.427,-12.633,0.0,-0.925,0.0096,83.77,0.000582,10.56
283.19,-208.562,699.796,-0.9245,0.02166,-1.443,-0.851,-8.099,0.0,-0.592,-0.0168,83.83,0.000655,13.24
283.242,-208.63,698.61,-0.8978,0.02295,-2.097,-1.383,-8.487,0.0,-0.713,-0.0298,83.88,0.000655,14.56
283.292,-208.693,697.492,-0.8719,0.02257,-2.638,-1.644,-10.638,0.0,-0.994,0.0193,83.93,5.9e-05,15.13
283.341,-208.755,696.375,-0.8462,0.02196,-1.87,-1.866,-5.22,0.0,-0.003,-0.0037,83.97,0.00095,13.49
283.391,-208.817,695.256,-0.8208,0.02017,-2.053,-1.855,-4.44,0.0,-0.199,0.0249,84.03,0.000583,13.3
283.437,-208.884,694.068,-0.7971,0.01963,-2.04,-1.797,0.231,0.0,-0.243,0.0068,84.07,0.000583,8.77
283.492,-208.951,692.878,-0.7741,0.01839,-1.43,-1.797,1.145,0.0,0.367,-0.0059,84.12,0.000425,13.53
283.543,-209.02,691.688,-0.7525,0.01609,-1.154,-1.624,0.012,0.0,0.469,0.0241,84.17,0.000934,14.1
283.597,-209.09,690.497,-0.7335,0.01417,-0.67,-1.308,3.457,0.0,0.638,0.026,84.22,0.000651,17.83
283.641,-209.161,689.306,-0.7171,0.01315,-0.437,-1.011,6.311,0.0,0.575,0.0084,84.27,0.000651,11.31
283.695,-209.233,688.114,-0.7026,0.0107,0.123,-0.511,5.937,0.0,0.634,0.0388,84.29,0.001116,15.53
283.744,-209.302,686.992,-0.691,0.00848,1.219,0.082,10.01,0.0,1.137,0.0303,84.35,0.000502,13.91
283.801,-209.381,685.728,-0.6802,0.00614,1.763,0.793,11.851,0.0,0.969,0.0373,84.39,0.00093,20.46
283.847,-209.448,684.675,-0.6741,0.00572,1.857,1.321,14.236,0.0,0.536,-0.0009,84.44,0.00093,16.85
283.902,-209.523,683.481,-0.6677,0.00469,2.55,1.742,10.543,0.0,0.808,0.0036,84.49,0.001547,21.22
283.948,-209.603,682.216,-0.6617,0.00362,2.869,2.136,8.425,0.0,0.733,0.011,84.53,0.001254,16.77
283.997,-209.673,681.09,-0.6571,0.00337,2.827,2.52,7.89,0.0,0.307,0.0122,84.58,0.000838,16.09
284.049,-209.751,679.823,-0.6516,0.00365,3.42,2.535,7.665,0.0,0.885,-0.038,84.63,0.001081,17.52
284.095,-209.815,678.767,-0.6472,0.00469,3.027,2.341,0.307,0.0,0.686,-0.0287,84.66,0.001081,13.83
284.148,-209.886,677.57,-0.641,0.00501,1.764,2.263,-3.881,0.0,-0.499,0.0095,84.71,0.000719,16.17
284.199,-209.955,676.371,-0.6341,0.00651,1.642,2.08,-1.557,0.0,-0.438,-0.0174,84.77,0.000885,17.04
284.249,-210.023,675.172,-0.6245,0.00661,1.73,1.746,-3.661,0.0,-0.016,-0.0275,84.81,0.000544,17.32
284.299,-210.088,673.971,-0.6157,0.00825,1.096,1.298,-6.68,0.0,-0.202,-0.0276,84.85,0.000544,16.47
284.352,-210.144,672.912,-0.6063,0.00886,0.181,0.973,-8.963,0.0,-0.792,0.0015,84.9,0.000885,19.17
284.4,-210.21,671.64,-0.5941,0.00966,0.166,0.595,-6.502,0.0,-0.43,-0.0186,84.93,0.000563,17.23
284.447,-210.27,670.438,-0.581,0.00952,-0.46,0.398,-7.545,0.0,-0.858,0.012,84.97,0.000676,13.41
284.496,-210.329,669.235,-0.5688,0.01076,-0.98,0.143,-3.941,0.0,-1.122,-0.015,85.03,0.000676,11.93
284.549,-210.387,668.031,-0.5556,0.01077,-0.319,-0.281,-5.11,0.0,-0.037,-0.0325,85.07,0.000628,15.31
284.6,-210.443,666.827,-0.5422,0.00969,-0.573,-0.636,-8.486,0.0,0.063,-0.005,85.1,0.000477,15.91
284.65,-210.499,665.622,-0.5299,0.0095,-1.364,-0.737,-7.084,0.0,-0.627,0.023,85.15,0.000585,15.17
284.697,-210.547,664.559,-0.5197,0.00971,-1.511,-0.804,-2.022,0.0,-0.707,0.0012,85.2,0.000585,11.85
284.749,-210.602,663.353,-0.5084,0.00843,-0.79,-0.656,-1.346,0.0,-0.135,0.0277,85.23,0.000413,14.42
284.8,-210.657,662.146,-0.4982,0.00612,0.444,-0.324,2.965,0.0,0.768,0.0309,85.29,0.00054,15.18
284.848,-210.712,660.939,-0.4902,0.00422,0.743,0.205,6.643,0.0,0.538,0.039,85.33,0.000404,12.71
284.899,-210.767,659.731,-0.4841,0.00301,1.559,0.668,10.564,0.0,0.89,0.0094,85.38,0.000601,13.62
284.945,-210.818,658.593,-0.4806,0.003,1.535,0.932,9.273,0.0,0.603,-0.0117,85.41,0.000601,8.89
285.002,-210.873,657.384,-0.4771,0.00148,1.824,1.313,5.273,0.0,0.512,0.0255,85.46,0.000772,15.84
285.051,-210.928,656.174,-0.4749,0.00056,2.544,1.649,7.613,0.0,0.895,0.0071,85.51,0.000464,13.44
285.101,-210.982,654.963,-0.4729,-9e-05,2.332,1.996,6.726,0.0,0.336,0.0132,85.55,0.000639,13.18
285.149,-211.035,653.752,-0.4726,0.00071,2.05,2.151,6.934,0.0,-0.101,-0.0146,85.6,0.000639,10.88
285.201,-211.084,652.611,-0.4713,0.00111,2.302,2.144,3.102,0.0,0.158,-0.0172,85.62,0.000725,13.41
285.253,-211.134,651.399,-0.4689,0.00111,2.139,2.147,-0.134,0.0,-0.008,0.0011,85.66,0.000714,14.21
285.303,-211.182,650.186,-0.4662,0.00183,1.931,2.126,0.054,0.0,-0.196,-0.0032,85.72,0.000633,14.66
285.349,-211.229,648.972,-0.463,0.00351,1.329,1.912,-0.411,0.0,-0.583,-0.0278,85.75,0.000633,10.32
285.404,-211.273,647.758,-0.4581,0.00404,1.296,1.642,-4.287,0.0,-0.346,-0.0153,85.79,0.000532,14.76
285.455,-211.313,646.614,-0.4524,0.00463,0.916,1.439,-5.403,0.0,-0.523,-0.0001,85.85,0.000757,15.47
285.503,-211.354,645.398,-0.4455,0.00529,0.85,1.205,-4.06,0.0,-0.355,-0.0114,85.89,0.000595,13.72
285.55,-211.393,644.182,-0.4383,0.00676,0.296,0.853,-4.673,0.0,-0.557,-0.0247,85.92,0.000595,10.08
285.604,-211.431,642.965,-0.4296,0.00705,-0.028,0.548,-7.048,0.0,-0.576,-0.0056,85.97,0.000477,13.79
285.653,-211.467,641.747,-0.4201,0.0076,-0.115,0.229,-6.089,0.0,-0.345,-0.0126,86.01,0.000514,13.01
285.702,-211.497,640.672,-0.4109,0.00781,-0.497,-0.064,-6.376,0.0,-0.433,-0.0076,86.06,0.000327,11.49
285.753,-211.531,639.453,-0.401,0.00856,-0.824,-0.361,-5.873,0.0,-0.464,-0.0106,86.09,0.000327,12.02
285.806,-211.564,638.233,-0.3905,0.00846,-1.079,-0.516,-5.928,0.0,-0.563,0.0093,86.13,0.000966,14.31
285.856,-211.596,637.013,-0.3799,0.00789,-0.58,-0.612,-3.11,0.0,0.031,0.003,86.18,0.000681,14.13
285.907,-211.628,635.792,-0.3698,0.00691,-0.535,-0.618,-1.906,0.0,0.083,0.0091,86.21,0.000965,14.91
285.956,-211.659,634.571,-0.3608,0.00633,-0.506,-0.55,-0.131,0.0,0.044,0.0102,86.26,0.001101,13.06
286.002,-211.691,633.349,-0.353,0.00633,-0.562,-0.519,1.361,0.0,-0.043,-0.0027,86.28,0.001101,9.28
286.058,-211.721,632.198,-0.346,0.00528,-0.24,-0.395,0.629,0.0,0.156,0.0139,86.33,0.000782,14.38
286.11,-211.753,630.976,-0.3397,0.00413,0.208,-0.169,2.47,0.0,0.377,0.0186,86.35,0.000906,15.77
286.158,-211.785,629.752,-0.3343,0.00294,0.698,0.07,4.519,0.0,0.629,0.0097,86.38,0.000966,13.55
286.205,-211.816,628.529,-0.3301,0.00202,0.703,0.369,4.775,0.0,0.335,0.0168,86.42,0.000939,10.43
286.258,-211.848,627.305,-0.3275,0.00205,0.675,0.575,5.982,0.0,0.1,-0.0025,86.44,0.000939,13.21
286.309,-211.88,626.08,-0.3251,0.00144,1.064,0.792,4.126,0.0,0.273,0.0087,86.47,0.000733,13.5
286.361,-211.91,624.927,-0.3233,0.00054,1.506,1.033,4.335,0.0,0.473,0.0109,86.5,0.000516,15.08
286.411,-211.941,623.702,-0.3222,6e-05,1.615,1.253,4.819,0.0,0.362,0.0056,86.54,0.000632,15.32
286.46,-211.972,622.476,-0.3214,-0.00011,1.896,1.246,4.411,0.0,0.65,-0.0241,86.57,0.000513,13.28
286.507,-212.002,621.25,-0.3212,0.00042,1.713,1.137,-0.145,0.0,0.576,-0.0145,86.59,0.000513,10.69
286.562,-212.029,620.096,-0.3208,7e-05,1.036,1.152,-2.187,0.0,-0.116,0.0135,86.63,0.000226,14.78
286.61,-212.058,618.869,-0.3203,0.00034,1.293,1.093,0.298,0.0,0.201,-0.0098,86.64,0.000251,13.21
286.66,-212.086,617.641,-0.319,-0.00044,1.198,1.093,-1.179,0.0,0.105,0.0063,86.66,0.000321,12.96
286.711,-212.113,616.414,-0.3185,-0.00051,1.048,1.194,0.014,0.0,-0.146,0.014,86.71,0.000166,13.37
286.758,-212.138,615.185,-0.3184,0.00059,0.673,1.155,2.02,0.0,-0.482,-0.0161,86.74,0.000166,10.32
286.81,-212.162,613.957,-0.3174,0.00028,1.165,1.071,-0.788,0.0,0.094,-0.0077,86.77,0.000197,11.31
286.865,-212.183,612.872,-0.3165,-0.00026,1.188,1.071,-1.687,0.0,0.118,0.0088,86.78,0.000236,16.09
286.914,-212.205,611.57,-0.3158,-0.00035,1.135,1.138,-0.0,0.0,-0.004,0.0095,86.81,0.000402,14.13
286.962,-212.225,610.34,-0.3149,-0.00074,1.295,1.3,1.36,0.0,-0.005,0.0155,86.84,0.00024,12.13
287.013,-212.244,609.11,-0.3152,0.00026,0.957,1.308,3.233,0.0,-0.351,-0.0159,86.87,0.00024,13.07
287.065,-212.262,607.879,-0.3146,-7e-05,1.316,1.355,0.149,0.0,-0.039,0.0059,86.91,0.000156,14.36
287.116,-212.276,606.792,-0.314,-0.00028,1.652,1.43,0.956,0.0,0.222,0.0054,86.93,8.6e-05,15.19
287.164,-212.291,605.561,-0.3133,-0.00018,1.467,1.526,1.493,0.0,-0.059,0.0057,86.97,0.000233,12.71
287.217,-212.305,604.256,-0.3124,0.00019,1.485,1.628,1.929,0.0,-0.143,0.0041,86.98,0.0002,15.43
287.263,-212.317,603.024,-0.3115,0.00131,1.095,1.569,2.031,0.0,-0.474,-0.0189,87.0,0.0002,11.03
287.316,-212.327,601.791,-0.3093,0.00158,1.342,1.452,-1.182,0.0,-0.11,-0.0101,87.04,0.000288,14.06
287.379,-212.336,600.558,-0.3065,0.00214,1.1,1.315,-2.333,0.0,-0.216,-0.0069,87.07,0.000186,26.06
287.42,-212.342,599.397,-0.3031,0.00322,0.622,1.137,-2.736,0.0,-0.515,-0.0106,87.1,0.000344,17.21
287.467,-212.348,598.163,-0.2981,0.00408,0.488,0.882,-3.575,0.0,-0.393,-0.0169,87.12,0.000274,13.51
287.514,-212.351,596.928,-0.2923,0.00529,0.035,0.552,-5.099,0.0,-0.517,-0.0193,87.15,0.000274,10.88
287.564,-212.354,595.839,-0.2861,0.00577,-0.207,0.235,-6.589,0.0,-0.442,-0.0098,87.19,0.000361,10.34
287.615,-212.355,594.603,-0.2785,0.00642,-0.529,-0.079,-6.338,0.0,-0.45,-0.0107,87.2,0.000392,10.36
287.667,-212.355,593.368,-0.27,0.00681,-0.927,-0.299,-6.282,0.0,-0.628,0.0022,87.23,0.000316,12.5
287.72,-212.355,592.059,-0.2606,0.00686,-0.809,-0.426,-4.402,0.0,-0.384,0.0054,87.27,0.000403,14.29
287.767,-212.354,590.822,-0.2519,0.00713,-0.963,-0.554,-2.535,0.0,-0.408,-0.0047,87.29,0.000403,11.73
287.817,-212.353,589.586,-0.2431,0.00662,-0.746,-0.614,-2.577,0.0,-0.132,0.0051,87.31,0.00039,11.32
287.867,-212.352,588.349,-0.2349,0.0063,-0.609,-0.661,-1.199,0.0,0.053,-0.0003,87.35,0.000239,11.13
287.916,-212.351,587.256,-0.228,0.00608,-0.763,-0.689,-0.942,0.0,-0.074,0.0011,87.37,0.000426,10.12
287.966,-212.35,586.018,-0.2205,0.00592,-0.761,-0.705,-0.554,0.0,-0.056,0.0007,87.41,0.000426,9.34
288.04,-212.35,584.78,-0.2134,0.00556,-0.648,-0.71,-0.321,0.0,0.062,0.001,87.42,0.000256,33.3
288.073,-212.349,583.468,-0.2064,0.00475,-0.533,-0.627,-0.104,0.0,0.094,0.0122,87.46,0.000281,16.33
288.117,-212.349,582.375,-0.2014,0.004,-0.187,-0.523,1.675,0.0,0.336,0.0057,87.49,0.000187,9.57
288.171,-212.35,581.135,-0.1965,0.00299,-0.075,-0.35,2.068,0.0,0.275,0.0133,87.5,0.000405,13.18
288.218,-212.352,579.895,-0.1931,0.00251,0.06,-0.176,3.462,0.0,0.236,0.0063,87.54,0.000405,10.31
288.275,-212.353,578.655,-0.1903,0.00188,0.342,-0.033,3.492,0.0,0.375,0.0016,87.56,0.000441,16.44
288.322,-212.356,577.414,-0.1882,0.00108,0.489,0.131,2.855,0.0,0.358,0.0079,87.58,0.000702,13.97
288.371,-212.358,576.173,-0.1869,0.00047,0.647,0.332,3.276,0.0,0.315,0.0109,87.63,0.000184,12.48
288.42,-212.361,574.931,-0.1861,-0.00013,0.937,0.516,4.014,0.0,0.421,0.0047,87.64,0.000415,11.36
288.47,-212.364,573.835,-0.1863,-0.00013,0.938,0.632,3.681,0.0,0.305,-0.003,87.66,0.000415,10.69
288.522,-212.367,572.593,-0.1865,-0.00057,0.977,0.758,2.333,0.0,0.219,0.0053,87.71,0.000904,13.04
288.57,-212.369,571.35,-0.1871,-0.00083,1.086,0.911,2.509,0.0,0.174,0.0083,87.72,0.000499,10.36
288.623,-212.371,570.107,-0.1876,-0.00096,1.321,1.001,3.067,0.0,0.32,-0.0035,87.75,0.000511,12.66
288.676,-212.372,568.864,-0.188,-0.00109,1.134,1.115,1.801,0.0,0.018,0.0065,87.78,0.000273,15.24
288.723,-212.373,567.62,-0.189,-0.00044,0.921,1.138,2.278,0.0,-0.217,-0.0087,87.8,0.000273,11.95
288.775,-212.373,566.376,-0.1892,-0.0001,1.017,1.093,0.455,0.0,-0.076,-0.0087,87.82,0.000659,13.9
288.828,-212.372,565.132,-0.1888,-3e-05,0.958,1.039,-0.899,0.0,-0.08,-0.0029,87.86,-4e-06,16.49
288.877,-212.37,563.887,-0.1881,0.00041,0.923,0.892,-1.086,0.0,0.031,-0.0148,87.88,0.000508,15.51
288.927,-212.367,562.641,-0.1867,0.00074,0.531,0.73,-2.929,0.0,-0.199,-0.0073,87.92,0.000322,15.05
288.977,-212.363,561.469,-0.1854,0.00152,0.259,0.543,-3.246,0.0,-0.283,-0.0092,87.94,0.000322,14.78
289.026,-212.359,560.369,-0.1834,0.00192,0.066,0.327,-3.746,0.0,-0.261,-0.0105,87.97,0.000309,12.72
289.08,-212.353,559.123,-0.1804,0.00186,-0.257,0.28,-4.317,0.0,-0.538,0.0161,88.0,0.000749,16.56
289.129,-212.346,557.876,-0.1773,0.00184,0.367,0.181,-0.929,0.0,0.186,-0.009,88.01,0.000543,15.34
289.176,-212.339,556.629,-0.1746,0.00257,0.102,-0.005,-1.98,0.0,0.108,-0.0157,88.04,0.000543,11.94
289.228,-212.331,555.308,-0.1713,0.0019,0.02,-0.172,-3.73,0.0,0.193,-0.0038,88.06,0.000652,13.93
289.275,-212.322,554.06,-0.1687,0.00191,-0.608,-0.167,-3.343,0.0,-0.44,0.0182,88.09,-6.6e-05,10.52
289.33,-212.313,552.886,-0.166,0.00141,0.044,-0.063,0.098,0.0,0.108,0.014,88.14,0.000413,14.93
289.379,-212.304,551.563,-0.1634,-0.00011,0.522,0.211,2.078,0.0,0.311,0.0274,88.15,0.000431,13.83
289.424,-212.296,550.461,-0.1634,0.00018,0.423,0.389,5.488,0.0,0.034,-0.0039,88.17,0.000431,8.23
289.484,-212.287,549.212,-0.1631,-0.00032,0.883,0.458,3.562,0.0,0.425,-0.0091,88.2,0.000297,18.15
289.532,-212.277,547.962,-0.1632,-0.00083,0.578,0.704,1.374,0.0,-0.126,0.0272,88.22,0.000345,15.7
289.582,-212.267,546.712,-0.1637,-0.00069,1.354,0.783,4.923,0.0,0.571,-0.0148,88.23,0.000932,15.22
289.63,-212.256,545.462,-0.1644,-0.00046,1.281,0.753,1.574,0.0,0.528,-0.0124,88.25,0.000932,12.39
289.685,-212.245,544.211,-0.1652,-0.00104,0.847,0.832,-0.593,0.0,0.015,0.0142,88.3,0.000346,17.61
289.734,-212.234,543.034,-0.1662,-0.00072,0.975,0.839,1.583,0.0,0.136,-0.0073,88.32,0.000783,16.53
289.783,-212.222,541.782,-0.1667,-0.00108,1.114,0.756,0.146,0.0,0.358,-0.0125,88.36,0.000487,15.32
289.828,-212.209,540.531,-0.1674,-0.00108,0.576,0.767,-1.676,0.0,-0.191,0.0104,88.38,0.000187,9.81
289.88,-212.196,539.278,-0.1685,-0.00051,0.39,0.75,0.237,0.0,-0.36,-0.0037,88.4,0.000187,11.38
289.935,-212.182,538.099,-0.1689,-0.00044,0.622,0.728,-0.347,0.0,-0.106,-0.0012,88.43,0.001004,15.5
289.985,-212.168,536.847,-0.1691,-0.0011,0.711,0.95,-0.439,0.0,-0.239,0.0333,88.45,0.001052,15.77
290.036,-212.153,535.667,-0.1696,-0.00108,1.597,1.031,4.445,0.0,0.566,-0.0121,88.45,0.000373,15.91
290.081,-212.134,534.266,-0.1699,-0.0013,1.078,1.041,1.603,0.0,0.038,-0.007,88.46,0.000612,10.88
290.132,-212.118,533.087,-0.171,-0.0005,0.817,0.967,0.202,0.0,-0.151,-0.0113,88.5,0.000612,11.98
290.186,-212.099,531.833,-0.1711,0.00034,0.514,0.842,-1.465,0.0,-0.328,-0.0098,88.54,0.000952,15.68
290.241,-212.081,530.652,-0.1703,0.00015,0.736,0.71,-2.504,0.0,0.026,-0.0053,88.59,0.000232,20.63
290.288,-212.06,529.398,-0.1693,0.00027,0.63,0.481,-2.642,0.0,0.149,-0.0181,88.59,0.000151,16.95
290.337,-212.039,528.143,-0.1687,0.00059,0.52,0.272,-4.572,0.0,0.248,-0.0053,88.6,0.000151,15.46
290.391,-212.019,526.961,-0.1679,0.00065,-0.232,0.298,-4.194,0.0,-0.53,0.0256,88.63,0.000281,19.57
290.438,-211.997,525.705,-0.1668,0.00055,0.515,0.287,0.516,0.0,0.227,-0.0042,88.67,-0.000167,15.68
290.487,-211.976,524.523,-0.1654,-0.00072,0.389,0.44,-0.209,0.0,-0.05,0.0224,88.68,-0.000103,15.32
290.538,-211.951,523.193,-0.1656,-0.00056,0.703,0.574,3.05,0.0,0.129,0.0028,88.7,-6.8e-05,15.53
290.585,-211.927,521.936,-0.166,-2e-05,0.526,0.582,2.693,0.0,-0.055,-0.0131,88.74,-6.8e-05,12.25
290.641,-211.904,520.753,-0.1659,-0.00072,1.128,0.431,0.148,0.0,0.697,-0.0218,88.76,-0.000171,17.46
290.699,-211.88,519.569,-0.1664,-0.00111,0.25,0.384,-3.015,0.0,-0.135,0.0093,88.79,-3e-06,25.1
290.742,-211.855,518.311,-0.1675,-0.00131,0.265,0.577,-0.928,0.0,-0.312,0.0318,88.81,-6e-05,18.01
290.79,-211.827,516.98,-0.1679,-0.00257,1.53,0.806,3.853,0.0,0.724,0.0118,88.83,-0.000221,15.48
290.839,-211.801,515.722,-0.1708,-0.00207,1.382,0.887,4.576,0.0,0.495,-0.0126,88.84,-0.000221,14.91
290.891,-211.776,514.537,-0.1731,-0.00302,1.418,0.981,1.622,0.0,0.437,0.0046,88.86,0.000184,16.18
290.939,-211.747,513.279,-0.1761,-0.00272,0.914,1.252,1.88,0.0,-0.338,0.0279,88.91,0.000102,14.62
290.991,-211.72,512.093,-0.1784,-0.00306,1.935,1.539,5.413,0.0,0.396,0.0118,88.94,0.000135,15.75
291.038,-211.688,510.759,-0.1819,-0.00216,1.655,1.623,5.751,0.0,0.032,-0.0184,88.97,0.000135,11.78
291.092,-211.659,509.573,-0.1844,-0.00286,2.005,1.718,1.671,0.0,0.287,0.0046,88.99,0.000156,15.41
291.142,-211.628,508.387,-0.1872,-0.00202,1.585,1.855,1.91,0.0,-0.27,0.0091,89.0,0.00013,15.36
291.194,-211.593,507.052,-0.189,-0.00095,1.794,1.822,2.73,0.0,-0.027,-0.0189,89.03,1e-06,17.23
291.239,-211.559,505.865,-0.1891,-7e-05,1.419,1.654,-0.664,0.0,-0.235,-0.0199,89.04,0.000102,12.04
291.287,-211.522,504.604,-0.1884,0.00124,0.978,1.395,-3.351,0.0,-0.417,-0.0186,89.06,0.000102,10.22
291.34,-211.48,503.269,-0.1858,0.00285,0.382,1.065,-5.177,0.0,-0.682,-0.019,89.09,0.000184,13.09
291.388,-211.442,502.081,-0.1818,0.00405,0.084,0.663,-6.61,0.0,-0.578,-0.0215,89.13,0.000269,10.11
291.439,-211.398,500.745,-0.1757,0.00508,-0.507,0.281,-8.041,0.0,-0.788,-0.0111,89.15,0.000351,10.15
291.492,-211.36,499.631,-0.1698,0.0061,-0.817,-0.076,-7.623,0.0,-0.741,-0.01,89.17,0.00068,12.83
291.54,-211.316,498.368,-0.1616,0.00685,-1.12,-0.414,-7.152,0.0,-0.706,-0.0097,89.18,0.00068,11.02
291.595,-211.269,497.031,-0.152,0.00741,-1.171,-0.833,-6.756,0.0,-0.338,-0.0231,89.2,0.000826,15.72
291.644,-211.226,495.843,-0.143,0.0078,-1.863,-1.184,-8.383,0.0,-0.679,-0.0051,89.22,0.001041,14.26
291.69,-211.18,494.579,-0.133,0.00818,-1.954,-1.464,-7.015,0.0,-0.489,-0.0024,89.25,0.001141,10.04
291.739,-211.138,493.39,-0.1233,0.00757,-1.857,-1.601,-5.605,0.0,-0.256,0.0102,89.28,0.001224,8.52
291.793,-211.095,492.2,-0.1145,0.00683,-1.696,-1.595,-2.743,0.0,-0.101,0.0153,89.3,0.001289,12.26
291.839,-211.049,490.861,-0.1058,0.00601,-1.483,-1.51,0.131,0.0,0.027,0.0111,89.32,0.001289,8.39
291.892,-211.009,489.671,-0.0992,0.0049,-1.126,-1.326,1.694,0.0,0.199,0.0169,89.35,0.001357,10.92
291.946,-210.965,488.331,-0.0934,0.00367,-0.597,-1.103,3.69,0.0,0.506,0.0117,89.37,0.001359,14.85
291.996,-210.927,487.14,-0.0896,0.00245,-0.341,-0.867,4.45,0.0,0.526,0.0096,89.4,0.001351,15.32
292.042,-210.89,485.948,-0.0872,0.00141,-0.114,-0.642,4.715,0.0,0.528,0.0067,89.42,0.001215,9.99
292.092,-210.85,484.607,-0.0858,0.00035,0.123,-0.444,4.498,0.0,0.567,0.0041,89.44,0.001255,10.05
292.142,-210.815,483.415,-0.086,-0.0006,0.438,-0.213,3.966,0.0,0.651,0.0115,89.46,0.001255,10.31
292.193,-210.78,482.148,-0.0873,-0.00169,0.709,-0.042,4.627,0.0,0.751,-0.0003,89.49,0.001147,10.69
292.242,-210.745,480.88,-0.0899,-0.00281,0.689,0.116,3.424,0.0,0.573,0.0041,89.51,0.000972,10.06
292.294,-210.711,479.613,-0.0937,-0.00381,0.864,0.27,3.15,0.0,0.594,0.005,89.53,0.000767,11.41
292.347,-210.68,478.419,-0.098,-0.00523,1.098,0.498,3.085,0.0,0.6,0.0157,89.56,0.000769,13.91
292.4,-210.645,477.076,-0.1044,-0.00669,1.499,0.804,4.563,0.0,0.695,0.0187,89.58,0.000449,16.24
292.444,-210.614,475.882,-0.1123,-0.00665,1.538,1.03,6.106,0.0,0.508,-0.0004,89.6,0.000449,10.18
292.495,-210.583,474.687,-0.1205,-0.00797,1.926,1.284,4.518,0.0,0.642,0.0118,89.63,0.000345,10.26
292.548,-210.552,473.493,-0.1297,-0.00929,2.344,1.615,5.081,0.0,0.729,0.0197,89.65,0.000314,13.66
292.596,-210.514,472.073,-0.1422,-0.01054,2.753,2.014,6.635,0.0,0.739,0.0209,89.67,0.000305,11.39
292.647,-210.481,470.878,-0.1533,-0.01158,3.167,2.432,7.973,0.0,0.735,0.0167,89.7,0.000626,12.1
292.698,-210.446,469.682,-0.1666,-0.01037,2.855,2.611,8.365,0.0,0.244,-0.0189,89.72,0.000626,12.33
292.752,-210.408,468.412,-0.1799,-0.01102,3.167,2.808,3.573,0.0,0.359,0.0088,89.74,0.000174,16.1
292.797,-210.366,467.066,-0.1942,-0.01133,3.533,3.047,3.938,0.0,0.486,0.0128,89.76,0.000407,11.12
292.851,-210.326,465.87,-0.2066,-0.01141,3.588,3.299,4.786,0.0,0.289,0.0101,89.79,0.000731,14.16
292.896,-210.281,464.598,-0.2194,-0.01107,3.693,3.522,5.036,0.0,0.171,0.0048,89.8,0.00022,9.12
292.95,-210.236,463.402,-0.2303,-0.01078,3.886,3.725,4.468,0.0,0.161,0.0049,89.83,0.000504,13.02
292.999,-210.185,462.13,-0.2425,-0.00826,3.131,3.619,4.05,0.0,-0.487,-0.036,89.86,0.000504,11.5
293.053,-210.135,460.933,-0.2517,-0.0073,3.126,3.445,-2.125,0.0,-0.32,-0.0131,89.88,0.000553,15.58
293.104,-210.07,459.511,-0.2606,-0.00598,2.746,3.335,-3.465,0.0,-0.588,0.0027,89.9,0.000571,16.07
293.155,-210.012,458.314,-0.266,-0.00411,2.559,3.124,-2.214,0.0,-0.566,-0.0178,89.92,0.000857,16.34
293.206,-209.947,457.041,-0.2691,-0.00247,2.166,2.791,-4.206,0.0,-0.625,-0.0245,89.94,0.000341,17.32
293.257,-209.878,455.769,-0.2699,-8e-05,1.42,2.283,-6.669,0.0,-0.863,-0.0359,89.95,0.000651,17.65
293.309,-209.805,454.497,-0.2676,0.00226,0.643,1.609,-10.151,0.0,-0.965,-0.0411,89.97,0.000853,19.89
293.352,-209.738,453.374,-0.2637,0.00488,-0.247,0.855,-13.493,0.0,-1.101,-0.0346,89.99,0.000853,12.66
293.404,-209.659,452.101,-0.2563,0.00648,-1.221,0.261,-15.076,0.0,-1.482,-0.004,90.01,0.000305,14.46
293.458,-209.573,450.754,-0.2463,0.00779,-1.162,-0.337,-11.874,0.0,-0.825,-0.0214,90.04,0.000558,17.24
293.51,-209.499,449.631,-0.2364,0.00828,-1.676,-0.882,-11.97,0.0,-0.794,-0.0133,90.06,0.000727,19.61
293.562,-209.413,448.357,-0.2251,0.00895,-2.373,-1.221,-10.888,0.0,-1.152,0.0096,90.09,0.000379,20.87
293.607,-209.327,447.084,-0.2134,0.00949,-2.629,-1.5,-6.789,0.0,-1.13,-0.0033,90.11,0.000379,16.48
293.653,-209.24,445.81,-0.2014,0.0091,-1.946,-1.777,-5.567,0.0,-0.17,-0.0096,90.13,5e-06,11.25
293.711,-209.154,444.536,-0.1901,0.0079,-1.978,-1.887,-5.545,0.0,-0.091,0.0137,90.15,0.000125,18.74
293.757,-209.067,443.262,-0.1804,0.00711,-1.841,-1.884,-2.197,0.0,0.043,0.0119,90.17,0.000187,15.07
293.807,-208.982,441.987,-0.1717,0.00566,-1.443,-1.79,0.062,0.0,0.347,0.0127,90.2,-0.000138,14.46
293.859,-208.897,440.712,-0.165,0.00384,-1.24,-1.429,1.869,0.0,0.188,0.0407,90.23,-0.000442,16.5
293.906,-208.819,439.511,-0.1607,0.00187,0.019,-1.029,7.23,0.0,1.048,0.0179,90.24,-0.000198,12.97
293.958,-208.737,438.235,-0.1582,-0.00052,0.404,-0.56,7.992,0.0,0.964,0.0236,90.26,5.8e-05,14.94
294.007,-208.656,436.959,-0.1596,-0.00161,0.772,-0.114,9.378,0.0,0.886,0.0132,90.29,5.8e-05,13.11
294.056,-208.577,435.682,-0.1625,-0.00299,0.996,0.443,8.921,0.0,0.553,0.0311,90.31,-0.000137,12.03
294.108,-208.504,434.48,-0.1668,-0.00464,2.244,0.957,11.139,0.0,1.286,0.0135,90.33,0.000128,13.22
294.155,-208.426,433.202,-0.1731,-0.00633,2.527,1.473,10.291,0.0,1.055,0.0181,90.36,0.000365,9.93
294.21,-208.349,431.924,-0.1813,-0.00679,2.521,2.016,10.304,0.0,0.505,0.0219,90.38,0.000581,14.7
294.255,-208.281,430.796,-0.1885,-0.00736,3.186,2.554,10.869,0.0,0.632,0.0181,90.4,0.000788,10.23
294.311,-208.203,429.518,-0.197,-0.00773,3.824,2.948,10.75,0.0,0.876,-0.0012,90.42,0.000983,15.51
294.36,-208.115,428.089,-0.207,-0.00721,3.57,3.18,7.896,0.0,0.39,-0.009,90.43,0.001122,14.3
294.406,-208.044,426.96,-0.2145,-0.00583,3.165,3.191,4.638,0.0,-0.026,-0.0227,90.47,0.001122,10.08
294.457,-207.962,425.681,-0.2211,-0.00422,2.603,3.132,0.222,0.0,-0.529,-0.0094,90.49,0.001191,10.26
294.509,-207.877,424.402,-0.2254,-0.00249,2.461,2.992,-1.186,0.0,-0.531,-0.0133,90.5,0.001166,11.99
294.562,-207.789,423.122,-0.2273,-0.00061,2.232,2.612,-2.795,0.0,-0.379,-0.0385,90.52,0.001116,14.61
294.609,-207.699,421.843,-0.2268,0.0018,1.136,2.0,-7.615,0.0,-0.864,-0.0455,90.55,0.000993,11.81
294.658,-207.606,420.563,-0.2234,0.00462,-0.128,1.292,-12.227,0.0,-1.42,-0.0348,90.57,0.000911,10.03
294.713,-207.51,419.284,-0.2165,0.00682,-0.654,0.473,-14.161,0.0,-1.127,-0.0402,90.59,0.000807,14.77
294.758,-207.412,418.004,-0.2065,0.00852,-1.279,-0.293,-16.383,0.0,-0.987,-0.0211,90.61,0.000807,9.74
294.814,-207.318,416.799,-0.1954,0.00975,-2.082,-1.031,-15.313,0.0,-1.051,-0.0229,90.63,0.000695,15.61
294.859,-207.216,415.519,-0.1822,0.01087,-2.828,-1.768,-14.768,0.0,-1.061,-0.0255,90.65,0.000613,10.03
294.91,-207.114,414.239,-0.168,0.01103,-3.242,-2.401,-14.735,0.0,-0.841,-0.0112,90.66,0.000516,11.28
294.958,-207.012,412.958,-0.1535,0.01037,-3.376,-2.843,-12.659,0.0,-0.533,0.0045,90.69,0.000491,8.46
295.008,-206.915,411.753,-0.1413,0.00971,-3.239,-3.073,-8.85,0.0,-0.167,0.0143,90.71,0.000491,8.16
295.067,-206.814,410.472,-0.1298,0.00778,-2.921,-3.077,-4.589,0.0,0.156,0.0234,90.73,0.000384,16.29
295.111,-206.715,409.19,-0.1209,0.00516,-2.293,-2.821,-0.084,0.0,0.528,0.0362,90.75,0.000371,10.5
295.162,-206.617,407.908,-0.1152,0.00214,-1.425,-2.302,5.123,0.0,0.877,0.0456,90.77,0.00031,10.64
295.213,-206.533,406.776,-0.113,-0.0013,-0.282,-1.545,10.378,0.0,1.263,0.0514,90.8,0.000294,11.35
295.264,-206.434,405.418,-0.1149,-0.00492,0.977,-0.588,15.141,0.0,1.565,0.0543,90.82,0.000224,12.04
295.314,-206.349,404.21,-0.1218,-0.00663,1.581,0.263,19.139,0.0,1.318,0.0186,90.84,0.000224,11.55
295.366,-206.254,402.85,-0.1326,-0.00967,2.797,1.168,17.02,0.0,1.629,0.0373,90.86,0.000187,13.57
295.414,-206.167,401.566,-0.1463,-0.01227,3.84,2.153,18.103,0.0,1.687,0.0427,90.88,0.000126,10.54
295.464,-206.08,400.281,-0.1625,-0.01398,4.633,3.086,19.7,0.0,1.547,0.027,90.9,0.000115,10.45
295.514,-206.003,399.147,-0.1779,-0.01519,5.264,3.886,18.643,0.0,1.378,0.0141,90.93,0.000114,10.51
295.564,-205.911,397.786,-0.1977,-0.01544,5.575,4.507,16.005,0.0,1.068,0.0029,90.94,1.4e-05,10.22
295.615,-205.821,396.501,-0.2161,-0.01499,5.664,4.915,12.426,0.0,0.749,-0.0082,90.96,0.000214,10.3
295.665,-205.73,395.215,-0.234,-0.01283,5.075,4.98,8.151,0.0,0.095,-0.0336,90.97,0.000214,10.3
295.713,-205.646,394.081,-0.2476,-0.01106,4.614,4.855,1.306,0.0,-0.241,-0.0242,90.99,0.000108,8.41
295.766,-205.548,392.795,-0.2603,-0.00888,4.115,4.584,-2.492,0.0,-0.468,-0.0249,91.01,0.000325,10.72
295.818,-205.44,391.434,-0.2705,-0.00647,3.409,4.182,-5.434,0.0,-0.773,-0.0276,91.03,3.2e-05,12.17
295.866,-205.334,390.149,-0.2767,-0.00398,2.709,3.667,-8.023,0.0,-0.958,-0.0299,91.05,0.000167,10.54
295.923,-205.223,388.863,-0.2793,-0.0012,1.836,3.049,-10.307,0.0,-1.213,-0.0323,91.08,0.000166,17.05
295.966,-205.115,387.654,-0.2788,0.00214,0.739,2.27,-12.36,0.0,-1.531,-0.044,91.09,0.000166,10.6
296.02,-204.996,386.369,-0.2742,0.0048,-0.071,1.455,-15.575,0.0,-1.526,-0.0323,91.1,0.000319,14.29
296.071,-204.873,385.084,-0.2659,0.00749,-0.957,0.636,-16.309,0.0,-1.592,-0.029,91.12,9.5e-05,14.84
296.121,-204.761,383.951,-0.2558,0.00988,-1.729,-0.177,-16.388,0.0,-1.552,-0.0276,91.14,-0.000284,13.84
296.172,-204.631,382.666,-0.2416,0.01208,-2.528,-0.985,-16.251,0.0,-1.542,-0.0278,91.14,9.6e-05,15.13
296.219,-204.491,381.306,-0.2239,0.01331,-3.04,-1.688,-16.166,0.0,-1.353,-0.0134,91.16,0.000325,11.61
296.273,-204.372,380.173,-0.2081,0.01448,-3.526,-2.296,-14.049,0.0,-1.23,-0.0113,91.19,0.000325,14.76
296.325,-204.228,378.812,-0.188,0.01453,-3.545,-2.804,-12.159,0.0,-0.741,-0.0073,91.2,0.000385,16.08
296.374,-204.093,377.527,-0.1695,0.01404,-3.752,-3.104,-10.16,0.0,-0.648,0.0113,91.22,0.000193,15.41
296.42,-203.958,376.242,-0.1518,0.01316,-3.579,-3.221,-6.008,0.0,-0.358,0.0151,91.24,0.000193,10.69
296.471,-203.825,374.956,-0.1355,0.01171,-3.081,-3.206,-2.345,0.0,0.125,0.0144,91.26,0.000337,11.7
296.52,-203.701,373.745,-0.1221,0.01009,-2.638,-3.049,0.298,0.0,0.411,0.0204,91.28,0.000337,10.19
296.573,-203.572,372.458,-0.1102,0.00816,-2.083,-2.753,3.14,0.0,0.67,0.0249,91.3,0.000337,13.39
296.63,-203.446,371.171,-0.1011,0.00557,-1.568,-2.233,5.922,0.0,0.665,0.0416,91.31,0.000433,19.45
296.681,-203.329,369.959,-0.0955,0.00337,-0.522,-1.678,10.405,0.0,1.156,0.023,91.34,0.000457,19.91
296.73,-203.208,368.67,-0.0921,0.00063,0.183,-1.045,11.099,0.0,1.228,0.0302,91.36,0.000419,18.5
296.78,-203.09,367.381,-0.0924,-0.00128,0.806,-0.405,12.652,0.0,1.211,0.0232,91.38,0.000427,18.31
296.825,-202.967,366.016,-0.0955,-0.00314,1.433,0.222,12.813,0.0,1.21,0.0205,91.39,0.000427,13.26
296.875,-202.854,364.726,-0.1009,-0.00508,1.909,0.944,12.545,0.0,0.965,0.035,91.41,0.000614,13.35
296.922,-202.755,363.587,-0.1074,-0.00641,2.66,1.666,14.429,0.0,0.994,0.0252,91.44,0.000638,9.75
296.975,-202.644,362.296,-0.1159,-0.00736,3.492,2.126,14.434,0.0,1.367,-0.0113,91.45,0.000497,12.18
297.027,-202.533,361.006,-0.1255,-0.00763,3.171,2.368,9.201,0.0,0.803,-0.0143,91.47,0.000444,14.09
297.077,-202.423,359.714,-0.1353,-0.00739,3.153,2.517,4.848,0.0,0.636,-0.0046,91.51,0.000444,13.22
297.124,-202.311,358.422,-0.1444,-0.00651,2.643,2.552,2.974,0.0,0.091,-0.0107,91.53,0.000493,9.78
297.178,-202.193,357.055,-0.153,-0.00603,2.467,2.565,0.699,0.0,-0.099,-0.0017,91.55,0.000619,12.95
297.231,-202.093,355.914,-0.1592,-0.00538,2.533,2.481,0.274,0.0,0.052,-0.0132,91.56,0.000695,16.32
297.279,-201.979,354.622,-0.165,-0.00449,2.101,2.3,-1.678,0.0,-0.199,-0.0166,91.57,0.000472,13.39
297.33,-201.862,353.33,-0.1695,-0.00296,1.514,2.015,-3.638,0.0,-0.502,-0.0206,91.6,0.000501,14.2
297.376,-201.742,352.037,-0.1721,-0.00105,0.908,1.62,-5.684,0.0,-0.712,-0.0255,91.62,0.000501,10.02
297.43,-201.628,350.821,-0.1725,0.00015,0.489,1.218,-7.911,0.0,-0.729,-0.0147,91.65,0.000413,13.43
297.48,-201.504,349.529,-0.1713,0.00107,0.231,0.837,-8.033,0.0,-0.606,-0.0112,91.67,5.9e-05,13.68
297.528,-201.378,348.236,-0.1686,0.00186,-0.056,0.447,-7.629,0.0,-0.502,-0.0145,91.68,0.000116,11.07
297.579,-201.25,346.944,-0.1649,0.0025,-0.516,0.117,-7.797,0.0,-0.633,-0.0052,91.7,0.000128,11.79
297.629,-201.12,345.651,-0.161,0.0036,-0.898,-0.214,-6.595,0.0,-0.684,-0.0117,91.73,0.000128,11.81
297.681,-200.989,344.358,-0.1559,0.00375,-1.011,-0.431,-6.625,0.0,-0.58,0.0044,91.75,-9e-06,13.56
297.726,-200.857,343.065,-0.1506,0.00343,-0.767,-0.528,-4.335,0.0,-0.239,0.0092,91.76,-0.000172,8.3
297.782,-200.725,341.771,-0.1455,0.00295,-0.577,-0.573,-1.932,0.0,-0.004,0.0038,91.78,-0.000204,13.75
297.836,-200.607,340.63,-0.1413,0.00244,-0.5,-0.606,-0.912,0.0,0.106,0.0002,91.8,-0.000324,16.97
297.881,-200.474,339.336,-0.1381,0.0025,-0.539,-0.647,-0.659,0.0,0.108,-0.0023,91.82,-0.000324,12.13
297.93,-200.333,337.966,-0.1351,0.00155,-0.406,-0.59,-0.817,0.0,0.184,0.0122,91.84,-0.000203,10.54
297.983,-200.208,336.747,-0.1335,0.00029,-0.102,-0.336,1.137,0.0,0.233,0.0296,91.87,-1e-05,13.37
298.03,-200.075,335.452,-0.1331,-0.00108,0.615,0.02,5.086,0.0,0.595,0.0231,91.9,-0.00023,10.38
298.087,-199.951,334.233,-0.134,-0.00252,1.049,0.462,7.117,0.0,0.587,0.0245,91.9,-0.000177,16.74
298.131,-199.82,332.938,-0.1373,-0.00255,1.081,0.777,8.844,0.0,0.305,-0.0024,91.91,-0.000177,10.45
298.181,-199.696,331.718,-0.1405,-0.00309,1.384,1.104,6.288,0.0,0.28,0.0128,91.94,-0.000188,10.42
298.232,-199.563,330.423,-0.1443,-0.0034,1.946,1.37,6.553,0.0,0.576,0.0029,91.95,-0.00016,11.87
298.28,-199.43,329.127,-0.1482,-0.00353,1.943,1.574,5.324,0.0,0.37,0.0005,91.98,-0.000113,9.49
298.338,-199.297,327.83,-0.1523,-0.00292,1.755,1.712,4.066,0.0,0.043,-0.0019,91.99,-1.4e-05,16.87
298.384,-199.162,326.534,-0.1557,-0.00229,1.573,1.742,2.771,0.0,-0.17,-0.0103,92.02,-1.4e-05,12.43
298.438,-199.026,325.237,-0.1583,-0.00173,1.58,1.751,0.603,0.0,-0.172,-0.0019,92.04,-0.000318,16.14
298.484,-198.898,324.017,-0.16,-0.00114,1.598,1.724,0.176,0.0,-0.125,-0.0048,92.05,-0.000122,11.81
298.532,-198.76,322.72,-0.1609,-9e-05,1.304,1.607,-0.553,0.0,-0.303,-0.0133,92.06,-2.7e-05,9.97
298.583,-198.621,321.423,-0.1604,0.0014,0.968,1.312,-2.324,0.0,-0.344,-0.029,92.08,0.000248,10.17
298.634,-198.48,320.126,-0.1579,0.00256,0.575,0.96,-5.904,0.0,-0.386,-0.0182,92.1,0.000248,10.76
298.683,-198.337,318.829,-0.1537,0.00398,-0.061,0.579,-7.034,0.0,-0.64,-0.0164,92.13,-0.000132,10.02
298.735,-198.194,317.531,-0.1478,0.00536,-0.784,0.183,-7.62,0.0,-0.968,-0.0154,92.14,3e-05,11.6
298.789,-198.049,316.234,-0.1402,0.00654,-0.942,-0.229,-7.923,0.0,-0.713,-0.0161,92.15,0.000201,14.81
298.836,-197.92,315.089,-0.1323,0.00726,-1.29,-0.609,-8.244,0.0,-0.681,-0.0099,92.16,-2e-05,11.86
298.886,-197.773,313.791,-0.1225,0.00776,-1.513,-0.929,-7.602,0.0,-0.584,-0.0049,92.19,-2e-05,10.85
298.937,-197.626,312.494,-0.112,0.00844,-1.789,-1.249,-6.409,0.0,-0.54,-0.011,92.2,6.1e-05,12.48
298.989,-197.47,311.119,-0.1004,0.00858,-1.939,-1.525,-6.389,0.0,-0.414,-0.0052,92.22,6.7e-05,13.39
299.04,-197.323,309.821,-0.0893,0.00856,-2.061,-1.665,-5.53,0.0,-0.396,0.0094,92.24,0.000238,14.53
299.089,-197.194,308.675,-0.08,0.00805,-2.079,-1.721,-2.802,0.0,-0.357,0.0069,92.26,0.000137,12.7
299.14,-197.048,307.376,-0.07,0.00742,-1.562,-1.772,-1.114,0.0,0.209,-0.0013,92.29,0.000124,13.61
299.187,-196.904,306.076,-0.0608,0.00652,-1.328,-1.742,-1.015,0.0,0.414,0.0095,92.29,0.000124,10.07
299.24,-196.761,304.777,-0.053,0.00532,-1.234,-1.664,0.595,0.0,0.43,0.0078,92.3,0.000314,13.1
299.288,-196.619,303.477,-0.0467,0.00469,-1.187,-1.505,1.559,0.0,0.318,0.0141,92.32,0.000253,10.45
299.339,-196.479,302.176,-0.0416,0.00324,-1.091,-1.244,3.183,0.0,0.154,0.0197,92.34,1e-06,10.85
299.391,-196.358,301.028,-0.0386,0.00199,-0.234,-0.989,5.213,0.0,0.755,0.0084,92.36,9e-05,13.26
299.44,-196.221,299.727,-0.0367,0.0006,0.202,-0.691,5.117,0.0,0.893,0.0148,92.36,9e-05,11.68
299.489,-196.079,298.349,-0.0369,-0.00112,0.557,-0.265,5.956,0.0,0.822,0.0282,92.39,0.000279,10.67
299.543,-195.946,297.046,-0.039,-0.00192,0.618,0.138,8.507,0.0,0.48,0.0118,92.41,0.000253,13.84
299.594,-195.814,295.744,-0.0421,-0.00288,1.221,0.477,8.067,0.0,0.744,0.005,92.42,0.000151,14.11
299.644,-195.684,294.441,-0.0462,-0.00389,1.472,0.77,6.772,0.0,0.701,0.0056,92.44,4.4e-05,14.83
299.69,-195.554,293.137,-0.0517,-0.00424,1.618,1.014,5.876,0.0,0.603,0.0033,92.46,4.4e-05,10.51
299.744,-195.424,291.834,-0.0573,-0.00437,1.689,1.202,4.881,0.0,0.487,0.0007,92.47,0.000313,13.44
299.793,-195.31,290.683,-0.0624,-0.00446,1.539,1.349,3.755,0.0,0.19,0.0008,92.49,0.00015,12.02
299.845,-195.173,289.303,-0.0684,-0.00426,1.637,1.396,2.938,0.0,0.24,-0.0088,92.51,9.6e-05,14.52
299.895,-195.042,287.998,-0.0735,-0.00405,1.616,1.405,0.946,0.0,0.211,-0.0038,92.51,-1.5e-05,14.06
299.94,-194.911,286.694,-0.0782,-0.00361,1.27,1.45,0.167,0.0,-0.18,0.0055,92.53,5.2e-05,8.8
299.992,-194.779,285.39,-0.0824,-0.00274,1.013,1.412,0.914,0.0,-0.398,-0.0102,92.55,5.2e-05,10.68
300.047,-194.661,284.239,-0.085,-0.00204,0.881,1.294,-0.773,0.0,-0.413,-0.0124,92.57,0.000121,14.55
300.097,-194.526,282.935,-0.087,-0.0015,1.032,1.099,-2.358,0.0,-0.067,-0.0148,92.58,-6.7e-05,14.55
300.141,-194.39,281.63,-0.0881,-0.00077,0.69,0.873,-3.891,0.0,-0.183,-0.0112,92.59,-0.000143,8.03
300.192,-194.253,280.326,-0.0885,0.00019,0.152,0.66,-4.524,0.0,-0.509,-0.006,92.61,-4.7e-05,9.37
300.245,-194.114,279.021,-0.0877,0.00096,-0.102,0.443,-4.252,0.0,-0.545,-0.0081,92.63,-4.7e-05,11.53
300.297,-193.982,277.793,-0.0861,0.0015,-0.254,0.261,-4.351,0.0,-0.515,-0.0026,92.65,-0.000113,13.42
300.344,-193.834,276.411,-0.0836,0.00169,-0.205,0.07,-3.639,0.0,-0.276,-0.0076,92.66,-0.000111,9.96
300.4,-193.7,275.182,-0.0809,0.00206,-0.208,-0.1,-3.816,0.0,-0.108,-0.0038,92.67,5.6e-05,15.39
300.442,-193.558,273.877,-0.0777,0.0023,-0.64,-0.202,-3.411,0.0,-0.438,0.0036,92.69,-0.000125,6.73
300.496,-193.415,272.572,-0.0744,0.00274,-0.803,-0.311,-2.041,0.0,-0.492,-0.0045,92.71,-0.000125,10.38
300.553,-193.271,271.266,-0.0706,0.00289,-0.671,-0.388,-2.175,0.0,-0.283,0.0007,92.72,-8.3e-05,17.05
300.597,-193.128,269.96,-0.0668,0.00236,-0.46,-0.393,-1.533,0.0,-0.067,0.0072,92.74,-0.0001,11.31
300.647,-192.984,268.654,-0.0635,0.00224,-0.305,-0.399,-0.112,0.0,0.094,-0.0002,92.75,-0.000134,10.97
300.698,-192.84,267.348,-0.0606,0.00191,-0.299,-0.343,-0.108,0.0,0.045,0.0083,92.77,-0.000197,11.17
300.747,-192.714,266.195,-0.0585,0.00179,-0.272,-0.282,1.112,0.0,0.01,0.0027,92.79,-0.000197,10.65
300.803,-192.571,264.888,-0.0563,0.0015,-0.279,-0.181,1.221,0.0,-0.097,0.0077,92.8,-4.4e-05,15.71
300.855,-192.428,263.581,-0.0546,0.00112,0.066,-0.08,2.019,0.0,0.145,0.0036,92.82,7.3e-05,17.6
300.899,-192.285,262.274,-0.0533,0.00069,0.289,0.027,2.034,0.0,0.262,0.0042,92.83,-0.0001,11.65
300.943,-192.143,260.966,-0.0526,0.00061,0.19,0.107,2.129,0.0,0.083,0.0001,92.85,-0.000208,5.26
300.999,-192.001,259.659,-0.0519,0.00045,0.238,0.172,1.609,0.0,0.067,0.0006,92.86,-0.000208,10.42
301.051,-191.876,258.504,-0.0514,0.00062,0.262,0.16,1.289,0.0,0.102,-0.0084,92.89,-0.000158,11.64
301.103,-191.734,257.196,-0.0507,0.00061,0.26,0.16,-0.242,0.0,0.1,0.0013,92.9,-0.000237,13.2
301.15,-191.592,255.887,-0.05,0.00069,0.022,0.178,-0.003,0.0,-0.156,0.0026,92.92,-0.000178,9.97
301.204,-191.45,254.579,-0.0492,0.00085,0.191,0.176,0.367,0.0,0.015,-0.0022,92.94,-0.000151,13.62
301.251,-191.309,253.27,-0.0481,0.0008,0.198,0.172,-0.043,0.0,0.026,-0.0004,92.95,-0.000151,11.12
301.299,-191.167,251.96,-0.0472,0.00073,0.162,0.191,-0.085,0.0,-0.028,0.0031,92.97,-0.000108,8.77
301.352,-191.025,250.651,-0.0461,0.00098,0.099,0.193,0.381,0.0,-0.094,-0.0017,92.98,-0.000186,11.99
301.401,-190.883,249.341,-0.0448,0.00121,0.055,0.122,0.041,0.0,-0.066,-0.0101,93.0,-7.1e-05,10.09
301.45,-190.741,248.031,-0.0432,0.00138,0.069,-0.005,-1.421,0.0,0.074,-0.0103,93.02,-0.000152,8.73
301.502,-190.616,246.875,-0.0415,0.00146,0.033,-0.104,-2.536,0.0,0.137,-0.0005,93.04,-0.000152,10.54
301.552,-190.473,245.564,-0.0395,0.00152,-0.187,-0.134,-1.977,0.0,-0.053,0.0062,93.07,-9.6e-05,11.04
301.602,-190.331,244.253,-0.0376,0.00176,-0.421,-0.121,-0.588,0.0,-0.3,0.0048,93.09,-7.7e-05,9.96
301.655,-190.19,242.942,-0.0354,0.00167,-0.191,-0.105,0.246,0.0,-0.086,0.001,93.1,-8e-05,12.56
301.703,-190.048,241.631,-0.0333,0.00149,-0.012,-0.071,0.325,0.0,0.059,0.0031,93.11,-4.5e-05,10.66
301.751,-189.915,240.396,-0.0316,0.00166,-0.139,-0.072,0.684,0.0,-0.067,-0.0038,93.13,-0.000115,8.92
301.799,-189.773,239.085,-0.0294,0.00168,-0.16,-0.087,-0.033,0.0,-0.073,-0.0019,93.15,-0.000115,6.78
301.857,-189.639,237.85,-0.0272,0.00196,-0.167,-0.148,-0.292,0.0,-0.019,-0.0069,93.17,-3.1e-05,13.81
301.905,-189.489,236.46,-0.0246,0.00214,-0.312,-0.231,-1.214,0.0,-0.08,-0.0053,93.19,-8.6e-05,11.22
301.95,-189.348,235.147,-0.022,0.00234,-0.425,-0.3,-1.674,0.0,-0.125,-0.0008,93.22,1e-06,6.51
302.003,-189.207,233.834,-0.0193,0.00234,-0.496,-0.363,-1.364,0.0,-0.133,-0.0018,93.25,2.3e-05,8.12
302.053,-189.074,232.598,-0.0165,0.0021,-0.437,-0.388,-1.277,0.0,-0.049,0.0033,93.27,2.3e-05,8.45
302.105,-188.933,231.284,-0.0139,0.00208,-0.349,-0.395,-0.49,0.0,0.046,0.0016,93.29,-3.8e-05,9.62
302.154,-188.793,229.969,-0.0113,0.00198,-0.476,-0.401,-0.133,0.0,-0.075,-0.0002,93.32,-0.000101,8.16
302.203,-188.653,228.655,-0.0089,0.00202,-0.402,-0.427,-0.122,0.0,0.025,-0.0031,93.34,-0.000149,6.43
302.255,-188.513,227.339,-0.0065,0.00184,-0.429,-0.441,-0.529,0.0,0.012,0.0008,93.37,-0.000152,8.62
302.303,-188.374,226.024,-0.0046,0.00164,-0.402,-0.433,-0.282,0.0,0.031,0.0027,93.4,-0.000156,6.29
302.354,-188.251,224.863,-0.0029,0.00123,-0.281,-0.383,0.172,0.0,0.102,0.006,93.43,-0.000156,7.16
302.406,-188.113,223.546,-0.0015,0.0009,-0.178,-0.302,0.992,0.0,0.124,0.0061,93.47,-9.9e-05,8.61
302.456,-187.975,222.229,-0.0006,0.00058,-0.127,-0.225,1.616,0.0,0.098,0.0023,93.51,-0.000242,8.42
302.508,-187.838,220.911,-0.0002,0.00036,0.028,-0.159,1.539,0.0,0.188,0.0012,93.55,-0.000283,10.43
302.557,-187.701,219.592,0.0,6e-05,0.02,-0.104,1.321,0.0,0.124,0.0008,93.59,-0.000327,8.18
302.607,-187.564,218.273,-0.0001,-0.00022,0.109,-0.039,1.102,0.0,0.147,0.0034,93.63,-0.000327,8.39
302.653,-187.428,216.954,-0.0005,-0.00028,0.199,0.004,1.311,0.0,0.195,-0.0009,93.67,-0.000359,3.75
302.708,-187.292,215.633,-0.0011,-0.00046,0.15,0.059,0.86,0.0,0.091,0.0031,93.71,-0.000347,8.95
302.759,-187.165,214.39,-0.0018,-0.00045,0.127,0.129,1.092,0.0,-0.002,0.0041,93.75,-0.000402,9.73
302.808,-187.029,213.069,-0.0025,-0.0006,0.253,0.215,1.401,0.0,0.038,0.0047,93.8,-0.00044,8.56
302.859,-186.885,211.669,-0.0033,-0.00065,0.274,0.281,1.718,0.0,-0.007,0.0002,93.84,-0.00044,8.49
302.907,-186.75,210.346,-0.0041,-0.00062,0.349,0.323,1.323,0.0,0.026,-0.0011,93.88,-0.000393,6.42
302.96,-186.63,209.178,-0.0047,-0.00047,0.362,0.331,0.837,0.0,0.031,-0.0032,93.93,-0.000318,8.77
303.011,-186.494,207.854,-0.0053,-0.00017,0.274,0.294,0.164,0.0,-0.02,-0.006,93.97,-0.000195,9.58
303.064,-186.358,206.53,-0.0056,0.00017,0.172,0.261,-0.739,0.0,-0.089,-0.0008,94.02,-0.000154,11.87
303.115,-186.221,205.204,-0.0053,0.00027,0.14,0.235,-0.669,0.0,-0.095,-0.0001,94.06,-0.000154,12.42
303.164,-186.085,203.878,-0.0048,0.00053,-0.016,0.221,-0.521,0.0,-0.237,0.0008,94.11,-0.000116,11.4
303.218,-185.956,202.63,-0.004,0.00089,0.04,0.191,-0.276,0.0,-0.151,-0.0028,94.16,-0.000153,14.99
303.263,-185.819,201.303,-0.0028,0.00116,-0.003,0.148,-0.602,0.0,-0.15,-0.0029,94.2,-0.000113,8.83
303.315,-185.682,199.975,-0.0013,0.00172,-0.135,0.062,-0.864,0.0,-0.198,-0.0074,94.25,3.2e-05,10.57
303.367,-185.544,198.647,0.0008,0.00232,-0.298,-0.052,-1.703,0.0,-0.246,-0.007,94.29,-6.7e-05,12.3
303.415,-185.407,197.318,0.0039,0.00235,-0.326,-0.138,-2.285,0.0,-0.189,-0.0,94.34,-6.7e-05,9.88
303.467,-185.269,195.988,0.0073,0.00293,-0.544,-0.233,-1.717,0.0,-0.312,-0.0043,94.38,-0.000116,11.92
303.515,-185.147,194.814,0.0105,0.0035,-0.675,-0.376,-1.9,0.0,-0.299,-0.0101,94.43,-0.000201,9.67
303.568,-185.002,193.405,0.0152,0.00397,-0.808,-0.57,-2.866,0.0,-0.237,-0.0122,94.48,-0.000135,12.46
303.619,-184.864,192.073,0.02,0.0044,-1.03,-0.802,-3.891,0.0,-0.227,-0.012,94.52,-3e-05,12.93
303.666,-184.726,190.741,0.0257,0.00413,-0.977,-0.943,-4.639,0.0,-0.034,0.0047,94.57,-3e-05,9.76
303.717,-184.589,189.408,0.0312,0.00436,-1.176,-1.072,-2.806,0.0,-0.103,-0.0034,94.62,-1.9e-05,10.03
303.765,-184.453,188.074,0.0367,0.00437,-1.364,-1.196,-2.595,0.0,-0.168,-0.0036,94.67,-8.4e-05,8.37
303.819,-184.333,186.896,0.0413,0.00414,-1.368,-1.261,-2.468,0.0,-0.107,0.0038,94.71,3.8e-05,12.16
303.87,-184.199,185.561,0.0462,0.00357,-1.264,-1.259,-1.311,0.0,-0.005,0.0071,94.77,3.4e-05,12.73
303.917,-184.065,184.225,0.0505,0.00273,-1.024,-1.177,0.04,0.0,0.153,0.0113,94.82,3.4e-05,8.84
303.969,-183.925,182.809,0.0539,0.00205,-0.784,-1.09,1.646,0.0,0.306,0.0036,94.87,6.4e-05,10.3
304.021,-183.81,181.628,0.0559,0.00132,-0.612,-0.958,1.746,0.0,0.346,0.0092,94.93,-1.3e-05,12.47
304.071,-183.68,180.289,0.057,0.00055,-0.558,-0.755,2.631,0.0,0.196,0.0146,94.98,5.4e-05,12.38
304.119,-183.551,178.95,0.0571,-0.00019,-0.202,-0.507,4.072,0.0,0.305,0.0133,95.03,5e-06,10.27
304.17,-183.423,177.609,0.0563,-0.00115,0.167,-0.251,4.953,0.0,0.417,0.0099,95.09,2.3e-05,10.69
304.22,-183.297,176.267,0.0543,-0.00194,0.427,0.003,5.126,0.0,0.424,0.0086,95.16,2.3e-05,10.71
304.273,-183.171,174.925,0.0513,-0.00239,0.693,0.191,5.081,0.0,0.503,-0.0004,95.21,9.7e-05,13.26
304.322,-183.053,173.66,0.048,-0.00265,0.715,0.322,3.747,0.0,0.392,-0.0013,95.27,-3e-06,11.61
304.372,-182.929,172.316,0.0441,-0.0027,0.623,0.432,2.629,0.0,0.191,0.0016,95.34,3e-06,11.34
304.42,-182.805,170.971,0.0401,-0.00271,0.635,0.495,2.204,0.0,0.14,-0.0027,95.39,1.6e-05,8.65
304.474,-182.681,169.625,0.0363,-0.00276,0.753,0.527,1.261,0.0,0.226,-0.0022,95.45,3.6e-05,12.13
304.524,-182.557,168.278,0.0325,-0.00276,0.776,0.554,0.626,0.0,0.222,0.0006,95.51,3.6e-05,12.09
304.573,-182.432,166.93,0.0289,-0.00267,0.618,0.57,0.554,0.0,0.049,-0.0008,95.57,-0.0001,11.31
304.619,-182.308,165.581,0.0254,-0.00238,0.553,0.573,0.305,0.0,-0.02,-0.0012,95.64,-4.3e-05,6.89
304.671,-182.183,164.231,0.0223,-0.00228,0.503,0.561,0.059,0.0,-0.058,-0.0019,95.71,-2.3e-05,8.6
304.724,-182.058,162.881,0.0194,-0.00207,0.548,0.54,-0.233,0.0,0.008,-0.0017,95.77,-0.000108,11.52
304.776,-181.947,161.688,0.0171,-0.00187,0.416,0.508,-0.417,0.0,-0.092,-0.0023,95.84,-5.2e-05,12.42
304.825,-181.821,160.336,0.0148,-0.0015,0.374,0.436,-0.637,0.0,-0.062,-0.0067,95.9,-0.000108,11.66
304.875,-181.694,158.983,0.0131,-0.00117,0.262,0.365,-1.443,0.0,-0.103,-0.0024,95.96,-2.6e-05,10.35
304.925,-181.567,157.629,0.0117,-0.00086,0.172,0.294,-1.428,0.0,-0.122,-0.0025,96.02,-2.6e-05,10.49
304.977,-181.439,156.274,0.0107,-0.00051,-0.023,0.223,-1.424,0.0,-0.246,-0.0025,96.09,-3.6e-05,12.61
305.027,-181.326,155.078,0.0103,-0.00027,0.026,0.146,-1.419,0.0,-0.12,-0.0032,96.15,-8.4e-05,11.99
305.073,-181.197,153.722,0.01,-0.00013,-0.023,0.077,-1.528,0.0,-0.1,-0.0017,96.21,-0.000197,8.22
305.122,-181.068,152.364,0.01,0.00012,-0.118,0.037,-1.389,0.0,-0.155,0.0017,96.28,-4.9e-05,6.64
305.177,-180.938,151.006,0.0103,0.00034,-0.212,-0.005,-0.798,0.0,-0.207,-0.0017,96.35,0.000139,10.75
305.226,-180.808,149.647,0.0109,0.00045,-0.083,-0.059,-0.836,0.0,-0.023,-0.0032,96.41,4.7e-05,9.97
305.278,-180.678,148.287,0.0116,0.00052,-0.176,-0.087,-1.091,0.0,-0.088,0.0018,96.47,4e-05,11.67
305.33,-180.548,146.926,0.0123,0.00065,-0.247,-0.116,-0.559,0.0,-0.131,-0.0011,96.54,3.2e-05,12.86
305.375,-180.417,145.564,0.0132,0.00072,-0.272,-0.149,-0.574,0.0,-0.123,-0.0016,96.6,3.2e-05,7.81
305.43,-180.287,144.201,0.0141,0.00071,-0.171,-0.17,-0.652,0.0,-0.001,0.0005,96.67,-4.9e-05,12.41
305.482,-180.156,142.837,0.0151,0.00068,-0.236,-0.192,-0.423,0.0,-0.044,-0.0009,96.73,-3.5e-05,13.47
305.531,-180.025,141.473,0.016,0.00077,-0.2,-0.219,-0.443,0.0,0.019,-0.0014,96.8,3.1e-05,12.67
305.579,-179.895,140.107,0.0169,0.00069,-0.279,-0.204,-0.539,0.0,-0.076,0.0049,96.86,0.000113,9.83
305.629,-179.772,138.821,0.0176,0.00068,-0.268,-0.18,0.304,0.0,-0.088,0.0017,96.93,5e-06,10.24
305.683,-179.642,137.454,0.0184,0.00048,-0.154,-0.188,0.469,0.0,0.034,-0.0035,96.99,3.4e-05,13.03
305.732,-179.512,136.085,0.0189,0.00037,0.021,-0.226,-0.145,0.0,0.247,-0.0046,97.05,4.1e-05,11.67
305.779,-179.382,134.716,0.0192,0.00029,-0.139,-0.256,-0.762,0.0,0.117,-0.0003,97.12,3.8e-05,8.63
305.834,-179.253,133.346,0.0192,0.00029,-0.375,-0.258,-0.614,0.0,-0.116,0.003,97.19,-5.7e-05,13.11
305.879,-179.124,131.974,0.0193,5e-05,-0.185,-0.214,-0.037,0.0,0.029,0.0064,97.26,-0.000192,8.6
305.932,-179.002,130.683,0.0192,-0.00025,-0.092,-0.147,0.895,0.0,0.055,0.0046,97.32,-0.000192,10.71
305.98,-178.889,129.471,0.0186,-0.00069,0.055,-0.047,1.331,0.0,0.102,0.0069,97.38,-9.9e-05,8.65
306.032,-178.76,128.097,0.0175,-0.00088,0.131,0.043,1.991,0.0,0.088,0.0023,97.44,-7.1e-05,9.78
306.082,-178.632,126.722,0.0162,-0.00102,0.283,0.093,1.818,0.0,0.19,-0.0026,97.51,-7.1e-05,10.36
306.134,-178.503,125.346,0.0148,-0.00116,0.317,0.128,0.987,0.0,0.189,-0.0002,97.57,-8e-05,12.27
306.187,-178.383,124.051,0.0133,-0.00117,0.245,0.16,0.711,0.0,0.085,0.0007,97.64,6.7e-05,13.96
306.237,-178.254,122.673,0.0115,-0.00124,0.176,0.199,0.637,0.0,-0.023,0.0021,97.71,9e-06,14.62
306.283,-178.126,121.294,0.0097,-0.00135,0.354,0.236,0.776,0.0,0.119,0.0011,97.78,0.000101,9.96
306.338,-177.998,119.915,0.0079,-0.00156,0.393,0.296,0.732,0.0,0.097,0.0046,97.84,-7e-06,14.1
306.388,-177.862,118.453,0.0057,-0.00147,0.367,0.373,1.205,0.0,-0.005,0.0044,97.9,-2e-06,14.57
306.437,-177.733,117.072,0.0038,-0.00136,0.35,0.437,1.537,0.0,-0.087,0.0009,97.96,4.4e-05,12.96
306.483,-177.604,115.689,0.0021,-0.0012,0.31,0.462,1.282,0.0,-0.153,-0.0031,98.03,4.4e-05,8.64
306.531,-177.483,114.387,0.0006,-0.00099,0.371,0.458,0.511,0.0,-0.087,-0.0033,98.1,-0.000123,6.39
306.588,-177.353,113.003,-0.0006,-0.00082,0.491,0.422,-0.085,0.0,0.069,-0.0046,98.16,-0.000137,12.79
306.635,-177.222,111.618,-0.0015,-0.00049,0.281,0.363,-0.727,0.0,-0.082,-0.0045,98.23,0.000193,10.29
306.688,-177.1,110.314,-0.002,6e-05,0.081,0.25,-1.184,0.0,-0.169,-0.0096,98.29,0.000223,13.08
306.739,-176.969,108.927,-0.0018,0.00036,-0.011,0.119,-2.256,0.0,-0.131,-0.0064,98.36,0.000209,13.33
306.787,-176.837,107.539,-0.0012,0.00062,-0.085,-0.014,-2.611,0.0,-0.071,-0.005,98.43,0.000267,10.54
306.842,-176.706,106.15,-0.0003,0.0008,-0.327,-0.117,-2.67,0.0,-0.21,-0.0003,98.49,0.000541,15.35
306.889,-176.582,104.843,0.0008,0.00097,-0.313,-0.196,-2.049,0.0,-0.117,-0.0003,98.54,0.000617,12.36
306.94,-176.45,103.452,0.0021,0.00084,-0.396,-0.229,-1.58,0.0,-0.167,0.0037,98.62,0.000481,12.71
306.986,-176.318,102.061,0.0032,0.00081,-0.256,-0.222,-0.659,0.0,-0.035,0.0044,98.69,0.000601,7.99
307.038,-176.186,100.669,0.0044,0.00081,-0.263,-0.217,0.138,0.0,-0.047,-0.0,98.76,0.000601,10.44
307.09,-176.054,99.275,0.0055,0.0006,-0.21,-0.178,0.102,0.0,-0.032,0.0048,98.83,0.000374,11.9
307.139,-175.93,97.963,0.0063,0.00067,-0.293,-0.174,0.77,0.0,-0.119,-0.0035,98.9,0.000405,9.73
307.194,-175.797,96.568,0.0072,0.00058,-0.063,-0.227,0.083,0.0,0.163,-0.0078,98.96,0.000394,15.5
307.241,-175.665,95.172,0.0079,0.00043,-0.005,-0.296,-1.052,0.0,0.292,-0.0042,99.02,0.000459,11.68
307.294,-175.533,93.775,0.0082,0.0003,-0.375,-0.337,-1.392,0.0,-0.038,0.0015,99.08,0.000477,14.76
307.343,-175.402,92.377,0.0084,0.00027,-0.406,-0.4,-0.825,0.0,-0.006,-0.0044,99.15,0.000393,13.52
307.393,-175.278,91.06,0.0085,-0.00041,-0.181,-0.446,-1.244,0.0,0.265,-0.0,99.21,0.000396,12.34
307.444,-175.147,89.66,0.0079,-0.00097,-0.081,-0.447,-0.935,0.0,0.367,0.0047,99.28,0.000509,12.64
307.491,-175.017,88.259,0.0064,-0.00164,-0.206,-0.377,-0.022,0.0,0.17,0.01,99.34,0.000112,9.72
307.545,-174.894,86.94,0.0042,-0.00242,-0.052,-0.209,1.416,0.0,0.157,0.016,99.41,-5.8e-05,14.13
307.591,-174.765,85.537,0.0011,-0.00366,0.511,0.059,3.357,0.0,0.452,0.0199,99.48,0.000233,9.43
307.64,-174.635,84.133,-0.0043,-0.0039,0.612,0.282,5.363,0.0,0.33,0.003,99.55,0.000233,8.24
307.696,-174.506,82.728,-0.0105,-0.00496,0.816,0.543,4.457,0.0,0.273,0.0131,99.61,0.000336,14.03
307.746,-174.377,81.323,-0.0178,-0.00549,1.299,0.793,5.225,0.0,0.505,0.0075,99.67,0.000177,13.36
307.792,-174.247,79.916,-0.0258,-0.00628,1.543,1.038,4.993,0.0,0.506,0.008,99.73,4.7e-05,9.4
307.848,-174.117,78.509,-0.0346,-0.00653,1.68,1.237,4.888,0.0,0.443,0.0023,99.8,6.7e-05,15.81
307.897,-174.002,77.266,-0.0425,-0.00691,1.756,1.412,3.991,0.0,0.345,0.0035,99.87,4e-05,14.28
307.95,-173.871,75.857,-0.0518,-0.00713,1.851,1.583,3.493,0.0,0.267,0.0057,99.94,-2.2e-05,16.39
307.998,-173.731,74.364,-0.0617,-0.00726,2.047,1.767,3.431,0.0,0.28,0.0077,100.01,-5.9e-05,14.33
308.046,-173.614,73.119,-0.0703,-0.00641,1.836,1.826,3.681,0.0,0.01,-0.011,100.08,-5.9e-05,11.71
308.099,-173.48,71.707,-0.0793,-0.00612,1.795,1.879,1.18,0.0,-0.085,0.0012,100.14,6e-05,14.94
308.151,-173.344,70.294,-0.0875,-0.00562,1.546,1.938,1.055,0.0,-0.392,0.0027,100.19,8.7e-05,16.42
308.196,-173.206,68.881,-0.0947,-0.00485,1.843,1.888,1.183,0.0,-0.045,-0.0132,100.27,7.7e-05,10.92
308.245,-173.065,67.467,-0.1005,-0.0041,1.86,1.733,-1.01,0.0,0.126,-0.0163,100.34,0.000116,10.27
308.302,-172.923,66.052,-0.1053,-0.00292,1.169,1.538,-3.091,0.0,-0.369,-0.011,100.38,3.2e-05,16.52
308.345,-172.779,64.637,-0.1084,-0.00144,0.612,1.314,-3.893,0.0,-0.701,-0.011,100.44,-0.000104,9.74
308.398,-172.632,63.221,-0.1094,-0.00072,0.596,1.111,-4.499,0.0,-0.515,-0.0047,100.51,-0.000134,11.91
308.447,-172.484,61.805,-0.1095,0.00053,0.222,0.861,-4.054,0.0,-0.639,-0.0137,100.58,-0.000134,10.41
308.498,-172.334,60.387,-0.1081,0.00124,0.162,0.619,-5.005,0.0,-0.457,-0.0075,100.65,-0.000219,10.56
308.55,-172.2,59.136,-0.1059,0.00223,-0.174,0.377,-4.831,0.0,-0.552,-0.0085,100.71,-0.000214,12.84
308.601,-172.047,57.717,-0.102,0.00322,-0.46,0.112,-4.836,0.0,-0.573,-0.0117,100.77,-9.8e-05,13.2
308.649,-171.901,56.381,-0.0971,0.00402,-0.649,-0.176,-5.3,0.0,-0.473,-0.0124,100.84,-0.000165,10.48
308.699,-171.745,54.96,-0.0909,0.00459,-0.809,-0.46,-5.757,0.0,-0.348,-0.0096,100.91,-0.000173,10.22
308.751,-171.588,53.539,-0.0841,0.00502,-1.119,-0.708,-5.697,0.0,-0.411,-0.0048,100.97,-0.000103,12.1
308.803,-171.43,52.117,-0.0768,0.00527,-1.268,-0.899,-4.956,0.0,-0.368,-0.0007,101.04,-0.000296,13.31
308.85,-171.272,50.694,-0.0693,0.00526,-1.305,-1.034,-3.819,0.0,-0.271,0.0012,101.1,-0.000296,10.4
308.905,-171.115,49.27,-0.062,0.00491,-1.228,-1.078,-2.696,0.0,-0.15,0.0079,101.17,-0.000115,14.79
308.95,-170.957,47.845,-0.0552,0.00436,-1.148,-1.015,-0.884,0.0,-0.134,0.0135,101.23,-8e-06,9.82
308.999,-170.801,46.419,-0.0494,0.00371,-0.881,-0.877,1.273,0.0,-0.004,0.0126,101.29,-3.1e-05,8.29
309.056,-170.654,45.076,-0.0446,0.00299,-0.522,-0.707,2.761,0.0,0.185,0.0092,101.36,-8.3e-05,15.25
309.104,-170.498,43.648,-0.0408,0.00229,-0.297,-0.537,3.382,0.0,0.24,0.0061,101.42,9.1e-05,12.76
309.153,-170.344,42.219,-0.038,0.00185,-0.077,-0.402,3.41,0.0,0.325,0.0009,101.49,-9e-05,11.64
309.206,-170.19,40.789,-0.0359,0.00141,0.037,-0.287,2.69,0.0,0.324,0.002,101.55,-3.7e-05,14.4
309.253,-170.037,39.358,-0.0343,0.0008,0.211,-0.152,2.304,0.0,0.363,0.0069,101.62,-3.7e-05,10.51
309.307,-169.894,38.01,-0.0336,0.00051,0.149,-0.012,2.711,0.0,0.161,0.0053,101.69,4.2e-05,14.82
309.356,-169.742,36.577,-0.0332,0.0003,0.292,0.102,2.787,0.0,0.189,0.0014,101.75,-9.3e-05,13.08
309.41,-169.592,35.143,-0.0331,4e-05,0.381,0.201,2.294,0.0,0.181,0.0017,101.81,-8e-05,16.63
309.455,-169.441,33.708,-0.0333,2e-05,0.3,0.255,1.966,0.0,0.045,-0.0026,101.88,-0.00013,12.01
309.508,-169.3,32.357,-0.0334,0.00015,0.501,0.237,1.096,0.0,0.264,-0.0083,101.94,-6e-05,14.61
309.558,-169.15,30.92,-0.0334,0.00023,0.251,0.194,-0.372,0.0,0.057,-0.004,102.0,-0.00017,14.2
309.603,-169.009,29.567,-0.0331,0.00017,0.27,0.176,-0.853,0.0,0.094,0.0019,102.07,-0.00017,9.21
309.655,-168.859,28.128,-0.0327,0.00057,0.016,0.134,-0.364,0.0,-0.118,-0.0039,102.14,-0.000256,10.25
309.703,-168.709,26.689,-0.0319,0.00062,0.023,0.087,-0.833,0.0,-0.063,-0.0023,102.19,-0.000231,8.24
309.76,-168.568,25.333,-0.0311,0.0006,0.09,0.053,-0.951,0.0,0.037,0.0003,102.26,-0.000228,14.98
309.808,-168.4,23.722,-0.0302,0.00058,-0.124,0.045,-0.672,0.0,-0.169,0.0023,102.33,-0.000186,12.16
309.858,-168.259,22.365,-0.0294,0.00075,0.044,0.02,-0.17,0.0,0.024,-0.0025,102.39,-0.000183,11.7
309.908,-168.109,20.921,-0.0282,0.00062,0.011,0.019,-0.486,0.0,-0.008,0.0023,102.46,-0.000157,12.12
309.957,-167.958,19.477,-0.0273,0.00082,-0.151,0.019,-0.029,0.0,-0.171,0.0002,102.52,-3.8e-05,10.56
310.006,-167.817,18.117,-0.0262,0.00093,-0.022,0.006,0.01,0.0,-0.028,-0.0019,102.59,-4e-06,8.81
310.056,-167.675,16.756,-0.0249,0.00096,-0.038,-0.011,-0.267,0.0,-0.028,-0.001,102.65,-4e-06,8.75
310.102,-167.524,15.309,-0.0235,0.00091,-0.044,-0.005,-0.339,0.0,-0.039,0.0026,102.71,-5e-06,4.89
310.155,-167.364,13.776,-0.0221,0.00101,-0.021,0.006,0.123,0.0,-0.027,0.0009,102.78,-2e-06,6.87
310.211,-167.213,12.328,-0.0206,0.00105,-0.127,0.03,0.217,0.0,-0.157,0.0022,102.85,-4.1e-05,12.2
310.256,-167.071,10.963,-0.0192,0.00121,-0.044,0.036,0.478,0.0,-0.08,-0.0017,102.91,-8.6e-05,7.63
310.312,-166.92,9.513,-0.0174,0.00129,0.027,0.018,0.122,0.0,0.009,-0.0031,102.97,-8.3e-05,13.48
310.356,-166.778,8.147,-0.0157,0.00162,-0.109,-0.037,-0.353,0.0,-0.072,-0.0059,103.04,-0.0001,6.46
310.408,-166.636,6.78,-0.0137,0.00204,-0.246,-0.136,-1.107,0.0,-0.11,-0.008,103.1,-0.000131,8.45
310.456,-166.476,5.241,-0.0108,0.00228,-0.384,-0.25,-1.982,0.0,-0.133,-0.0056,103.16,-1.4e-05,6.61
310.508,-166.325,3.787,-0.0078,0.00248,-0.462,-0.377,-2.284,0.0,-0.085,-0.0058,103.23,2.6e-05,8.55
310.56,-166.183,2.418,-0.0045,0.00227,-0.417,-0.448,-2.537,0.0,0.031,0.0034,103.29,2.6e-05,9.77
310.61,-166.023,0.876,-0.001,0.00225,-0.46,-0.507,-1.42,0.0,0.047,-0.0008,103.36,-5.5e-05,9.78
310.658,-165.873,-0.581,0.0022,0.00222,-0.615,-0.559,-1.182,0.0,-0.056,-0.001,103.42,-0.000107,6.57
310.713,-165.732,-1.953,0.0052,0.00211,-0.641,-0.583,-1.029,0.0,-0.058,0.002,103.49,0.0,12.23
310.759,-165.591,-3.326,0.0079,0.0018,-0.564,-0.56,-0.482,0.0,-0.004,0.0057,103.55,9.6e-05,7.11
310.817,-165.433,-4.872,0.0104,0.00143,-0.471,-0.492,0.462,0.0,0.021,0.007,103.61,7.5e-05,14.77
310.862,-165.285,-6.333,0.0122,0.00103,-0.314,-0.4,1.351,0.0,0.086,0.0058,103.67,1.6e-05,10.25
310.916,-165.146,-7.708,0.0133,0.00063,-0.146,-0.303,1.849,0.0,0.157,0.0038,103.74,4.7e-05,13.82
310.963,-164.998,-9.171,0.0139,0.00027,-0.05,-0.215,1.934,0.0,0.165,0.0022,103.81,0.000122,10.31
311.016,-164.86,-10.549,0.0141,6e-05,0.033,-0.15,1.763,0.0,0.182,-0.0001,103.87,0.0001,13.26
311.065,-164.713,-12.013,0.0139,-0.0002,0.148,-0.095,1.302,0.0,0.243,0.0009,103.93,0.000173,12.25
311.116,-164.576,-13.392,0.0134,-0.00042,0.069,-0.026,1.101,0.0,0.096,0.0038,103.98,-6.8e-05,12.34
311.164,-164.421,-14.945,0.0125,-0.00057,0.07,0.043,1.365,0.0,0.027,0.0025,104.05,-0.000145,10.41
311.218,-164.276,-16.412,0.0115,-0.00082,0.247,0.095,1.385,0.0,0.152,0.0,104.11,-0.000348,13.98
311.264,-164.139,-17.794,0.0102,-0.00106,0.389,0.127,1.039,0.0,0.261,-0.0009,104.18,-0.000439,9.81
311.318,-163.994,-19.263,0.0085,-0.00111,0.28,0.153,0.646,0.0,0.127,0.0002,104.25,-0.00067,13.54
311.369,-163.85,-20.734,0.0068,-0.00103,0.147,0.171,0.508,0.0,-0.024,-0.0001,104.31,-0.000719,15.17
311.415,-163.713,-22.118,0.0052,-0.0011,0.201,0.185,0.371,0.0,0.016,-0.0,104.38,-0.000776,10.26
311.469,-163.577,-23.504,0.0037,-0.00128,0.333,0.192,0.274,0.0,0.141,-0.0004,104.44,-0.000831,14.37
311.516,-163.432,-24.976,0.0019,-0.00136,0.327,0.197,0.146,0.0,0.129,-0.0,104.5,-0.000797,11.02
311.559,-163.287,-26.45,-0.0,-0.00131,0.231,0.218,0.106,0.0,0.013,0.0024,104.57,-0.000796,3.0
311.61,-163.142,-27.925,-0.0019,-0.00132,0.271,0.279,0.416,0.0,-0.008,0.0063,104.63,-0.000807,4.56
311.663,-162.996,-29.4,-0.0038,-0.00146,0.231,0.406,1.216,0.0,-0.175,0.0113,104.69,-0.00075,6.85
311.716,-162.859,-30.79,-0.0056,-0.00153,0.558,0.567,2.535,0.0,-0.009,0.0092,104.76,-0.000695,9.57
311.765,-162.713,-32.267,-0.0076,-0.00157,0.674,0.747,3.225,0.0,-0.073,0.0082,104.82,-0.000684,7.54
311.82,-162.567,-33.745,-0.0098,-0.0013,0.606,0.847,3.591,0.0,-0.241,-0.0047,104.88,-0.000684,12.5
311.866,-162.42,-35.224,-0.0113,-0.00072,0.697,0.898,2.016,0.0,-0.202,-0.0034,104.94,-0.000765,8.06
311.919,-162.272,-36.704,-0.012,-0.0001,0.634,0.923,1.019,0.0,-0.29,-0.0018,105.0,-0.000736,11.22
311.968,-162.123,-38.185,-0.0115,0.00106,0.58,0.853,0.502,0.0,-0.273,-0.0125,105.07,-0.000778,10.35
312.02,-161.982,-39.579,-0.0096,0.00222,0.297,0.692,-1.407,0.0,-0.395,-0.0151,105.14,-0.000733,11.57
312.069,-161.832,-41.061,-0.0059,0.00388,-0.133,0.418,-3.215,0.0,-0.551,-0.0215,105.2,-0.000532,10.39
312.12,-161.681,-42.544,0.0001,0.00554,-0.575,0.052,-5.493,0.0,-0.627,-0.0223,105.26,-0.000189,10.43
312.173,-161.529,-44.028,0.0085,0.00723,-1.146,-0.379,-7.319,0.0,-0.767,-0.0218,105.32,-5.4e-05,13.44
312.224,-161.376,-45.513,0.0191,0.00888,-1.676,-0.856,-8.609,0.0,-0.82,-0.0216,105.38,-0.000172,14.32
312.278,-161.232,-46.911,0.0309,0.01026,-2.12,-1.343,-9.55,0.0,-0.777,-0.018,105.45,-0.000316,17.11
312.325,-161.079,-48.397,0.0453,0.01141,-2.593,-1.796,-9.746,0.0,-0.798,-0.0121,105.51,-0.000383,14.39
312.374,-160.926,-49.885,0.0611,0.01225,-2.982,-2.18,-9.042,0.0,-0.802,-0.0063,105.58,-0.000289,13.36
312.427,-160.774,-51.373,0.0789,0.01149,-2.848,-2.388,-7.69,0.0,-0.46,0.0113,105.64,-0.000289,15.74
312.487,-160.623,-52.863,0.0962,0.01172,-3.014,-2.532,-4.155,0.0,-0.482,0.0016,105.7,-0.000158,25.43
312.533,-160.474,-54.353,0.1133,0.01161,-2.967,-2.664,-2.882,0.0,-0.303,-0.0033,105.76,-0.000109,21.02
312.586,-160.336,-55.757,0.129,0.01119,-2.96,-2.785,-2.636,0.0,-0.175,-0.0031,105.82,-0.000138,23.27
312.624,-160.191,-57.25,0.1448,0.0107,-2.842,-2.928,-2.425,0.0,0.085,-0.0072,105.89,-8.5e-05,11.69
312.674,-160.048,-58.743,0.1596,0.00988,-2.732,-3.066,-2.853,0.0,0.334,-0.0045,105.95,5.5e-05,11.63
312.727,-159.909,-60.238,0.1729,0.009,-2.793,-3.141,-2.778,0.0,0.349,0.0041,106.01,0.000154,14.56
312.775,-159.781,-61.647,0.1836,0.00766,-2.885,-3.052,-1.5,0.0,0.166,0.0204,106.08,8.7e-05,11.3
312.827,-159.641,-63.232,0.1935,0.00582,-2.57,-2.768,1.797,0.0,0.198,0.0301,106.14,7.2e-05,13.61
312.874,-159.521,-64.642,0.1997,0.00339,-1.756,-2.328,5.664,0.0,0.572,0.0318,106.19,3.6e-05,9.79
312.93,-159.404,-66.054,0.2028,0.00102,-0.913,-1.827,8.804,0.0,0.914,0.0239,106.25,-1.8e-05,15.87
312.975,-159.29,-67.466,0.2024,-0.00119,-0.193,-1.324,10.021,0.0,1.131,0.0178,106.32,-2.9e-05,10.91
313.024,-159.173,-68.968,0.1992,-0.0035,0.486,-0.773,10.066,0.0,1.259,0.0243,106.38,-2.9e-05,9.91
313.075,-159.059,-70.472,0.1929,-0.0051,0.859,-0.256,11.027,0.0,1.115,0.0143,106.44,-3e-05,9.9
313.125,-158.948,-71.976,0.1843,-0.00626,1.071,0.187,10.325,0.0,0.884,0.0078,106.51,0.000128,10.28
313.177,-158.839,-73.481,0.1739,-0.00741,1.391,0.576,8.859,0.0,0.815,0.008,106.57,5.2e-05,11.51
313.226,-158.733,-74.988,0.1619,-0.0084,1.771,0.911,7.785,0.0,0.86,0.006,106.63,-1.9e-05,10.17
313.278,-158.628,-76.495,0.1486,-0.00913,1.979,1.193,6.694,0.0,0.786,0.0044,106.7,0.000108,11.78
313.33,-158.53,-77.915,0.1352,-0.00949,1.974,1.435,5.65,0.0,0.538,0.0043,106.76,6e-05,13.34
313.38,-158.427,-79.424,0.1207,-0.00958,1.949,1.648,4.846,0.0,0.301,0.0043,106.82,4.4e-05,13.13
313.432,-158.324,-80.934,0.1062,-0.00959,2.106,1.829,4.255,0.0,0.276,0.003,106.89,9e-05,14.21
313.477,-158.22,-82.446,0.0919,-0.00941,2.141,1.97,3.624,0.0,0.171,0.0006,106.96,-4e-06,9.81
313.528,-158.122,-83.869,0.079,-0.00873,2.055,2.021,2.81,0.0,0.034,-0.0076,107.02,-0.000104,10.18
313.579,-158.016,-85.382,0.0665,-0.0078,1.918,1.965,1.015,0.0,-0.047,-0.0131,107.08,2.8e-05,10.51
313.629,-157.908,-86.895,0.0556,-0.00656,1.631,1.805,-1.12,0.0,-0.174,-0.0164,107.14,1.4e-05,10.47
313.68,-157.798,-88.41,0.0466,-0.00512,1.265,1.568,-3.189,0.0,-0.302,-0.0165,107.21,8e-06,11.43
313.732,-157.686,-89.925,0.0398,-0.00367,0.689,1.29,-4.749,0.0,-0.601,-0.014,107.27,0.0001,13.48
313.779,-157.572,-91.44,0.0351,-0.00235,0.431,0.984,-5.562,0.0,-0.553,-0.0136,107.33,0.000123,10.06
313.829,-157.455,-92.957,0.0328,-0.00119,0.202,0.664,-6.118,0.0,-0.462,-0.0126,107.4,0.000181,9.99
313.88,-157.337,-94.474,0.0321,-3e-05,-0.282,0.353,-6.392,0.0,-0.635,-0.01,107.46,0.000115,10.56
313.932,-157.216,-95.992,0.033,0.00117,-0.568,0.043,-6.226,0.0,-0.611,-0.0107,107.52,8.5e-05,11.79
313.982,-157.101,-97.422,0.0354,0.00214,-0.854,-0.26,-6.196,0.0,-0.594,-0.0098,107.59,8.5e-05,11.23
314.031,-156.978,-98.941,0.0391,0.00266,-0.998,-0.502,-6.058,0.0,-0.496,-0.0021,107.65,0.000161,9.95
314.084,-156.854,-100.462,0.0436,0.0031,-1.204,-0.685,-4.844,0.0,-0.519,-0.0001,107.71,0.000323,12.37
314.132,-156.728,-101.983,0.0486,0.00333,-1.176,-0.837,-3.652,0.0,-0.339,-0.0022,107.78,0.000336,9.92
314.186,-156.61,-103.416,0.0534,0.0033,-1.064,-0.964,-3.056,0.0,-0.1,-0.0017,107.84,0.000533,14.34
314.234,-156.485,-104.939,0.0584,0.00325,-1.239,-1.062,-2.534,0.0,-0.177,-0.0004,107.91,0.000541,11.46
314.284,-156.359,-106.463,0.0632,0.00316,-1.219,-1.145,-1.961,0.0,-0.074,-0.0013,107.97,0.00044,11.63
314.331,-156.242,-107.898,0.0675,0.00267,-1.092,-1.178,-1.655,0.0,0.086,0.0041,108.03,0.000584,8.33
314.385,-156.117,-109.424,0.0711,0.00204,-1.044,-1.142,-0.659,0.0,0.098,0.0085,108.1,0.000718,11.98
314.44,-155.994,-110.951,0.0738,0.00127,-0.868,-1.035,0.72,0.0,0.167,0.0111,108.17,0.000584,16.49
314.487,-155.872,-112.479,0.0751,0.00034,-0.682,-0.874,2.135,0.0,0.191,0.0114,108.23,0.000308,13.28
314.537,-155.758,-113.918,0.0749,-0.00076,-0.289,-0.688,3.232,0.0,0.4,0.009,108.3,-0.000174,12.99
314.588,-155.638,-115.448,0.0731,-0.00194,0.089,-0.499,3.707,0.0,0.587,0.007,108.36,-0.000148,13.55
314.638,-155.52,-116.979,0.0695,-0.00303,0.319,-0.307,3.789,0.0,0.627,0.0069,108.43,-0.000275,13.71
314.689,-155.41,-118.421,0.0646,-0.00397,0.407,-0.112,3.831,0.0,0.519,0.0072,108.49,-0.000263,13.55
314.74,-155.294,-119.954,0.058,-0.00495,0.7,0.093,3.911,0.0,0.607,0.0081,108.56,-0.000248,14.88
314.788,-155.179,-121.488,0.0499,-0.00616,0.835,0.341,4.096,0.0,0.494,0.0132,108.63,-1e-06,12.5
314.84,-155.071,-122.933,0.0409,-0.00712,1.136,0.589,4.962,0.0,0.547,0.0087,108.69,2.9e-05,13.75
314.888,-154.958,-124.469,0.0301,-0.00825,1.632,0.852,4.962,0.0,0.78,0.0107,108.75,0.000155,11.39
314.939,-154.837,-126.096,0.0169,-0.00912,1.758,1.178,5.251,0.0,0.58,0.0181,108.81,0.00014,12.53
314.988,-154.73,-127.544,0.0041,-0.00966,1.804,1.589,6.525,0.0,0.215,0.0232,108.88,9.4e-05,11.66
315.037,-154.616,-129.082,-0.0102,-0.0102,2.191,2.064,8.223,0.0,0.127,0.0232,108.95,8.4e-05,10.39
315.089,-154.508,-130.532,-0.024,-0.01065,2.722,2.523,9.489,0.0,0.199,0.0144,109.01,5.2e-05,12.07
315.14,-154.392,-132.072,-0.0391,-0.01039,3.317,2.839,9.185,0.0,0.478,-0.004,109.08,-2.4e-05,12.44
315.19,-154.28,-133.522,-0.053,-0.00939,3.068,2.96,6.311,0.0,0.108,-0.016,109.13,-0.000253,11.17
315.243,-154.16,-135.064,-0.0666,-0.0074,2.73,2.831,2.436,0.0,-0.101,-0.0308,109.2,-7.1e-05,14.18
315.289,-154.021,-136.788,-0.0782,-0.00546,2.226,2.51,-2.59,0.0,-0.285,-0.0312,109.27,5.6e-05,9.97
315.342,-153.902,-138.241,-0.0851,-0.00333,1.642,2.058,-6.406,0.0,-0.415,-0.0297,109.33,2.7e-05,12.86
315.395,-153.78,-139.694,-0.0889,-0.00116,0.746,1.535,-9.059,0.0,-0.789,-0.0255,109.39,8.7e-05,15.18
315.456,-153.648,-141.238,-0.0896,0.00106,0.093,0.974,-10.446,0.0,-0.881,-0.0237,109.45,0.000129,25.86
315.495,-153.505,-142.874,-0.0864,0.00277,-0.559,0.447,-11.234,0.0,-1.006,-0.0146,109.51,5.2e-05,15.21
315.541,-153.376,-144.329,-0.0811,0.00435,-1.004,-0.031,-10.521,0.0,-0.973,-0.0117,109.57,-3.1e-05,10.49
315.591,-153.236,-145.876,-0.073,0.00554,-1.317,-0.443,-9.571,0.0,-0.874,-0.0074,109.63,4.9e-05,10.62
315.644,-153.093,-147.423,-0.0632,0.00658,-1.641,-0.787,-8.232,0.0,-0.854,-0.005,109.69,-3.3e-05,13.23
315.691,-152.958,-148.879,-0.0527,0.00733,-1.859,-1.075,-6.886,0.0,-0.784,-0.0042,109.75,-0.000128,9.57
315.746,-152.804,-150.519,-0.0401,0.00776,-1.946,-1.338,-5.763,0.0,-0.608,-0.0065,109.81,-8.8e-05,13.82
315.79,-152.675,-151.886,-0.0292,0.00788,-1.744,-1.588,-5.25,0.0,-0.156,-0.0075,109.88,-7.1e-05,7.93
315.848,-152.529,-153.436,-0.0169,0.00781,-2.009,-1.792,-5.016,0.0,-0.217,-0.0021,109.93,-0.000124,15.38
315.896,-152.392,-154.896,-0.0061,0.00777,-2.206,-1.94,-4.066,0.0,-0.265,0.0006,110.0,7.1e-05,13.75
315.942,-152.239,-156.539,0.0061,0.00706,-2.027,-1.996,-2.971,0.0,-0.032,0.0078,110.06,-9.7e-05,8.94
315.995,-152.096,-158.092,0.0164,0.0059,-1.826,-1.922,-1.107,0.0,0.096,0.0161,110.11,-0.000237,12.09
316.044,-151.962,-159.555,0.0241,0.0046,-1.5,-1.752,1.469,0.0,0.253,0.016,110.17,-0.000237,10.75
316.096,-151.831,-161.018,0.03,0.00313,-1.169,-1.493,3.398,0.0,0.324,0.0184,110.23,-4.8e-05,12.69
316.15,-151.686,-162.665,0.034,0.00154,-0.651,-1.165,5.189,0.0,0.515,0.0186,110.29,-4.2e-05,15.48
316.199,-151.55,-164.222,0.0352,-0.00013,-0.091,-0.781,6.551,0.0,0.69,0.0193,110.34,-0.00022,14.59
316.248,-151.417,-165.78,0.034,-0.00155,0.211,-0.369,7.677,0.0,0.579,0.0175,110.4,-4.2e-05,13.5
316.295,-151.302,-167.156,0.0309,-0.00287,0.693,0.033,8.258,0.0,0.66,0.0128,110.46,-0.0,10.02
316.349,-151.173,-168.716,0.0256,-0.00414,1.187,0.411,8.033,0.0,0.776,0.0107,110.52,-0.000128,13.47
316.397,-151.038,-170.369,0.018,-0.00507,1.429,0.752,7.564,0.0,0.677,0.008,110.59,-5.9e-05,11.14
316.446,-150.911,-171.931,0.0096,-0.00552,1.571,1.027,6.818,0.0,0.544,0.0027,110.65,8e-05,10.22
316.499,-150.793,-173.402,0.0012,-0.00582,1.761,1.253,5.494,0.0,0.508,0.0028,110.71,-0.000138,12.54
316.548,-150.668,-174.965,-0.0081,-0.00588,1.578,1.449,4.515,0.0,0.129,0.0038,110.76,-0.000246,11.68
316.603,-150.536,-176.622,-0.0176,-0.00548,1.718,1.557,3.931,0.0,0.162,-0.0056,110.82,-0.000199,15.96
316.65,-150.425,-178.003,-0.025,-0.00514,1.832,1.58,2.152,0.0,0.252,-0.0081,110.88,-0.00025,13.2
316.699,-150.291,-179.662,-0.0329,-0.00428,1.395,1.535,0.456,0.0,-0.14,-0.0087,110.94,-0.000457,11.88
316.753,-150.171,-181.136,-0.0385,-0.0031,1.086,1.399,-0.898,0.0,-0.313,-0.0142,111.0,-0.000391,15.48
316.799,-150.034,-182.796,-0.0429,-0.00213,1.058,1.195,-2.707,0.0,-0.137,-0.0144,111.05,-0.000128,10.83
316.85,-149.918,-184.18,-0.0452,-0.00121,0.595,0.977,-4.091,0.0,-0.382,-0.0089,111.1,-0.00021,12.36
316.902,-149.794,-185.656,-0.0462,0.00012,0.181,0.719,-4.347,0.0,-0.538,-0.0134,111.16,-0.000376,14.28
316.954,-149.652,-187.318,-0.0453,0.00112,0.058,0.437,-5.176,0.0,-0.379,-0.0122,111.22,-2.7e-05,16.08
317.0,-149.517,-188.888,-0.0428,0.0021,-0.308,0.181,-5.627,0.0,-0.489,-0.0063,111.26,-7e-06,11.72
317.051,-149.388,-190.366,-0.039,0.00308,-0.769,-0.031,-5.126,0.0,-0.738,-0.0028,111.31,-0.000393,11.96
317.102,-149.242,-192.029,-0.0332,0.00389,-0.749,-0.228,-4.245,0.0,-0.521,-0.0052,111.26,0.000219,13.54
317.151,-149.111,-193.506,-0.027,0.00434,-0.768,-0.393,-3.929,0.0,-0.375,-0.0025,111.07,-0.000119,11.62
317.206,-148.98,-194.98,-0.0202,0.00502,-1.048,-0.546,-3.304,0.0,-0.502,-0.0041,110.89,-0.000136,17.03
317.256,-148.84,-196.543,-0.012,0.00569,-1.21,-0.731,-3.063,0.0,-0.478,-0.0098,110.72,7.9e-05,16.31
317.305,-148.692,-198.196,-0.0022,0.00615,-1.129,-0.956,-3.703,0.0,-0.173,-0.012,110.53,-9.3e-05,15.33
317.351,-148.56,-199.662,0.0069,0.00645,-1.339,-1.17,-4.489,0.0,-0.169,-0.0064,110.34,-2.2e-05,11.71
317.407,-148.429,-201.126,0.0163,0.00683,-1.817,-1.354,-4.286,0.0,-0.463,-0.0033,110.16,0.000134,16.96
317.454,-148.291,-202.679,0.0267,0.00685,-1.774,-1.515,-3.683,0.0,-0.259,-0.0032,109.96,6e-05,13.75
317.5,-148.162,-204.138,0.0363,0.00634,-1.474,-1.623,-3.214,0.0,0.148,0.0018,109.78,-2.8e-05,9.32
317.553,-148.01,-205.868,0.0467,0.00572,-1.786,-1.641,-2.154,0.0,-0.145,0.0087,109.58,0.000462,12.26
317.604,-147.884,-207.322,0.0545,0.00521,-1.709,-1.622,-0.37,0.0,-0.087,0.0046,109.39,0.000189,13.3
317.655,-147.753,-208.865,0.0616,0.00407,-0.948,-1.551,0.387,0.0,0.603,0.0079,109.21,-7e-06,13.23
317.707,-147.638,-210.224,0.0663,0.00271,-1.348,-1.351,1.419,0.0,0.004,0.0204,109.03,0.000311,15.8
317.758,-147.511,-211.762,0.0697,0.00204,-0.759,-1.157,3.988,0.0,0.398,0.0062,108.83,0.000235,15.89
317.808,-147.386,-213.297,0.0719,0.00029,-0.258,-0.9,3.879,0.0,0.642,0.0156,108.65,0.000192,15.85
317.857,-147.256,-214.92,0.0712,-0.00088,-0.193,-0.605,5.142,0.0,0.412,0.0143,108.47,7.4e-05,14.32
317.903,-147.149,-216.271,0.0692,-0.00197,0.338,-0.331,5.904,0.0,0.669,0.0074,108.29,-4.3e-05,10.94
317.958,-147.031,-217.799,0.0654,-0.00331,0.646,-0.045,5.487,0.0,0.691,0.0112,108.11,-4.3e-05,14.97
318.007,-146.908,-219.414,0.0592,-0.00418,0.729,0.23,5.721,0.0,0.498,0.0084,107.93,8.2e-05,14.12
318.054,-146.793,-220.938,0.0521,-0.00501,1.091,0.468,5.499,0.0,0.623,0.0044,107.75,0.00016,10.44
318.107,-146.693,-222.28,0.045,-0.00588,1.483,0.699,4.759,0.0,0.783,0.0073,107.57,7.7e-05,13.0
318.156,-146.574,-223.887,0.0351,-0.00648,1.099,0.965,4.617,0.0,0.134,0.0129,107.39,-3e-06,11.46
318.201,-146.462,-225.403,0.0251,-0.00663,1.53,1.167,5.316,0.0,0.364,0.0003,107.21,-0.000232,6.41
318.26,-146.364,-226.739,0.0163,-0.00726,1.998,1.337,4.036,0.0,0.661,0.0026,107.04,0.000394,14.59
318.309,-146.246,-228.339,0.0049,-0.00718,1.642,1.504,3.399,0.0,0.138,0.0056,106.85,-0.000413,12.97
318.357,-146.134,-229.847,-0.0055,-0.00658,1.616,1.619,3.35,0.0,-0.003,-0.0015,106.66,-0.000294,10.92
318.416,-146.028,-231.263,-0.0142,-0.00635,1.65,1.702,2.3,0.0,-0.051,-0.0005,106.47,0.000383,19.51
318.468,-145.908,-232.855,-0.0236,-0.00587,1.709,1.733,1.653,0.0,-0.024,-0.0043,106.29,-0.000206,21.94
318.518,-145.799,-234.266,-0.031,-0.00505,1.657,1.658,0.623,0.0,-0.001,-0.0137,106.11,-8.5e-05,21.34
318.568,-145.676,-235.852,-0.0379,-0.0039,1.365,1.477,-1.497,0.0,-0.112,-0.0175,105.94,-3e-05,20.97
318.629,-145.585,-236.995,-0.0418,-0.00279,1.068,1.252,-3.629,0.0,-0.184,-0.0124,105.79,-3e-05,31.59
318.663,-145.451,-238.663,-0.0453,-0.00123,0.481,0.982,-4.501,0.0,-0.5,-0.0141,105.58,-6.7e-05,14.62
318.708,-145.33,-240.152,-0.0463,2e-05,0.03,0.711,-5.395,0.0,-0.681,-0.0096,105.4,0.00019,9.04
318.762,-145.199,-241.727,-0.0455,0.00097,-0.146,0.459,-5.425,0.0,-0.605,-0.0067,105.23,0.000528,12.84
318.808,-145.082,-243.123,-0.0435,0.00189,-0.321,0.21,-5.034,0.0,-0.531,-0.0084,105.04,0.00015,9.22
318.858,-144.956,-244.605,-0.04,0.00278,-0.315,-0.042,-4.986,0.0,-0.274,-0.009,104.86,6.9e-05,9.15
318.914,-144.836,-245.996,-0.0356,0.00355,-1.337,-0.255,-5.025,0.0,-1.082,-0.0035,104.68,6e-05,14.14
318.96,-144.708,-247.472,-0.0298,0.00463,-0.684,-0.567,-4.276,0.0,-0.117,-0.0211,104.5,0.000116,9.58
319.014,-144.572,-249.033,-0.0224,0.00435,-0.787,-0.789,-6.223,0.0,0.002,0.0015,104.34,-0.000153,13.85
319.065,-144.458,-250.331,-0.0166,0.00526,-1.923,-0.948,-4.451,0.0,-0.975,0.0011,104.17,-0.000112,14.4
319.115,-144.329,-251.8,-0.0089,0.00559,-1.333,-1.135,-3.178,0.0,-0.198,-0.0095,104.01,4.4e-05,14.03
319.162,-144.193,-253.354,-0.0004,0.00462,-1.243,-1.245,-3.747,0.0,0.002,0.0044,103.94,-0.000302,10.92
